conceptType,conceptUri,preferredLabel,status,skillType,reuseLevel,altLabels,description,broaderConceptUri,broaderConceptPT
KnowledgeSkillCompetence,http://data.europa.eu/esco/skill/000f1d3d-220f-4789-9c0a-cc742521fb02,Haskell,released,knowledge,sector-specific,,"Τεχνικές και αρχές ανάπτυξης λογισμικού, όπως η ανάλυση, οι αλγόριθμοι, η συγγραφή κώδικα, οι δοκιμές και η κατάρτιση προγραμματιστικών υποδειγμάτων στην Haskell.",http://data.europa.eu/esco/skill/21d2f96d-35f7-4e3f-9745-c533d2dd6e97 | http://data.europa.eu/esco/isced-f/0613,προγραμματισμός ηλεκτρονικών υπολογιστών | ανάπτυξη και ανάλυση λογισμικού και εφαρμογών
KnowledgeSkillCompetence,http://data.europa.eu/esco/skill/00c04e40-35ea-4ed1-824c-82f936c8f876,σταδιακή ανάπτυξη,released,knowledge,sector-specific,βηματική ανάπτυξη,Το μοντέλο σταδιακής ανάπτυξης είναι μια μεθοδολογία για τον σχεδιασμό συστημάτων και εφαρμογών λογισμικού.,http://data.europa.eu/esco/skill/bec4359e-cb92-468f-a997-8fb28e32fba9 | http://data.europa.eu/esco/isced-f/0613,μεθοδολογίες διαχείρισης έργων ΤΠΕ | ανάπτυξη και ανάλυση λογισμικού και εφαρμογών
KnowledgeSkillCompetence,http://data.europa.eu/esco/skill/013441c1-1f13-47e9-80c4-9a53e8e1bc05,KDevelop,released,knowledge,sector-specific,,"Το πρόγραμμα ηλεκτρονικού υπολογιστή KDevelop είναι μια σουίτα εργαλείων ανάπτυξης λογισμικού για τη σύνταξη προγραμμάτων, όπως είναι ο μεταγλωττιστής/μεταφραστής (compiler), ο εκσφαλματωτής (debugger), ο συντάκτης του κώδικα, η σήμανση σημείων κώδικα (code highlights), εντός ενιαίου πακέτου σε μια ενοποιημένη διεπαφή χρήστη. Αναπτύσσεται από την κοινότητα λογισμικού KDE.",http://data.europa.eu/esco/skill/925463a7-d51f-4d5b-9f79-4d28cf30acde | http://data.europa.eu/esco/isced-f/0612,ολοκληρωμένο περιβάλλον ανάπτυξης λογισμικού | σχεδιασμός και διαχείριση βάσεων δεδομένων και δικτύων
KnowledgeSkillCompetence,http://data.europa.eu/esco/skill/0189f448-179e-47cc-9716-c5c3ac4b1aec,Absorb (συστήματα διαχείρισης μάθησης),released,knowledge,sector-specific,,"Το σύστημα εκμάθησης Absorb είναι μια πλατφόρμα ηλεκτρονικής μάθησης για τη δημιουργία, τη διαχείριση και την παροχή εκπαιδευτικών μαθημάτων ή προγραμμάτων κατάρτισης ηλεκτρονικής μάθησης σε μαθητές της δευτεροβάθμιας εκπαίδευσης.",http://data.europa.eu/esco/skill/6c80d53c-d8c9-41fe-998f-091fca208834 | http://data.europa.eu/esco/isced-f/0612,συστήματα διαχείρισης μάθησης | σχεδιασμός και διαχείριση βάσεων δεδομένων και δικτύων
KnowledgeSkillCompetence,http://data.europa.eu/esco/skill/01d269d9-b058-4d6c-82a0-3779af9a124b,ανάπτυξη καινοτόμων αρχιτεκτονικών αλυσίδας συστοιχιών (blockchain),released,skill/competence,cross-sector,ανάπτυξη καινοτόμων αρχιτεκτονικών blockchain | δημιουργία καινοτόμων αρχιτεκτονικών αλυσίδας συστοιχιών (blockchain) | δημιουργία καινοτόμων αρχιτεκτονικών blockchain,Ανάπτυξη νέων αρχιτεκτονικών blockchain αλυσίδας συστοιχιών οι οποίες να καλύπτουν τις ιδιότητες και τις προτεραιότητες που είναι αναγκαίες για συγκεκριμένες εφαρμογές. Εξέταση των πλεονεκτημάτων και των ελλείψεων αυτών των νέων αρχιτεκτονικών σε σχέση με τις υφιστάμενες αρχιτεκτονικές.,http://data.europa.eu/esco/skill/b590d4e5-7c62-4b4a-abc2-c270b482e0ce,σχεδιασμός συστημάτων ή εφαρμογών τπε
KnowledgeSkillCompetence,http://data.europa.eu/esco/skill/02058de6-4b98-449f-8a45-8588b0eb2446,μηχανική δικτύου,released,knowledge,sector-specific,τεχνολογία δικτύων | αρχιτεκτονική δικτύου,"Το υποπεδίο της τεχνολογίας υπολογιστών που αφορά τη διαχείριση της συνδεσιμότητας των δικτύων μέσω υπηρεσιών δεδομένων, φωνής, κλήσεων και ασύρματου δικτύου.
	",http://data.europa.eu/esco/skill/ddc3119d-1d6e-4324-9125-a3380d299ac5 | http://data.europa.eu/esco/isced-f/0714,τεχνολογία υπολογιστών | ηλεκτρονική και αυτοματισμός
KnowledgeSkillCompetence,http://data.europa.eu/esco/skill/020918ef-4b55-47c1-8430-ab7b8f6a7377,μετάπτωση υφιστάμενων δεδομένων,released,skill/competence,sector-specific,μετακίνηση υφιστάμενων δεδομένων | μεταφορά υφιστάμενων δεδομένων | μετάβαση υφιστάμενων δεδομένων,"Εφαρμογή μεθόδων μετάπτωσης και μετατροπής υφιστάμενων δεδομένων, με σκοπό τη μεταφορά ή τη μετατροπή δεδομένων μεταξύ μορφοτύπων, συστημάτων αποθήκευσης ή συστημάτων πληροφορικής.",http://data.europa.eu/esco/skill/6a7fc30d-af16-4cc5-a957-29d174bdb61c,"διαχείριση, συλλογή και αποθήκευση ψηφιακών δεδομένων"
KnowledgeSkillCompetence,http://data.europa.eu/esco/skill/022dc430-872a-473a-9cf4-fed4895e58ad,ορισμός φυσικής δομής βάσης δεδομένων,released,skill/competence,sector-specific,καθιέρωση της φυσικής διάρθρωσης του αποθέματος βάσης δεδομένων | καθορισμός της φυσικής διάρθρωσης βάσης δεδομένων | ορισμός φυσικής διαμόρφωσης βάσης δεδομένων,"Προσδιορισμός της φυσικής διαμόρφωσης των αρχείων βάσεων δεδομένων για συγκεκριμένα μέσα αποθήκευσης δεδομένων. Αυτό συνίσταται στον καθορισμό λεπτομερών προδιαγραφών για τις επιλογές ευρετηρίασης, τους τύπους και τα στοιχεία δεδομένων που εισάγονται στο λεξικό δεδομένων.",http://data.europa.eu/esco/skill/6a7fc30d-af16-4cc5-a957-29d174bdb61c,"διαχείριση, συλλογή και αποθήκευση ψηφιακών δεδομένων"
KnowledgeSkillCompetence,http://data.europa.eu/esco/skill/024037ca-96a9-4cb8-ba86-2cd5a209c90a,Maltego,released,knowledge,sector-specific,,"Η πλατφόρμα Maltego είναι μια εφαρμογή διερεύνησης που χρησιμοποιεί την εξόρυξη δεδομένων για να παραδώσει μια επισκόπηση του περιβάλλοντος των οργανισμών, δοκιμάζοντας αδυναμίες στην ασφάλεια του συστήματος για δυνητικά μη εξουσιοδοτημένη πρόσβαση και καταδεικνύει την πολυπλοκότητα των αστοχιών της υποδομής.",http://data.europa.eu/esco/isced-f/0613 | http://data.europa.eu/esco/skill/de586dcf-d7e5-4340-bf5b-d59026f1b436,ανάπτυξη και ανάλυση λογισμικού και εφαρμογών | εργαλείο δοκιμής διείσδυσης
KnowledgeSkillCompetence,http://data.europa.eu/esco/skill/0256f6b0-f4a9-4c5e-9cfd-96d58a2a70fe,χειρισμός εξοπλισμού ασύρματης επικοινωνίας,released,skill/competence,cross-sector,χειρισμός ραδιοεξοπλισμού,"Εγκατάσταση και λειτουργία ραδιοσυσκευών και εξαρτημάτων, όπως κονσόλες, ενισχυτές και μικρόφωνα. Κατανόηση των βασικών αρχών της γλώσσας του χειριστή ασυρμάτου και, όταν είναι απαραίτητο, παροχή πληροφοριών για τη σωστή διαχείριση του υλικού ασυρμάτου.",http://data.europa.eu/esco/skill/9bafaea2-76cd-4532-ab77-8b3d21fa6235 | http://data.europa.eu/esco/skill/0a88a13f-693a-4dde-b44c-22e6f98fabc6,συντονισμός της εξ αποστάσεως επικοινωνίας | χειρισμός εξοπλισμού επικοινωνίας
KnowledgeSkillCompetence,http://data.europa.eu/esco/skill/034c29fa-c3ba-45ea-b8f3-bf8e3705e386,Erlang,released,knowledge,sector-specific,,"Οι τεχνικές και οι αρχές ανάπτυξης λογισμικού, όπως η ανάλυση, οι αλγόριθμοι, η σύνταξη κώδικα οι δοκιμές και η κατάρτιση προγραμματιστικών υποδειγμάτων στην Erlang.",http://data.europa.eu/esco/skill/21d2f96d-35f7-4e3f-9745-c533d2dd6e97 | http://data.europa.eu/esco/isced-f/0613,προγραμματισμός ηλεκτρονικών υπολογιστών | ανάπτυξη και ανάλυση λογισμικού και εφαρμογών
KnowledgeSkillCompetence,http://data.europa.eu/esco/skill/03a74eee-2dc6-4147-8667-5cdeb65f122d,διαχείριση της ταξινόμησης δεδομένων ΤΠΕ,released,skill/competence,sector-specific,διαχειρίζομαι την κατάταξη στοιχείων ΤΠΕ | ταξινομώ δεδομένα ΤΠΕ | οργανώνω δεδομένα ΤΠΕ | κατηγοριοποιώ δεδομένα ΤΠΕ | διαχειρίζομαι την κατηγοριοποίηση στοιχείων ΤΠΕ,Εποπτεία του συστήματος ταξινόμησης που ακολουθεί ένας οργανισμός για την οργάνωση των δεδομένων του. Αντιστοίχιση κατόχου σε κάθε έννοια δεδομένων ή σε σύνολο εννοιών και καθορισμός της αξίας κάθε στοιχείου των δεδομένων.,http://data.europa.eu/esco/skill/4d85b881-e490-4b4c-897a-2faa4ef53956 | http://data.europa.eu/esco/skill/6a7fc30d-af16-4cc5-a957-29d174bdb61c,"διαχείριση της αρχιτεκτονικής δεδομένων ΤΠΕ | διαχείριση, συλλογή και αποθήκευση ψηφιακών δεδομένων"
KnowledgeSkillCompetence,http://data.europa.eu/esco/skill/03ff0d53-573a-47a0-a0ad-1995815a4339,δομή πληροφοριών,released,knowledge,sector-specific,δομή πληροφορίας· διάρθρωση πληροφορίας | δομή πληροφοριακών στοιχείων· διάρθρωση πληροφοριακών δεδομένων· υποδομή ενημέρωσης,"Τύπος υποδομής ο οποίος ορίζει τη μορφή των δεδομένων: ημιδομημένα, μη δομημένα και δομημένα.",http://data.europa.eu/esco/isced-f/0612,σχεδιασμός και διαχείριση βάσεων δεδομένων και δικτύων
KnowledgeSkillCompetence,http://data.europa.eu/esco/skill/04473991-161d-46db-8684-0d5ed6cb6c66,διαχείριση προσωρινών δικτύων ΤΠΕ για ζωντανές παραστάσεις,released,skill/competence,occupation-specific,,"Διαχείριση της εγκατάστασης δικτύων για τη διανομή σημάτων ελέγχου για εφαρμογές τεχνών του θεάματος και εκδηλώσεων. Συντονισμός με τους διάφορους χρήστες. Καθορισμός και εγκατάσταση του εξοπλισμού, των καλωδίων, των συνδέσεων και των συσκευών. Διαμόρφωση, δοκιμή και παρακολούθηση του εξοπλισμού και των επιδόσεων του δικτύου. Στα σήματα ελέγχου περιλαμβάνονται π.χ. τα DMX, RDM, MIDI, Timecode, δεδομένα παρακολούθησης και θέσης, αλλά και σήματα ήχου, βίντεο και θέσης.
	",http://data.europa.eu/esco/skill/f839b1da-78b6-4466-86f4-a5798821ea20,εγκατάσταση συστημάτων πληροφορικής
KnowledgeSkillCompetence,http://data.europa.eu/esco/skill/0458f6a0-cb54-4ff5-a543-b2c5354e17c0,εκσυγχρονισμός των βιομηχανικών διαδικασιών με βάση τις ψηφιακές εξελίξεις,released,skill/competence,sector-specific,,Ενημέρωση για τις ψηφιακές καινοτομίες που εφαρμόζονται στις βιομηχανικές διαδικασίες. Ενσωμάτωση αυτών των εξελίξεων στις διαδικασίες της εταιρείας που αποσκοπούν στην ανάπτυξη ανταγωνιστικών και επικερδών επιχειρηματικών μοντέλων.,http://data.europa.eu/esco/skill/e2a5e046-3357-493e-bbdc-8d0ef82005cc,παρακολούθηση των εξελίξεων στον τομέα της εμπειρογνωμοσύνης
KnowledgeSkillCompetence,http://data.europa.eu/esco/skill/04cf164c-d07d-49cf-a1b3-84bdbd79b5cb,εγκατάσταση εξοπλισμού γραφείου,released,skill/competence,occupation-specific,,"Σύνδεση του εξοπλισμού γραφείου, όπως μόντεμ, σαρωτών και εκτυπωτών, με το δίκτυο ηλεκτρικής ενέργειας και ηλεκτρική σύνδεση ώστε να αποφεύγονται οι επικίνδυνες διαφορές δυναμικού. Δοκιμή της εγκατάστασης για την ορθή λειτουργία. Παρακολούθηση ρυθμίσεων και προετοιμασία της συσκευής για χρήση.",http://data.europa.eu/esco/skill/906211b3-afed-4a2b-b5e1-33f2885fee85,εκτέλεση γενικών γραμματειακών και διοικητικών καθηκόντων
KnowledgeSkillCompetence,http://data.europa.eu/esco/skill/04f1b938-d4d4-4cb1-a863-982af76b9d93,SAS language,released,knowledge,sector-specific,,"Τεχνικές και αρχές ανάπτυξης λογισμικού, όπως είναι η ανάλυση, οι αλγόριθμοι, η συγγραφή κώδικα, οι δοκιμές και η κατάρτιση προγραμματιστικών υποδειγμάτων στη γλώσσα SAS.",http://data.europa.eu/esco/skill/21d2f96d-35f7-4e3f-9745-c533d2dd6e97 | http://data.europa.eu/esco/skill/ad59afe4-6f8a-4bc4-acfd-0f228277508a | http://data.europa.eu/esco/isced-f/0613,προγραμματισμός ηλεκτρονικών υπολογιστών | λογισμικό σύστημα στατιστικών αναλύσεων | ανάπτυξη και ανάλυση λογισμικού και εφαρμογών
KnowledgeSkillCompetence,http://data.europa.eu/esco/skill/04fe962b-4017-4eb7-9139-7d69b6922bc9,χρήση διεπαφής για συγκεκριμένη εφαρμογή,released,skill/competence,sector-specific,,Κατανόηση και χρήση των διεπαφών για συγκεκριμένη εφαρμογή ή περίπτωση χρήσης.,http://data.europa.eu/esco/skill/39499028-35bf-4d69-9275-fb98902ed88b,εργασία με υπολογιστές
KnowledgeSkillCompetence,http://data.europa.eu/esco/skill/05010f6c-0b40-4525-ac4a-057d46a2b6f4,σχεδιασμός ηλεκτρικών συστημάτων,released,skill/competence,cross-sector,,"Προσχέδια και σχεδιασμός ηλεκτρικών συστημάτων, προϊόντων και στοιχείων με τη χρήση λογισμικού και εξοπλισμού σχεδιασμού με τη βοήθεια υπολογιστή (CAD). Σχεδίαση διάταξης πινάκων, ηλεκτρικών σχηματικών διαγραμμάτων, διαγραμμάτων ηλεκτρικών καλωδιώσεων και άλλων στοιχείων συναρμολόγησης.",http://data.europa.eu/esco/skill/39fa260c-4f85-48e3-83ce-e292e696c233,σχεδιασμός ηλεκτρικών ή ηλεκτρονικών συστημάτων ή εξοπλισμού
KnowledgeSkillCompetence,http://data.europa.eu/esco/skill/054f26ab-cfdc-4077-883c-1c4c9e9b310a,ορισμός κανόνων τείχους προστασίας,released,skill/competence,sector-specific,προσδιορισμός ρυθμίσεων τείχους προστασίας | θέσπιση κανόνων τείχους προστασίας | ορισμός προϋποθέσεων εγκατάστασης φίλτρων προστασίας | ορισμός ρυθμίσεων τείχους προστασίας,Καθορισμός κανόνων για μια σειρά στοιχείων που έχουν στόχο να περιορίσουν τη σύνδεση ομάδων δικτύων ή ενός συγκεκριμένου δικτύου με το διαδίκτυο.,http://data.europa.eu/esco/skill/185c56ee-098f-46a1-af87-56337085da6f,προστασία συσκευών τπε
KnowledgeSkillCompetence,http://data.europa.eu/esco/skill/055ff233-6569-43db-9f95-a4b03dca97da,χειρισμός συστημάτων καταγραφής προϊόντων αποθήκης,released,skill/competence,sector-specific,,"Χειρισμός συστημάτων καταγραφής των προϊόντων, των συσκευασιών και των δελτίων παραγγελίας σε ειδικές μορφές και τύπους εγγραφών.",http://data.europa.eu/esco/skill/7afb5a64-e574-421a-bb3a-7a7bc108d2a5 | http://data.europa.eu/esco/skill/06fdd94c-292d-49e3-9c78-bbcbc2088232,εκτέλεση εργασιών αποθήκευσης | τήρηση επιχειρησιακών μητρώων
KnowledgeSkillCompetence,http://data.europa.eu/esco/skill/05b70efb-6b80-4f04-9a25-67cd317daf37,CryEngine,released,knowledge,sector-specific,,"Ο κινητήρας παιχνιδιών CryEngine είναι ένα πλαίσιο λογισμικού το οποίο αποτελείται από ολοκληρωμένα περιβάλλοντα ανάπτυξης και εξειδικευμένα εργαλεία σχεδιασμού, σχεδιασμένο για την ταχεία επανάληψη παιχνιδιών υπολογιστών που προέρχονται από χρήστες.",http://data.europa.eu/esco/skill/966f2fd3-3de6-42da-b87c-da924c6d7960 | http://data.europa.eu/esco/isced-f/0211,συστήματα δημιουργίας ψηφιακών παιχνιδιών | τεχνικές και παραγωγή οπτικοακουστικών μέσων
KnowledgeSkillCompetence,http://data.europa.eu/esco/skill/061f1c12-9811-46f7-ab3e-1d28367d6c73,χρήση λογισμικού για τον σχεδιασμό σόλας με τη βοήθεια υπολογιστή,released,skill/competence,sector-specific,,"Ψηφιοποίηση και σάρωση των μητρών υποδήματος. Εργασία με αρχεία σε διάφορα συστήματα CAD. Παραγωγή τρισδιάστατων μοντέλων σόλας και δημιουργία δισδιάστατων σχεδίων με τη βοήθεια ηλεκτρονικού υπολογιστή. Ταξινόμηση και λήψη της σειράς μεγέθους. Προετοιμασία τεχνικών προδιαγραφών για την κατασκευή. Παραγωγή δισδιάστατων και τρισδιάστατων μηχανικών και τεχνικών σχεδίων καλουπιών για βουλκανισμένες και καλουπωμένες με έγχυση σόλες με τη βοήθεια ηλεκτρονικού υπολογιστή. Εξαγωγή των αρχείων των εικονικών μοντέλων σε εκτυπωτές 3D, συστήματα CAM ή CNC.",http://data.europa.eu/esco/skill/b34e2ba1-9080-48c9-9b42-ee9192a4d3f1 | http://data.europa.eu/esco/skill/b1115b14-fa16-4c1e-be6c-91fd49a1808b,χρήση λογισμικού για σχεδιασμό με χρήση υπολογιστή | χρήση εργαλείων σχεδιασμού και σχεδίασης με τη βοήθεια ηλεκτρονικού υπολογιστή
KnowledgeSkillCompetence,http://data.europa.eu/esco/skill/0620ecd1-e4b1-4dfa-972b-38a93e5ebd9d,δημιουργία τρισδιάστατου περιβάλλοντος,released,skill/competence,sector-specific,ανάπτυξη τρισδιάστατου περιβάλλοντος | δημιουργία περιβάλλοντος 3Δ | σχεδιασμός περιβάλλοντος 3Δ | σχεδιασμός τρισδιάστατου περιβάλλοντος | ανάπτυξη περιβάλλοντος 3Δ,"Ανάπτυξη, μέσω υπολογιστή, μιας τρισδιάστατης αναπαράστασης ενός περιβάλλοντος προσομοίωσης, όπου οι χρήστες αλληλεπιδρούν.",http://data.europa.eu/esco/skill/f5b33464-4df9-4cf3-b468-b0a2d6b3ee85 | http://data.europa.eu/esco/skill/c34b06c4-d164-4e49-a784-89d47de42ec2,"χειρισμός λογισμικού υπολογιστή τρισδιάστατων γραφικών | σχεδιασμός βιομηχανικών υλικών, συστημάτων ή προϊόντων"
KnowledgeSkillCompetence,http://data.europa.eu/esco/skill/062320e5-79d1-45e8-8b7e-5deeb53279a2,διενέργεια ανάλυσης διαδικτυακών δεδομένων,released,skill/competence,cross-sector,,"Ανάλυση διαδικτυακών εμπειριών και διαδικτυακών δεδομένων για την κατανόηση της συμπεριφοράς των χρηστών, των παραγόντων που ερεθίζουν στην προσοχή τους στο διαδίκτυο και άλλων παραγόντων που θα μπορούσαν να βελτιστοποιήσουν την ανάπτυξη και προβολή της ιστοσελίδας.",http://data.europa.eu/esco/skill/2b92a5b2-6758-4ee3-9fb4-b6387a55cc8f | http://data.europa.eu/esco/skill/9af1bd12-01bd-4d6a-947b-69e64f23150a | http://data.europa.eu/esco/skill/6a7fc30d-af16-4cc5-a957-29d174bdb61c,"διενέργεια ανάλυσης δεδομένων | επεξεργασία ποιοτικών πληροφοριών | διαχείριση, συλλογή και αποθήκευση ψηφιακών δεδομένων"
KnowledgeSkillCompetence,http://data.europa.eu/esco/skill/06358891-8424-43c5-891e-d40f226bef40,διαχείριση απαιτήσεων συμμόρφωσης για την ασφάλεια ΤΠ,released,skill/competence,sector-specific,διαχείριση των προδιαγραφών συμμόρφωσης για την ασφάλεια δικτύων ΤΠ | εφαρμογή βέλτιστων πρακτικών για την ασφάλεια συστημάτων ΤΠ | εκπλήρωση των απαιτήσεων συμμόρφωσης για την ασφάλεια συστημάτων ΤΠ,"Καθοδήγηση της εφαρμογής και της εκπλήρωσης των σχετικών βιομηχανικών προτύπων, των βέλτιστων πρακτικών και των νομικών απαιτήσεων για την ασφάλεια των πληροφοριών.",http://data.europa.eu/esco/skill/6a7fc30d-af16-4cc5-a957-29d174bdb61c,"διαχείριση, συλλογή και αποθήκευση ψηφιακών δεδομένων"
KnowledgeSkillCompetence,http://data.europa.eu/esco/skill/06f33d6a-f7a7-4a2b-baa5-8c3c53bd1a9c,λέξεις-κλειδιά ψηφιακού περιεχομένου,released,knowledge,sector-specific,καίριες λέξεις ψηφιακού περιεχομένου· βασικές λέξεις ψηφιακού περιεχομένου· σημαντικές λέξεις ψηφιακού περιεχομένου | λέξεις-κλειδιά ψηφιακών περιεχομένων· λέξεις-κλειδιά ηλεκτρονικού περιεχομένου,Τα ψηφιακά εργαλεία για τη διεξαγωγή έρευνας με λέξεις-κλειδιά. Τα συστήματα ανάκτησης πληροφοριών προσδιορίζουν το περιεχόμενο ενός εγγράφου με βάση λέξεις-κλειδιά και μεταδεδομένα.,http://data.europa.eu/esco/isced-f/0611,χρήση υπολογιστών
KnowledgeSkillCompetence,http://data.europa.eu/esco/skill/071233c4-ad2b-4f50-b79f-768d2231163e,υπηρεσία ονομάτων τομέα,released,knowledge,sector-specific,DNS,"Βάση δεδομένων ονοματοδοσίας, στην οποία τα ονόματα τομέα του διαδικτύου καταγράφονται σε διευθύνσεις πρωτοκόλλου Ίντερνετ (IP). Το σύστημα ονομάτων τομέα επιτρέπει στους χρήστες του διαδικτύου να χρησιμοποιούν ονόματα όπως τίτλους ιστοτόπων, αντί να θυμούνται τις αριθμητικές διευθύνσεις IP που χρησιμοποιούν οι υπολογιστές για τον εντοπισμό συγκεκριμένου ιστότοπου.
	",http://data.europa.eu/esco/isced-f/0612,σχεδιασμός και διαχείριση βάσεων δεδομένων και δικτύων
KnowledgeSkillCompetence,http://data.europa.eu/esco/skill/071a4197-06b3-4226-b9a1-efd15913280a,μοντελοποίηση και προσομοίωση ιατροτεχνολογικών συσκευών,released,skill/competence,sector-specific,,"Μοντελοποίηση και προσομοίωση ιατροτεχνολογικών προϊόντων με τη χρήση λογισμικού τεχνικού σχεδιασμού.
	",http://data.europa.eu/esco/skill/b1115b14-fa16-4c1e-be6c-91fd49a1808b,χρήση εργαλείων σχεδιασμού και σχεδίασης με τη βοήθεια ηλεκτρονικού υπολογιστή
KnowledgeSkillCompetence,http://data.europa.eu/esco/skill/0737ad0a-75ac-4696-988b-565820577ac0,χρήση χάρτη εμπειρίας,released,skill/competence,sector-specific,χρήση χάρτη εμπειρίας πελατών | χρήση χάρτη εμπειριών,"Εξέταση όλων των αλληλεπιδράσεων και επαφών που έχουν τα άτομα με ένα προϊόν, ένα εμπορικό σήμα ή μια υπηρεσία. Καθορισμός βασικών μεταβλητών, όπως η διάρκεια και η συχνότητα κάθε επαφής.",http://data.europa.eu/esco/skill/6a7fc30d-af16-4cc5-a957-29d174bdb61c,"διαχείριση, συλλογή και αποθήκευση ψηφιακών δεδομένων"
KnowledgeSkillCompetence,http://data.europa.eu/esco/skill/0764b28d-04ee-4e80-bf58-b737f02a63e0,λογισμικό επεξηγηματικού κειμένου,released,knowledge,occupation-specific,,"Τα διάφορα λογισμικά για τη δημιουργία λεζαντών και υποτίτλων σε αρχείο το οποίο συγχωνεύεται με τα πραγματικά πλάνα, όπως το Telestream και το MovieCaptioners.",http://data.europa.eu/esco/isced-f/0613,ανάπτυξη και ανάλυση λογισμικού και εφαρμογών
KnowledgeSkillCompetence,http://data.europa.eu/esco/skill/07884056-a07a-40b7-bba3-1ceed61f529c,συστήματα υπογραφών της αλυσίδας συστοιχιών (blockchain),released,knowledge,sector-specific,συστήματα ψηφιακής υπογραφής | σχήματα ψηφιακών υπογραφών | σχήματα υπογραφής για blockchain | συστήματα υπογραφής για blockchain | συστήματα υπογραφής blockchain,"Τα βασικά συστήματα ψηφιακής υπογραφής περιλαμβάνουν το σύστημα RSA, το σύστημα El-Gamal, τις συναρτήσεις κατατεμαχισμού (Hash functions), τις επιθέσεις γενεθλίων (Birthday Attacks), το πρότυπο ψηφιακής υπογραφής.
	",http://data.europa.eu/esco/isced-f/0612,σχεδιασμός και διαχείριση βάσεων δεδομένων και δικτύων
KnowledgeSkillCompetence,http://data.europa.eu/esco/skill/07889c08-7220-47c8-96f7-6068fbea00dc,κανονικοποίηση δεδομένων,released,skill/competence,sector-specific,κανονικοποιώ στοιχεία· κανονικοποιώ πληροφοριακά δεδομένα | καταρτίζω δεδομένα· εκτελώ προ-επεξεργασία δεδομένων· μειώνω τον αριθμό δεδομένων,"Μείωση των δεδομένων στην ακριβή βασική μορφή τους (κανονικές μορφές) προκειμένου να επιτευχθούν αποτελέσματα όπως ελαχιστοποίηση της εξάρτησης, εξάλειψη των πλεονασμών, ενίσχυση της συνοχής.",http://data.europa.eu/esco/skill/2daec0e6-f0c1-43e8-8178-aedba99130ec | http://data.europa.eu/esco/skill/6a7fc30d-af16-4cc5-a957-29d174bdb61c,"καθιέρωση διαδικασιών δεδομένων | διαχείριση, συλλογή και αποθήκευση ψηφιακών δεδομένων"
KnowledgeSkillCompetence,http://data.europa.eu/esco/skill/07dd856d-6141-48a7-a228-918f88494812,δημιουργία προτύπου λύσεων βασιζόμενων στην εμπειρία του χρήστη,released,skill/competence,sector-specific,δημιουργία υποδείγματος λογισμικού βασισμένου στην εμπειρία του χρήστη | σχεδιάζω πρότυπα λύσεων με βάση την εμπειρία του χρήστη | δημιουργία πρότυπου προγραμμάτων με βάση την εμπειρία του χρήστη,"Σχεδιασμός και προετοιμασία μακετών, προτύπων και ροών για τη δοκιμή λύσεων βασιζόμενων στην εμπειρία των χρηστών (ΕΔΧ) ή για τη συλλογή παρατηρήσεων από τους χρήστες, τους πελάτες, τους εταίρους ή τους ενδιαφερόμενους.",http://data.europa.eu/esco/skill/32c017fd-28ab-4051-bf68-74de952c2f77,διαχείριση πληροφοριών
KnowledgeSkillCompetence,http://data.europa.eu/esco/skill/07e47d58-dd0e-4302-9e68-70a188e89065,εφαρμογή πολιτικών συστήματος οργάνωσης,released,skill/competence,cross-sector,,"Εφαρμογή εσωτερικών πολιτικών που συνδέονται με την ανάπτυξη, εσωτερική και εξωτερική χρήση των τεχνολογικών συστημάτων, όπως συστήματα λογισμικού, συστήματα δικτύου και συστήματα τηλεπικοινωνιών, προκειμένου να επιτευχθούν οι στόχοι που αφορούν την αποδοτική λειτουργία και την ανάπτυξη ενός οργανισμού.",http://data.europa.eu/esco/skill/72d1fa5d-1b7f-48e7-84e3-6e779841ddf1 | http://data.europa.eu/esco/skill/0a43729f-2a79-4dae-9faa-95520daae79f | http://data.europa.eu/esco/skill/802deca0-b880-4d1a-b366-e13b27621baf,επίδειξη αφοσίωσης | εφαρμογή εταιρικών πολιτικών | συμμόρφωση με επιχειρησιακές διαδικασίες
KnowledgeSkillCompetence,http://data.europa.eu/esco/skill/07e51c60-763a-4335-b4ec-70a15f66d328,πρόταση λύσεων ΤΠΕ για επιχειρησιακά προβλήματα,released,skill/competence,cross-sector,υποβάλλω προτάσεις για λύσεις ΤΠΕ για επιχειρηματικά ζητήματα· παρουσιάζω λύσεις ΤΠΕ για επιχειρηματικά προβλήματα· καταθέτω προτάσεις για λύσεις ΤΠΕ για επιχειρησιακά προβλήματα | προτείνω λύσεις ΤΠΕ για επιχειρηματικά ζητήματα· προτείνω λύσεις ΤΠΕ για επιχειρηματικά προβλήματα,"Πρόταση τρόπων επίλυσης των επιχειρησιακών ζητημάτων, με χρήση των μέσων ΤΠΕ, ώστε να βελτιωθούν οι επιχειρησιακές διαδικασίες.",http://data.europa.eu/esco/skill/14832d87-2f2f-4895-b290-e4760ebae42a | http://data.europa.eu/esco/skill/7a8fb784-67fa-41e9-a75c-6b491d91f800 | http://data.europa.eu/esco/skill/b590d4e5-7c62-4b4a-abc2-c270b482e0ce | http://data.europa.eu/esco/skill/03b9b491-fc9b-4868-914a-bf7cd47b5041,επίλυση τεχνικών προβλημάτων | ανάπτυξη στρατηγικής για την επίλυση προβλημάτων | σχεδιασμός συστημάτων ή εφαρμογών τπε | επίλυση προβλημάτων
KnowledgeSkillCompetence,http://data.europa.eu/esco/skill/07e6bc9f-9c98-44ae-a7a3-5266caa393e1,υπολογισμός εξόδων εργασιών επισκευής,released,skill/competence,sector-specific,,Υπολογισμός εξόδων εργασιών επισκευής για υλικά και εργασία. Κατανόηση των κατάλληλων προγραμμάτων Η/Υ.,http://data.europa.eu/esco/skill/19ba11f3-9c99-41fd-a7c9-f77e6a026186 | http://data.europa.eu/esco/skill/cfbde1b6-8e47-4b83-b430-3d5f7f38d69a | http://data.europa.eu/esco/skill/b917784a-d7c9-437c-be6e-0de41067fa62,εκτέλεση υπολογισμών | εκτίμηση των λειτουργικών δαπανών | εκτίμηση των αναγκών σε πόρους
KnowledgeSkillCompetence,http://data.europa.eu/esco/skill/07ebc888-0f3f-46e7-99d2-a7c7ebd7ffe3,λογισμικό διαχείρισης ακινήτων,released,knowledge,sector-specific,PMS | λογισμικό ακινήτων,"Τα χαρακτηριστικά και η λειτουργία ενός λογισμικού που καθιστά δυνατή τη διαχείριση των καθημερινών εργασιών σε επιχειρήσεις παροχής καταλύματος, με σκοπό τη βελτιστοποίηση των πόρων και των διαδικασιών, όπως οι κρατήσεις, οι τιμές δωματίων, η ανάλυση δεδομένων εσόδων ή η τιμολόγηση.
	",http://data.europa.eu/esco/isced-f/1013,"ξενοδοχεία, εστιατόρια και υπηρεσίες τροφοδοσίας"
KnowledgeSkillCompetence,http://data.europa.eu/esco/skill/08236fee-c405-4f30-8858-f10d7d5c94b7,χειρισμός συστημάτων ενσωμάτωσης μέσων,released,skill/competence,occupation-specific,,"Χειρισμός συστήματος ενσωμάτωσης μέσων για εφαρμογές τεχνών του θεάματος και εκδηλώσεων κατά τη διάρκεια του στησίματος, της διαμόρφωσης, των προβών και των ζωντανών παραστάσεων.
	",http://data.europa.eu/esco/skill/8ddcb295-707e-459c-ba6a-66ffb37835c5,χειρισμός οπτικοακουστικού εξοπλισμού
KnowledgeSkillCompetence,http://data.europa.eu/esco/skill/0823ccef-813f-4f22-afef-ac0d68615e8f,υπολογιστική προσομοίωση,released,knowledge,cross-sector,ψηφιακή προσομοίωση | προσομοίωση βασισμένη σε υπολογιστή | προσομοίωση με χρήση υπολογιστή | ηλεκτρονική προσομοίωση,"Πρόγραμμα που εκτελείται σε υπολογιστή και αναπαριστά δυναμικές αποκρίσεις ενός συστήματος για τη διερεύνηση της συμπεριφοράς ενός μαθηματικού μοντέλου, με τη χρήση ενός μοντέλου πραγματικού συστήματος, το οποίο αποτελείται από μαθηματικές εξισώσεις.
	",http://data.europa.eu/esco/isced-f/0611,χρήση υπολογιστών
KnowledgeSkillCompetence,http://data.europa.eu/esco/skill/085bfce5-70fe-43da-9499-307725e89bbc,WizIQ,released,knowledge,sector-specific,,"Το πρόγραμμα υπολογιστή του WizIQ είναι μια πλατφόρμα ηλεκτρονικής μάθησης για τη δημιουργία, τη διαχείριση, την οργάνωση, την αναφορά και την παροχή εκπαιδευτικών μαθημάτων ηλεκτρονικής μάθησης ή προγράμματα κατάρτισης.",http://data.europa.eu/esco/skill/6c80d53c-d8c9-41fe-998f-091fca208834 | http://data.europa.eu/esco/isced-f/0612,συστήματα διαχείρισης μάθησης | σχεδιασμός και διαχείριση βάσεων δεδομένων και δικτύων
KnowledgeSkillCompetence,http://data.europa.eu/esco/skill/0868eef3-2213-4572-9343-74931345a7d3,διαχείριση του συστήματος ΤΠΕ,released,skill/competence,sector-specific,διαχείριση συστημάτων ΤΠΕ | διαχείριση δικτύων ΤΠΕ | διαχείριση συστήματος,"Χειρισμός στοιχείων του συστήματος ΤΠΕ με τη διατήρηση της διαμόρφωσης, τη διαχείριση των χρηστών, την παρακολούθηση της χρήσης των πόρων, την εκτέλεση αντιγράφων ασφαλείας και την εγκατάσταση υλισμικού (hardware) ή λογισμικού (software) για τη συμμόρφωση με τις καθορισμένες απαιτήσεις.",http://data.europa.eu/esco/skill/fbbcb9ab-4b95-4e57-a756-30d08b7da7a5 | http://data.europa.eu/esco/skill/f839b1da-78b6-4466-86f4-a5798821ea20,συντήρηση συστήματος ΤΠΕ | εγκατάσταση συστημάτων πληροφορικής
KnowledgeSkillCompetence,http://data.europa.eu/esco/skill/08a3dcea-12de-447b-a3a5-aa657abc5e97,εκτέλεση δοκιμών κοινωνικής μηχανικής,released,skill/competence,sector-specific,διενέργεια δοκιμών κοινωνικής μηχανικής | δοκιμή επιθέσεων κοινωνικής μηχανικής | τεστ κοινωνικής μηχανικής | πραγματοποίηση τεστ κοινωνικής μηχανής | δοκιμή κοινωνικής μηχανικής | πραγματοποιήστε τεστ κοινωνικής μηχανικής,"Εκτέλεση προσομοιωμένων επιθέσεων κοινωνικής μηχανικής για τον εντοπισμό τρωτών σημείων στη στάση ασφαλείας ενός οργανισμού. Οι δοκιμές κοινωνικής μηχανικής ενδέχεται να περιλαμβάνουν μηνύματα ηλεκτρονικού ψαρέματος, τη δημιουργία ψευδών συνθηκών για απόσπαση δεδομένων/πληροφοριών (pretexting) ή άλλες μορφές χειραγώγησης που χρησιμοποιούν οι επιτιθέμενοι για την απόκτηση ευαίσθητων πληροφοριών ή μη εξουσιοδοτημένης πρόσβασης σε συστήματα.
	",http://data.europa.eu/esco/skill/0e0a44a8-654c-4e85-986a-fb4386114838,παρακολούθηση ασφάλειας ή προστασίας
KnowledgeSkillCompetence,http://data.europa.eu/esco/skill/08b04e53-ed25-41a2-9f90-0b9cd939ba3d,διαχείριση ερευνητικών δεδομένων,released,skill/competence,cross-sector,,"Παραγωγή και ανάλυση επιστημονικών δεδομένων που προέρχονται από μεθόδους ποιοτικής και ποσοτικής έρευνας. Αποθήκευση και διατήρηση των δεδομένων σε βάσεις δεδομένων έρευνας. Υποστήριξη της περαιτέρω χρήσης επιστημονικών δεδομένων και εξοικείωση με τις αρχές διαχείρισης ανοικτών δεδομένων.
	",http://data.europa.eu/esco/skill/32c017fd-28ab-4051-bf68-74de952c2f77,διαχείριση πληροφοριών
KnowledgeSkillCompetence,http://data.europa.eu/esco/skill/094ef6aa-844f-44ce-8456-fdc49276bf58,ψηφιακή εκτύπωση,released,knowledge,sector-specific,ψηφιακές εκτυπώσεις | ηλεκτρονική εκτύπωση,"Η τεχνική που επιτρέπει την απευθείας εκτύπωση ψηφιακής εικόνας σε διάφορα υλικά, κυρίως με χρήση εκτυπωτών ψεκασμού μελάνης ή λέιζερ.",http://data.europa.eu/esco/isced-f/0211,τεχνικές και παραγωγή οπτικοακουστικών μέσων
KnowledgeSkillCompetence,http://data.europa.eu/esco/skill/09cf2c34-6f93-4a19-a9f1-c0d866414bcc,Cain and Abel (εργαλείο δοκιμής διείσδυσης),released,knowledge,sector-specific,,"Το εργαλείο λογισμικού Cain και Abel είναι ένα εργαλείο ανάκτησης κωδικών πρόσβασης, το οποίο δοκιμάζει το λειτουργικό σύστημα της Microsoft για αδυναμίες στον τομέα της ασφάλειας και δυνητική μη εξουσιοδοτημένη πρόσβαση σε πληροφορίες του συστήματος. Το εργαλείο αποκωδικοποιεί, αποκρυπτογραφεί και αποκαλύπτει κωδικούς πρόσβασης με μέσα όπως οι επιθέσεις «ωμής βίας» και με κρυπτανάλυση, το network sniffing και η ανάλυση των πρωτοκόλλων.",http://data.europa.eu/esco/isced-f/0613 | http://data.europa.eu/esco/skill/de586dcf-d7e5-4340-bf5b-d59026f1b436,ανάπτυξη και ανάλυση λογισμικού και εφαρμογών | εργαλείο δοκιμής διείσδυσης
KnowledgeSkillCompetence,http://data.europa.eu/esco/skill/09f2f811-a3fb-4de3-a70f-6420a6935575,κύκλος ανάπτυξης συστημάτων,released,knowledge,cross-sector,κύκλος ζωής σχεδιασμού λογισμικού· κύκλος ζωής δημιουργίας και δοκιμής εφαρμογών· κύκλος ζωής ανάπτυξης συστημάτων | κύκλος ζωής ανάπτυξης λογισμικού· κύκλος ζωής της ανάπτυξης εφαρμογών,"Η ακολουθία των σταδίων, όπως ο σχεδιασμός, η δημιουργία, η δοκιμή και η εγκατάσταση, καθώς και τα μοντέλα για την ανάπτυξη και τη διαχείριση του κύκλου ανάπτυξης ενός συστήματος.",http://data.europa.eu/esco/isced-f/0613,ανάπτυξη και ανάλυση λογισμικού και εφαρμογών
KnowledgeSkillCompetence,http://data.europa.eu/esco/skill/09f4c52b-ac72-4f0e-a8ae-78bb1d7bffba,λογισμικό μεταφοράς που συνδέεται με σύστημα σχεδιασμού επιχειρηματικών πόρων,released,knowledge,cross-sector,,"Λογισμικό διαχείρισης επιχειρήσεων για τη συλλογή, διαχείριση και ερμηνεία δεδομένων σχετικά με την αποστολή, την πληρωμή, την απογραφή και την κατασκευή που εφαρμόζονται κατά τη μεταφορά και τη διανομή.",http://data.europa.eu/esco/isced-f/0413,διαχείριση και διοίκηση
KnowledgeSkillCompetence,http://data.europa.eu/esco/skill/0a0532c2-ee60-4410-8e07-70e4d69370ec,χειρισμός αυτοματοποιημένου συστήματος ελέγχου των διαδικασιών,released,skill/competence,cross-sector,,Το σύστημα ελέγχου ή αυτοματοποίησης των διαδικασιών (PAS) χρησιμοποιείται για τον αυτόματο έλεγχο μιας διαδικασίας παραγωγής.,http://data.europa.eu/esco/skill/bf4196e4-839c-4f5f-b13b-eeed07ede160,χειρισμός βιομηχανικού εξοπλισμού ακριβείας
KnowledgeSkillCompetence,http://data.europa.eu/esco/skill/0a099c81-6a0c-4f00-bb3b-990d23ec03a5,διαχείριση της διαδικασίας αιτήματος αλλαγής των ΤΠΕ,released,skill/competence,sector-specific,διαχειρίζομαι τη διεργασία αιτήματος μετατροπής των ΤΠΕ | επιφορτίζομαι με τη διαχείριση της διαδικασίας αιτήματος μετατροπής των ΤΠΕ | επιλαμβάνομαι της διαχείρισης της διαδικασίας αιτήματος μετατροπής των ΤΠΕ | διαχειρίζομαι τη διεργασία αιτήματος μεταβολής των ΤΠΕ | αναλαμβάνω τη διαχείριση της διαδικασίας αιτήματος αλλαγής των ΤΠΕ,"Προσδιορισμός του κινήτρου για την υποβολή αιτήματος αλλαγής των ΤΠΕ, στο οποίο θα αναφέρεται ποια προσαρμογή πρέπει να γίνει στο σύστημα. Πρέπει να εκτελείτε ή να εποπτεύετε την εκτέλεση αυτής της προσαρμογής.",http://data.europa.eu/esco/skill/87dff904-fb74-4d59-972e-1c2387579d94,καθοδήγηση των επιχειρησιακών δραστηριοτήτων
KnowledgeSkillCompetence,http://data.europa.eu/esco/skill/0a30e5a8-60a8-4fda-9f89-8e9cee38da5a,χρησιμοποίηση γλώσσας περιγραφής διεπαφής,released,skill/competence,occupation-specific,εφαρμόζω γλώσσα περιγραφής διεπαφής· κάνω χρήση γλώσσας περιγραφής διεπαφών· μεταχειρίζομαι γλώσσα περιγραφής διασύνδεσης | χρησιμοποιώ γλώσσα περιγραφής διεπαφών· χρησιμοποιώ γλώσσες περιγραφής διασύνδεσης,Χρήση γλώσσας προδιαγραφών για την περιγραφή της σύνδεσης διεπαφής μεταξύ των στοιχείων του λογισμικού ή των προγραμμάτων χρησιμοποιώντας μια γλώσσα αποκλειστικά για προγραμματισμό. Οι γλώσσες που υποστηρίζουν αυτή τη μέθοδο είναι μεταξύ άλλων οι CORBA και WSDL.,http://data.europa.eu/esco/skill/f6868852-9bf6-4899-a5d6-5f9532fb877d | http://data.europa.eu/esco/skill/b0096dc5-2e2d-4bc1-8172-05bf486c3968 | http://data.europa.eu/esco/skill/a8c3186b-c791-4d57-8f4f-4d12c7a5c6a7,σχεδιασμός διεπαφής επιμέρους μερών | σχεδιασμός διεπαφής εφαρμογών | προγραμματισμός συστημάτων ηλεκτρονικών υπολογιστών
KnowledgeSkillCompetence,http://data.europa.eu/esco/skill/0a52bed5-fd29-45fb-aba6-e32bccfda1c1,σχεδιασμός της μετάβασης στο υπολογιστικό νέφος,released,skill/competence,sector-specific,αναδιαμόρφωση σχεδίου | σχεδιασμός μετανάστευσης cloud,"Επιλογή υφιστάμενων φορτίων εργασίας και διαδικασιών για πιθανή μετάβαση στο υπολογιστικό νέφος και επιλογή των εργαλείων μετάβασης. Καθορισμός νέας αρχιτεκτονικής υπολογιστικού νέφους για μια υφιστάμενη λύση, σχεδιασμός στρατηγικής για τη μετάβαση υφιστάμενων φορτίων εργασίας στο υπολογιστικό νέφος.
	",http://data.europa.eu/esco/skill/1e7ed56a-6d6b-422f-962e-38543d150755 | http://data.europa.eu/esco/skill/39499028-35bf-4d69-9275-fb98902ed88b,διαχείριση αλλαγών σε σύστημα ΤΠΕ | εργασία με υπολογιστές
KnowledgeSkillCompetence,http://data.europa.eu/esco/skill/0a776a56-6ec1-4790-84b3-46d0be706806,χρήση ναυσιπλοΐας με ραντάρ,released,skill/competence,sector-specific,,Χειρισμός σύγχρονου εξοπλισμού πλοήγησης με ραντάρ για την ασφαλή λειτουργία του πλοίου.,http://data.europa.eu/esco/skill/c6c37f68-190e-4482-905c-93007a64ed61 | http://data.europa.eu/esco/skill/0a88a13f-693a-4dde-b44c-22e6f98fabc6,χειρισμός εξοπλισμού ραντάρ | χειρισμός εξοπλισμού επικοινωνίας
KnowledgeSkillCompetence,http://data.europa.eu/esco/skill/0a856d55-23b5-4bdc-ad24-3eb5bc83d81f,εφαρμογή σχεδιασμού διαδρομών σε υπηρεσίες έξυπνης κινητικότητας,released,skill/competence,sector-specific,υπολογίστε τα ταξίδια | χρήση λογισμικού σχεδιασμού διαδρομής | προτείνετε ταξίδια,"Χρήση εξειδικευμένων μηχανών αναζήτησης, όπως προγραμματιστές διαδρομών ή προγραμματιστές ταξιδιού, που προτείνουν βελτιστοποιημένες διαδρομές με βάση διάφορα κριτήρια, όπως το μέσο μεταφοράς, η ώρα αναχώρησης και άφιξης, η τοποθεσία, η διάρκεια του ταξιδιού.
	",http://data.europa.eu/esco/skill/98fb499f-9155-412d-a8a0-95ba97126fec,χρήση ψηφιακών εργαλείων για συνεργασία και παραγωγικότητα
KnowledgeSkillCompetence,http://data.europa.eu/esco/skill/0a9acb6b-1139-4be9-b431-3a80a959f2f4,ευέλικτη διαχείριση έργου,released,knowledge,sector-specific,ευέλικτη διαχείριση έργων,"Η προσέγγιση της ευέλικτης διαχείρισης έργου είναι μια μεθοδολογία για τον σχεδιασμό, τη διαχείριση και την επίβλεψη των πόρων ΤΠΕ για την επίτευξη συγκεκριμένων στόχων και τη χρήση εργαλείων ΤΠΕ για τη διαχείριση έργων.",http://data.europa.eu/esco/isced-f/0413 | http://data.europa.eu/esco/skill/bec4359e-cb92-468f-a997-8fb28e32fba9,διαχείριση και διοίκηση | μεθοδολογίες διαχείρισης έργων ΤΠΕ
KnowledgeSkillCompetence,http://data.europa.eu/esco/skill/0aabcae7-71de-456e-8e38-d9e40a4e0272,σύγχρονα συστήματα σηματοδότησης που λειτουργούν με ενέργεια,released,knowledge,sector-specific,σύγχρονα συστήματα σηματοδότησης ισχύος με ψηφιακές τεχνολογίες για σιδηροδρομικές υποδομές | συστήματα σηματοδότησης ισχύος που χρησιμοποιούνται σε σύγχρονες σιδηροδρομικές υποδομές | σύγχρονα σιδηροδρομικά συστήματα σηματοδότησης ισχύος | συστήματα σηματοδότησης ισχύος που χρησιμοποιούνται στις σιδηροδρομικές μεταφορές | συστήματα σηματοδότησης ισχύος που χρησιμοποιούνται στη σύγχρονη σιδηροδρομική υποδομή | σύγχρονα συστήματα σηματοδότησης ισχύος των σιδηροδρόμων | συστήματα σηματοδότησης ισχύος που χρησιμοποιούνται σε σιδηροδρομικές υποδομές | σύγχρονα συστήματα σηματοδότησης ισχύος που χρησιμοποιούνται στις σιδηροδρομικές λειτουργίες | σύγχρονα συστήματα σηματοδότησης ισχύος σιδηροδρόμου | σύγχρονα συστήματα σηματοδότησης ισχύος που χρησιμοποιούνται στις σιδηροδρομικές μεταφορές | συστήματα σηματοδότησης ισχύος που χρησιμοποιούνται στις σιδηροδρομικές λειτουργίες,Τα σύγχρονα συστήματα σηματοδότησης και η εφαρμογή ψηφιακών τεχνολογιών για τη βελτίωση της λειτουργίας του εξοπλισμού σηματοδότησης.,http://data.europa.eu/esco/isced-f/1041,υπηρεσίες μεταφορών
KnowledgeSkillCompetence,http://data.europa.eu/esco/skill/0ab03c6c-281b-48f4-83e0-10eeb27a1bae,εργαλεία συστήματος διαχείρισης δικτύου,released,knowledge,sector-specific,μέσα διοίκησης δικτύων | εργαλεία συστημάτων διαχείρισης δικτύου | εργαλεία προγραμμάτων διαχείρισης δικτύου | μέσα λογισμικών συστημάτων για τη διαχείριση λογισμικού | μέσα χειρισμού δικτύων,"Τα εργαλεία λογισμικού ή υλισμικού που επιτρέπουν την παρακολούθηση, την ανάλυση και την εποπτεία μεμονωμένων στοιχείων δικτύου ή μερών του δικτύου στο πλαίσιο ενός ευρύτερου συστήματος δικτύου.",http://data.europa.eu/esco/skill/d0c6d77e-cb25-4770-bf77-2073fc5f7523 | http://data.europa.eu/esco/isced-f/0612,υποδομές ΤΠΕ | σχεδιασμός και διαχείριση βάσεων δεδομένων και δικτύων
KnowledgeSkillCompetence,http://data.europa.eu/esco/skill/0af062de-eb43-41e9-9b96-249e2cd22d26,χρήση γλωσσών σήμανσης (markup),released,skill/competence,sector-specific,χρήση γλώσσα σήμανσης | χρήση γλώσσας HTML | εφαρμογή γλώσσας σήμανσης | εφαρμογή γλώσσας XHTML | χρήση γλώσσας XHTML,"Χρήση γλωσσών προγραμματισμού που μπορούν να διαχωριστούν σε συντακτικό επίπεδο από το κείμενο, για να προστεθούν σημειώσεις σε ένα έγγραφο, να προσδιοριστεί η μορφή και να υποστούν επεξεργασία τύποι αρχείων, όπως η HTML.",http://data.europa.eu/esco/skill/a8c3186b-c791-4d57-8f4f-4d12c7a5c6a7,προγραμματισμός συστημάτων ηλεκτρονικών υπολογιστών
KnowledgeSkillCompetence,http://data.europa.eu/esco/skill/0b0335f3-0aa1-491e-895e-81fc8774a300,ανάπτυξη μεθόδων αυτοματοποιημένης μετάπτωσης,released,skill/competence,sector-specific,σχεδιασμός μεθόδων αυτοματοποιημένης μεταφοράς | δημιουργία συστημάτων αυτοματοποιημένης μεταφοράς | ανάπτυξη συστημάτων αυτοματοποιημένης μεταφοράς πληροφοριών ΤΠΕ,"Αυτόματη μεταφορά πληροφοριών ΤΠΕ μεταξύ των τύπων αποθήκευσης, μορφοτύπων και συστημάτων ώστε να μην εκτελεί το προσωπικό την εργασία με το χέρι.",http://data.europa.eu/esco/skill/c23e0a2f-f04b-45bc-b0dd-20571f6b502c,ανάπτυξη επιχειρησιακών πολιτικών και διαδικασιών
KnowledgeSkillCompetence,http://data.europa.eu/esco/skill/0b449eb1-d082-4e62-95d7-5cf59bdf2097,χρήση σύγχρονων ηλεκτρονικών μέσων πλοήγησης,released,skill/competence,sector-specific,,"Χρήση σύγχρονων μέσων πλοήγησης, όπως GPS και συστήματα ραντάρ.",http://data.europa.eu/esco/skill/6efef9df-ac86-45ca-8b1b-a8178ef17b5c | http://data.europa.eu/esco/skill/0a88a13f-693a-4dde-b44c-22e6f98fabc6,επίλυση προβλημάτων εντοπισμού θέσης και πλοήγησης με εργαλεία GPS | χειρισμός εξοπλισμού επικοινωνίας
KnowledgeSkillCompetence,http://data.europa.eu/esco/skill/0ba0717c-3a7a-45a3-834c-59c554e56c72,μετουσίωση εργαστηριακών τύπων σε διαδικασίες,released,skill/competence,sector-specific,,"Μετουσίωση, μέσω μοντέλων και προσομοιώσεων υπολογιστών, των ειδικών εργαστηριακών τύπων και πορισμάτων σε διαδικασίες παραγωγής.",http://data.europa.eu/esco/skill/9bdf8a77-8524-43da-bac6-d15d22e1b7ed,εισαγωγή και μετατροπή πληροφοριών
KnowledgeSkillCompetence,http://data.europa.eu/esco/skill/0c66036a-3bdd-4955-8343-985f4697af64,διαχείριση βάσης δεδομένων δωρητών και αιμοδοτών,released,skill/competence,cross-sector,,Δημιουργία και συνεχής ενημέρωση της βάσης δεδομένων που περιέχει προσωπικά στοιχεία και την κατάσταση των δωρητών και των αιμοδοτών.,http://data.europa.eu/esco/skill/4463a721-69f3-413d-8321-43e3af13a4f1 | http://data.europa.eu/esco/skill/32c017fd-28ab-4051-bf68-74de952c2f77,χρήση βάσεων δεδομένων | διαχείριση πληροφοριών
KnowledgeSkillCompetence,http://data.europa.eu/esco/skill/0c9f20cb-32fb-4ff7-877e-508762791151,Rage (συστήματα δημιουργίας ψηφιακών παιχνιδιών),released,knowledge,sector-specific,,"Το πλαίσιο λογισμικού που αποτελείται από ολοκληρωμένα περιβάλλοντα ανάπτυξης και εξειδικευμένα εργαλεία σχεδιασμού, τα οποία έχουν σχεδιαστεί για την ταχεία επανάληψη παιχνιδιών υπολογιστών που προέρχονται από χρήστες.",http://data.europa.eu/esco/skill/966f2fd3-3de6-42da-b87c-da924c6d7960 | http://data.europa.eu/esco/isced-f/0211,συστήματα δημιουργίας ψηφιακών παιχνιδιών | τεχνικές και παραγωγή οπτικοακουστικών μέσων
KnowledgeSkillCompetence,http://data.europa.eu/esco/skill/0cc02ab5-da14-4fd4-963d-192fe71d3225,αξιολόγηση ολοκληρωμένων συστημάτων οικιακού αυτοματισμού,released,skill/competence,sector-specific,επιλέξτε domotic συστήματα,"Κατανόηση των σχεδίων και των προδιαγραφών που παρέχουν οι παραγωγοί ολοκληρωμένων συστημάτων οικιακού αυτοματισμού και επιλογή μιας ιδέας που ανταποκρίνεται σε συγκεκριμένες ανάγκες στο πλαίσιο του έργου.
	",http://data.europa.eu/esco/skill/7dd94ad3-13d6-43fe-8b94-51fcbf67ced9 | http://data.europa.eu/esco/skill/1f2950c0-ef1e-44b4-9a55-125ccd7b78af,κριτική σκέψη | ανάλυση και αξιολόγηση πληροφοριών και δεδομένων
KnowledgeSkillCompetence,http://data.europa.eu/esco/skill/0ccdfe98-f845-4598-84a1-3dca66e9d9a3,Ruby (προγραμματισμός ηλεκτρονικών υπολογιστών),released,knowledge,sector-specific,Ruby prog | Ruby lang | Ruby-gnome2,"Οι τεχνικές και αρχές ανάπτυξης λογισμικού, όπως είναι η ανάλυση, οι αλγόριθμοι, η σύνταξη κώδικα, οι δοκιμές και η μεταγλώττιση προγραμματιστικών προτύπων στη γλώσσα Ruby.",http://data.europa.eu/esco/skill/21d2f96d-35f7-4e3f-9745-c533d2dd6e97 | http://data.europa.eu/esco/isced-f/0613,προγραμματισμός ηλεκτρονικών υπολογιστών | ανάπτυξη και ανάλυση λογισμικού και εφαρμογών
KnowledgeSkillCompetence,http://data.europa.eu/esco/skill/0cd6dcf1-5778-42a5-b685-4d01ae4a4871,Common Lisp,released,knowledge,sector-specific,,"Οι τεχνικές και αρχές ανάπτυξης λογισμικού, όπως είναι η ανάλυση, οι αλγόριθμοι, η σύνταξη κώδικα, οι δοκιμές και η μεταγλώττιση προγραμματιστικών προτύπων στη γλώσσα Common Lisp.",http://data.europa.eu/esco/skill/21d2f96d-35f7-4e3f-9745-c533d2dd6e97 | http://data.europa.eu/esco/isced-f/0613,προγραμματισμός ηλεκτρονικών υπολογιστών | ανάπτυξη και ανάλυση λογισμικού και εφαρμογών
KnowledgeSkillCompetence,http://data.europa.eu/esco/skill/0ce96a86-7a28-4c44-9e59-591375310894,συλλογή δεδομένων σχετικά με τον καιρό,released,skill/competence,cross-sector,,"Συλλογή δεδομένων από δορυφόρους, ραντάρ, απομακρυσμένους αισθητήρες και μετεωρολογικούς σταθμούς για την απόκτηση πληροφοριών για τις καιρικές συνθήκες και τα καιρικά φαινόμενα.",http://data.europa.eu/esco/skill/57231a22-4da7-49c8-97b8-75672feadf1e | http://data.europa.eu/esco/skill/d519fadd-85bf-475f-bf14-c53a0290687d,διαχείριση ποσοτικών δεδομένων | παρακολούθηση περιβαλλοντικών συνθηκών
KnowledgeSkillCompetence,http://data.europa.eu/esco/skill/0ced619a-0f59-4802-88ea-e97bf1b57f95,βελτιστοποίηση χρηστικότητας στόλου,released,skill/competence,sector-specific,,"Βελτιστοποίηση της χρήσης, της ορατότητας, της απόδοσης και της αποδοτικότητας του στόλου με τη χρήση ειδικού λογισμικού διαχείρισης πλοίων.",http://data.europa.eu/esco/skill/de7d8271-2410-4fab-bcb4-19e4d1965984 | http://data.europa.eu/esco/skill/f73c2c9e-b097-4fcb-95d1-659ea0bd54a3 | http://data.europa.eu/esco/skill/e7211c0c-e571-4d61-bfda-3bea3953151d | http://data.europa.eu/esco/skill/36dc2bd2-3d9a-4a84-ad70-918a539c4311 | http://data.europa.eu/esco/skill/60851cc6-ad2e-468f-96e0-ef381615f324,παρακολούθηση λειτουργίας στόλου οχημάτων | κατανομή και έλεγχος υλικών πόρων | διαχείριση στόλου εταιρείας | διαχείριση στόλου σκαφών | σχεδιασμός συντήρησης οδικού στόλου
KnowledgeSkillCompetence,http://data.europa.eu/esco/skill/0d168770-4d9c-4096-b048-a6577818d306,Apache Maven,released,knowledge,sector-specific,,"Το εργαλείο Apache Maven είναι ένα πρόγραμμα λογισμικού για την εκτέλεση αναγνώρισης της διαμόρφωσης, χειρισμού, παρακολούθησης της κατάστασης και ελέγχου του λογισμικού κατά την ανάπτυξη και τη συντήρησή του.",http://data.europa.eu/esco/skill/9d2e926f-53d9-41f5-98f3-19dfaa687f3f | http://data.europa.eu/esco/isced-f/0613,εργαλεία για τη διαχείριση της παραμετροποίησης λογισμικού | ανάπτυξη και ανάλυση λογισμικού και εφαρμογών
KnowledgeSkillCompetence,http://data.europa.eu/esco/skill/0d6714c6-720e-4985-9791-5ab85d28da79,συλλογή δεδομένων,released,skill/competence,cross-sector,,Εξαγωγή εξαγώγιμων δεδομένων από πολλαπλές πηγές.,http://data.europa.eu/esco/skill/1b70a55d-b8a4-49fc-96c6-15ab4cff2522 | http://data.europa.eu/esco/skill/29dcc31e-a8d6-4a62-b3c1-2de81e966e39,χρησιμοποίηση τεχνικών επεξεργασίας δεδομένων | συγκέντρωση πληροφοριών από φυσικές ή ηλεκτρονικές πηγές
KnowledgeSkillCompetence,http://data.europa.eu/esco/skill/0d7f2cce-245a-4d02-9b8d-2e9946cc4c5d,παροχή εξ αποστάσεως εκπαίδευσης,released,skill/competence,cross-sector,παροχή online εκπαίδευσης | παράδοση μαθημάτων μέσω διαδικτύου | χρήση μεθόδων ηλεκτρονικής μάθησης | παροχή εκπαίδευσης μέσω διαδικτύου | παροχή επιγραμμικής κατάρτισης | παράδοση μαθημάτων online,"Παροχή εκπαίδευσης χρησιμοποιώντας online τεχνολογίες, προσαρμόζοντας το εκπαιδευτικό υλικό, χρησιμοποιώντας μεθόδους ηλεκτρονικής μάθησης, υποστηρίζοντας τους εκπαιδευόμενους και επικοινωνώντας online. Διδασκαλία εικονικών τάξεων.",http://data.europa.eu/esco/skill/699e7c26-6502-4e78-a823-3656ff5a5b8b | http://data.europa.eu/esco/skill/caede8f1-6658-4d78-9eb4-2ad2c7ebf09b,παροχή οδηγιών σε τρίτους | διδασκαλία και κατάρτιση
KnowledgeSkillCompetence,http://data.europa.eu/esco/skill/0da6cab1-0ee9-4391-a299-f71fbf21db56,δρομολόγηση δικτύου ΤΠΕ,released,knowledge,sector-specific,δρομολογούμενα δίκτυα ΤΠΕ· δρομολογούμενο δικτύωμα ΤΠΕ· δρομολόγηση συστημάτων ΤΠΕ | δρομολόγηση δικτυώματος ΤΠΕ· δρομολόγηση δικτύων ΤΠΕ,Οι διεργασίες και οι τεχνικές για την επιλογή των καλύτερων διαδρομών μέσα σε ένα δίκτυο ΤΠΕ μέσω των οποίων μπορεί να ταξιδέψει ένα πακέτο.,http://data.europa.eu/esco/isced-f/0612,σχεδιασμός και διαχείριση βάσεων δεδομένων και δικτύων
KnowledgeSkillCompetence,http://data.europa.eu/esco/skill/0daaf096-1639-461c-bf1a-bbeea77e6b67,πολιτική εσωτερικής διαχείρισης κινδύνου,released,knowledge,sector-specific,πολιτική εσωτερικής διαχείρισης κινδύνων· πολιτική εσωτερικής αντιμετώπισης κινδύνων | στρατηγική εσωτερικής διαχείρισης κινδύνων· τακτική εσωτερικής διαχείρισης κινδύνου· μέθοδος εσωτερικής αντιμετώπισης κινδύνων,"Οι πολιτικές εσωτερικής διαχείρισης κινδύνου που εντοπίζουν, αξιολογούν και ιεραρχούν τους κινδύνους σε περιβάλλον ΤΠ. Οι μέθοδοι που χρησιμοποιούνται για την ελαχιστοποίηση, την παρακολούθηση και τον έλεγχο της πιθανότητας και του αντίκτυπου των καταστροφικών συμβάντων που επηρεάζουν την επίτευξη των επιχειρηματικών στόχων.",http://data.europa.eu/esco/isced-f/0413,διαχείριση και διοίκηση
KnowledgeSkillCompetence,http://data.europa.eu/esco/skill/0dc7aa1b-b5af-4f4b-81ce-ee22ed8b6926,αξιολόγηση γνώσεων ΤΠΕ,released,skill/competence,sector-specific,εκτίμηση γνώσεων στον τομέα των ΤΠΕ | αξιολόγηση γνώσεων στον τομέα των ΤΠΕ,Αξιολόγηση της έμμεσης γνώσης των εξειδικευμένων εμπειρογνωμόνων σε ένα σύστημα ΤΠΕ ώστε να αναγνωριστεί ρητά για περαιτέρω ανάλυση και χρήση.,http://data.europa.eu/esco/skill/7dd94ad3-13d6-43fe-8b94-51fcbf67ced9 | http://data.europa.eu/esco/skill/c206d301-14b0-4bea-8028-a3749303a512,κριτική σκέψη | παρακολούθηση και αξιολόγηση των επιδόσεων των ατόμων
KnowledgeSkillCompetence,http://data.europa.eu/esco/skill/0dcbf7c5-bedf-4485-b16b-23df54443864,μετατροπή εννοιολογικών απαιτήσεων σε περιεχόμενο,released,skill/competence,sector-specific,μεταφράζω εννοιολογικές απαιτήσεις σε περιεχόμενο | ερμηνεύω εννοιολογικές απαιτήσεις σε περιεχόμενο | μετατρέπω απαιτήσεις εννοιών σε περιεχόμενο | μεταφέρω τις εννοιολογικές απαιτήσεις στο περιεχόμενο | μετατρέπω οδηγίες εννοιών σε περιεχόμενο,Ανάπτυξη ψηφιακού περιεχομένου με βάση συγκεκριμένες απαιτήσεις και κατευθυντήριες γραμμές.,http://data.europa.eu/esco/skill/9af1bd12-01bd-4d6a-947b-69e64f23150a | http://data.europa.eu/esco/skill/98fb499f-9155-412d-a8a0-95ba97126fec,επεξεργασία ποιοτικών πληροφοριών | χρήση ψηφιακών εργαλείων για συνεργασία και παραγωγικότητα
KnowledgeSkillCompetence,http://data.europa.eu/esco/skill/0de61385-de6d-4146-ba32-1cc1bc102220,Lisp,released,knowledge,sector-specific,,"Οι τεχνικές και οι αρχές ανάπτυξης λογισμικού, όπως είναι η ανάλυση, οι αλγόριθμοι, ο προγραμματισμός, οι δοκιμές και ο μεταγλωττισμός προγραμματιστικών παραδειγμάτων στη γλώσσα Lisp.",http://data.europa.eu/esco/skill/21d2f96d-35f7-4e3f-9745-c533d2dd6e97 | http://data.europa.eu/esco/isced-f/0613,προγραμματισμός ηλεκτρονικών υπολογιστών | ανάπτυξη και ανάλυση λογισμικού και εφαρμογών
KnowledgeSkillCompetence,http://data.europa.eu/esco/skill/0df2e216-68ae-4952-b9dc-3c2f2bc04fe3,τήρηση ανεξάρτητης βάσης δεδομένων (freelance),released,skill/competence,cross-sector,διατήρηση ανεξάρτητης βάσης δεδομένων | διαχείριση ανεξάρτητης βάσης δεδομένων,Συντήρηση βάσης δεδομένων ανεξάρτητων συνεργατών (free-lance) που παρέχει πρόσθετη υποστήριξη στις ομάδες σας και επιτρέπει τον υπολογισμό των δαπανών διαπραγμάτευσης.,http://data.europa.eu/esco/skill/19ba11f3-9c99-41fd-a7c9-f77e6a026186 | http://data.europa.eu/esco/skill/4463a721-69f3-413d-8321-43e3af13a4f1 | http://data.europa.eu/esco/skill/611ed16b-99bf-4840-9cab-f55d1d286e0a | http://data.europa.eu/esco/skill/6a7fc30d-af16-4cc5-a957-29d174bdb61c,"εκτέλεση υπολογισμών | χρήση βάσεων δεδομένων | αποθήκευση ψηφιακών δεδομένων και συστημάτων | διαχείριση, συλλογή και αποθήκευση ψηφιακών δεδομένων"
KnowledgeSkillCompetence,http://data.europa.eu/esco/skill/0e361e34-c563-4892-b9d3-873a6a4fef8a,είδη ψηφιακών παιχνιδιών,released,knowledge,sector-specific,είδη παιχνιδιών ψηφιακού τύπου· είδη ψηφιακών προγραμμάτων αναψυχής | τύποι ψηφιακών παιχνιδιών· κατηγορίες ψηφιακών παιχνιδιών· ενότητες ψηφιακών παιχνιδιών,"Η ταξινόμηση των βιντεοπαιχνιδιών με βάση την αλληλεπίδρασή τους με τα σχετικά μέσα, όπως τα παιχνίδια προσομοίωσης, τα παιχνίδια στρατηγικής, τα παιχνίδια περιπέτειας και οι μηχανές παιχνιδιών με κερματοδέκτη.",http://data.europa.eu/esco/isced-f/0211,τεχνικές και παραγωγή οπτικοακουστικών μέσων
KnowledgeSkillCompetence,http://data.europa.eu/esco/skill/0e44ceb3-9dd4-4ec4-b1d7-a0e83ddba7d4,μηχανολογία αυτοκινήτων,released,skill/competence,cross-sector,,"Ο τομέας της μηχανικής που συνδυάζει μηχανικό, ηλεκτρικό, ηλεκτρονικό, λογισμικό και τεχνικό εξοπλισμό ασφαλείας για την κατασκευή μηχανοκίνητων οχημάτων, όπως φορτηγών, ημιφορτηγών και αυτοκινήτων.",http://data.europa.eu/esco/skill/c34b06c4-d164-4e49-a784-89d47de42ec2,"σχεδιασμός βιομηχανικών υλικών, συστημάτων ή προϊόντων"
KnowledgeSkillCompetence,http://data.europa.eu/esco/skill/0e5affa0-705e-4b19-94e8-19e902e0287d,ανάλυση αποκεντρωμένων εφαρμογών,released,skill/competence,cross-sector,,"Ανάλυση των αποκεντρωμένων εφαρμογών για τις ειδικές απαιτήσεις επιδόσεών τους όσον αφορά τις βασικές λειτουργίες και ιδιότητες, όπως η διαχείριση ταυτοτήτων, ο έλεγχος πρόσβασης, η ασφάλεια των δεδομένων, η διαφάνεια, οι επιδόσεις, η δυνατότητα κλιμάκωσης και η συντηρησιμότητα.
	",http://data.europa.eu/esco/skill/b590d4e5-7c62-4b4a-abc2-c270b482e0ce,σχεδιασμός συστημάτων ή εφαρμογών τπε
KnowledgeSkillCompetence,http://data.europa.eu/esco/skill/0e62eba3-d076-47e5-b22d-340a8faccb3b,υποστηρικτική τεχνολογία στην εκπαίδευση,released,knowledge,occupation-specific,,"Ψηφιακές συσκευές και εξοπλισμός που παρέχουν υποστήριξη στους εκπαιδευόμενους σε προκλήσεις μάθησης, επικοινωνίας ή κινητικότητας για την πρόσβαση σε εκπαιδευτικούς πόρους και την πλήρη αξιοποίηση των δυνατοτήτων τους. Περιλαμβάνεται λογισμικό όπως η μετατροπή κειμένου σε ομιλία και η αναγνώριση οπτικών χαρακτήρων.
	",http://data.europa.eu/esco/isced-f/0188,διεπιστημονικά προγράμματα και προσόντα που αφορούν την εκπαίδευση
KnowledgeSkillCompetence,http://data.europa.eu/esco/skill/0e667579-d045-4c6a-b0f3-230a61edd014,μοντελοποίηση ηλεκτρονικών συστημάτων ισχύος,released,skill/competence,occupation-specific,προσομοίωση ηλεκτρονικών ισχύος,"Μοντελοποίηση και προσομοίωση ηλεκτρονικών συστημάτων, προϊόντων και εξαρτημάτων ισχύος με τη χρήση λογισμικού τεχνικής σχεδίασης. Αξιολόγηση της βιωσιμότητας του προϊόντος και εξέταση των φυσικών παραμέτρων για την εξασφάλιση επιτυχούς διαδικασίας παραγωγής.
	",http://data.europa.eu/esco/skill/39fa260c-4f85-48e3-83ce-e292e696c233,σχεδιασμός ηλεκτρικών ή ηλεκτρονικών συστημάτων ή εξοπλισμού
KnowledgeSkillCompetence,http://data.europa.eu/esco/skill/0e78d9c9-7c3c-4c5c-82cb-205c16edbcb8,πράσινη πληροφορική,released,knowledge,occupation-specific,πράσινα συστήματα πληροφορικής· πράσινα συστήματα ΤΠΕ | οικολογική πληροφορική· οικολογικά συστήματα ΤΠΕ· οικολογικά συστήματα πληροφορικής,"Η χρήση των συστημάτων ΤΠΕ κατά τρόπο περιβαλλοντικά υπεύθυνο και βιώσιμο, όπως η εφαρμογή ενεργειακά αποδοτικών διακομιστών και μονάδων κεντρικής επεξεργασίας (CPU), η μείωση των πόρων και η ορθή διάθεση των ηλεκτρονικών αποβλήτων.",http://data.europa.eu/esco/isced-f/0712,τεχνολογία προστασίας του περιβάλλοντος
KnowledgeSkillCompetence,http://data.europa.eu/esco/skill/0e8d16c9-e2db-4862-ac06-1567f01ef806,τεχνολογία παρακολούθησης συστημάτων κατασκευής,released,knowledge,sector-specific,τεχνολογία παρακολούθησης συστημάτων κτιρίων,"Συστήματα ελέγχου με τη χρήση ηλεκτρονικού υπολογιστή για την παρακολούθηση του μηχανικού και του ηλεκτρικού εξοπλισμού σε κτίρια, όπως τα συστήματα HVAC, τα συστήματα ασφαλείας και τα συστήματα φωτισμού.",http://data.europa.eu/esco/isced-f/0714,ηλεκτρονική και αυτοματισμός
KnowledgeSkillCompetence,http://data.europa.eu/esco/skill/0ebd8359-48bc-4b28-adb1-450774e5f683,μεταφορά μη επεξεργασμένου οπτικοακουστικού υλικού στον υπολογιστή,released,skill/competence,sector-specific,,"Μεταφορά μη επεξεργασμένου οπτικοακουστικού υλικού στον υπολογιστή, συγχρονισμός και αποθήκευση.",http://data.europa.eu/esco/skill/6a7fc30d-af16-4cc5-a957-29d174bdb61c,"διαχείριση, συλλογή και αποθήκευση ψηφιακών δεδομένων"
KnowledgeSkillCompetence,http://data.europa.eu/esco/skill/0f00f63f-3ab4-4057-b92f-500584b51757,Informatica PowerCenter,released,knowledge,sector-specific,,"Το πρόγραμμα ηλεκτρονικού υπολογιστή Informatica PowerCenter είναι ένα εργαλείο για την ενσωμάτωση πληροφοριών από πολλαπλές εφαρμογές, που δημιουργήθηκαν και διατηρήθηκαν από τους οργανισμούς, σε μια συνεχή και διαφανή δομή δεδομένων, την οποία ανέπτυξε η εταιρεία λογισμικού Informatica.",http://data.europa.eu/esco/skill/9d0d89be-bffa-4393-b6f6-8d05bea49051 | http://data.europa.eu/esco/isced-f/0612,εργαλεία φόρτωσης μετατροπής και εξαγωγής δεδομένων | σχεδιασμός και διαχείριση βάσεων δεδομένων και δικτύων
KnowledgeSkillCompetence,http://data.europa.eu/esco/skill/0f365cf9-4f68-4a25-affc-75de20bcdc09,διενέργεια ανάλυσης δεδομένων πλοίων,released,skill/competence,sector-specific,,"Συλλογή πληροφοριών από το λογισμικό διαχείρισης του σκάφους και παραπομπή τους σε ανάλυση των δεδομένων από διάφορες απόψεις και συνεκτίμησή τους κατά τη λήψη αποφάσεων.
	",http://data.europa.eu/esco/skill/ec528c47-65f4-4187-9dc1-5a8889f84a06 | http://data.europa.eu/esco/skill/a6c478c7-9807-4a67-bab4-aa9e02547175 | http://data.europa.eu/esco/skill/c544a9f3-5945-4b54-afed-de0697852817,ανάλυση επιχειρηματικών δραστηριοτήτων | ανάλυση λειτουργιών πλοίου | αναφορά αποτελεσμάτων ανάλυσης
KnowledgeSkillCompetence,http://data.europa.eu/esco/skill/0f5374e3-0b9b-4b16-af7a-49654ce0bb15,συνεργασία ανθρώπων-ρομπότ,released,knowledge,sector-specific,,"Η συνεργασία ανθρώπων-ρομπότ είναι η μελέτη συνεργατικών διαδικασιών στο πλαίσιο των οποίων άνθρωποι και ρομπότ συνεργάζονται για την επίτευξη κοινών στόχων. Η συνεργασία ανθρώπων-ρομπότ (HRC) είναι ένας διεπιστημονικός ερευνητικός τομέας που περιλαμβάνει την κλασική ρομποτική, την αλληλεπίδραση ανθρώπου-υπολογιστή, την τεχνητή νοημοσύνη, τον σχεδιασμό, τις γνωστικές επιστήμες και την ψυχολογία. Συνδέεται με τον καθορισμό των σχεδίων και των κανόνων επικοινωνίας για την εκτέλεση μιας εργασίας και την επίτευξη ενός στόχου στο πλαίσιο κοινής δράσης με ένα ρομπότ.
	",http://data.europa.eu/esco/isced-f/0714,ηλεκτρονική και αυτοματισμός
KnowledgeSkillCompetence,http://data.europa.eu/esco/skill/0f9958d2-f700-4f62-b90b-a5873cb5ae4c,συστημική σκέψη,released,knowledge,occupation-specific,,"Η ολοκληρωμένη προσέγγιση για την κατανόηση του τρόπου με τον οποίο διάφορα συστατικά ενός συστήματος αλληλοσχετίζονται, αλληλεπιδρούν και αλληλοεπηρεάζονται σε ένα ολοκληρωμένο σύστημα υλικοτεχνικής υποστήριξης.",http://data.europa.eu/esco/isced-f/0613,ανάπτυξη και ανάλυση λογισμικού και εφαρμογών
KnowledgeSkillCompetence,http://data.europa.eu/esco/skill/0fb753a1-2ef2-4429-84d2-ecb2b24daf7a,Apache Tomcat,released,knowledge,sector-specific,,"Το περιβάλλον εξυπηρετητή ανοιχτού κώδικα Apache Tomcat παρέχει ένα περιβάλλον διακομιστή Java στο διαδίκτυο, το οποίο χρησιμοποιεί ενσωματωμένο δοχείο όπου φορτώνονται τα αιτήματα HTTP, επιτρέποντας στις διαδικτυακές εφαρμογές Java να τρέχουν σε τοπικά συστήματα και συστήματα εξυπηρετητή.",http://data.europa.eu/esco/isced-f/0613 | http://data.europa.eu/esco/skill/69bbd53f-fbb0-4476-b4b2-ef7844464e28,ανάπτυξη και ανάλυση λογισμικού και εφαρμογών | προγραμματισμός ιστού
KnowledgeSkillCompetence,http://data.europa.eu/esco/skill/0fba68dc-6f5d-4974-b3cf-5d3215f7d363,επεξεργασία αρνητικών,released,skill/competence,sector-specific,,Χρήση διαφορετικών προϊόντων λογισμικού και τεχνικών για την επεξεργασία των αρνητικών φωτογραφιών και προσαρμογή των εικόνων στις επιθυμητές προδιαγραφές.,http://data.europa.eu/esco/skill/c53a55a1-8b2b-4d2c-b12d-626742a3833a,χρήση ψηφιακών εργαλείων για την επεξεργασία ήχου και εικόνας
KnowledgeSkillCompetence,http://data.europa.eu/esco/skill/0ffdb6ac-03b5-4f1c-bfcc-3d9cb874fdf9,δεοντολογικές αρχές δικτυοπαραβίασης,released,knowledge,sector-specific,δεοντολογικές αρχές ηθικού hacking | ηθικές τεχνικές hacking,"Το σύνολο των δράσεων που αναλαμβάνονται για τον εντοπισμό τρωτών σημείων εντός ενός συστήματος με ηλεκτρονικό υπολογιστή, με σκοπό τη βελτίωση της ασφάλειας εντός ενός οργανισμού. Σκοπός τους είναι ο εντοπισμός και η αντιμετώπιση παραβιάσεων δεδομένων και απειλών σ’ ένα δίκτυο.
	",http://data.europa.eu/esco/isced-f/0612,σχεδιασμός και διαχείριση βάσεων δεδομένων και δικτύων
KnowledgeSkillCompetence,http://data.europa.eu/esco/skill/1019423b-3368-4f83-b24f-19e5fa23e816,σχεδιαστικά πρότυπα λογισμικού διεπαφής χρήστη,released,knowledge,sector-specific,πρότυπα σχεδίασης λογισμικού αλληλεπίδρασης χρήστη· μοντέλα σχεδίασης λογισμικού ενδιάμεσου χρήστη· σχεδιαστικά μοντέλα λογισμικού διεπαφής χρήστη | σχεδιαστικά πρότυπα λογισμικού αλληλεπίδρασης χρήστη· σχεδιαστικά πρότυπα ενδιάμεσου χρήστη,Οι επαναχρησιμοποιήσιμες λύσεις και τυποποιημένες βέλτιστες πρακτικές για την εκτέλεση εργασιών κοινής διεπαφής χρήστη στην ανάπτυξη και τον σχεδιασμό λογισμικού.,http://data.europa.eu/esco/skill/8ff015a0-98ea-4d80-a23e-1f68110a919e | http://data.europa.eu/esco/skill/de0be6e8-644c-4cc9-9c8d-925dd98dda56 | http://data.europa.eu/esco/isced-f/0613,μεθοδολογίες σχεδιασμού λογισμικού | σχεδιασμός αλληλεπίδρασης λογισμικού | ανάπτυξη και ανάλυση λογισμικού και εφαρμογών
KnowledgeSkillCompetence,http://data.europa.eu/esco/skill/1110c92f-3059-445a-9436-0f4200d365f5,Sass,released,knowledge,sector-specific,,"Η γλώσσα ηλεκτρονικού υπολογιστή Sass είναι γλώσσα φύλλου στυλ που μεταφέρει την παρουσίαση δομημένων εγγράφων. Τα έγγραφα αυτά πρέπει να συμμορφώνονται με τα φύλλα στυλ, ένα σύνολο υφολογικών κανόνων, όπως η γραμματοσειρά, το χρώμα και η διάταξη.",http://data.europa.eu/esco/skill/c2999f0c-eb37-4cdf-b9b0-82107b628794 | http://data.europa.eu/esco/isced-f/0612,γλώσσες μορφοποίησης σελίδων | σχεδιασμός και διαχείριση βάσεων δεδομένων και δικτύων
KnowledgeSkillCompetence,http://data.europa.eu/esco/skill/11430d93-c835-48ed-8e70-285fa69c9ae6,σχεδιασμός αρχιτεκτονικής υπολογιστικού νέφους,released,skill/competence,sector-specific,αρχιτεκτονική σύννεφο μηχανικού | σχεδιασμός αρχιτεκτονικής σύννεφων πολλαπλών επιπέδων | δημιουργία αρχιτεκτονικής νέφους,"Σχεδιασμός μιας λύσης αρχιτεκτονικής υπολογιστικού νέφους πολλαπλών επιπέδων, η οποία ανέχεται σφάλματα και είναι κατάλληλη για τον φόρτο εργασίας και άλλες επιχειρηματικές ανάγκες. Προσδιορισμός ελαστικών υπολογιστικών λύσεων με δυνατότητα κλιμάκωσης, επιλογή λύσεων αποθήκευσης υψηλών επιδόσεων και με δυνατότητα κλιμάκωσης και επιλογή λύσεων βάσεων δεδομένων υψηλών επιδόσεων. Προσδιορισμός οικονομικά αποδοτικών υπηρεσιών αποθήκευσης, υπολογιστικής και βάσεων δεδομένων στο υπολογιστικό νέφος.
	",http://data.europa.eu/esco/skill/b590d4e5-7c62-4b4a-abc2-c270b482e0ce,σχεδιασμός συστημάτων ή εφαρμογών τπε
KnowledgeSkillCompetence,http://data.europa.eu/esco/skill/114c9698-c999-4369-8498-81bf641fe871,καθιέρωση προληπτικού σχεδίου ασφαλείας ΤΠΕ,released,skill/competence,occupation-specific,κατάρτιση σχεδίου πρόληψης της ασφάλειας ΤΠΕ,"Καθορισμός μιας ολοκληρωμένης και προληπτικής στρατηγική διαχείρισης των κινδύνων ασφάλειας των τεχνολογιών πληροφοριών και επικοινωνιών (ΤΠΕ), μέσω της θέσπισης ενός συνόλου μέτρων και αρμοδιοτήτων που θα διασφαλίζουν την εμπιστευτικότητα, την ακεραιότητα και τη διαθεσιμότητα των πληροφοριών. Εφαρμογή πολιτικών για την αποτροπή παραβιάσεων δεδομένων, τον εντοπισμό και την αντιμετώπιση μη εξουσιοδοτημένης πρόσβασης σε συστήματα και πόρους, συμπεριλαμβανομένης της χρήσης ενημερωμένων εφαρμογών ασφαλείας και της εκπαίδευσης του προσωπικού.",http://data.europa.eu/esco/skill/33a82b83-c838-4889-ae62-fae1317481eb | http://data.europa.eu/esco/skill/164510d1-1216-4dc0-b9d1-a7f6af19e469,προστασία των δεδομένων προσωπικού χαρακτήρα και της ιδιωτικής ζωής | εκπόνηση σχεδίων έκτακτης ανάγκης και αντιμετώπισης έκτακτων περιστατικών
KnowledgeSkillCompetence,http://data.europa.eu/esco/skill/116083f9-8d05-4b2e-a15f-287b18de5f67,χρήση παγκόσμιου συστήματος διανομής,released,skill/competence,cross-sector,χρήση συστήματος CRS | χρήση ηλεκτρονικού συστήματος διαχείρισης κρατήσεων | χρήση συστήματος GDS,Λειτουργία ηλεκτρονικού συστήματος κρατήσεων ή παγκόσμιου συστήματος διανομής για την κράτηση θέσεων μεταφορών και καταλυμάτων.,http://data.europa.eu/esco/skill/4d6a48ae-352e-4823-bc3a-3f3e9e2cae86,πρόσβαση και ανάλυση ψηφιακών δεδομένων
KnowledgeSkillCompetence,http://data.europa.eu/esco/skill/117373c8-f04b-4fff-8683-aebe36edac81,πλατφόρμες υλικού,released,knowledge,sector-specific,πλατφόρμα διαμόρφωσης υλικού· εξέδρα διαμόρφωσης υλισμικού· εξέδρα διαμόρφωσης συστημάτων εξοπλισμού | πλατφόρμα υλικού· πλατφόρμες υλισμικού,Τα χαρακτηριστικά της σύνθεσης του υλισμικού που απαιτείται για την επεξεργασία του προϊόντος λογισμικού εφαρμογών.,http://data.europa.eu/esco/isced-f/0613,ανάπτυξη και ανάλυση λογισμικού και εφαρμογών
KnowledgeSkillCompetence,http://data.europa.eu/esco/skill/1177a1e9-213a-477b-b57c-364368c68b95,σχεδιασμός ηλεκτρονικών συστημάτων ισχύος,released,skill/competence,occupation-specific,ανάπτυξη ηλεκτρονικών ισχύος | σχεδιασμός ισχύος ηλεκτρονικών συστημάτων,"Σχεδιασμός και ανάπτυξη ηλεκτρονικών συστημάτων, προϊόντων και εξαρτημάτων ισχύος σύμφωνα με τις προδιαγραφές. Επιλογή κατάλληλων βοηθητικών διατάξεων για την προβλεπόμενη εφαρμογή.
	",http://data.europa.eu/esco/skill/39fa260c-4f85-48e3-83ce-e292e696c233,σχεδιασμός ηλεκτρικών ή ηλεκτρονικών συστημάτων ή εξοπλισμού
KnowledgeSkillCompetence,http://data.europa.eu/esco/skill/118a9b27-1c5a-4214-b685-1a4d9e6365ea,εξέταση ψηφιακών πειστηρίων,released,knowledge,sector-specific,εξέταση ψηφιακών αποδεικτικών στοιχείων | ηλεκτρονική εγκληματολογία | ηλεκτρονική ανάλυση αποδεικτικών στοιχείων | δικανική πληροφορική,Η διαδικασία εξέτασης και ανάκτησης ψηφιακών δεδομένων από πηγές για τη διεξαγωγή αποδείξεων και τη διερεύνηση κάποιου εγκλήματος.,http://data.europa.eu/esco/isced-f/0611,χρήση υπολογιστών
KnowledgeSkillCompetence,http://data.europa.eu/esco/skill/11c56452-fcec-4b00-9695-cca4728e5048,ανάλυση μάρκετινγκ,released,knowledge,cross-sector,ανάλυση δεδομένων μάρκετινγκ,"Το σύνολο των διαδικασιών για τη χρήση δεδομένων με σκοπό τη βελτίωση της αποτελεσματικότητας των δραστηριοτήτων μάρκετινγκ. Περιλαμβάνει την ανάλυση μετρήσεων, όπως η απόδοση των επενδύσεων, για τον εντοπισμό ευκαιριών βελτίωσης.
	",http://data.europa.eu/esco/isced-f/0414,εμπορική προώθηση και διαφήμιση
KnowledgeSkillCompetence,http://data.europa.eu/esco/skill/11eebd42-44ab-401d-8a2c-bdb9fc9beb50,στρατηγική ασφάλειας πληροφοριών,released,knowledge,sector-specific,στρατηγική ασφάλειας των προγραμμάτων πληροφοριών· στρατηγικές ασφάλειας πληροφοριακών προγραμμάτων | μέθοδοι ασφάλειας πληροφοριών· τακτικές ασφάλειας πληροφοριακών συστημάτων· διαδικασίες ασφάλειας πληροφοριακών συστημάτων,"Το σχέδιο που ορίζεται από μια εταιρεία η οποία ορίζει τους στόχους και τα μέτρα ασφάλειας των πληροφοριών για τον μετριασμό των κινδύνων, καθορίζει τους στόχους των ελέγχων, καθορίζει τους δείκτες μέτρησης και τα σημεία αναφοράς σύμφωνα με τις νομικές, εσωτερικές και συμβατικές απαιτήσεις.",http://data.europa.eu/esco/isced-f/0612,σχεδιασμός και διαχείριση βάσεων δεδομένων και δικτύων
KnowledgeSkillCompetence,http://data.europa.eu/esco/skill/12274664-b642-4945-b88f-d7787dc3c9dd,σχεδιασμός μοντέλου αλληλεπίδρασης,released,skill/competence,sector-specific,ανάπτυξη μοντέλου αλληλεπίδρασης | σχεδιασμός δεξιοτήτων εικονικού βοηθού | σχεδιαστικές δεξιότητες για μοντέλο αλληλεπίδρασης,"Σχεδιασμός και ανάπτυξη μοντέλου αλληλεπίδρασης. Σχεδιασμός μιας συνομιλίας πολλαπλών εναλλαγών, χρήση ενσωματωμένων intents και slots, διαχείριση μη αναμενόμενων αιτημάτων ή απαντήσεων στο πλαίσιο συνομιλίας, σχεδιασμός πολυτροπικών δεξιοτήτων με τη χρήση μίας ή περισσότερων διεπαφών υπηρεσιών (για παράδειγμα, ήχος, βίντεο και gadget).
	",http://data.europa.eu/esco/skill/a8c3186b-c791-4d57-8f4f-4d12c7a5c6a7,προγραμματισμός συστημάτων ηλεκτρονικών υπολογιστών
KnowledgeSkillCompetence,http://data.europa.eu/esco/skill/123cf7c5-6a3b-419d-be4f-49a6cc020f9f,διαδραστικά μέσα,released,knowledge,cross-sector,διαδραστικά πολυμέσα,"Η μέθοδος επικοινωνίας που πραγματοποιείται με τη χρήση ψηφιακών μέσων και βασίζεται στις αλληλεπιδράσεις των πελατών με τα μέσα αυτά. Οι αλληλεπιδράσεις πραγματοποιούνται με στοιχεία ηλεκτρονικού υπολογιστή (π.χ. κινούμενα γραφικά, ψηφιακό κείμενο και ήχος).
	",http://data.europa.eu/esco/isced-f/0211,τεχνικές και παραγωγή οπτικοακουστικών μέσων
KnowledgeSkillCompetence,http://data.europa.eu/esco/skill/123ea020-9f87-495f-b8c3-15133646392b,δοκιμή βελτιωμένων συστημάτων διαχείρισης αεροναυτικών πληροφοριών,released,skill/competence,occupation-specific,,"Δοκιμή της λειτουργικότητας συστημάτων πριν από τη θέση τους σε κυκλοφορία, ανάλυση του ενδεχόμενου αντίκτυπου και πρόβλεψη του τελικού αποτελέσματος.",http://data.europa.eu/esco/skill/e743a3f3-ba4a-4dab-99a6-6321dba6b502 | http://data.europa.eu/esco/skill/6d0cad66-82dd-4854-a03a-68232942c68d,επικαιροποίηση υπηρεσιών διαχείρισης αεροναυτικών πληροφοριών | εγκατάσταση ξύλινων και μεταλλικών στοιχείων
KnowledgeSkillCompetence,http://data.europa.eu/esco/skill/126da6db-593e-4dd2-b35d-86f599a622f6,ανάμειξη μελανιών,released,skill/competence,sector-specific,,"Χειρισμός διανομέα μέσω ηλεκτρονικού υπολογιστή, ο οποίος αναμιγνύει διάφορες αποχρώσεις μελάνης για την επίτευξη του επιθυμητού χρώματος.",http://data.europa.eu/esco/skill/bf4822d3-1f66-499d-afc9-151a9ba33e58,προετοιμασία μειγμάτων ή διαλυμάτων
KnowledgeSkillCompetence,http://data.europa.eu/esco/skill/12b7d5a1-1ad4-45dc-b0fa-b31d1eb2c79a,τήρηση βάσης δεδομένων τιμολόγησης,released,skill/competence,occupation-specific,,Τήρηση εσωτερικής και εξωτερικής βάσης δεδομένων ώστε να διασφαλίζεται ότι όλα τα δεδομένα τιμολόγησης είναι διαρκώς ακριβή και επικαιροποιημένα.,http://data.europa.eu/esco/skill/4463a721-69f3-413d-8321-43e3af13a4f1 | http://data.europa.eu/esco/skill/32c017fd-28ab-4051-bf68-74de952c2f77,χρήση βάσεων δεδομένων | διαχείριση πληροφοριών
KnowledgeSkillCompetence,http://data.europa.eu/esco/skill/12c82224-6394-4c3c-9831-2a8198ed1274,λογισμικό οπτικής αναγνώρισης χαρακτήρων,released,knowledge,cross-sector,προγράμματα οπτικού εντοπισμού συμβόλων | πρόγραμμα οπτικής αναγνώρισης χαρακτήρων | εφαρμογή οπτικής αναγνώρισης χαρακτήρων | λογισμικού οπτικού εντοπισμού συμβόλων | λογισμικό οπτικού εντοπισμού χαρακτήρων,"Το λογισμικό που μετατρέπει ηλεκτρονικώς εκτυπωμένες και δακτυλογραφημένες εικόνες σε κείμενο κωδικοποιημένο από μηχανή ώστε τα έγγραφα να μπορούν να αποθηκεύονται ηλεκτρονικά, να υποβάλλονται σε επεξεργασία και να προβάλλονται ψηφιακά.",http://data.europa.eu/esco/isced-f/0613,ανάπτυξη και ανάλυση λογισμικού και εφαρμογών
KnowledgeSkillCompetence,http://data.europa.eu/esco/skill/13666d7d-41a8-42b6-80ba-34ea6a64667f,δημιουργία κινουμένων σχεδίων σωματιδίων,released,knowledge,occupation-specific,δημιουργία κινούμενων εικόνων | κινησιοδότηση | δημιουργία κινούμενων απεικονίσεων | παραγωγή κινουμένων σχεδίων | κινησιοδοσία,"Ο τομέας δημιουργίας κινουμένων σχεδίων σωματιδίων, μια τεχνική κινουμένων σχεδίων, όπου ένας μεγάλος αριθμός γραφικών αντικειμένων χρησιμοποιείται για την προσομοίωση φαινομένων, όπως φλογών και εκρήξεων και «ασαφών φαινομένων», που είναι δύσκολο να αναπαραχθούν με τη χρήση συμβατικών μεθόδων επεξεργασίας παραγωγής.",http://data.europa.eu/esco/isced-f/0211,τεχνικές και παραγωγή οπτικοακουστικών μέσων
KnowledgeSkillCompetence,http://data.europa.eu/esco/skill/13bdd41a-2a18-441f-96db-41252c519413,Visual Basic,released,knowledge,sector-specific,VB.NET | Visual Studio .NET | VB,"Οι τεχνικές και οι αρχές ανάπτυξης λογισμικού, όπως είναι η ανάλυση, οι αλγόριθμοι, ο προγραμματισμός, οι δοκιμές και ο μεταγλωττισμός προγραμματιστικών παραδειγμάτων στη γλώσσα Visual Basic.",http://data.europa.eu/esco/skill/21d2f96d-35f7-4e3f-9745-c533d2dd6e97 | http://data.europa.eu/esco/isced-f/0613,προγραμματισμός ηλεκτρονικών υπολογιστών | ανάπτυξη και ανάλυση λογισμικού και εφαρμογών
KnowledgeSkillCompetence,http://data.europa.eu/esco/skill/14029d35-3831-4176-be75-da64e6024e6f,συστήματα συναγερμού,released,knowledge,occupation-specific,,"Συστήματα ασφαλείας σε κτίρια και σε ακίνητα που ειδοποιούν αυτόματα εταιρείες ασφάλειας ή παράγουν ακουστικά ή οπτικοακουστικά σήματα σε περίπτωση διάρρηξης, κλοπής ή καταστροφής περιουσιακών στοιχείων.",http://data.europa.eu/esco/isced-f/1032,προστασία προσώπων και ιδιοκτησίας
KnowledgeSkillCompetence,http://data.europa.eu/esco/skill/14062e1c-6540-4cb6-b343-ad419e3d10ac,συνιστώσες της αλυσίδας συστοιχιών (blockchain),released,knowledge,sector-specific,blockchain | η μελέτη των βασικών συστατικών | έννοιες blockchain | συστατικά του blockchain,"Η μελέτη βασικών συνιστωσών και εννοιών της αλυσίδας συστοιχιών, όπως δίκτυα ομοτίμων, έξυπνες συμβάσεις, συμμετοχές, εκδηλώσεις, κατανεμημένα λογιστικά βιβλία, ενοποίηση συστημάτων, πορτοφόλια και διαχείριση συστημάτων.",http://data.europa.eu/esco/isced-f/0612,σχεδιασμός και διαχείριση βάσεων δεδομένων και δικτύων
KnowledgeSkillCompetence,http://data.europa.eu/esco/skill/143769cb-b61e-47d8-a61e-eedfbec1016c,εργαλεία επεξεργασίας επιχειρησιακών δεδομένων,released,knowledge,cross-sector,,Τα εργαλεία που χρησιμοποιούνται για τον μετασχηματισμό μεγάλων ποσοτήτων ανεπεξέργαστων δεδομένων σε σχετικές και χρήσιμες επιχειρηματικές πληροφορίες.,http://data.europa.eu/esco/isced-f/0413,διαχείριση και διοίκηση
KnowledgeSkillCompetence,http://data.europa.eu/esco/skill/14525f24-afb4-4a4e-80a7-facf27080cdd,διαχείριση ψηφιακών βιβλιοθηκών,released,skill/competence,sector-specific,,"Συλλογή, διαχείριση και διατήρηση μόνιμου ψηφιακού περιεχομένου και παροχή ειδικών λειτουργιών αναζήτησης και ανάκτησης σε στοχευμένες κοινότητες χρηστών.",http://data.europa.eu/esco/skill/611ed16b-99bf-4840-9cab-f55d1d286e0a | http://data.europa.eu/esco/skill/6a7fc30d-af16-4cc5-a957-29d174bdb61c,"αποθήκευση ψηφιακών δεδομένων και συστημάτων | διαχείριση, συλλογή και αποθήκευση ψηφιακών δεδομένων"
KnowledgeSkillCompetence,http://data.europa.eu/esco/skill/14764a75-3104-4875-ba1d-57c059b9b013,μηχανολογία τηλεπικοινωνιών,released,knowledge,cross-sector,,Τομέας ο οποίος συνδυάζει την επιστήμη των υπολογιστών με την ηλεκτρολογική μηχανική για τη βελτίωση των συστημάτων τηλεπικοινωνιών.,http://data.europa.eu/esco/isced-f/0714,ηλεκτρονική και αυτοματισμός
KnowledgeSkillCompetence,http://data.europa.eu/esco/skill/14832d87-2f2f-4895-b290-e4760ebae42a,επίλυση τεχνικών προβλημάτων,released,skill/competence,cross-sector,,Εντοπισμός τεχνικών προβλημάτων κατά το χειρισμό συσκευών και τη χρήση ψηφιακών περιβαλλόντων και επίλυση αυτών (από την αντιμετώπιση σφαλμάτων έως την επίλυση πιο σύνθετων προβλημάτων).,http://data.europa.eu/esco/skill/7e5147d1-60b1-4a68-804b-1f5cb0396b91 | http://data.europa.eu/esco/skill/a628d2d1-f40a-4c37-a357-2801726f2996 | http://data.europa.eu/esco/skill/0b9968af-72de-470a-98e1-2d19577443fb,επίλυση προβλημάτων με εργαλεία και εξοπλισμό της τεχνολογίας πληροφοριών και επικοινωνιών | εντοπισμός προβλημάτων | επίλυση προβλημάτων πληροφορικής
KnowledgeSkillCompetence,http://data.europa.eu/esco/skill/14ced458-5f4b-495f-bd3d-9c240614bda0,Adobe Photoshop,released,knowledge,sector-specific,,"Το Adobe Photoshop, πρόγραμμα ηλεκτρονικού υπολογιστή, είναι ένα γραφικό εργαλείο ΤΠΕ το οποίο επιτρέπει την ψηφιακή επεξεργασία και σύνθεση γραφικών ώστε να δημιουργηθούν τόσο δισδιάστατα γραφικά σκιαγράφησης όσο και δισδιάστατα γραφικά διανύσματος. Αναπτύσσεται από την εταιρεία λογισμικού Adobe.",http://data.europa.eu/esco/isced-f/0611 | http://data.europa.eu/esco/skill/a71577b2-7550-4222-88ee-dcbd2d881516,χρήση υπολογιστών | λογισμικό επεξεργασίας γραφικών
KnowledgeSkillCompetence,http://data.europa.eu/esco/skill/14d1e367-3efe-4ec5-86ae-eca48710ee4e,εφαρμογή πολιτικών ασφάλειας των ΤΠΕ,released,skill/competence,sector-specific,εφαρμογή πολιτικών ασφάλειας δικτύων υπολογιστών | εφαρμογή κατευθυντήριων γραμμών για την ασφάλεια στο διαδίκτυο | εφαρμογή πολιτικών ασφάλειας των ΤΠΕ στον οργανισμό | εφαρμογή πολιτικών ασφάλειας στις ΤΠΕ | εφαρμογή πολιτικών ασφαλείας ΤΠΕ και προστασίας δεδομένων | υλοποίηση πολιτικών προστασίας των συστημάτων ΤΠΕ,"Εφαρμογή δηλώσεων, βεβαιώσεων ή κανόνων που προσδιορίζουν την ενδεδειγμένη χρήση και προστασία των περιουσιακών στοιχείων και συστημάτων ΤΠΕ από έναν οργανισμό. Οι εν λόγω πολιτικές ασφάλειας των ΤΠΕ καλύπτουν θέματα όπως η ταξινόμηση των δεδομένων, η διαχείριση κωδικών πρόσβασης, ο έλεγχος πρόσβασης και η αντιμετώπιση περιστατικών.",http://data.europa.eu/esco/skill/185c56ee-098f-46a1-af87-56337085da6f,προστασία συσκευών τπε
KnowledgeSkillCompetence,http://data.europa.eu/esco/skill/14fdac88-6d4a-4e47-9df5-02c6d1e86fdd,IBM InfoSphere DataStage,released,knowledge,sector-specific,,"Το πρόγραμμα ηλεκτρονικού υπολογιστή IBM InfoSphere DataStage είναι ένα εργαλείο για την ενσωμάτωση πληροφοριών από πολλαπλές εφαρμογές, που δημιουργήθηκαν και διατηρήθηκαν από τους οργανισμούς, σε μια συνεχή και διαφανή δομή δεδομένων, την οποία ανέπτυξε η εταιρεία λογισμικού ΙΒΜ.",http://data.europa.eu/esco/skill/9d0d89be-bffa-4393-b6f6-8d05bea49051 | http://data.europa.eu/esco/isced-f/0612,εργαλεία φόρτωσης μετατροπής και εξαγωγής δεδομένων | σχεδιασμός και διαχείριση βάσεων δεδομένων και δικτύων
KnowledgeSkillCompetence,http://data.europa.eu/esco/skill/1557b114-8222-46d5-acff-d2838909c302,παροχή λύσεων συνδεδεμένων αυτοκινήτων,released,skill/competence,sector-specific,παρέχει λύσεις συνδεδεμένων οχημάτων | παροχή λύσεων συνδεδεμένων οχημάτων,"Παροχή τεχνολογικών εφαρμογών και υπηρεσιών που εξασφαλίζουν τη δυνατότητα σύνδεσης των αυτοκινήτων με το διαδίκτυο για τη διαβίβαση δεδομένων. Οι λύσεις συνδεδεμένων αυτοκινήτων περιλαμβάνουν τεχνολογίες μόχλευσης, όπως το GPS, οι αισθητήρες ή η ανάλυση δεδομένων, για την παροχή υπηρεσιών συνδεσιμότητας και απομακρυσμένης πρόσβασης σε συσκευές.
	",http://data.europa.eu/esco/skill/f839b1da-78b6-4466-86f4-a5798821ea20,εγκατάσταση συστημάτων πληροφορικής
KnowledgeSkillCompetence,http://data.europa.eu/esco/skill/1558e8f3-67c9-4be6-bf2c-c5ab7b6de5f9,χειρισμός τερματικών ηλεκτρονικών πληρωμών,released,skill/competence,sector-specific,,Χειρισμός τερματικών ηλεκτρονικών πληρωμών για την είσπραξη πληρωμών με πιστωτική ή χρεωστική κάρτα από τους ταξιδιώτες.,http://data.europa.eu/esco/skill/bdcac0c8-b77a-4640-9eaf-c0cf3efd1e23 | http://data.europa.eu/esco/skill/c20ac175-3aab-4aaa-9b9e-784c2dfb59cd,διεκπεραίωση πληρωμών | εκτέλεση χρηματοοικονομικών συναλλαγών
KnowledgeSkillCompetence,http://data.europa.eu/esco/skill/15c522eb-cd6d-4b00-9d95-db20c0f8df88,δυναμικό εξοικονόμησης ενέργειας των αυτόματων συστημάτων αλλαγής,released,knowledge,occupation-specific,,"Δυναμικό εξοικονόμησης ενέργειας σε αυτόματα συστήματα αλλαγής μέσω μηχανισμών όπως η βελτίωση της απόδοσης και η καλύτερη πρόβλεψη προσεχών συμβάντων.
	",http://data.europa.eu/esco/skill/83fc0b2b-6cd2-46af-b1ff-d3fc83604c26 | http://data.europa.eu/esco/isced-f/0713,ενεργειακή απόδοση | ηλεκτρισμός και ενέργεια
KnowledgeSkillCompetence,http://data.europa.eu/esco/skill/1605025e-a179-421f-8f35-5b07d182a6b2,αναλυτικά στοιχεία ιστού,released,knowledge,cross-sector,εργαλεία ανάλυσης διαδικτύου | αναλύσεις διαδικτυακών δεδομένων | ηλεκτρονικές αναλύσεις | αναλύσεις διαδικτύου | μέσα λεπτομερούς διαδικτυακής ανάλυσης,"Τα χαρακτηριστικά, τα εργαλεία και οι τεχνικές που χρησιμοποιούνται για τη μέτρηση, τη συλλογή, την ανάλυση και την αναφορά δεδομένων στο διαδίκτυο για την απόκτηση πληροφοριών σχετικά με τη συμπεριφορά των χρηστών και τη βελτίωση της απόδοσης ενός δικτυακού τόπου.",http://data.europa.eu/esco/isced-f/0612,σχεδιασμός και διαχείριση βάσεων δεδομένων και δικτύων
KnowledgeSkillCompetence,http://data.europa.eu/esco/skill/162c7407-14ec-43ef-a4c2-31ccd1267850,σχεδιασμός υλικολογισμικού,released,skill/competence,cross-sector,,Σχεδιασμός του κατάλληλου υλικολογισμικού σε ένα συγκεκριμένο ηλεκτρονικό σύστημα.,http://data.europa.eu/esco/skill/39fa260c-4f85-48e3-83ce-e292e696c233,σχεδιασμός ηλεκτρικών ή ηλεκτρονικών συστημάτων ή εξοπλισμού
KnowledgeSkillCompetence,http://data.europa.eu/esco/skill/16636767-c215-4cf0-b126-e144fea20926,χρήση τεχνολογιών ηλεκτρονικής και κινητής υγείας,released,skill/competence,sector-specific,,Χρήση των κινητών τεχνολογιών υγείας και της ηλεκτρονικής υγείας (ηλεκτρονικές εφαρμογές και υπηρεσίες) με σκοπό την ενίσχυση της παρεχόμενης υγειονομικής περίθαλψης.,http://data.europa.eu/esco/skill/16a00c69-9c74-4c37-96d7-6301d285e5ce | http://data.europa.eu/esco/skill/98fb499f-9155-412d-a8a0-95ba97126fec,χρήση ηλεκτρονικών υπηρεσιών | χρήση ψηφιακών εργαλείων για συνεργασία και παραγωγικότητα
KnowledgeSkillCompetence,http://data.europa.eu/esco/skill/16a00c69-9c74-4c37-96d7-6301d285e5ce,χρήση ηλεκτρονικών υπηρεσιών,released,skill/competence,cross-sector,δραστηριοποίηση στα κοινά μέσω ψηφιακών τεχνολογιών,Συμμετοχή στην κοινωνία με χρήση δημόσιων και ιδιωτικών ψηφιακών υπηρεσιών. Αναζήτηση ευκαιριών για αυτοενδυνάμωση και συμμετοχή των πολιτών μέσω κατάλληλων ψηφιακών τεχνολογιών.,http://data.europa.eu/esco/skill/574257ea-7b64-4100-b7b6-e27c233fe143 | http://data.europa.eu/esco/skill/98fb499f-9155-412d-a8a0-95ba97126fec,ψηφιακή επικοινωνία και συνεργασία | χρήση ψηφιακών εργαλείων για συνεργασία και παραγωγικότητα
KnowledgeSkillCompetence,http://data.europa.eu/esco/skill/16e462b2-b8dd-4842-8c31-71d0fb4be474,ψηφιακή δημοσιογραφία,released,knowledge,sector-specific,διαδικτυακή δημοσιογραφία,"Η διαδικασία μέσω της οποίας το συντακτικό περιεχόμενο παράγεται με τη βοήθεια ψηφιακών μέσων και διανέμεται μέσω του διαδικτύου.
	",http://data.europa.eu/esco/skill/3391d6dd-d584-4c8c-9af9-d2f0c45e2b4b | http://data.europa.eu/esco/isced-f/0321,δημοσιογραφία | δημοσιογραφία και ανταποκρίσεις
KnowledgeSkillCompetence,http://data.europa.eu/esco/skill/172020d1-e151-445b-8173-e2a5fb16fe51,χρήση εργαλείων σχεδιασμού και ανάπτυξης λογισμικού σε Η/Υ,released,skill/competence,sector-specific,εφαρμογή μέσων μηχανίκευσης λογισμικού με τη βοήθεια υπολογιστή | χρήση μέσων μηχανίκευσης λογισμικού με τη βοήθεια υπολογιστή | λειτουργία μέσων μηχανικής λογισμικού με υπολογιστή | χρήση εργαλείων μηχανίκευσης λογισμικού με τη βοήθεια υπολογιστή | χρήση μέσων μηχανίκης λογισμικού με την υποστήριξη υπολογιστή | εφαρμογή μέσων μηχανίκης λογισμικού με την υποστήριξη υπολογιστή,"Χρήση εργαλείων λογισμικού (CASE) για την υποστήριξη του κύκλου ανάπτυξης, του σχεδιασμού και της εφαρμογής λογισμικού και εφαρμογών υψηλής ποιότητας που μπορούν εύκολα να συντηρούνται.",http://data.europa.eu/esco/skill/a8c3186b-c791-4d57-8f4f-4d12c7a5c6a7,προγραμματισμός συστημάτων ηλεκτρονικών υπολογιστών
KnowledgeSkillCompetence,http://data.europa.eu/esco/skill/17702c40-e963-4593-847e-a332b1c9357e,Edmodo,released,knowledge,sector-specific,,"Το δίκτυο εκπαίδευσης Edmodo είναι μια πλατφόρμα ηλεκτρονικής μάθησης για τη δημιουργία, τη διοικητική διαχείριση, την οργάνωση, τη σύνταξη εκθέσεων και την παροχή κατάρτισης ηλεκτρονικής μάθησης, καθώς και για τη σύνδεση των εκπαιδευτικών, των σπουδαστών και των γονέων.",http://data.europa.eu/esco/skill/6c80d53c-d8c9-41fe-998f-091fca208834 | http://data.europa.eu/esco/isced-f/0612,συστήματα διαχείρισης μάθησης | σχεδιασμός και διαχείριση βάσεων δεδομένων και δικτύων
KnowledgeSkillCompetence,http://data.europa.eu/esco/skill/1774bd31-8893-44cf-9498-7e3d95508419,αναγνώστης οθόνης,released,knowledge,cross-sector,λογισμικό Braille - ανάγλυφη γραφή τυφλών | βοηθητική τεχνολογία για ανάγνωση | λογισμικό μετατροπής κειμένου σε ομιλία,"Πρόγραμμα λογισμικού το οποίο μετατρέπει στοιχεία οθόνης, όπως κείμενο, εικόνες ή κουμπιά, που εμφανίζονται στον υπολογιστή σε γραφή Braille ή με τη μορφή ομιλίας. Υποστηρικτική τεχνολογία που χρησιμοποιείται από άτομα με προβλήματα όρασης ή τυφλά άτομα για να ερμηνεύουν ό,τι εμφανίζεται στην οθόνη του υπολογιστή μέσω της εξόδου σε μορφή braille, εικονιδίων ήχου ή συνθετητών ομιλίας.
	",http://data.europa.eu/esco/isced-f/0611,χρήση υπολογιστών
KnowledgeSkillCompetence,http://data.europa.eu/esco/skill/17c9a790-5664-4673-8237-c4cf3c5a8da5,διεξαγωγή αξιολόγησης του αντικτύπου των διαδικασιών ΤΠΕ στις επιχειρήσεις,released,skill/competence,cross-sector,διεξαγωγή αξιολόγησης των συνεπειών των διαδικασιών ΤΠΕ στις επιχειρήσεις | αξιολόγηση των συνεπειών των διαδικασιών ΤΠΕ στις επιχειρήσεις,Αξιολόγηση των απτών συνεπειών της εφαρμογής νέων συστημάτων και λειτουργιών ΤΠΕ στην τρέχουσα επιχειρηματική δομή και τις οργανωτικές διαδικασίες.,http://data.europa.eu/esco/skill/ec528c47-65f4-4187-9dc1-5a8889f84a06,ανάλυση επιχειρηματικών δραστηριοτήτων
KnowledgeSkillCompetence,http://data.europa.eu/esco/skill/1859883d-c047-4fe1-8e74-7bb4385d6ad2,εφαρμογή τεχνικών 3D imaging,released,skill/competence,sector-specific,εφαρμογή τεχνικών τριδιάστατης παρουσίασης εικόνων | εφαρμογή τεχνικών τρισδιάστατης απεικόνισης | χρήση μεθόδων τρισδιάστατης παρουσίασης εικόνων,"Εφαρμογή διάφορων τεχνικών, όπως είναι η ψηφιακή γλυπτική, η μοντελοποίηση καμπύλης και η σάρωση 3D για τη δημιουργία, την επεξεργασία, τη διατήρηση και τη χρήση εικόνων 3D, όπως νέφη σημείων, γραφική παράσταση 3D, διανυσματικό γραφικό και 3D σχήματα επιφανείας.",http://data.europa.eu/esco/skill/c53a55a1-8b2b-4d2c-b12d-626742a3833a,χρήση ψηφιακών εργαλείων για την επεξεργασία ήχου και εικόνας
KnowledgeSkillCompetence,http://data.europa.eu/esco/skill/18ab25a5-ce2d-4cd5-b7b0-3890f595f77d,χειρισμός συστήματος συναγερμού,released,skill/competence,sector-specific,θέτω σε λειτουργία σύστημα συναγερμού· λειτουργώ σύστημα εντοπισμού κινήσεων· διαχειρίζομαι σύστημα συναγερμού | χειρίζομαι συστήματα συναγερμού· χειρίζομαι συσκευή συναγερμού,Δημιουργία και συντήρηση συστήματος ανίχνευσης εισβολής και μη εξουσιοδοτημένης εισόδου σε μια εγκατάσταση.,http://data.europa.eu/esco/skill/a7065828-10aa-4aba-b7d4-f23a30df5060,"εγκατάσταση και επισκευή εξοπλισμού ηλεκτρικού, ηλεκτρονικού και ακριβείας"
KnowledgeSkillCompetence,http://data.europa.eu/esco/skill/18eeffee-2879-42e0-b5fe-5739c6883a01,ανάπτυξη υπηρεσιών σύνδεσης δεδομένων για σκοπούς πλοήγησης,released,skill/competence,occupation-specific,,Ανάπτυξη και εφαρμογή υπηρεσιών σύνδεσης δεδομένων και δορυφορικών τεχνολογιών για επικοινωνίες αέρος-εδάφους.,http://data.europa.eu/esco/skill/f6f66b89-248b-438c-a3ce-196edcb3397c | http://data.europa.eu/esco/skill/6a7fc30d-af16-4cc5-a957-29d174bdb61c,"διαχείριση υπηρεσιών αεροναυτιλίας | διαχείριση, συλλογή και αποθήκευση ψηφιακών δεδομένων"
KnowledgeSkillCompetence,http://data.europa.eu/esco/skill/1973c966-f236-40c9-b2d4-5d71a89019be,χρήση λογισμικού λογιστικών φύλλων,released,skill/competence,cross-sector,,"Χρήση εργαλείων λογισμικού για τη δημιουργία και την επεξεργασία δεδομένων με μορφή πίνακα για τη διενέργεια μαθηματικών υπολογισμών, την οργάνωση δεδομένων και πληροφοριών, τη δημιουργία διαγραμμάτων βάσει δεδομένων και την ανάκτησή τους.",http://data.europa.eu/esco/skill/d822b4b2-26c7-4bd9-970d-229c6504f615 | http://data.europa.eu/esco/skill/6a7fc30d-af16-4cc5-a957-29d174bdb61c,"δημιουργία ψηφιακού περιεχομένου | διαχείριση, συλλογή και αποθήκευση ψηφιακών δεδομένων"
KnowledgeSkillCompetence,http://data.europa.eu/esco/skill/19a8293b-8e95-4de3-983f-77484079c389,Java (προγραμματισμός ηλεκτρονικών υπολογιστών),released,knowledge,sector-specific,Java Posse | Javax,"Οι τεχνικές και αρχές ανάπτυξης λογισμικού, όπως είναι η ανάλυση, οι αλγόριθμοι, ο προγραμματισμός, οι δοκιμές και ο μεταγλωττισμός προγραμματιστικών παραδειγμάτων στη γλώσσα Java.",http://data.europa.eu/esco/skill/21d2f96d-35f7-4e3f-9745-c533d2dd6e97 | http://data.europa.eu/esco/isced-f/0613,προγραμματισμός ηλεκτρονικών υπολογιστών | ανάπτυξη και ανάλυση λογισμικού και εφαρμογών
KnowledgeSkillCompetence,http://data.europa.eu/esco/skill/19c0e68e-6e6c-4698-85dc-ef66a9de2c37,συντήρηση υλισμικού δικτύου πληροφοριών,released,skill/competence,cross-sector,συντήρηση εξοπλισμού δικτύου πληροφοριών,"Αξιολόγηση της λειτουργικότητας και εντοπισμός αστοχιών στην υποδομή ενός δικτύου πληροφοριών, εκτέλεση καθηκόντων τακτικής συντήρησης που αποτρέπουν τις αστοχίες και καθηκόντων επισκευής, ώστε να διασφαλίζεται η μόνιμη διαθεσιμότητα στους χρήστες του συστήματος.",http://data.europa.eu/esco/skill/c77db25e-bb51-4a10-b2ad-99b48b1b4a37 | http://data.europa.eu/esco/skill/0b9968af-72de-470a-98e1-2d19577443fb,συντήρηση υλισμικού υπολογιστών | επίλυση προβλημάτων πληροφορικής
KnowledgeSkillCompetence,http://data.europa.eu/esco/skill/1a165a9b-2006-49e1-90b8-c0709933b4a3,χρήση σύνθετου συστήματος επικοινωνίας,released,skill/competence,sector-specific,,Εγκατάσταση και χειρισμός σύνθετων συστημάτων επικοινωνίας.,http://data.europa.eu/esco/skill/0a88a13f-693a-4dde-b44c-22e6f98fabc6,χειρισμός εξοπλισμού επικοινωνίας
KnowledgeSkillCompetence,http://data.europa.eu/esco/skill/1a4cc54f-1e53-442b-a6d2-1682dc8ef8f9,δημιουργική χρήση ψηφιακών τεχνολογιών,released,skill/competence,cross-sector,,Χρήση ψηφιακών εργαλείων και τεχνολογιών για τη δημιουργία γνώσης και την ανάπτυξη καινοτόμων διαδικασιών και προϊόντων. Συμμετοχή ατομικά και συλλογικά σε γνωστική διεργασία για την κατανόηση και την επίλυση εννοιολογικών προβλημάτων και προβληματικών καταστάσεων σε ψηφιακά περιβάλλοντα.,http://data.europa.eu/esco/skill/7e5147d1-60b1-4a68-804b-1f5cb0396b91 | http://data.europa.eu/esco/skill/98fb499f-9155-412d-a8a0-95ba97126fec,επίλυση προβλημάτων με εργαλεία και εξοπλισμό της τεχνολογίας πληροφοριών και επικοινωνιών | χρήση ψηφιακών εργαλείων για συνεργασία και παραγωγικότητα
KnowledgeSkillCompetence,http://data.europa.eu/esco/skill/1abcc511-ba5a-42e0-8d88-7efb39af4c36,χειρισμός αυτόματων συστημάτων κοπής για υποδήματα και δερμάτινα είδη,released,skill/competence,sector-specific,,"Εργασία με το λογισμικό του εξοπλισμού. Ψηφιοποίηση και σήμανση των περιοχών με ελαττώματα στο δέρμα για την αποφυγή τους. Καθορισμός περιορισμών για την τοποθέτηση του πατρόν με σκοπό τη μέγιστη εξοικονόμηση πρώτης ύλης και για την κοπή για κάθε πατρόν.  Επιλογή, διαλογή, αναφόρτωση πατρόν, έλεγχος και ολοκλήρωση εντολών κοπής. Προσαρμογή των παραμέτρων των μηχανημάτων και του εξοπλισμού και εκτέλεση απλών διαδικασιών συντήρησης.",http://data.europa.eu/esco/skill/a7956044-f468-4bc1-a83c-a8821b903a09,"χειρισμός μηχανημάτων κοπής, λείανσης και στίλβωσης"
KnowledgeSkillCompetence,http://data.europa.eu/esco/skill/1adec82b-e32b-4acc-bd89-e7d61d387161,ηχογράφηση ηχητικού υλικού,released,skill/competence,occupation-specific,ηχογράφηση ακουστικού βιβλίου,"Καταγραφή υλικού όπως βιβλίων, εφημερίδων και εκπαιδευτικού υλικού σε ηχητική μορφή. Ενίσχυση γραπτών κειμένων με προσθήκη ηχητικών συμπληρωμάτων ή καθιστώντας αυτά προσβάσιμα με οποιονδήποτε άλλο τρόπο στα άτομα με προβλήματα όρασης.",http://data.europa.eu/esco/skill/8ddcb295-707e-459c-ba6a-66ffb37835c5,χειρισμός οπτικοακουστικού εξοπλισμού
KnowledgeSkillCompetence,http://data.europa.eu/esco/skill/1b2889c2-154d-4e5f-b7d1-bd1f07df86ab,δημιουργία κινούμενων αφηγήσεων,released,skill/competence,sector-specific,,"Ανάπτυξη σεκάνς και ιστοριών αφήγησης με κινούμενα σχέδια, μέσω της χρήσης λογισμικού και τεχνικών σχεδίασης με το χέρι.",http://data.europa.eu/esco/skill/5f782745-6382-4873-b415-8fb91c705b03 | http://data.europa.eu/esco/skill/ab99d9a7-62eb-407b-92f2-bf7992a82004,δημιουργία ψηφιακών εικόνων | δημιουργία καλλιτεχνικών σχεδίων ή παραστάσεων
KnowledgeSkillCompetence,http://data.europa.eu/esco/skill/1b70a55d-b8a4-49fc-96c6-15ab4cff2522,χρησιμοποίηση τεχνικών επεξεργασίας δεδομένων,released,skill/competence,cross-sector,,"Συγκέντρωση, επεξεργασία και ανάλυση των σχετικών δεδομένων και πληροφοριών, σωστή αποθήκευση και ενημέρωση των δεδομένων και απεικόνιση των αριθμών και των δεδομένων με χρήση γραφημάτων και στατιστικών διαγραμμάτων.",http://data.europa.eu/esco/skill/7dd94ad3-13d6-43fe-8b94-51fcbf67ced9 | http://data.europa.eu/esco/skill/1d6c7de4-350e-4868-a47b-333b4b0d9650 | http://data.europa.eu/esco/skill/4463a721-69f3-413d-8321-43e3af13a4f1 | http://data.europa.eu/esco/skill/611ed16b-99bf-4840-9cab-f55d1d286e0a | http://data.europa.eu/esco/skill/6a7fc30d-af16-4cc5-a957-29d174bdb61c,"κριτική σκέψη | αξιολόγηση δεδομένων, πληροφοριών και ψηφιακού περιεχομένου | χρήση βάσεων δεδομένων | αποθήκευση ψηφιακών δεδομένων και συστημάτων | διαχείριση, συλλογή και αποθήκευση ψηφιακών δεδομένων"
KnowledgeSkillCompetence,http://data.europa.eu/esco/skill/1b7c716e-af95-4cda-a42f-6479c8b139f5,MDX,released,knowledge,sector-specific,,Η ηλεκτρονική γλώσσα MDX είναι μια γλώσσα με την οποία πραγματοποιείται αναζήτηση για την ανάκτηση πληροφοριών από βάση δεδομένων και έγγραφα που περιέχουν τις απαιτούμενες πληροφορίες. Αναπτύσσεται από την εταιρεία λογισμικού Microsoft.,http://data.europa.eu/esco/skill/9cf681c7-89ec-470c-b651-7fe03786f586 | http://data.europa.eu/esco/isced-f/0613,γλώσσα ερωτήσεων | ανάπτυξη και ανάλυση λογισμικού και εφαρμογών
KnowledgeSkillCompetence,http://data.europa.eu/esco/skill/1bba98a7-92b9-450b-9235-e0c905f8f3c4,αρχιτεκτονική πληροφοριών,released,knowledge,sector-specific,αρχιτεκτονικά πλαίσια πληροφορικής· αρχιτεκτονικά πλαίσια πληροφοριών· αρχιτεκτονικά πλαίσια ΤΠΕ | αρχιτεκτονική της πληροφορίας· αρχιτεκτονική της πληροφορικής,"Οι μέθοδοι δημιουργίας, διάρθρωσης, αποθήκευσης, διατήρησης, σύνδεσης, ανταλλαγής και χρήσης των πληροφοριών.",http://data.europa.eu/esco/isced-f/0612,σχεδιασμός και διαχείριση βάσεων δεδομένων και δικτύων
KnowledgeSkillCompetence,http://data.europa.eu/esco/skill/1bc718b6-ed90-4a9d-9fa7-8cec928a4581,χρήση προγραμμάτων δημιουργικού λογισμικού,released,skill/competence,occupation-specific,,Χρήση προγραμμάτων δημιουργικού λογισμικού όπως το «Adobe» για την υποβοήθηση του γραφικού σχεδιασμού.,http://data.europa.eu/esco/skill/c53a55a1-8b2b-4d2c-b12d-626742a3833a,χρήση ψηφιακών εργαλείων για την επεξεργασία ήχου και εικόνας
KnowledgeSkillCompetence,http://data.europa.eu/esco/skill/1c00bc98-2713-4c62-82c5-6d86f2e6a4cb,αρχές κινουμένων σχεδίων,released,knowledge,sector-specific,θεμελιώδεις αρχές κινουμένων εικόνων | βασικές έννοιες κινησιοδοσίας | αρχές κινούμενων απεικονίσεων | θεωρίες κινησιοδότησης | αρχές κινούμενων εικόνων,"Οι αρχές των δισδιάστατων και τρισδιάστατων κινουμένων σχεδίων, όπως η κίνηση του σώματος, η κινητική, η υπερβολή, η προαγγελία κίνησης, η συμπίεση και το τέντωμα.",http://data.europa.eu/esco/isced-f/0211,τεχνικές και παραγωγή οπτικοακουστικών μέσων
KnowledgeSkillCompetence,http://data.europa.eu/esco/skill/1c2978b8-bb0d-4249-9c23-877571a4dffa,ασφάλεια και συμμόρφωση υπολογιστικού νέφους,released,knowledge,sector-specific,ασφάλεια και συμμόρφωση στο cloud | συμμόρφωση στο cloud | ασφάλεια cloud | ασφάλεια στο σύννεφο,"Έννοιες της ασφάλειας και της συμμόρφωσης του υπολογιστικού νέφους, συμπεριλαμβανομένου του μοντέλου κοινής ευθύνης, ικανότητες διαχείρισης της πρόσβασης στο υπολογιστικό νέφος και πόροι για τη στήριξη της ασφάλειας.
	",http://data.europa.eu/esco/skill/bd14968e-e409-45af-b362-3495ed7b10e0 | http://data.europa.eu/esco/isced-f/0612,τεχνολογίες νέφους | σχεδιασμός και διαχείριση βάσεων δεδομένων και δικτύων
KnowledgeSkillCompetence,http://data.europa.eu/esco/skill/1c43679a-c6fc-4b42-bb8b-452a34ae9b73,χρήση λογισμικού χρωματογραφίας,released,skill/competence,sector-specific,,"Χρήση του λογισμικού συστήματος δεδομένος χρωματογραφίας, το οποίο συλλέγει και αναλύει τα αποτελέσματα της χρωματογραφικής ανίχνευσης.",http://data.europa.eu/esco/skill/6a7fc30d-af16-4cc5-a957-29d174bdb61c,"διαχείριση, συλλογή και αποθήκευση ψηφιακών δεδομένων"
KnowledgeSkillCompetence,http://data.europa.eu/esco/skill/1c7fbce8-741b-416a-8b34-f9900e0ddd52,Shiva (συστήματα δημιουργίας ψηφιακών παιχνιδιών),released,knowledge,sector-specific,,"Η διαπλατφορμική μηχανή παιχνιδιών που είναι ένα πλαίσιο λογισμικού το οποίο αποτελείται από ολοκληρωμένα περιβάλλοντα ανάπτυξης και εξειδικευμένα εργαλεία σχεδιασμού, που έχουν σχεδιαστεί για την ταχεία επανάληψη παιχνιδιών υπολογιστών που προέρχονται από χρήστες. 
 ",http://data.europa.eu/esco/skill/966f2fd3-3de6-42da-b87c-da924c6d7960 | http://data.europa.eu/esco/isced-f/0211,συστήματα δημιουργίας ψηφιακών παιχνιδιών | τεχνικές και παραγωγή οπτικοακουστικών μέσων
KnowledgeSkillCompetence,http://data.europa.eu/esco/skill/1c8327dd-9af0-4124-9c4e-0342d90189d4,σχεδιασμός συστημάτων παρασκευής φαρμάκων,released,skill/competence,cross-sector,,"Σχεδιασμός συστημάτων ελέγχου παραγωγής τα οποία περιλαμβάνουν όλες τις διαδικασίες, από τη διαδικασία παραγωγής φαρμακευτικών προϊόντων μέχρι τα φαρμακευτικά αποθέματα με σκοπό την παροχή ορθών στοιχείων για την ανάπτυξη πακέτων λογισμικού μονάδας παρασκευής φαρμακευτικών προϊόντων.",http://data.europa.eu/esco/skill/2c28fc20-8a60-4311-8899-5ef8729c05b3 | http://data.europa.eu/esco/skill/c34b06c4-d164-4e49-a784-89d47de42ec2,"σχεδιασμός διαδικασίας | σχεδιασμός βιομηχανικών υλικών, συστημάτων ή προϊόντων"
KnowledgeSkillCompetence,http://data.europa.eu/esco/skill/1c8658c0-8f1e-4bf1-8e81-0a3a6033847e,δικτύωση ανιχνευτών ασφάλειας,released,skill/competence,sector-specific,,Πέρασμα συρμάτων από τα σωστά σημεία επαφής σε διάφορους αισθητήρες ασφαλείας στον πίνακα ελέγχου. Διασφάλιση της σαφήνειας και αποτελεσματικότητας του σχεδίου των καλωδιώσεων του πίνακα ελέγχου .,http://data.europa.eu/esco/skill/a7065828-10aa-4aba-b7d4-f23a30df5060,"εγκατάσταση και επισκευή εξοπλισμού ηλεκτρικού, ηλεκτρονικού και ακριβείας"
KnowledgeSkillCompetence,http://data.europa.eu/esco/skill/1ce4cddd-4a74-458e-a2d4-152ca939475a,OWASP ZAP,released,knowledge,sector-specific,,"Το ολοκληρωμένο εργαλείο δοκιμών OWASP Zed Attack Proxy (ZAP) είναι ένα εξειδικευμένο εργαλείο που δοκιμάζει τις αδυναμίες ασφάλειας των διαδικτυακών εφαρμογών, απαντώντας σε αυτοματοποιημένο σαρωτή και σε REST API.",http://data.europa.eu/esco/isced-f/0613 | http://data.europa.eu/esco/skill/de586dcf-d7e5-4340-bf5b-d59026f1b436,ανάπτυξη και ανάλυση λογισμικού και εφαρμογών | εργαλείο δοκιμής διείσδυσης
KnowledgeSkillCompetence,http://data.europa.eu/esco/skill/1d6c7de4-350e-4868-a47b-333b4b0d9650,"αξιολόγηση δεδομένων, πληροφοριών και ψηφιακού περιεχομένου",released,skill/competence,cross-sector,,"Ανάλυση, σύγκριση και κριτική αξιολόγηση της πιστότητας και της αξιοπιστίας των πηγών δεδομένων, των πληροφοριών και του ψηφιακού περιεχομένου. Ανάλυση, ερμηνεία και κριτική αξιολόγηση των δεδομένων, των πληροφοριών και του ψηφιακού περιεχομένου.",http://data.europa.eu/esco/skill/629685b8-5f9e-4522-8cff-b3e2c4ec625a | http://data.europa.eu/esco/skill/1f2950c0-ef1e-44b4-9a55-125ccd7b78af,ψηφιακή επεξεργασία δεδομένων | ανάλυση και αξιολόγηση πληροφοριών και δεδομένων
KnowledgeSkillCompetence,http://data.europa.eu/esco/skill/1d86f05e-e9cc-40ce-99d8-2b21cc71b16b,ανάπτυξη λύσης,released,knowledge,sector-specific,ανάπτυξη λύσεων | ανάπτυξη εφαρμογών | ολοκληρωμένη σχεδίαση προγραμμάτων λογισμικού | σχεδιασμός λύσεων | σχεδίαση εφαρμογών λογισμικού | εγκατάσταση  ανάπτυξη και συντήρηση χαρακτηριστικών λογισμικού,"Οι τεχνολογίες και τα πρότυπα που χρησιμοποιούνται κατά την εγκατάσταση, την ανάπτυξη και τη συντήρηση των χαρακτηριστικών του λογισμικού.",http://data.europa.eu/esco/isced-f/0612,σχεδιασμός και διαχείριση βάσεων δεδομένων και δικτύων
KnowledgeSkillCompetence,http://data.europa.eu/esco/skill/1de3942b-99d8-41e8-9ef0-fbc9e9f6307b,Drupal,released,knowledge,sector-specific,,"Το διαδικτυακό σύστημα λογισμικού ανοιχτού κώδικα, γραμμένο σε γλώσσα PHP, το οποίο χρησιμοποιείται για τη δημιουργία, την επεξεργασία, τη δημοσίευση και την αρχειοθέτηση ιστολογίων, άρθρων, ιστοσελίδων ή δελτίων Τύπου και το οποίο απαιτεί το υψηλότερο δυνατό επίπεδο τεχνικής κατανόησης των HTML, CSS και PHP.",http://data.europa.eu/esco/skill/5c66ce3a-658d-43b1-9d8d-0f39be6c0f2e | http://data.europa.eu/esco/isced-f/0613,WebCMS | ανάπτυξη και ανάλυση λογισμικού και εφαρμογών
KnowledgeSkillCompetence,http://data.europa.eu/esco/skill/1e7ed56a-6d6b-422f-962e-38543d150755,διαχείριση αλλαγών σε σύστημα ΤΠΕ,released,skill/competence,sector-specific,χειρίζομαι αλλαγές σε σύστημα ΤΠΕ· πραγματοποιώ αναβαθμίσεις συστήματος ΤΠΕ· αναβαθμίζω σύστημα ΤΠΕ | διαχειρίζομαι αναβαθμίσεις συστήματος ΤΠΕ· διαχειρίζομαι τροποποιήσεις συστημάτων ΤΠΕ,"Σχέδιο, υλοποίηση και παρακολούθηση των αλλαγών και των αναβαθμίσεων του συστήματος. Διατήρηση προηγούμενων εκδόσεων του συστήματος. Επαναφορά, εν ανάγκη, σε ασφαλή παλαιότερη έκδοση του συστήματος.",http://data.europa.eu/esco/skill/fbbcb9ab-4b95-4e57-a756-30d08b7da7a5 | http://data.europa.eu/esco/skill/71c2f41e-14de-4b23-82ad-5dbcd54ba5b0 | http://data.europa.eu/esco/skill/39499028-35bf-4d69-9275-fb98902ed88b,συντήρηση συστήματος ΤΠΕ | εγκατάσταση συστημάτων ΤΠΕ | εργασία με υπολογιστές
KnowledgeSkillCompetence,http://data.europa.eu/esco/skill/1ebc1454-b6cb-4e45-a96a-17399961ad39,διαχείριση τεχνικών συστημάτων ασφάλειας,released,skill/competence,occupation-specific,,"Επιβεβαίωση της λειτουργίας των τεχνικών συστημάτων ασφαλείας, όπως φωτογραφικών μηχανών, συσκευών ανάγνωσης καρτών εισόδου ή μηχανών ακτίνων Χ.",http://data.europa.eu/esco/skill/865ccba0-e1a2-402c-9641-d23a4acac6ea | http://data.europa.eu/esco/skill/2abfac2e-ad51-49fd-bbed-34953c95ab20 | http://data.europa.eu/esco/skill/185c56ee-098f-46a1-af87-56337085da6f,διαχείριση εξοπλισμού ασφαλείας | εποπτεία σχεδιασμού συστημάτων ασφάλειας | προστασία συσκευών τπε
KnowledgeSkillCompetence,http://data.europa.eu/esco/skill/1f0fbd17-56b7-45cd-b841-e7d9e2a5a14e,εντοπισμός ευκαιριών καινοτομίας blockchain,released,skill/competence,sector-specific,προσδιορισμός ευκαιριών καινοτομίας στον τομέα blockchain | αναγνώριση ευκαιριών καινοτομίας μέσω blockchain | ευκαιρίες καινοτομίας στον τομέα του blockchain,"Προσδιορισμός ευκαιριών καινοτομίας στον τομέα blockchain της αλυσίδας συστοιχιών μέσω της εισαγωγής λύσεων που βασίζονται στην τεχνολογία αλυσίδας συστοιχιών, εντός συγκεκριμένου τομέα, αλλά και σε όλους τους τομείς. Κατανόηση των συνεπειών των βασικών ιδιοτήτων της αλυσίδας συστοιχιών, όπως η διαφάνεια και η ασφάλεια για την προώθηση καινοτομιών.",http://data.europa.eu/esco/skill/cbe1b24e-00f3-4b17-94e9-1fcd34a11c3e,προσδιορισμός ευκαιριών
KnowledgeSkillCompetence,http://data.europa.eu/esco/skill/1f1bef0f-2484-4136-a5bf-6ed80346a671,επίλυση προβλημάτων στα τυχερά παιχνίδια με ψηφιακά μέσα,released,skill/competence,sector-specific,,"Χρήση πόρων, εργαλείων και ικανοτήτων ΤΠΕ για την επίλυση προβλημάτων που σχετίζονται με τα τυχερά παιχνίδια, τα στοιχήματα και τα λαχεία, όπως τα προβλήματα της λειτουργίας των παιχνιδιών.",http://data.europa.eu/esco/skill/5d1f71c1-fe52-4ade-b43d-5fc85ee16ad3 | http://data.europa.eu/esco/skill/0b9968af-72de-470a-98e1-2d19577443fb,διαχείριση της εκμετάλλευσης των τυχερών παιχνιδιών | επίλυση προβλημάτων πληροφορικής
KnowledgeSkillCompetence,http://data.europa.eu/esco/skill/1fa420ed-5378-4258-8d7a-9ec274dda927,χειρισμός πινάκων ελέγχου,released,skill/competence,occupation-specific,,"Χρήση πινάκων ελέγχου για τον χειρισμό μηχανισμών, όπως αυτόματες πύλες ή μηχανές.",http://data.europa.eu/esco/skill/494b8057-daf5-46a0-b33b-416e0115c30a,χρήση ψηφιακών εργαλείων για τον έλεγχο μηχανημάτων
KnowledgeSkillCompetence,http://data.europa.eu/esco/skill/1fc03dc8-0ee0-4876-83ec-86e0bfcb3876,πληθοχρηματοδότηση,released,knowledge,cross-sector,,"Η διαδικασία συγκέντρωσης χρημάτων μέσω του διαδικτύου για τη χρηματοδότηση ενός έργου ή μιας επιχείρησης, με τη χρήση ψηφιακών στρατηγικών για τη συγκέντρωση μικρών χρηματικών ποσών από μεγάλη ομάδα συνεισφερόντων.
	",http://data.europa.eu/esco/isced-f/0413,διαχείριση και διοίκηση
KnowledgeSkillCompetence,http://data.europa.eu/esco/skill/1ffac4ac-fda7-407d-8ed1-ca8f4a8dc146,Angular,released,knowledge,sector-specific,,"Οι τεχνικές και οι αρχές ανάπτυξης λογισμικού, όπως είναι η ανάλυση, οι αλγόριθμοι, η συγγραφή κώδικα, οι δοκιμές και η κατάρτιση μοντέλων προγραμματισμού σε Angular.
	",http://data.europa.eu/esco/isced-f/0613,ανάπτυξη και ανάλυση λογισμικού και εφαρμογών
KnowledgeSkillCompetence,http://data.europa.eu/esco/skill/206f5738-e91f-4390-84a2-fcb864bc11b1,χρήση εξειδικευμένων μοντέλων ηλεκτρονικού υπολογιστή για την πραγματοποίηση μετεωρολογικών προγνώσεων,released,skill/competence,cross-sector,,Δημιουργία βραχυπρόθεσμων και μακροπρόθεσμων μετεωρολογικών προγνώσεων με εφαρμογή φυσικών και μαθηματικών τύπων. Κατανόηση εξειδικευμένων εφαρμογών μοντέλων ηλεκτρονικού υπολογιστή.,http://data.europa.eu/esco/skill/d519fadd-85bf-475f-bf14-c53a0290687d,παρακολούθηση περιβαλλοντικών συνθηκών
KnowledgeSkillCompetence,http://data.europa.eu/esco/skill/20c6a2ec-ef98-4f95-8a16-c8006d9242ba,εγκατάσταση ηχητικού εξοπλισμού,released,skill/competence,sector-specific,,Εγκατάσταση εξοπλισμού για την εγγραφή του ήχου. Δοκιμή ακουστικής και προσαρμογή.,http://data.europa.eu/esco/skill/8ddcb295-707e-459c-ba6a-66ffb37835c5,χειρισμός οπτικοακουστικού εξοπλισμού
KnowledgeSkillCompetence,http://data.europa.eu/esco/skill/20c920d4-7ff7-4676-ba61-3f04490d9416,ενημέρωση για τις πιο πρόσφατες λύσεις πληροφοριακών συστημάτων,released,skill/competence,sector-specific,εξοικείωση με τις πιο πρόσφατες εφαρμογές συστημάτων πληροφοριών | προσαρμογή με τις πιο πρόσφατες λύσεις πληροφορικών συστημάτων | παρακολούθηση των πιο πρόσφατων λύσεων πληροφοριακών συστημάτων,"Συγκέντρωση των πιο πρόσφατων πληροφοριών σχετικά με υφιστάμενες λύσεις πληροφοριακών συστημάτων που ενσωματώνουν στοιχεία λογισμικού, υλισμικού και δικτύου.",http://data.europa.eu/esco/skill/9bf266a6-188b-4d17-a22f-2f266d76832b | http://data.europa.eu/esco/skill/e2a5e046-3357-493e-bbdc-8d0ef82005cc,επίδειξη βούλησης για μάθηση | παρακολούθηση των εξελίξεων στον τομέα της εμπειρογνωμοσύνης
KnowledgeSkillCompetence,http://data.europa.eu/esco/skill/20eb4c72-2a50-4a68-acb0-7e0d4559c097,σύνδεση ηλεκτρονικών συσκευών ευρείας κατανάλωσης,released,skill/competence,occupation-specific,,"Σύνδεση ηλεκτρονικών συσκευών, όπως οι τηλεοράσεις, ο εξοπλισμός ήχου και εικόνας και οι κάμερες, με το δίκτυο ηλεκτρικής ενέργειας και πραγματοποίηση εργασιών ηλεκτρική σύνδεσης ώστε να αποφεύγονται επικίνδυνες πιθανές διαφοροποιήσεις. Δοκιμή της εγκατάστασης για την ορθή λειτουργία της.",http://data.europa.eu/esco/skill/a7065828-10aa-4aba-b7d4-f23a30df5060,"εγκατάσταση και επισκευή εξοπλισμού ηλεκτρικού, ηλεκτρονικού και ακριβείας"
KnowledgeSkillCompetence,http://data.europa.eu/esco/skill/211e4a02-69a6-494e-b94a-93741e2a3a0b,αποσυναρμολόγηση κινητών συσκευών,released,skill/competence,sector-specific,αποσυναρμολόγηση φορητού εξοπλισμού | αποσυναρμολόγηση φορητών συσκευών | διαχωρισμός εξαρτημάτων κινητής συσκευής,"Αποσυναρμολόγηση κινητών συσκευών για την ανάλυση βλαβών, την πραγματοποίηση αντικατάστασης ή την ανακύκλωση εξαρτημάτων.",http://data.europa.eu/esco/skill/b4877620-c375-45f3-a678-2ddb4dae6a29 | http://data.europa.eu/esco/skill/a7065828-10aa-4aba-b7d4-f23a30df5060 | http://data.europa.eu/esco/skill/55cd5608-1497-4ed1-96d0-cb9494749a09,"επισκευή συσκευών ΤΠΕ | εγκατάσταση και επισκευή εξοπλισμού ηλεκτρικού, ηλεκτρονικού και ακριβείας | επισκευή κινητών συσκευών"
KnowledgeSkillCompetence,http://data.europa.eu/esco/skill/2164e860-7f20-48bc-b98c-5d9f8a561550,σχεδιασμός δικτύου υπολογιστών,released,skill/competence,sector-specific,οργάνωση δικτύου πληροφορικής | σχεδιασμός δικτύου ηλεκτρονικών υπολογιστών | σχεδιασμός δικτύων ΤΠΕ | ανάπτυξη ηλεκτρονικού δικτύου | σχεδιασμός δικτύων υπολογιστών | συγκρότηση δικτύων υπολογιστικών συστημάτων,"Ανάπτυξη και σχεδιασμός δικτύων ΤΠΕ, όπως δικτύων ευρείας περιοχής και τοπικών δικτύων, που συνδέουν υπολογιστές με χρήση ενσύρματων ή ασύρματων συνδέσεων και τους επιτρέπουν να ανταλλάσσουν δεδομένα και να αξιολογούν τις απαιτήσεις χωρητικότητας.",http://data.europa.eu/esco/skill/a47d194d-0ffd-4aaa-b695-fbbe0255000e | http://data.europa.eu/esco/skill/b590d4e5-7c62-4b4a-abc2-c270b482e0ce,σχεδιασμός πληροφοριακών συστημάτων | σχεδιασμός συστημάτων ή εφαρμογών τπε
KnowledgeSkillCompetence,http://data.europa.eu/esco/skill/216e5ea6-c683-4945-9f96-03483dc56d9f,επισκευή συσκευών που κλειδώνουν,released,skill/competence,occupation-specific,,"Παροχή υπηρεσιών επισκευής και αποκατάστασης βλαβών συστήματος αυτόματου ανοίγματος πόρτας, συσκευών κλεισίματος θυρών και άλλων συστημάτων ελέγχου πρόσβασης σύμφωνα με τις προδιαγραφές.",http://data.europa.eu/esco/skill/ade18380-76dc-4263-8c95-f61c0a887fc4 | http://data.europa.eu/esco/skill/a7065828-10aa-4aba-b7d4-f23a30df5060,"αντικατάσταση ελαττωματικών συσκευών | εγκατάσταση και επισκευή εξοπλισμού ηλεκτρικού, ηλεκτρονικού και ακριβείας"
KnowledgeSkillCompetence,http://data.europa.eu/esco/skill/2174c1b0-e13c-4850-8e4d-2bc6183018bf,κρυπτονόμισμα,released,knowledge,sector-specific,ψηφιακό νόμισμα | κρυπτο,"Ψηφιακό και κρυπτογραφημένο νόμισμα ή μέσο ανταλλαγής με αποκεντρωμένο δίκτυο που βασίζεται στην τεχνολογία αλυσίδας συστοιχιών, δεδομένου ότι η διαχείριση ή η διατήρηση της αξίας του κρυπτονομίσματος δεν πραγματοποιείται από κεντρικές αρχές, όπως συμβαίνει στην περίπτωση του ευρώ.
	",http://data.europa.eu/esco/isced-f/0412,"χρηματοπιστωτικά, τράπεζες και ασφαλίσεις"
KnowledgeSkillCompetence,http://data.europa.eu/esco/skill/2180bd8c-86de-4889-8165-adac902eee9d,ενσωματωμένα συστήματα,released,knowledge,sector-specific,ένθετα προγραμματικά συστήματα | προγραμματισμός ένθετων συστημάτων | αρχιτεκτονικές λογισμικού ενσωματωμένων συστημάτων | προγραμματισμός ενσωματωμένων συστημάτων | ανάπτυξη λογισμικού ενσωματωμένων συστημάτων | λογισμικό ενσωματωμένων συστημάτων,"Τα συστήματα και στοιχεία πληροφορικής με εξειδικευμένη και αυτόνομη λειτουργία μέσα σε ένα ευρύτερο σύστημα ή μηχανή, όπως ενσωματωμένα συστήματα αρχιτεκτονικής λογισμικού, τα ενσωματωμένα περιφερειακά, οι αρχές σχεδιασμού και τα εργαλεία ανάπτυξης.",http://data.europa.eu/esco/skill/d0c6d77e-cb25-4770-bf77-2073fc5f7523 | http://data.europa.eu/esco/isced-f/0714,υποδομές ΤΠΕ | ηλεκτρονική και αυτοματισμός
KnowledgeSkillCompetence,http://data.europa.eu/esco/skill/219dd03d-4168-416a-be40-f4becca55130,Engrade,released,knowledge,sector-specific,,"Το πρόγραμμα ηλεκτρονικού υπολογιστή Engrade είναι μια πλατφόρμα ηλεκτρονικής μάθησης για τη δημιουργία, τη διαχείριση, την οργάνωση, τη δημιουργία αναφορών και την παροχή ηλεκτρονικών εκπαιδευτικών μαθημάτων ή προγραμμάτων κατάρτισης.",http://data.europa.eu/esco/skill/6c80d53c-d8c9-41fe-998f-091fca208834 | http://data.europa.eu/esco/isced-f/0612,συστήματα διαχείρισης μάθησης | σχεδιασμός και διαχείριση βάσεων δεδομένων και δικτύων
KnowledgeSkillCompetence,http://data.europa.eu/esco/skill/21d2f96d-35f7-4e3f-9745-c533d2dd6e97,προγραμματισμός ηλεκτρονικών υπολογιστών,released,knowledge,cross-sector,σύνταξη υπολογιστικού προγράμματος | ανάπτυξη υπολογιστών και λογισµικού | δημιουργία υπολογιστικού προγράμματος,"Οι τεχνικές και οι αρχές ανάπτυξης λογισμικού, όπως είναι η ανάλυση, οι αλγόριθμοι, η συγγραφή κώδικα, οι δοκιμές και η κατάρτιση μοντέλων προγραμματισμού (π.χ. προγραμματισμός προσανατολισμένος στο αντικείμενο, λειτουργικός προγραμματισμός) και γλωσσών προγραμματισμού.",http://data.europa.eu/esco/isced-f/0613,ανάπτυξη και ανάλυση λογισμικού και εφαρμογών
KnowledgeSkillCompetence,http://data.europa.eu/esco/skill/21dd999b-c5cc-4cec-8a9f-33f07079c12e,εξοπλισμός εκπομπής ήχου,released,knowledge,sector-specific,,"Η χρήση και η λειτουργία εξοπλισμού εκπομπής ήχου, όπως κονσόλες εκπομπής ήχου, δρομολογητές, μικρόφωνα, διπλοί συμπιεστές και άλλα μηχανήματα.",http://data.europa.eu/esco/isced-f/0211,τεχνικές και παραγωγή οπτικοακουστικών μέσων
KnowledgeSkillCompetence,http://data.europa.eu/esco/skill/22225017-a02e-4171-8775-64c3adc87512,αυτόματη καταχώριση ενδείξεων μετρητών,released,knowledge,cross-sector,,"Οι τεχνολογίες κινητών, δικτύων και χειρός που χρησιμοποιούνται για την αυτόματη απόκτηση δεδομένων σχετικά με την κατανάλωση ενέργειας και νερού, και τη διαβίβασή τους στην κεντρική βάση δεδομένων για την αποστολή των τιμολογίων ή για τη διενέργεια αναλύσεων.",http://data.europa.eu/esco/isced-f/0612,σχεδιασμός και διαχείριση βάσεων δεδομένων και δικτύων
KnowledgeSkillCompetence,http://data.europa.eu/esco/skill/224423a6-ac6a-4b3e-be7c-e38b41f82116,χρήση συσκευών ναυσιπλοΐας,released,skill/competence,sector-specific,,"Χρήση συσκευών ναυσιπλοΐας, π.χ. πυξίδα ή εξάντα, ή βοηθήματα πλοήγησης, όπως φάρους ή σημαντήρες, ραντάρ, δορυφορικά συστήματα και συστήματα πληροφορικής, για την πλοήγηση σκαφών σε πλωτές οδούς. Εργασία με πρόσφατα διαγράμματα/χάρτες, ανακοινώσεις και δημοσιεύσεις για τον προσδιορισμό της ακριβούς θέσης ενός σκάφους.",http://data.europa.eu/esco/skill/0a88a13f-693a-4dde-b44c-22e6f98fabc6,χειρισμός εξοπλισμού επικοινωνίας
KnowledgeSkillCompetence,http://data.europa.eu/esco/skill/234aeb8d-56c3-4531-9193-1c5e6a8d16cb,χρήση λογισμικού παρουσιάσεων,released,skill/competence,cross-sector,,"Χρήση εργαλείων λογισμικού για τη δημιουργία ψηφιακών παρουσιάσεων που συνδυάζουν διάφορα στοιχεία, όπως γραφήματα, εικόνες, κείμενα και άλλα πολυμέσα.",http://data.europa.eu/esco/skill/d822b4b2-26c7-4bd9-970d-229c6504f615 | http://data.europa.eu/esco/skill/446a36a5-2376-439f-b46b-4a214ba0acdf,"δημιουργία ψηφιακού περιεχομένου | χρήση λογισμικού επεξεργασίας κειμένου, έκδοσης και παρουσίασης"
KnowledgeSkillCompetence,http://data.europa.eu/esco/skill/238343b1-7b51-42b3-a9ed-cf24d3a236e7,εντοπισμός ελλείψεων όσον αφορά την ψηφιακή ικανότητα,released,skill/competence,cross-sector,παροχή υποστήριξης για την αντιμετώπιση ελλείψεων όσον αφορά την ψηφιακή ικανότητα,"Κατανόηση των σημείων που χρήζουν βελτίωσης ή επικαιροποίησης σε ό,τι αφορά τις ψηφιακές ικανότητες ενός ατόμου. Ικανότητα παροχής υποστήριξης σε τρίτους για την ανάπτυξη των ψηφιακών τους ικανοτήτων Αναζήτηση ευκαιριών για προσωπική εξέλιξη και συνεχής ενημέρωση σχετικά με τις ψηφιακές εξελίξεις.",http://data.europa.eu/esco/skill/7e5147d1-60b1-4a68-804b-1f5cb0396b91 | http://data.europa.eu/esco/skill/54f7432d-a8b6-4ed4-a50e-9ec882320595,"επίλυση προβλημάτων με εργαλεία και εξοπλισμό της τεχνολογίας πληροφοριών και επικοινωνιών | παρακολούθηση, επιθεώρηση και δοκιμές"
KnowledgeSkillCompetence,http://data.europa.eu/esco/skill/23900e3d-06fa-424c-a5dc-c0ea42edde1e,Oracle Warehouse Builder,released,knowledge,sector-specific,,Το πρόγραμμα υπολογιστή Oracle Warehouse Builder είναι ένα εργαλείο για την ενσωμάτωση πληροφοριών από πολλαπλές εφαρμογές οι οποίες έχουν δημιουργηθεί και διατηρούνται από οργανισμούς σε μια συνεπή και διαφανή δομή δεδομένων την οποία αναπτύσσει η εταιρεία λογισμικού Oracle.,http://data.europa.eu/esco/skill/9d0d89be-bffa-4393-b6f6-8d05bea49051 | http://data.europa.eu/esco/isced-f/0612,εργαλεία φόρτωσης μετατροπής και εξαγωγής δεδομένων | σχεδιασμός και διαχείριση βάσεων δεδομένων και δικτύων
KnowledgeSkillCompetence,http://data.europa.eu/esco/skill/23b45aa6-a479-486d-9e6f-062cbab7c68a,τεχνικές διεπαφής,released,knowledge,sector-specific,τεχνικές διασύνδεσης· τεχνικές διεπικοινωνίας μεταξύ μοντέλων και συνιστωσών | μέθοδοι διασύνδεσης· τεχνικές σύνδεσης· τρόποι διασύνδεσης,Οι τεχνικές που σχετίζονται με διεπαφές μεταξύ μοντέλων και συστατικών στοιχείων.,http://data.europa.eu/esco/isced-f/0714,ηλεκτρονική και αυτοματισμός
KnowledgeSkillCompetence,http://data.europa.eu/esco/skill/23df3447-f59e-45a4-86da-78e38d07c808,μουσική και τηλεοπτική βιομηχανία,released,knowledge,cross-sector,,Οι φορείς και τα προϊόντα που διατίθενται στη μουσική και τηλεοπτική βιομηχανία.,http://data.europa.eu/esco/isced-f/0211,τεχνικές και παραγωγή οπτικοακουστικών μέσων
KnowledgeSkillCompetence,http://data.europa.eu/esco/skill/2450c3b3-e78e-435b-b84d-e05d984e71dc,μοντέλα αρχιτεκτονικής λογισμικού,released,knowledge,sector-specific,μοντελοποίηση διάταξης λογισμικού | πρότυπα διάρθρωσης λογισμικού | μοντέλα δομής λογισμικού | υποδείγματα δομής λογισμικού | μοντέλα διάρθρωσης λογισμικού,"Το σύνολο των δομών και των υποδειγμάτων που απαιτούνται για την κατανόηση ή την περιγραφή του συστήματος λογισμικού, συμπεριλαμβανομένων των στοιχείων λογισμικού, των σχέσεων μεταξύ αυτών και των ιδιοτήτων τόσο των στοιχείων όσο και των σχέσεων.",http://data.europa.eu/esco/isced-f/0611,χρήση υπολογιστών
KnowledgeSkillCompetence,http://data.europa.eu/esco/skill/24c200e5-be20-4370-a137-ab53797f3a17,περιβάλλον ανάπτυξης λογισμικού,released,knowledge,sector-specific,,Τα περιβάλλοντα ή εργαλεία ανάπτυξης λογισμικού που χρησιμοποιούνται για τη βελτίωση της αποδοτικότητας της ανάπτυξης νέων λογισμικών με την παροχή συγκεκριμένων χαρακτηριστικών που στηρίζουν και καθοδηγούν την ανάπτυξη.,http://data.europa.eu/esco/isced-f/0613,ανάπτυξη και ανάλυση λογισμικού και εφαρμογών
KnowledgeSkillCompetence,http://data.europa.eu/esco/skill/251b5528-693c-4ef9-a7f6-9924bb8d7ef8,πλαίσια αποκεντρωμένων εφαρμογών,released,knowledge,sector-specific,,"Τα διαφορετικά πλαίσια λογισμικού, καθώς και τα χαρακτηριστικά, τα πλεονεκτήματα και τα μειονεκτήματά τους, που επιτρέπουν την ανάπτυξη αποκεντρωμένων εφαρμογών σε υποδομές αλυσίδων συστοιχιών. Παραδείγματα: truffle, embark, epirus, openzeppelin κ.λπ.
	",http://data.europa.eu/esco/isced-f/0613,ανάπτυξη και ανάλυση λογισμικού και εφαρμογών
KnowledgeSkillCompetence,http://data.europa.eu/esco/skill/2522a6ce-3202-4ac8-9f5b-b9cb5a3a83a1,αποσφαλμάτωση λογισμικού,released,skill/competence,sector-specific,διόρθωση σφαλμάτων λογισμικού | διόρθωση λαθών λογισμικού,"Επισκευή του κώδικα με ανάλυση των αποτελεσμάτων των δοκιμών, εντοπισμό των ελαττωμάτων που οδηγούν το λογισμικό στην παραγωγή λανθασμένου ή απροσδόκητου αποτελέσματος και αφαίρεση αυτών των ελαττωμάτων.",http://data.europa.eu/esco/skill/a8c3186b-c791-4d57-8f4f-4d12c7a5c6a7,προγραμματισμός συστημάτων ηλεκτρονικών υπολογιστών
KnowledgeSkillCompetence,http://data.europa.eu/esco/skill/2579f843-87e8-4a9f-83ce-1284b2218b56,εποπτεία υπηρεσιών διαχείρισης αεροναυτικών πληροφοριών,released,skill/competence,sector-specific,,"Ανάληψη πολύπλοκων καθηκόντων και εκτέλεση δραστηριοτήτων βάσης δεδομένων, επιτραπέζιων συστημάτων και γεωγραφικών συστημάτων πληροφοριών μεσαίου και υψηλού επιπέδου, με σκοπό την ανάπτυξη ποιοτικών συνόλων δεδομένων και δημοσιεύσεων αεροναυτικής.
	",http://data.europa.eu/esco/skill/7e8c17fd-3299-4c5a-b67c-32f516364662 | http://data.europa.eu/esco/skill/6a7fc30d-af16-4cc5-a957-29d174bdb61c,"αξιολόγηση ποιότητας υπηρεσιών | διαχείριση, συλλογή και αποθήκευση ψηφιακών δεδομένων"
KnowledgeSkillCompetence,http://data.europa.eu/esco/skill/258d3de5-60fd-4336-aa7e-7700b64f5ed5,καταγραφή κίνησης,released,knowledge,sector-specific,,Η διαδικασία και οι τεχνικές για την αποτύπωση της κίνησης ανθρώπων-ηθοποιών με σκοπό τη δημιουργία και την απεικόνιση ψηφιακών χαρακτήρων που θα φαίνονται και θα κινούνται όσο το δυνατόν περισσότερο όπως οι άνθρωποι.,http://data.europa.eu/esco/isced-f/0211,τεχνικές και παραγωγή οπτικοακουστικών μέσων
KnowledgeSkillCompetence,http://data.europa.eu/esco/skill/25b291b5-8245-4d9d-b391-86a8a31d7109,χρήση παράλληλου προγραμματισμού,released,skill/competence,sector-specific,χρήση ταυτόχρονων διαδικασιών προγραμματισμού | εφαρμογή παράλληλου προγραμματισμού | χρήση συντρέχοντα προγραμματισμού | διενέργεια παράλληλων διαδικασιών προγραμματισμού | διεξαγωγή εργασιών ταυτόχρονου προγραμματισμού,"Χρήση ειδικών εργαλείων ΤΠΕ για τη δημιουργία προγραμμάτων που μπορούν να εκτελούν παράλληλες λειτουργίες, διαχωρίζοντας τα προγράμματα σε παράλληλες διαδικασίες και, αφού γίνουν οι υπολογισμοί, συνδυάζοντας τα αποτελέσματα.",http://data.europa.eu/esco/skill/a8c3186b-c791-4d57-8f4f-4d12c7a5c6a7,προγραμματισμός συστημάτων ηλεκτρονικών υπολογιστών
KnowledgeSkillCompetence,http://data.europa.eu/esco/skill/25df422a-bf0a-4f76-8631-d0be91cb8751,μηχανική συστημάτων βάσει μοντέλου,released,knowledge,cross-sector,MBSE,"Η μηχανική συστημάτων βάσει μοντέλου (MBSE) είναι μια μεθοδολογία για τη μηχανική συστημάτων που χρησιμοποιεί την οπτική μοντελοποίηση ως το κύριο μέσο διαβίβασης πληροφοριών. Επικεντρώνεται στη δημιουργία και την αξιοποίηση μοντέλων τομέων ως πρωταρχικών μέσων ανταλλαγής πληροφοριών μεταξύ μηχανικών και υπομηχανικών, και όχι στην ανταλλαγή πληροφοριών βάσει εγγράφων. Ως εκ τούτου, εξαλείφει τη διαβίβαση περιττών πληροφοριών με βάση αφηρημένα μοντέλα που διατηρούν μόνο τα σχετικά δεδομένα.
	",http://data.europa.eu/esco/isced-f/0710,κλάδοι μηχανικής και συναφή επαγγέλματα που δεν προσδιορίζονται περαιτέρω.
KnowledgeSkillCompetence,http://data.europa.eu/esco/skill/25ee43a8-f9b0-4990-96cf-eabe627ff0cc,χρήση λογισμικού διαχείρισης μίσθωσης,released,skill/competence,occupation-specific,,"Χρήση λογισμικού διαχείρισης μίσθωσης για την παρακολούθηση πτυχών της επιχείρησης, όπως τα οικονομικά, τα μισθώματα και οι λογαριασμοί.",http://data.europa.eu/esco/skill/6a7fc30d-af16-4cc5-a957-29d174bdb61c,"διαχείριση, συλλογή και αποθήκευση ψηφιακών δεδομένων"
KnowledgeSkillCompetence,http://data.europa.eu/esco/skill/25f0ea33-b4a2-4f31-b7b4-7d20e827b180,εξόρυξη δεδομένων,released,knowledge,sector-specific,εξαγωγή δεδομένων | εξεύρεση πληροφοριών από βάσεις δεδομένων | εξόρυξη πληροφοριών | εξόρυξη στοιχείων,"Οι μέθοδοι τεχνητής νοημοσύνης, μηχανικής μάθησης, στατιστικής και βάσεων δεδομένων που χρησιμοποιούνται για την εξόρυξη περιεχομένου από ένα σύνολο δεδομένων.",http://data.europa.eu/esco/isced-f/0612,σχεδιασμός και διαχείριση βάσεων δεδομένων και δικτύων
KnowledgeSkillCompetence,http://data.europa.eu/esco/skill/2672f6a9-1e70-43c5-859d-e6a0fc9ea0f1,συστήματα ελέγχου πτήσεων αεροσκαφών,released,knowledge,sector-specific,συστήματα που χρησιμοποιούνται για τον έλεγχο της πτήσης αεροσκαφών | συστήματα ελέγχου πτήσης αεροσκαφών | συστήματα που χρησιμοποιούνται για τον έλεγχο της πτήσης των αεροσκαφών,"Η ρύθμιση, τα χαρακτηριστικά και η λειτουργία των συστημάτων ελέγχου πτήσης του αεροσκάφους, όπως επιφάνειες ελέγχου πτήσης, χειριστήρια θαλάμου διακυβέρνησης, συνδέσεις και μηχανισμοί λειτουργίας που απαιτούνται για τον έλεγχο της κατεύθυνσης πτήσης αεροσκάφους.",http://data.europa.eu/esco/isced-f/1041,υπηρεσίες μεταφορών
KnowledgeSkillCompetence,http://data.europa.eu/esco/skill/26ca7ed6-80a7-47e3-92f5-6e6016adeb95,καθορισμός των προφίλ χρωμάτων,released,skill/competence,sector-specific,,Διατήρηση σταθερής παραγωγής χρώματος σε έγχρωμους ψηφιακούς εκτυπωτές και εκτυπωτές ψεκασμού μελάνης με τη διεξαγωγή διαδικασιών βαθμονόμησης και τη διασφάλιση της ακρίβειας των χρωματικών προφίλ για τους εκτυπωτές.,http://data.europa.eu/esco/skill/dcb9c446-bb08-44de-89b6-851ac2903eaf,χειρισμός εξοπλισμού παραγωγής φωτογραφικού και τυπογραφικού υλικού
KnowledgeSkillCompetence,http://data.europa.eu/esco/skill/26fa7a33-a426-4cd5-9792-33bf668612e1,LESS,released,knowledge,sector-specific,,"Η γλώσσα πληροφορικής LESS είναι μια γλώσσα φύλλων μοντέλων για την παρουσίαση δομημένων εγγράφων. Τα έγγραφα αυτά πρέπει να ακολουθούν τη δομή των φύλλων μοντέλων, ένα σύνολο υφολογικών κανόνων όπως η γραμματοσειρά, το χρώμα και η διάταξη.",http://data.europa.eu/esco/skill/c2999f0c-eb37-4cdf-b9b0-82107b628794 | http://data.europa.eu/esco/isced-f/0612,γλώσσες μορφοποίησης σελίδων | σχεδιασμός και διαχείριση βάσεων δεδομένων και δικτύων
KnowledgeSkillCompetence,http://data.europa.eu/esco/skill/27065048-bca8-4b0a-891a-b192b9ceadfd,λογισμικό παραγωγής εξαρτημάτων με τη βοήθεια υπολογιστή,released,knowledge,sector-specific,λογισμικό CAM,"Διάφορα εργαλεία παραγωγής με τη βοήθεια ηλεκτρονικού υπολογιστή (CAM) για τον έλεγχο μηχανημάτων και εργαλειομηχανών κατά τη δημιουργία, τροποποίηση, ανάλυση ή βελτιστοποίηση στο πλαίσιο των διαδικασιών κατασκευής εξαρτημάτων.",http://data.europa.eu/esco/isced-f/0613,ανάπτυξη και ανάλυση λογισμικού και εφαρμογών
KnowledgeSkillCompetence,http://data.europa.eu/esco/skill/27ad6528-0914-4049-87c0-2f05791d0e2e,σχεδιασμός συστήματος οικιακού αυτοματισμού σε κτίρια,released,skill/competence,sector-specific,σχεδιασμός ενός συστήματος domotic σε κτίρια nzeb | μηχανικός ενός συστήματος domotic σε κτίρια κατοικιών nzeb,"Σχεδιασμός ολοκληρωμένου συστήματος οικιακού αυτοματισμού για κτίρια, λαμβανομένου υπόψη κάθε επιλεγμένου στοιχείου. Στάθμιση και εξισορρόπηση μεταξύ των στοιχείων και των συστημάτων που θα πρέπει να περιλαμβάνονται στον οικιακό αυτοματισμό, καθώς και εξέταση εκείνων που είναι λιγότερο χρήσιμο να συμπεριληφθούν, σε σχέση με την εξοικονόμηση ενέργειας.
	",http://data.europa.eu/esco/skill/39fa260c-4f85-48e3-83ce-e292e696c233,σχεδιασμός ηλεκτρικών ή ηλεκτρονικών συστημάτων ή εξοπλισμού
KnowledgeSkillCompetence,http://data.europa.eu/esco/skill/27aedf16-e2e9-419d-9ad8-1c3100e0e941,επιτήρηση της ομάδας επεξεργασίας βίντεο και κινηματογραφικών ταινιών,released,skill/competence,sector-specific,,Επιτήρηση των καλλιτεχνών πολυμέσων και άλλων μελών της ομάδας επεξεργασίας βίντεο και κινηματογραφικών ταινιών για να εξασφαλιστεί η έγκαιρη επεξεργασία σύμφωνα με το δημιουργικό όραμα της ομάδας παραγωγής.,http://data.europa.eu/esco/skill/75d8e5d9-bef3-418b-9011-01bff9f27207 | http://data.europa.eu/esco/skill/aab9f44d-fe0e-46d8-a470-11ce82a64846 | http://data.europa.eu/esco/skill/1f1d2ff8-c4c1-45cc-9812-6a7ee84a73cb,καθοδήγηση άλλων ατόμων | εποπτεία ομάδας | καθοδήγηση ομάδας
KnowledgeSkillCompetence,http://data.europa.eu/esco/skill/27b913f0-3c52-448b-ad27-fc6ef08fb326,Adobe Illustrator,released,knowledge,sector-specific,,Το πρόγραμμα ηλεκτρονικού υπολογιστή Adobe Illustrator CC είναι ένα γραφικό εργαλείο ΤΠΕ που επιτρέπει την ψηφιακή επεξεργασία και τη σύνθεση των γραφικών για την παραγωγή γραφικών σκιαγράφησης 2D και γραφικών διανύσματος 2D. Αναπτύσσεται από την εταιρεία λογισμικού Adobe.,http://data.europa.eu/esco/isced-f/0611 | http://data.europa.eu/esco/skill/a71577b2-7550-4222-88ee-dcbd2d881516,χρήση υπολογιστών | λογισμικό επεξεργασίας γραφικών
KnowledgeSkillCompetence,http://data.europa.eu/esco/skill/27ddcef9-8522-4699-b0e6-2e2b10fd6d13,δημιουργία εκστρατείας πληθοχρηματοδότησης,released,skill/competence,cross-sector,,"Δημιουργία ψηφιακής δραστηριότητας συγκέντρωσης κεφαλαίων για ένα έργο, με τη χρήση πλατφορμών πληθοχρηματοδότησης. Περιλαμβάνεται η δημιουργία προφίλ σε πλατφόρμα πληθοχρηματοδότησης, η δημιουργία πειστικών βίντεο σχετικά με το έργο, η παρουσίαση των στόχων της εκστρατείας, η παρακολούθηση του προϋπολογισμού, η επαφή με τους χορηγούς, η χρήση μέσων κοινωνικής δικτύωσης κ.λπ.
	",http://data.europa.eu/esco/skill/1d4be2e3-ac64-426f-838d-1e7cb8600927,διοικητικές δεξιότητες
KnowledgeSkillCompetence,http://data.europa.eu/esco/skill/2857540c-180b-4208-9127-e94a01871966,ευθυγράμμιση του λογισμικού με την αρχιτεκτονική του συστήματος,released,skill/competence,sector-specific,προσαρμογή του σχεδιασμού του συστήματος και των τεχνικών προδιαγραφών με την αρχιτεκτονική λογισμικού | εναρμόνιση λογισμικού με την αρχιτεκτονική του συστήματος | προσαρμογή του λογισμικου με αρχιτεκτονικές συστήματος,"Εναρμόνιση του συστήματος σχεδιασμού και των τεχνικών προδιαγραφών με την αρχιτεκτονική του λογισμικού, ώστε να εξασφαλίζεται η ενσωμάτωση και η διαλειτουργικότητα μεταξύ των μερών του συστήματος.",http://data.europa.eu/esco/skill/f839b1da-78b6-4466-86f4-a5798821ea20,εγκατάσταση συστημάτων πληροφορικής
KnowledgeSkillCompetence,http://data.europa.eu/esco/skill/2879e8f6-037a-49ed-ba73-6f7d7766223e,συστήματα παρακολούθησης της σπατάλης τροφίμων,released,knowledge,sector-specific,,"Τα χαρακτηριστικά, τα οφέλη και οι τρόποι χρήσης ψηφιακών εργαλείων για τη συλλογή, παρακολούθηση και αξιολόγηση δεδομένων σχετικά με τη σπατάλη τροφίμων σε έναν οργανισμό ή μια επιχείρηση στον τομέα της φιλοξενίας.
	",http://data.europa.eu/esco/isced-f/0612,σχεδιασμός και διαχείριση βάσεων δεδομένων και δικτύων
KnowledgeSkillCompetence,http://data.europa.eu/esco/skill/2891f0dc-4426-4a9a-8fbb-db4fb0a66f91,Nessus,released,knowledge,sector-specific,,Το πρόγραμμα ηλεκτρονικού υπολογιστή Nessus είναι ένα εξειδικευμένο εργαλείο ΤΠΕ το οποίο ελέγχει τα τρωτά σημεία ασφάλειας του συστήματος για ενδεχόμενη μη εξουσιοδοτημένη πρόσβαση σε πληροφορίες του συστήματος. Έχει αναπτυχθεί από την εταιρεία λογισμικού Tenable Network Security.,http://data.europa.eu/esco/isced-f/0613 | http://data.europa.eu/esco/skill/de586dcf-d7e5-4340-bf5b-d59026f1b436,ανάπτυξη και ανάλυση λογισμικού και εφαρμογών | εργαλείο δοκιμής διείσδυσης
KnowledgeSkillCompetence,http://data.europa.eu/esco/skill/28a0fe16-4e03-4d5e-8f0e-5198309e77a9,φύλαξη ψηφιακών συσκευών για δικαστικούς σκοπούς,released,skill/competence,occupation-specific,διατηρώ την ακεραιότητα ψηφιακών συσκευών για κάθε νόμιμο σκοπό | φυλάσσω ψηφιακές συσκευές για νομικούς σκοπούς | διατηρώ ψηφιακές συσκευές για δικαστικούς σκοπούς | φυλάσσω ψηφιακές συσκευές για νόμιμους σκοπούς,"Διαφύλαξη της ακεραιότητας των συσκευών ΤΠΕ, όπως οι φορητοί υπολογιστές, οι επιτραπέζιοι υπολογιστές και άλλα ψηφιακά μέσα, με τη φυσική τους αποθήκευση και με τη χρήση λογισμικού, όπως του PTK Forensics και του EnCase, για την ανάκτηση, την αποθήκευση και την ανίχνευση ψηφιακών πληροφοριών με νόμιμο τρόπο ώστε να μπορούν να χρησιμοποιούνται ως αποδεικτικά στοιχεία σε εύθετο χρόνο.",http://data.europa.eu/esco/skill/6a7fc30d-af16-4cc5-a957-29d174bdb61c,"διαχείριση, συλλογή και αποθήκευση ψηφιακών δεδομένων"
KnowledgeSkillCompetence,http://data.europa.eu/esco/skill/28b7d7fb-0483-4877-9aaa-f990f10f16f5,χειρισμός συστημάτων αναγνώρισης φωνής,released,skill/competence,sector-specific,,"Χειρισμός συστημάτων αναγνώρισης φωνής εφαρμόζοντας διάφορες μεθόδους αναγνώρισης, εργασία χρησιμοποιώντας φωνητικές οδηγίες και εντολές μέσω ακουστικών και μικροφώνου.",http://data.europa.eu/esco/skill/485b2e3b-f883-46d8-901f-ab521d4f8e58,διαλογή υλικών ή προϊόντων
KnowledgeSkillCompetence,http://data.europa.eu/esco/skill/28eb4689-3ba4-47a1-96b0-34a60751ea17,σχεδιασμός υποδομών για επιφανειακές εξορύξεις,released,skill/competence,occupation-specific,,Παροχή βοήθειας για τον σχεδιασμό της υποδομής ορυχείων με τη χρήση εξειδικευμένου λογισμικού υπολογιστών και υπολογισμών δεδομένων.,http://data.europa.eu/esco/skill/b2c688b0-9106-466d-8b88-eafdfe608e7d,σχεδιασμός δομών ή εγκαταστάσεων
KnowledgeSkillCompetence,http://data.europa.eu/esco/skill/2962214b-cc38-4d20-aa8b-aa120091d743,κατάρτιση σχεδίου προώθησης πωλήσεων για εκθέσεις,released,skill/competence,cross-sector,,"Ανάπτυξη σχεδίου προώθησης για επερχόμενες εκθέσεις, σχεδιασμός και διανομή αφισών, φυλλαδίων και καταλόγων, εξέταση ιδεών με φωτογράφους, γραφίστες και τυπογράφους, σύνταξη άρθρων για ηλεκτρονικά και έντυπα μέσα, ενημέρωση ιστότοπου και μέσων κοινωνικής δικτύωσης.",http://data.europa.eu/esco/skill/9c6e951f-aa88-4890-983d-e7a6ee49f5bb | http://data.europa.eu/esco/skill/37272760-957a-4c34-b4f3-780ee285334d,"σχεδιασμός εκστρατείας προώθησης πωλήσεων | ανάπτυξη σχεδίων χρηματοoικονομικών, επιχειρηματικών ή εμπορικής προώθησης"
KnowledgeSkillCompetence,http://data.europa.eu/esco/skill/296f6b56-de45-4aac-aa96-43e4a4864724,αρχιτεκτονική της αλυσίδας συστοιχιών (blockchain),released,knowledge,sector-specific,αρχιτεκτονική αλυσίδα blockchain | δομή blockchain,"Η σχεδιαστική δομή ενός διομότιμου δικτύου υπολογιστών που λειτουργεί ως δίκτυο παρασκηνίου για συστήματα και εφαρμογές. Το δίκτυο είναι κατασκευασμένο ως εικονική μηχανή χωρίς κεντρικό σύστημα που διαχειρίζεται τις αλληλεπιδράσεις μεταξύ των κόμβων.
	",http://data.europa.eu/esco/isced-f/0612,σχεδιασμός και διαχείριση βάσεων δεδομένων και δικτύων
KnowledgeSkillCompetence,http://data.europa.eu/esco/skill/2973b3bc-5893-4b3d-8953-22ef677a162f,τεχνολογίες κοπής,released,knowledge,cross-sector,,"Η ποικιλία των τεχνολογιών κοπής, όπως είναι το λογισμικό ή η μηχανολογία, οι οποίες καθοδηγούν τις διεργασίες κοπής με λέιζερ, πριονίσματος, άλεσης κ.λπ.",http://data.europa.eu/esco/isced-f/0711,χημική μηχανική και διαδικασίες
KnowledgeSkillCompetence,http://data.europa.eu/esco/skill/29fb0fb5-dfc4-4098-ac9b-3a712000f48f,διαχείριση της βάσης δεδομένων,released,skill/competence,cross-sector,επιλαμβάνομαι της διαχείρισης της βάσης δεδομένων | εφαρμόζω τη θεωρία της βάσης δεδομένων | διαχειρίζομαι βάσεις δεδομένων | διαχειρίζομαι το απόθεμα δεδομένων | αναλαμβάνω τη διαχείριση της βάσης δεδομένων,"Εφαρμογή σχεδίων και μοντέλων σχεδιασμού βάσεων δεδομένων, καθορισμός εξαρτήσεων δεδομένων, χρήση γλωσσών ερωτημάτων και συστημάτων διαχείρισης βάσεων δεδομένων (DBMS) για την ανάπτυξη και διαχείριση βάσεων δεδομένων.",http://data.europa.eu/esco/skill/32c017fd-28ab-4051-bf68-74de952c2f77,διαχείριση πληροφοριών
KnowledgeSkillCompetence,http://data.europa.eu/esco/skill/2a051ae0-e42e-4733-8bb2-de24c4d5e3b8,ζωντανή κάλυψη σημαντικών αθλητικών γεγονότων στο διαδίκτυο,released,skill/competence,sector-specific,,"«Ζωντανή» ηλεκτρονική κάλυψη ή ενημέρωση ιστολογίου σε πραγματικό χρόνο κατά την κάλυψη σημαντικών γεγονότων — ένας αναπτυσσόμενος τομέας εργασίας, ιδίως σε εθνικές εφημερίδες.",http://data.europa.eu/esco/skill/be6ab363-3de1-427f-a8ef-85d5b0250822 | http://data.europa.eu/esco/skill/609a8ac1-9d29-4237-9886-596dbbe7ca8a | http://data.europa.eu/esco/skill/6e62e776-fbfa-486c-a6df-58cd239c86fe,αναφορά γεγονότων | ομιλία σε κοινό | τεχνική ή επιστημονική συγγραφή
KnowledgeSkillCompetence,http://data.europa.eu/esco/skill/2a3a96a3-709e-4d60-81f6-d247d6933f13,διαχείριση της ασφάλειας συστήματος,released,skill/competence,sector-specific,εφαρμογή μέτρων για την ασφάλεια πληροφοριών | διαχείριση της ασφάλεια πληροφοριών | οργάνωση της ασφάλειας πληροφοριών,Ανάλυση των κρίσιμων στοιχείων ενεργητικού μιας εταιρείας και εντοπισμός των αδυναμιών και των τρωτών σημείων που οδηγούν σε παρείσφρηση ή επίθεση. Εφαρμογή τεχνικών ανίχνευσης για σκοπούς ασφάλειας. Κατανόηση των τεχνικών των επιθέσεων στον κυβερνοχώρο και εφαρμογή αποτελεσματικών αντιμέτρων.,http://data.europa.eu/esco/skill/185c56ee-098f-46a1-af87-56337085da6f,προστασία συσκευών τπε
KnowledgeSkillCompetence,http://data.europa.eu/esco/skill/2a69d6a0-b90f-4d50-bef8-a05d6704575d,χρήση λογισμικού μέσων,released,skill/competence,occupation-specific,,"Χρήση κυρίως λογισμικού οπτικού προγραμματισμού, όπως λογισμικού ήχου, φωτισμού, εικόνας, λήψης, ελέγχου κίνησης, χαρτογράφησης υπεριώδους ακτινοβολίας, επαυξημένης πραγματικότητας, εικονικής πραγματικότητας ή προβολής 3D. Το λογισμικό αυτό θα μπορούσε να χρησιμοποιηθεί, για παράδειγμα, σε εφαρμογές τεχνών του θεάματος και εκδηλώσεων.
	",http://data.europa.eu/esco/skill/c53a55a1-8b2b-4d2c-b12d-626742a3833a,χρήση ψηφιακών εργαλείων για την επεξεργασία ήχου και εικόνας
KnowledgeSkillCompetence,http://data.europa.eu/esco/skill/2af29864-c941-40a5-ae7b-2b6c4b92c0d7,αναγνώριση της ομιλίας,released,knowledge,sector-specific,,"Η ανάπτυξη στον τομέα της πληροφορικής, όπου η φωνή μπορεί να αναγνωριστεί από μηχανές και να παρουσιαστούν τα αποτελέσματα του προφορικού λόγου ή της εντολής.",http://data.europa.eu/esco/isced-f/0232,φιλολογία και γλωσσολογία
KnowledgeSkillCompetence,http://data.europa.eu/esco/skill/2afb2b59-c9a3-4cf3-b1dd-1a2fad51e583,3-διάστατη εκτύπωση,released,knowledge,sector-specific,διαδικασίας εκτύπωσης 3Δ | τεχνολογία τρισδιάστατης εκτύπωσης | διαδικασία τρισδιάστατης εκτύπωσης | τεχνικές αναπαραγωγής τρισδιάστατων στοιχείων | διαδικασία εκτύπωσης τριών διαστάσεων,Η διαδικασία αναπαραγωγής αντικειμένων 3D με χρήση τεχνολογιών εκτύπωσης 3D.,http://data.europa.eu/esco/skill/99981dbd-6f0f-495d-a67f-20ad0f9ef6f3 | http://data.europa.eu/esco/skill/a507f45d-0894-4803-b1cd-9ca7f15c9299 | http://data.europa.eu/esco/isced-f/0211,μέσα εκτύπωσης | διαδικασίες παραγωγής εντύπων | τεχνικές και παραγωγή οπτικοακουστικών μέσων
KnowledgeSkillCompetence,http://data.europa.eu/esco/skill/2b24cbb7-f94e-43c1-8377-138f80ad5c19,ανάπτυξη λογισμικού μεταφραστικής μνήμης,released,skill/competence,sector-specific,,Ανάπτυξη και βελτίωση λογισμικού μεταφραστικής μνήμης για την ανάκτηση ισοδύναμων κειμένων στόχων σε υφιστάμενες βάσεις δεδομένων κατά τη μετάφραση από μία γλώσσα σε άλλη.,http://data.europa.eu/esco/skill/a8c3186b-c791-4d57-8f4f-4d12c7a5c6a7,προγραμματισμός συστημάτων ηλεκτρονικών υπολογιστών
KnowledgeSkillCompetence,http://data.europa.eu/esco/skill/2b285a57-4add-453e-af5d-3d986a65c8fe,χρησιμοποίηση τεχνολογίας ενοποίησης πληροφορικής-τηλεφωνίας,released,skill/competence,sector-specific,χρησιμοποιώ συστήματα ενοποίησης πληροφορικής-τηλεφωνίας | χρησιμοποιώ σύστημα ολοκλήρωσης τηλεφωνίας και Η/Υ | υλοποιώ ολοκλήρωση τηλεφωνίας-υπολογιστών | εκτελώ ενοποίηση πληροφορικής-τηλεφωνίας | θέτω σε εφαρμογή λογισμικά CTI,Χρήση τεχνολογίας που επιτρέπει την αλληλεπίδραση μεταξύ τηλεφώνου και υπολογιστή. Δυνατότητα υπηρεσιών κλήσεων απευθείας από το περιβάλλον υπολογιστή.,http://data.europa.eu/esco/skill/4d6a48ae-352e-4823-bc3a-3f3e9e2cae86,πρόσβαση και ανάλυση ψηφιακών δεδομένων
KnowledgeSkillCompetence,http://data.europa.eu/esco/skill/2b34764d-637c-48f5-aa70-31e15c965db6,ανάπτυξη λογισμικού ανοικτού κώδικα,released,skill/competence,sector-specific,,"Χειρισμός και παραγωγή λογισμικού ανοικτού κώδικα. Εξοικείωση με τα κύρια μοντέλα ανοικτού κώδικα τα συστήματα αδειοδότησης και τις πρακτικές κωδικοποίησης που εφαρμόζονται συνήθως κατά την παραγωγή λογισμικού ανοικτού κώδικα.
	",http://data.europa.eu/esco/skill/a8c3186b-c791-4d57-8f4f-4d12c7a5c6a7,προγραμματισμός συστημάτων ηλεκτρονικών υπολογιστών
KnowledgeSkillCompetence,http://data.europa.eu/esco/skill/2b34a99f-9813-4c91-9509-b6b9b8c3132e,συνεργασία μέσω ψηφιακών τεχνολογιών,released,skill/competence,cross-sector,,Χρήση ψηφιακών εργαλείων και τεχνολογιών για συνεργατικές διαδικασίες και για συγκατασκευή και συνδημιουργία πόρων και γνώσεων.,http://data.europa.eu/esco/skill/574257ea-7b64-4100-b7b6-e27c233fe143 | http://data.europa.eu/esco/skill/98fb499f-9155-412d-a8a0-95ba97126fec,ψηφιακή επικοινωνία και συνεργασία | χρήση ψηφιακών εργαλείων για συνεργασία και παραγωγικότητα
KnowledgeSkillCompetence,http://data.europa.eu/esco/skill/2b544b2c-f22d-40e6-8578-3cb65554643a,ηλεκτρονικό κλείδωμα,released,knowledge,occupation-specific,,"Συστήματα ασφάλισης που λειτουργούν με ηλεκτρικό ρεύμα. Η ενεργοποίηση του ηλεκτρονικού κλειδώματος γίνεται με κινητήρες, πηνία ή μαγνήτες. Συχνά, το ηλεκτρονικό κλείδωμα έχει σύστημα ελέγχου πρόσβασης και απαιτεί πιστοποίηση ταυτότητας, όπως κωδικούς πρόσβασης, δακτυλικά αποτυπώματα ή κάρτες μικροτσίπ.",http://data.europa.eu/esco/isced-f/0716,"αυτοκίνητα οχήματα, πλοία και αεροσκάφη"
KnowledgeSkillCompetence,http://data.europa.eu/esco/skill/2b6bc32d-c60d-435b-931f-79bd3404f8b9,χρήση συστημάτων καταγραφής για ζωντανές παραστάσεις,released,skill/competence,occupation-specific,,"Χρήση εξοπλισμού και λογισμικού για την παρακολούθηση κινήσεων και άλλων φυσικών φαινομένων μέσω ανάλυσης εικόνων, κωδικοποιητών ή αισθητήρων για την παραγωγή σημάτων ελέγχου για εφαρμογές τεχνών του θεάματος και εκδηλώσεων.
	",http://data.europa.eu/esco/skill/c53a55a1-8b2b-4d2c-b12d-626742a3833a,χρήση ψηφιακών εργαλείων για την επεξεργασία ήχου και εικόνας
KnowledgeSkillCompetence,http://data.europa.eu/esco/skill/2b7a79e5-84d8-4880-be66-3d9bb05bea17,χρησιμοποίηση προτύπων σχεδίασης λογισμικού,released,skill/competence,sector-specific,χρησιμοποιώ βέλτιστες πρακτικές ανάπτυξης λογισμικού | υλοποιώ βέλτιστα σχέδια ανάπτυξης λογισμικού | εφαρμόζω πρότυπα σχεδίασης λογισμικού | θέτω σε εφαρμογή μοτίβα σχεδίασης λογισμικού | χρησιμοποιώ μοτίβα σχεδίασης λογισμικού,"Χρήση επαναχρησιμοποιούμενων λύσεων, τυποποιημένων βέλτιστων πρακτικών για την επίλυση κοινών καθηκόντων ανάπτυξης ΤΠΕ στον τομέα της ανάπτυξης και του σχεδιασμού λογισμικού.",http://data.europa.eu/esco/skill/3bddfd7c-ab6d-40c2-883d-5e97fb7640ba | http://data.europa.eu/esco/skill/b590d4e5-7c62-4b4a-abc2-c270b482e0ce,ανάπτυξη λογισμικού | σχεδιασμός συστημάτων ή εφαρμογών τπε
KnowledgeSkillCompetence,http://data.europa.eu/esco/skill/2b834a98-14ff-47e1-8aef-cf8ffae912fa,συλλογή δεδομένων χαρτογράφησης,released,skill/competence,cross-sector,,Συλλογή και διατήρηση πόρων χαρτογράφησης και δεδομένων χαρτογράφησης.,http://data.europa.eu/esco/skill/29dcc31e-a8d6-4a62-b3c1-2de81e966e39,συγκέντρωση πληροφοριών από φυσικές ή ηλεκτρονικές πηγές
KnowledgeSkillCompetence,http://data.europa.eu/esco/skill/2b92a5b2-6758-4ee3-9fb4-b6387a55cc8f,διενέργεια ανάλυσης δεδομένων,released,skill/competence,cross-sector,,"Συλλογή δεδομένων και στατιστικών στοιχείων για δοκιμή και αξιολόγηση, με σκοπό την παραγωγή ισχυρισμών και προβλέψεων μοτίβων, με σκοπό την ανακάλυψη χρήσιμων πληροφοριών κατά τη διαδικασία λήψης αποφάσεων.",http://data.europa.eu/esco/skill/6a7fc30d-af16-4cc5-a957-29d174bdb61c,"διαχείριση, συλλογή και αποθήκευση ψηφιακών δεδομένων"
KnowledgeSkillCompetence,http://data.europa.eu/esco/skill/2bde42ae-e776-41c1-9ded-b07b30bfe985,Prolog (προγραμματισμός ηλεκτρονικών υπολογιστών),released,knowledge,sector-specific,,"Οι τεχνικές και οι αρχές ανάπτυξης λογισμικού, όπως είναι η ανάλυση, οι αλγόριθμοι, η συγγραφή κώδικα, οι δοκιμές και η κατάρτιση μοντέλων προγραμματισμού σε Prolog.",http://data.europa.eu/esco/skill/21d2f96d-35f7-4e3f-9745-c533d2dd6e97 | http://data.europa.eu/esco/isced-f/0613,προγραμματισμός ηλεκτρονικών υπολογιστών | ανάπτυξη και ανάλυση λογισμικού και εφαρμογών
KnowledgeSkillCompetence,http://data.europa.eu/esco/skill/2c28fc20-8a60-4311-8899-5ef8729c05b3,σχεδιασμός διαδικασίας,released,skill/competence,cross-sector,σχεδιασμός διεργασίας,"Προσδιορισμός των απαιτήσεων σχετικά με τη ροή εργασίας και τους πόρους για μια συγκεκριμένη διαδικασία, με τη χρήση ποικίλων εργαλείων όπως λογισμικό προσομοίωσης διαδικασιών, μοντέλα διαγραμμάτων ροής και μοντέλα κλίμακας.",http://data.europa.eu/esco/skill/883eab8c-d8a6-4e8b-9b11-7d9001e172ab,σχεδιασμός συστημάτων και προϊόντων
KnowledgeSkillCompetence,http://data.europa.eu/esco/skill/2c4e11ef-da18-4e19-816b-e6bc19e12424,χρησιμοποίηση λογικού προγραμματισμού,released,skill/competence,sector-specific,εφαρμόζω λογικό προγραμματισμό | εφαρμόζω λογικό κύκλωμα σε προγράμματα | χρησιμοποιώ λογικά προγράμματα | εκτελώ λογικό προγραμματισμό | χρησιμοποιώ λογικά συστήματα,"Χρήση εξειδικευμένων εργαλείων ΤΠΕ για τη δημιουργία κώδικα ηλεκτρονικών υπολογιστών που αποτελείται από σειρά φράσεων σε λογική μορφή, εκφράζοντας κανόνες και γεγονότα σχετικά με κάποιον τομέα προβλημάτων. Χρήση γλωσσών προγραμματισμού που υποστηρίζουν αυτή τη μέθοδο, όπως η Prolog, η Answer Set Programming και η Datalog.",http://data.europa.eu/esco/skill/a8c3186b-c791-4d57-8f4f-4d12c7a5c6a7,προγραμματισμός συστημάτων ηλεκτρονικών υπολογιστών
KnowledgeSkillCompetence,http://data.europa.eu/esco/skill/2d6d4784-0992-48e7-b100-22d7229b3f0a,μετάφραση απαιτήσεων σε οπτικό σχέδιο,released,skill/competence,cross-sector,μετάφραση προδιαγραφών ιδεών σε οπτικό σχεδιασμό | μετάφραση χαρακτηριστικών ιδεών σε οπτική σχεδίαση | ανάπτυξη προδιαγραφών ιδεών υπό μορφή οπτικού σχεδιασμού | δημιουργία οπτικής αναπαράστασης ιδεών,"Ανάπτυξη του οπτικού σχεδίου σύμφωνα με συγκεκριμένες προδιαγραφές και απαιτήσεις, με βάση την ανάλυση του πεδίου και του κοινού στο οποίο απευθύνεται. Δημιουργία οπτικής αναπαράστασης ιδεών, όπως λογοτύπων, γραφικών ιστοτόπων, ψηφιακών παιχνιδιών και διατάξεων.
	",http://data.europa.eu/esco/skill/f058bf62-70d1-4f5e-be2a-8b26fac24a96 | http://data.europa.eu/esco/skill/ab99d9a7-62eb-407b-92f2-bf7992a82004,σχεδιασμός γραφικών | δημιουργία καλλιτεχνικών σχεδίων ή παραστάσεων
KnowledgeSkillCompetence,http://data.europa.eu/esco/skill/2daec0e6-f0c1-43e8-8178-aedba99130ec,καθιέρωση διαδικασιών δεδομένων,released,skill/competence,sector-specific,εφαρμογή διεργασιών δεδομένων | ανάπτυξη διαδικασιών δεδομένων | καθιέρωση διεργασιών δεδομένων | καθιέρωση διαδικασιών επεξεργασίας πληροφοριακών στοιχείων,"Χρήση εργαλείων ΤΠΕ για την εφαρμογή μαθηματικών, αλγοριθμικών ή άλλων διαδικασιών χειρισμού δεδομένων για τη δημιουργία πληροφοριών.",http://data.europa.eu/esco/skill/6a7fc30d-af16-4cc5-a957-29d174bdb61c,"διαχείριση, συλλογή και αποθήκευση ψηφιακών δεδομένων"
KnowledgeSkillCompetence,http://data.europa.eu/esco/skill/2ddb1226-1117-4eb4-ae65-3a2f5a5a3c80,κίνδυνοι για την ασφάλεια του δικτύου ΤΠΕ,released,knowledge,sector-specific,παράγοντες κινδύνου ασφάλειας των συστημάτων ΤΠΕ | κίνδυνοι ασφάλειας των δικτύων ΤΠΕ | κίνδυνοι σχετικοί με την ασφάλεια του δικτύου ΤΠΕ | παράγοντες κινδύνου ασφάλειας του δικτύου ΤΠΕ | κίνδυνοι για την ασφάλεια των δικτύων ΤΠΕ,"Οι παράγοντες κινδύνου για την ασφάλεια, όπως τα εξαρτήματα υλισμικού και λογισμικού, οι συσκευές, οι διεπαφές και οι πολιτικές σε δίκτυα ΤΠΕ, οι τεχνικές αξιολόγησης κινδύνου που μπορούν να εφαρμοστούν για την αξιολόγηση της σοβαρότητας και των συνεπειών των απειλών για την ασφάλεια και των σχεδίων έκτακτης ανάγκης για κάθε παράγοντα κινδύνου για την ασφάλεια.",http://data.europa.eu/esco/isced-f/0612,σχεδιασμός και διαχείριση βάσεων δεδομένων και δικτύων
KnowledgeSkillCompetence,http://data.europa.eu/esco/skill/2e1888d8-97f7-4c91-8874-e2ef0e47f94f,δημιουργία ψηφιακών αρχείων,released,skill/competence,sector-specific,,Δημιουργία ψηφιακών αρχείων στο σύστημα ηλεκτρονικού υπολογιστή μετά τον έλεγχο της ποιότητας της εκτύπωσης ή των σαρωμένων εγγράφων για δυσλειτουργίες.,http://data.europa.eu/esco/skill/b769f524-0f25-44d7-8538-5c46710a040e | http://data.europa.eu/esco/skill/6a7fc30d-af16-4cc5-a957-29d174bdb61c,"διαχείριση ψηφιακών εγγράφων | διαχείριση, συλλογή και αποθήκευση ψηφιακών δεδομένων"
KnowledgeSkillCompetence,http://data.europa.eu/esco/skill/2eae92cf-5f21-43e7-aa41-ab65b00c1b92,χειρισμός πίνακα πληροφοριών στο αμοιβαίο ιπποδρομιακό στοίχημα,released,skill/competence,occupation-specific,,"Χειρισμός πίνακα πληροφοριών στο αμοιβαίο ιπποδρομιακό στοίχημα, είτε με το χέρι είτε με τη χρήση λογισμικού όπως το Autotote.",http://data.europa.eu/esco/skill/0a88a13f-693a-4dde-b44c-22e6f98fabc6,χειρισμός εξοπλισμού επικοινωνίας
KnowledgeSkillCompetence,http://data.europa.eu/esco/skill/2ef6bebc-2133-47df-b26a-f38f51b0f867,ιστορία των ηλεκτρονικών υπολογιστών,released,knowledge,sector-specific,,Η ιστορία της ανάπτυξης του υπολογιστή στο πλαίσιο της ψηφιοποίησης της κοινωνίας.,http://data.europa.eu/esco/skill/2b22f3b1-5de4-43f9-b6d1-b20f65871268 | http://data.europa.eu/esco/isced-f/0222,ιστορία | ιστορία και αρχαιολογία
KnowledgeSkillCompetence,http://data.europa.eu/esco/skill/2f04bb71-d476-43b3-a60b-5df1d05f5681,Octopus Deploy,released,knowledge,sector-specific,,Το εργαλείο Octopus Deploy είναι ένα πρόγραμμα λογισμικού που χρησιμοποιείται για την αυτοματοποίηση της ανάπτυξης εφαρμογών ASPI.NET σε τοπικό διακομιστή ή σε υπολογιστικό νέφος.,http://data.europa.eu/esco/skill/9d2e926f-53d9-41f5-98f3-19dfaa687f3f | http://data.europa.eu/esco/isced-f/0613,εργαλεία για τη διαχείριση της παραμετροποίησης λογισμικού | ανάπτυξη και ανάλυση λογισμικού και εφαρμογών
KnowledgeSkillCompetence,http://data.europa.eu/esco/skill/2f05d09d-7e91-423c-9210-19da0b0e34c6,συντήρηση διατάξεων ελέγχου άρδευσης,released,skill/competence,sector-specific,,"Συντήρηση και προγραμματισμός διαφορετικών τύπων διατάξεων ελέγχου άρδευσης, συμπεριλαμβανομένων μηχανικών συστημάτων, συστημάτων με ηλιακές μπαταρίες, ψηφιακών συστημάτων και συστημάτων ελεγχόμενων από ηλεκτρονικούς υπολογιστές.",http://data.europa.eu/esco/skill/cb073ba6-30bd-4fd5-871a-15b0fb1fa930 | http://data.europa.eu/esco/skill/ec0401f1-f690-46be-934b-f6f5611085f5,"συντήρηση συστημάτων άρδευσης | συντήρηση εξοπλισμού ηλεκτρικού, ηλεκτρονικού και ακριβείας"
KnowledgeSkillCompetence,http://data.europa.eu/esco/skill/2f6e5619-2478-475f-a414-ec05c2b72795,χειρισμός συστημάτων επικοινωνίας λιμένων,released,skill/competence,sector-specific,,"Χειρισμός τηλεφωνικών και ραδιοφωνικών συστημάτων και πιο σύνθετων συστημάτων επικοινωνίας που χρησιμοποιούνται στους λιμένες εσωτερικής ναυσιπλοΐας, στο πλαίσιο του συντονισμού των λιμενικών εργασιών.",http://data.europa.eu/esco/skill/9bafaea2-76cd-4532-ab77-8b3d21fa6235 | http://data.europa.eu/esco/skill/e58a3832-4e13-458e-8efd-bfa251eed702 | http://data.europa.eu/esco/skill/0a88a13f-693a-4dde-b44c-22e6f98fabc6 | http://data.europa.eu/esco/skill/94f5e909-48c5-4782-9005-84d793dd01ba,συντονισμός της εξ αποστάσεως επικοινωνίας | διατήρηση επιχειρησιακής επικοινωνίας | χειρισμός εξοπλισμού επικοινωνίας | διαχείριση λειτουργίας λιμένα
KnowledgeSkillCompetence,http://data.europa.eu/esco/skill/2f954283-4642-409a-8e9b-d6ae0a11b358,χρήση μετεωρολογικών εργαλείων για την πρόβλεψη μετεωρολογικών συνθηκών,released,skill/competence,sector-specific,,"Χρήση μετεωρολογικών δεδομένων και εργαλείων, όπως μηχανών τηλεομοιοτυπίας για μετάδοση μετεωρολογικών δεδομένων, μετεωρολογικών χαρτών και τερματικών ηλεκτρονικών υπολογιστών, για την πρόβλεψη των καιρικών συνθηκών.",http://data.europa.eu/esco/skill/d519fadd-85bf-475f-bf14-c53a0290687d,παρακολούθηση περιβαλλοντικών συνθηκών
KnowledgeSkillCompetence,http://data.europa.eu/esco/skill/300d432b-f457-4cd3-9cb1-1858c7d14954,OpenEdge Advanced Business Language,released,knowledge,sector-specific,,"Οι τεχνικές και οι αρχές ανάπτυξης λογισμικού, όπως είναι η ανάλυση, οι αλγόριθμοι, η συγγραφή κώδικα, οι δοκιμές και η κατάρτιση μοντέλων προγραμματισμού σε OpenEdge Advanced Business Language.",http://data.europa.eu/esco/skill/21d2f96d-35f7-4e3f-9745-c533d2dd6e97 | http://data.europa.eu/esco/isced-f/0613,προγραμματισμός ηλεκτρονικών υπολογιστών | ανάπτυξη και ανάλυση λογισμικού και εφαρμογών
KnowledgeSkillCompetence,http://data.europa.eu/esco/skill/3093881b-74f6-48e1-820e-50831b0d0775,διενέργεια βιντεοτηλεμετρίας,released,skill/competence,sector-specific,διενέργεια τηλεμετρίας μέσω της βιντεοσκόπησης του ασθενή,"Καταγραφή εγκεφαλικών κυμάτων για αρκετές ημέρες, σε συνδυασμό με εικόνες βίντεο από κάμερα, ώστε να διευκολυνθεί η λήψη απόφασης αν είναι εφικτή η χειρουργική για την επιληψία.",http://data.europa.eu/esco/skill/d700aa7a-0ed8-4967-a32c-4cb6075ab3b9,διάγνωση κατάστασης υγείας
KnowledgeSkillCompetence,http://data.europa.eu/esco/skill/30d926ba-1615-417c-a799-e24a3ea239b9,χειρίζομαι αμφίδρομα συστήματα ραδιομετάδοσης,released,skill/competence,sector-specific,θέτω σε λειτουργία αμφικατευθυντικές συσκευές ραδιομετάδοσης | χειρίζομαι αμφικατευθυντικά συστήματα ραδιομετάδοσης | θέτω σε λειτουργία αμφικατευθυντικά συστήματα ραδιομετάδοσης | χειρίζομαι αμφικατευθυντικές συσκευές ραδιομετάδοσης | λειτουργώ αμφίδρομα συστήματα ραδιομετάδοσης,"Χρήση συσκευών ραδιομετάδοσης που μπορούν να λάβουν και να μεταδώσουν ηχητικά σήματα για επικοινωνία με παρόμοιες συσκευές ραδιομετάδοσης στην ίδια συχνότητα, όπως τα κινητά τηλέφωνα και οι φορητοί πομποδέκτες (walkie-talkie).",http://data.europa.eu/esco/skill/3007c147-5c93-47a8-be0a-378a040c9fa9 | http://data.europa.eu/esco/skill/0256f6b0-f4a9-4c5e-9cfd-96d58a2a70fe | http://data.europa.eu/esco/skill/0a88a13f-693a-4dde-b44c-22e6f98fabc6,χειρισμός μέσων ραδιοναυσιπλοΐας | χειρισμός εξοπλισμού ασύρματης επικοινωνίας | χειρισμός εξοπλισμού επικοινωνίας
KnowledgeSkillCompetence,http://data.europa.eu/esco/skill/3140d979-2d6a-4c10-add9-f7091103829f,δημιουργία σεναρίου ψηφιακού παιχνιδιού,released,skill/competence,occupation-specific,δημιουργία πλοκής για ψηφιακά παιχνίδια | δημιουργία ιδέας για ψηφιακό παιχνίδι | επινόηση ιδέας ψηφιακού παιχνιδιού,"Ανάπτυξη και επικοινωνία κάθε πτυχής του συνολικού οράματος του παιχνιδιού. Επικοινωνία και συνεργασία με τα μέλη του τεχνικού προσωπικού, καθώς και με την καλλιτεχνική ομάδα και την ομάδα σχεδιασμού για την υλοποίηση του οράματος.",http://data.europa.eu/esco/skill/c624c6a3-b0ba-4a31-a296-0d433fe47e41 | http://data.europa.eu/esco/skill/f08e2bd6-0366-4948-a670-1f03f130126f | http://data.europa.eu/esco/skill/ab99d9a7-62eb-407b-92f2-bf7992a82004,δημιουργική σκέψη | δημιουργία νέων εννοιών | δημιουργία καλλιτεχνικών σχεδίων ή παραστάσεων
KnowledgeSkillCompetence,http://data.europa.eu/esco/skill/31587950-8b69-4a15-91c2-74dae22d38a4,υποστήριξη της εγκατάστασης ηχητικών συστημάτων,released,skill/competence,sector-specific,,Υποστήριξη των επιτόπιων προσπαθειών εγκατάστασης της ομάδας. Αντιμετώπιση προβλημάτων και επίλυση σφαλμάτων των ηχητικών συστημάτων.,http://data.europa.eu/esco/skill/334e3e49-fb02-4051-809a-f06adfdc1c40 | http://data.europa.eu/esco/skill/5ae6743f-8241-49f8-b447-0df43756cb1c | http://data.europa.eu/esco/skill/a7065828-10aa-4aba-b7d4-f23a30df5060,"εντοπισμός και διόρθωση προβλημάτων | συντονισμός προγραμμάτων ακουστικών συστημάτων | εγκατάσταση και επισκευή εξοπλισμού ηλεκτρικού, ηλεκτρονικού και ακριβείας"
KnowledgeSkillCompetence,http://data.europa.eu/esco/skill/31d35d3d-2bf2-49aa-9c20-92566ef80277,χρήση συστημάτων ΤΠΕ,released,skill/competence,cross-sector,χρήση συστημάτων της τεχνολογίας πληροφοριών και επικοινωνιών,Επιλογή και χρήση συστημάτων ΤΠΕ για ποικιλία πολύπλοκων καθηκόντων προκειμένου να καλυφθούν διάφορες ανάγκες.,http://data.europa.eu/esco/skill/4d6a48ae-352e-4823-bc3a-3f3e9e2cae86,πρόσβαση και ανάλυση ψηφιακών δεδομένων
KnowledgeSkillCompetence,http://data.europa.eu/esco/skill/31f53419-4bce-4b10-986a-70a9c7ac41a3,συσκευές μικροκινητικότητας,released,knowledge,sector-specific,,"Οι διάφοροι τύποι μικρών ελαφρών οχημάτων για προσωπική χρήση, όπως κοινόχρηστα ποδήλατα, ηλεκτρικά ποδήλατα, ηλεκτρικά πατίνια, ηλεκτρικά σκέιτμπορντ.
	",http://data.europa.eu/esco/isced-f/104,υπηρεσίες μεταφορών
KnowledgeSkillCompetence,http://data.europa.eu/esco/skill/3233330f-bb93-47ea-93b4-ed903d05d9f1,εγκατάσταση εξοπλισμού πολυμέσων,released,skill/competence,occupation-specific,,"Εγκατάσταση και έλεγχος εξοπλισμού πολυμέσων και σχετικών συστημάτων και τεχνολογίας, σύμφωνα με τις προδιαγραφές τους.",http://data.europa.eu/esco/skill/8ddcb295-707e-459c-ba6a-66ffb37835c5,χειρισμός οπτικοακουστικού εξοπλισμού
KnowledgeSkillCompetence,http://data.europa.eu/esco/skill/32428b21-514b-42c2-81b5-244a7804ea74,προμήθεια εξοπλισμού δικτύου ΤΠΕ,released,knowledge,sector-specific,παροχή συσκευών δικτύου ΤΠΕ | προμήθεια συστημάτων δικτύου ΤΠΕ | προμήθεια συσκευών δικτύου ΤΠΕ | πάροχοι εξοπλισμού δικτύου | πωλητές εξοπλισμού δικτύου,Τα διαθέσιμα προϊόντα των παρόχων εξοπλισμού δικτύου και οι μέθοδοι για την επιλογή και την προμήθεια του εξοπλισμού.,http://data.europa.eu/esco/isced-f/0612,σχεδιασμός και διαχείριση βάσεων δεδομένων και δικτύων
KnowledgeSkillCompetence,http://data.europa.eu/esco/skill/32a2c63d-2d13-4784-abb8-678ef2cd8a46,μηχανική μετάφραση,released,knowledge,sector-specific,,Ο τομέας της πληροφορικής που ερευνά τη χρήση λογισμικού για τη μετάφραση κειμένου ή λόγου από μια γλώσσα σε άλλη.,http://data.europa.eu/esco/isced-f/0613,ανάπτυξη και ανάλυση λογισμικού και εφαρμογών
KnowledgeSkillCompetence,http://data.europa.eu/esco/skill/3325729c-96db-4217-a9ca-4564cc1f909b,χρησιμοποιώ πολυγωνική μοντελοποίηση,released,skill/competence,occupation-specific,εφαρμόζω τεχνική πολυγωνικής μοντελοποίησης | δημιουργώ πολυγωνικά μοντέλα | χρησιμοποιώ τεχνικές πολυγωνικής μοντελοποίησης | χρησιμοποιώ πολυγωνικές τεχνικές μοντελοποίησης | δημιουργώ πολυγωνικά υποδείγματα,Αναπαράσταση μοντέλων 3D χρησιμοποιώντας τμήματα γραμμής για τη σύνδεση σημείων προκειμένου να δημιουργηθούν πολυγωνικά πλέγματα σε επιφάνειες.,http://data.europa.eu/esco/skill/b1115b14-fa16-4c1e-be6c-91fd49a1808b,χρήση εργαλείων σχεδιασμού και σχεδίασης με τη βοήθεια ηλεκτρονικού υπολογιστή
KnowledgeSkillCompetence,http://data.europa.eu/esco/skill/33841903-78d8-4273-950d-755248290c2d,διεξαγωγή ερευνών σε συστήματα γείωσης,released,skill/competence,occupation-specific,,"Διεξαγωγή ερευνών σε συστήματα γείωσης και εξοπλισμό, στα πεδία κρυπτογράφησης, δικτύωσης και μαζικής αποθήκευσης.",http://data.europa.eu/esco/skill/7eafec38-621a-4b6e-9298-bfe70ec0b253,διεξαγωγή ακαδημαϊκής έρευνας ή έρευνας αγοράς
KnowledgeSkillCompetence,http://data.europa.eu/esco/skill/33a82b83-c838-4889-ae62-fae1317481eb,προστασία των δεδομένων προσωπικού χαρακτήρα και της ιδιωτικής ζωής,released,skill/competence,cross-sector,,"Προστασία των δεδομένων προσωπικού χαρακτήρα και της ιδιωτικής ζωής σε ψηφιακά περιβάλλοντα. Κατανόηση του τρόπου χρήσης και κοινοποίησης προσωπικών πληροφοριών, έχοντας τη δυνατότητα να προστατευτεί και να προστατεύσει τους άλλους από ζημιές. Κατανόηση ότι οι ψηφιακές υπηρεσίες χρησιμοποιούν μια «πολιτική προστασίας προσωπικών δεδομένων» προκειμένου να ενημερώσουν σχετικά με τον τρόπο χρήσης των προσωπικών δεδομένων.",http://data.europa.eu/esco/skill/426ceaba-6867-481c-bb6b-aee3933da7d2 | http://data.europa.eu/esco/skill/2b6e15f5-dfa0-4e7c-9687-5665b07e56a4,ασφάλεια της τεχνολογίας πληροφοριών και επικοινωνιών | προστασία της ιδιωτικής ζωής και των δεδομένων προσωπικού χαρακτήρα
KnowledgeSkillCompetence,http://data.europa.eu/esco/skill/33b55d3a-81f5-45cb-af40-06cd54db78e1,εξαγωγή ηλεκτρονικών αρχείων,released,skill/competence,sector-specific,,"Μεταφόρτωση ηλεκτρονικών αρχείων που παρέχονται από τον πελάτη στον διακομιστή προεκτύπωσης (prepress), ενώ γίνεται έλεγχος σχετικά με την ακεραιότητα και για πιθανά προβλήματα. Γνωστοποίηση τυχόν προβλημάτων στους πελάτες και το προσωπικό παραγωγής.",http://data.europa.eu/esco/skill/b769f524-0f25-44d7-8538-5c46710a040e | http://data.europa.eu/esco/skill/9bdf8a77-8524-43da-bac6-d15d22e1b7ed,διαχείριση ψηφιακών εγγράφων | εισαγωγή και μετατροπή πληροφοριών
KnowledgeSkillCompetence,http://data.europa.eu/esco/skill/33d49d4f-31ec-473f-9b8a-b555aa5116bb,προοδευτική ανάπτυξη,released,knowledge,sector-specific,επαναληπτική διαδικασία ανάπτυξης,Το μοντέλο προοδευτικής ανάπτυξης είναι μια μεθοδολογία για τον σχεδιασμό συστημάτων και εφαρμογών λογισμικού.,http://data.europa.eu/esco/skill/bec4359e-cb92-468f-a997-8fb28e32fba9 | http://data.europa.eu/esco/isced-f/0613,μεθοδολογίες διαχείρισης έργων ΤΠΕ | ανάπτυξη και ανάλυση λογισμικού και εφαρμογών
KnowledgeSkillCompetence,http://data.europa.eu/esco/skill/33efa504-2f26-424d-b662-cee77e6e9c93,διαχείριση ψηφιακών ταυτοτήτων,released,knowledge,sector-specific,διαχείριση ταυτοτήτων και πρόσβασης | IAM,"Η διαδικασία παροχής, διαχείρισης, ελέγχου και διασφάλισης ψηφιακών ταυτοτήτων για την εξασφάλιση της δυνατότητας και τη διευκόλυνση υποβολής εγκεκριμένων, γνήσιων αιτημάτων ή συνδέσεων για την προβολή εταιρικών δεδομένων, υπηρεσιών, συστημάτων, δικτύων και περιουσιακών στοιχείων.
	",http://data.europa.eu/esco/isced-f/0612,σχεδιασμός και διαχείριση βάσεων δεδομένων και δικτύων
KnowledgeSkillCompetence,http://data.europa.eu/esco/skill/3413584b-a4e9-4f8d-b836-c9bfee0ed80b,επεξεργασία δεδομένων από σιδηροδρομικούς σταθμούς ελέγχου,released,skill/competence,sector-specific,επεξεργασία δεδομένων από σιδηροδρομικούς θαλάμους χειρισμού,"Ερμηνεία των δεδομένων που παράγονται στις αίθουσες ελέγχου των σιδηροδρομικών σταθμών. Χρήση συλλεγόμενων πληροφοριών για τον εντοπισμό βλαβών μηχανικού εξοπλισμού, αλλαγών προγραμματισμού και τον εντοπισμό καθυστερήσεων και συμβάντων που ενδέχεται να προκύψουν· παροχή λύσεων σε περίπτωση συμβάντων και μετριασμός των επιπτώσεων στις εργασίες.
	",http://data.europa.eu/esco/skill/f2cf57fe-d4cb-4b4a-831d-73171cc73909 | http://data.europa.eu/esco/skill/9af1bd12-01bd-4d6a-947b-69e64f23150a,"αξιολόγηση συστημάτων, προγραμμάτων, εξοπλισμού και προϊόντων | επεξεργασία ποιοτικών πληροφοριών"
KnowledgeSkillCompetence,http://data.europa.eu/esco/skill/348b74cd-49ce-4844-8bdf-ec188b497213,τεχνικές οπτικής παρουσίασης,released,knowledge,sector-specific,διεπαφές απεικόνισης | τεχνικές παρουσίασης με οπτικά μέσα | τεχνικές οπτικής αναπαράστασης | πρακτικές απεικόνισης πληροφοριών | μέθοδοι οπτικοποίησης πληροφοριών,"Η οπτική αναπαράσταση και οι τεχνικές αλληλεπίδρασης, όπως ιστογράμματα, διαγράμματα διασποράς, διαγράμματα επιφάνειας, διαγράμματα με δενδρική δομή και διαγράμματα παράλληλων συντεταγμένων, μπορούν να χρησιμοποιούνται για την παρουσίαση αφηρημένων αριθμητικών και μη αριθμητικών δεδομένων, προκειμένου να ενισχυθεί η κατανόηση των πληροφοριών αυτών από τον άνθρωπο.",http://data.europa.eu/esco/isced-f/0211,τεχνικές και παραγωγή οπτικοακουστικών μέσων
KnowledgeSkillCompetence,http://data.europa.eu/esco/skill/34928d4f-16e2-46a7-937a-c46838f550eb,πληρωμή ανά κλικ,released,knowledge,occupation-specific,pay-per-click,Διαδικτυακό διαφημιστικό υπόδειγμα σύμφωνα με το οποίο η διαφήμιση τοποθετείται σε έναν ιστότοπο και κατευθύνει την κυκλοφορία σε άλλον ιστότοπο. Ο εκδότης πληρώνεται από κάθε κλικ στο μπάνερ.,http://data.europa.eu/esco/isced-f/0414,εμπορική προώθηση και διαφήμιση
KnowledgeSkillCompetence,http://data.europa.eu/esco/skill/3497ebe1-d417-4105-a68f-f7bbcac7ee5f,προδιαγραφές υλικού εξοπλισμού ΤΠΕ,released,knowledge,cross-sector,προδιαγραφές υλισμικού ΤΠΕ | προδιαγραφές υλικού εξοπλισμού της τεχνολογίας της πληροφορίας και των επικοινωνιών,"Τα χαρακτηριστικά, οι χρήσεις και οι λειτουργίες διαφόρων προϊόντων υλισμικού, όπως οι εκτυπωτές, οι οθόνες και οι φορητοί υπολογιστές.",http://data.europa.eu/esco/isced-f/0611,χρήση υπολογιστών
KnowledgeSkillCompetence,http://data.europa.eu/esco/skill/34982b79-842f-4835-8598-d27793731d26,διαχείριση των ερωτημάτων των χρηστών των βιβλιοθηκών,released,skill/competence,occupation-specific,,"Αναζήτηση βάσεων δεδομένων βιβλιοθηκών και τυπικού υλικού αναφοράς, συμπεριλαμβανομένων διαδικτυακών πηγών, για την παροχή βοήθειας στους χρήστες σε περίπτωση που έχουν ερωτήσεις.",http://data.europa.eu/esco/skill/ba93b71b-c433-4a01-8246-ed2daa85a9a2 | http://data.europa.eu/esco/skill/32c017fd-28ab-4051-bf68-74de952c2f77,πραγματοποίηση αναζητήσεων στο διαδίκτυο | διαχείριση πληροφοριών
KnowledgeSkillCompetence,http://data.europa.eu/esco/skill/34bc01ed-dd78-49c7-bcfb-c17bb66688b5,δοκιμή ηλεκτρονικών συστημάτων ισχύος,released,skill/competence,occupation-specific,ανάλυση ηλεκτρονικών ισχύος | δοκιμή ηλεκτρονικών ισχύος | έλεγχος ηλεκτρονικών ισχύος | συλλογή δεδομένων για τα ηλεκτρονικά ισχύος | εξέταση λειτουργίας συστημάτων ηλεκτρονικής ισχύος | αξιολογεί τα ηλεκτρονικά ισχύος | ανάλυση απόδοσης ηλεκτρονικών ισχύος,"Δοκιμή ηλεκτρονικών συστημάτων ισχύος με χρήση κατάλληλου εξοπλισμού. Συλλογή και ανάλυση δεδομένων για συστήματα και κατασκευαστικά στοιχεία, όπως αντοχή αναλογικού και ψηφιακού κυκλώματος, απώλειες ισχύος και συνολική απόδοση, καθώς η ηλεκτρική ενέργεια κυκλοφορεί μέσω κυκλωμάτων. Παρακολούθηση και αξιολόγηση των επιδόσεων του συστήματος και λήψη μέτρων, εφόσον κριθεί αναγκαίο.
	",http://data.europa.eu/esco/skill/465ff64a-1271-4064-8ed1-e969cb68d8b4 | http://data.europa.eu/esco/skill/f7fc7bf8-f41d-44af-81e3-09b88e9779e6,διενέργεια δοκιμαστικής λειτουργίας | δοκιμές ηλεκτρικών και μηχανικών συστημάτων ή εξοπλισμού
KnowledgeSkillCompetence,http://data.europa.eu/esco/skill/3501ac95-4574-4420-92b7-67331e649462,διαχείριση της διανομής ασύρματων σημάτων πολλαπλών συχνοτήτων,released,skill/competence,occupation-specific,,"Διαχείριση της εγκατάστασης ασύρματου εξοπλισμού για τη διανομή ασύρματων σημάτων ελέγχου για εφαρμογές τεχνών του θεάματος και εκδηλώσεων. Ανάπτυξη σχεδίων συχνοτήτων, ρύθμιση, δοκιμή και παρακολούθηση του εξοπλισμού και μέτρηση του φάσματος συχνοτήτων. Διασφάλιση της μη παρεμβολής μεταξύ των διαφόρων συχνοτήτων και καναλιών και των προδιαγραφών ασφάλειας του κλάδου για τις συσκευές αυτές.
	",http://data.europa.eu/esco/skill/8ddcb295-707e-459c-ba6a-66ffb37835c5,χειρισμός οπτικοακουστικού εξοπλισμού
KnowledgeSkillCompetence,http://data.europa.eu/esco/skill/359b5031-74da-418f-bd97-6f4e66eb9851,εκτύπωση σε μηχανές μεγάλης κλίμακας,released,knowledge,sector-specific,,"Μέθοδοι, διαδικασίες και περιορισμοί σχετικά με την εκτύπωση σε μηχανές που παράγουν μεγάλες ποσότητες και μεγέθη έντυπου υλικού.",http://data.europa.eu/esco/isced-f/0211,τεχνικές και παραγωγή οπτικοακουστικών μέσων
KnowledgeSkillCompetence,http://data.europa.eu/esco/skill/36500a31-3204-45b2-bf75-5cfe06d9cea2,χρήση θερμικής διαχείρισης,released,skill/competence,sector-specific,χρήση θερμοδιαχείρισης,"Παροχή λύσεων θερμικής διαχείρισης για τον σχεδιασμό προϊόντων, την ανάπτυξη συστημάτων και ηλεκτρονικών συσκευών που χρησιμοποιούνται για την προστασία συστημάτων υψηλής ισχύος και εφαρμογών σε απαιτητικά περιβάλλοντα. Οι λύσεις αυτές μπορούν σε μεταγενέστερο στάδιο να αποτελέσουν αντικείμενο συνεργασίας με πελάτες ή άλλους μηχανικούς.",http://data.europa.eu/esco/skill/185c56ee-098f-46a1-af87-56337085da6f,προστασία συσκευών τπε
KnowledgeSkillCompetence,http://data.europa.eu/esco/skill/367c240d-5f34-423a-86b1-866ad27206ea,ψηφιοποίηση εγγράφων,released,skill/competence,cross-sector,σάρωση εγγράφων | μετατροπή εγγράφων από αναλογικά σε ψηφιακά | μετατροπή του τύπου των εγγράφων από αναλογικό σε ψηφιακό | μετατροπή της μορφής των εγγράφων από αναλογική σε ψηφιακή,"Φόρτωση αναλογικών εγγράφων μετατρέποντάς τα σε ψηφιακή μορφή, με τη χρήση εξειδικευμένου εξοπλισμού και λογισμικού.",http://data.europa.eu/esco/skill/b769f524-0f25-44d7-8538-5c46710a040e | http://data.europa.eu/esco/skill/9af1bd12-01bd-4d6a-947b-69e64f23150a | http://data.europa.eu/esco/skill/6a7fc30d-af16-4cc5-a957-29d174bdb61c,"διαχείριση ψηφιακών εγγράφων | επεξεργασία ποιοτικών πληροφοριών | διαχείριση, συλλογή και αποθήκευση ψηφιακών δεδομένων"
KnowledgeSkillCompetence,http://data.europa.eu/esco/skill/3703eac1-8941-4d14-b305-b03f653b08c8,δημιουργία διαδικτυακού ειδησεογραφικού περιεχομένου,released,skill/competence,sector-specific,,"Δημιουργία και μεταφόρτωση περιεχομένου ειδήσεων για π.χ. δικτυακούς τόπους, ιστολόγια και μέσα κοινωνικής δικτύωσης.",http://data.europa.eu/esco/skill/96a67da1-881f-4d09-927e-ac75fcff4d93 | http://data.europa.eu/esco/skill/d1815c8a-7755-4fe3-bacf-68bb0b6a0b55,κατάρτιση περιεχομένου | ανάπτυξη διδακτικού ή διαφημιστικού υλικού
KnowledgeSkillCompetence,http://data.europa.eu/esco/skill/377861af-f966-4c87-a2db-7e99904312b9,συστήματα γεωγραφικών πληροφοριών,released,knowledge,sector-specific,,"Τα εργαλεία που σχετίζονται με τη γεωγραφική χαρτογράφηση και τη γεωγραφική θέση, όπως το GPS (παγκόσμιο σύστημα εντοπισμού θέσης), το ΣΓΠ (συστήματα γεωγραφικών πληροφοριών) και η RS (τηλεπισκόπηση).",http://data.europa.eu/esco/isced-f/0532,επιστήμες της γης
KnowledgeSkillCompetence,http://data.europa.eu/esco/skill/378caeec-10a0-4162-b75c-ab374a42e93d,ηλεκτρονικές δημόσιες συμβάσεις,released,knowledge,sector-specific,,Η λειτουργία και οι μέθοδοι διαχείρισης των ηλεκτρονικών αγορών.,http://data.europa.eu/esco/isced-f/0416,χονδρική και λιανική πώληση
KnowledgeSkillCompetence,http://data.europa.eu/esco/skill/37a438f3-e28c-4e32-83c5-299f047c1dc9,εφαρμογή εργαλείων ανάπτυξης περιεχομένου,released,skill/competence,cross-sector,εφαρμογή εργαλείων για την ανάπτυξη περιεχομένου | χρήση εργαλείων ανάπτυξης περιεχομένου,"Χρήση εξειδικευμένων εργαλείων ανάπτυξης περιεχομένου, όπως είναι τα συστήματα διαχείρισης περιεχομένου και ορολογίας, τα συστήματα μεταφραστικής μνήμης, ο ορθογραφικός έλεγχος και τα προγράμματα επεξεργασίας για την παραγωγή, συγκέντρωση και μετατροπή περιεχομένου σύμφωνα με καθορισμένα πρότυπα.",http://data.europa.eu/esco/skill/98fb499f-9155-412d-a8a0-95ba97126fec,χρήση ψηφιακών εργαλείων για συνεργασία και παραγωγικότητα
KnowledgeSkillCompetence,http://data.europa.eu/esco/skill/382c11ed-20d5-4ae7-b60e-15fec527fa6c,εφαρμογή τεχνικών στατιστικής ανάλυσης,released,skill/competence,cross-sector,εφαρμογή μεθόδών στατιστικής ανάλυσης,"Χρήση μοντέλων (περιγραφική ή επαγωγική στατιστική) και τεχνικών (εξόρυξη δεδομένων ή μηχανική μάθηση) για τη στατιστική ανάλυση και εργαλείων ΤΠΕ για ανάλυση των δεδομένων, αποκάλυψη συσχετισμών και πρόβλεψη τάσεων.",http://data.europa.eu/esco/skill/19ba11f3-9c99-41fd-a7c9-f77e6a026186 | http://data.europa.eu/esco/skill/1f2950c0-ef1e-44b4-9a55-125ccd7b78af,εκτέλεση υπολογισμών | ανάλυση και αξιολόγηση πληροφοριών και δεδομένων
KnowledgeSkillCompetence,http://data.europa.eu/esco/skill/38716afc-a93b-44ab-96cc-2ecf67edcf32,εκτέλεση μετάβασης στο υπολογιστικό νέφος με τροποποίηση εφαρμογών,released,skill/competence,sector-specific,refactoring,"Βελτιστοποίηση εφαρμογής με σκοπό τη βέλτιστη χρήση των υπηρεσιών και χαρακτηριστικών του υπολογιστικού νέφους, μετακίνηση υφιστάμενου κώδικα εφαρμογής για λειτουργία σε υποδομές υπολογιστικού νέφους.
	",http://data.europa.eu/esco/skill/1e7ed56a-6d6b-422f-962e-38543d150755 | http://data.europa.eu/esco/skill/a8c3186b-c791-4d57-8f4f-4d12c7a5c6a7,διαχείριση αλλαγών σε σύστημα ΤΠΕ | προγραμματισμός συστημάτων ηλεκτρονικών υπολογιστών
KnowledgeSkillCompetence,http://data.europa.eu/esco/skill/38da3c60-4b7c-4698-9256-574e4ee4e93b,βάση γνώσεων,released,knowledge,cross-sector,γνωσιακή βάση τεχνολογιών πληροφορικής | γνωσιακή βάση ΤΠ | αποθετήριο γνώσεων,"Διαδικτυακή βιβλιοθήκη που περιέχει πληροφορίες σχετικά με ένα προϊόν ή μια υπηρεσία, ώστε οι πελάτες να βρίσκουν ευκολότερα απαντήσεις στις ερωτήσεις τους.
	",http://data.europa.eu/esco/isced-f/0612,σχεδιασμός και διαχείριση βάσεων δεδομένων και δικτύων
KnowledgeSkillCompetence,http://data.europa.eu/esco/skill/397da142-ab35-48fe-b154-7c38f447adfb,ψηφιακά συστήματα,released,knowledge,cross-sector,ψηφιακά πληροφοριακά συστήματα,"Συστήματα αποθήκευσης, επεξεργασίας και διάδοσης πληροφοριών σε ψηφιακή μορφή. Πρόκειται για μηχανικά μέρη, λογισμικό και δίκτυα, καθώς και για τους τρόπους με τους οποίους αυτά μπορούν να χρησιμοποιηθούν.",http://data.europa.eu/esco/isced-f/0688,διεπιστημονικά προγράμματα και προσόντα που περιλαμβάνουν τεχνολογίες πληροφορικής και επικοινωνιών (τπε)
KnowledgeSkillCompetence,http://data.europa.eu/esco/skill/398b4b25-fb61-4003-9293-50914d8bfcba,χρήση διακομιστή μέσων,released,skill/competence,cross-sector,,Εγκατάσταση και χρήση διακομιστή μέσων.,http://data.europa.eu/esco/skill/f839b1da-78b6-4466-86f4-a5798821ea20,εγκατάσταση συστημάτων πληροφορικής
KnowledgeSkillCompetence,http://data.europa.eu/esco/skill/3a09d732-08b9-4c90-8fd3-34e2d69ce084,επεξήγηση των επιπτώσεων της αλυσίδας συστοιχιών (blockchain),released,skill/competence,sector-specific,εξήγηση/επεξήγηση των πρακτικών επιπτώσεων του blockchain | επεξήγηση των πρακτικών επιπτώσεων του blockchain | ανάλυση των επιπτώσεων του blockchain στη διακυβέρνηση | επεξήγηση των επιπτώσεων blockchain,"Επεξήγηση των συνεπειών, του αντικτύπου και των επιπτώσεων της χρήσης της τεχνολογίας αλυσίδας συστοιχιών (blockchain) στις επιχειρησιακές διαδικασίες που προωθούν, καθώς και σε μεγαλύτερη κλίμακα, συμπεριλαμβανομένων επίσης των κοινωνικών",http://data.europa.eu/esco/skill/cd9c487e-09ad-4b82-854b-118feb01f2ed,δεξιότητες πληροφόρησης
KnowledgeSkillCompetence,http://data.europa.eu/esco/skill/3a2d5b45-56e4-4f5a-a55a-4a4a65afdc43,μηχανική μάθηση,released,knowledge,cross-sector,ML,"Οι αρχές, οι μέθοδοι και οι αλγόριθμοι της μηχανικής μάθησης, υποτομέα της τεχνητής νοημοσύνης. Κοινά μοντέλα μηχανικής μάθησης, όπως τα εποπτευόμενα ή μη εποπτευόμενα μοντέλα, τα ημιεποπτευόμενα μοντέλα και τα μοντέλα ενισχυτικής μάθησης.
	",http://data.europa.eu/esco/skill/e465a154-93f7-4973-9ce1-31659fe16dd2 | http://data.europa.eu/esco/isced-f/0619,αρχές τεχνητής νοημοσύνης | τεχνολογίες πληροφορικής και επικοινωνιών που δεν ταξινομούνται αλλού
KnowledgeSkillCompetence,http://data.europa.eu/esco/skill/3a33cec3-4b44-471a-8864-5cc8567a8b1f,λογισμικό σχεδιασμού και επεξεργασίας σχεδίων με τη βοήθεια υπολογιστή,released,knowledge,cross-sector,λογισμικό CADD,Ο σχεδιασμός και επεξεργασία με τη βοήθεια ηλεκτρονικού υπολογιστή συνίσταται στη χρήση της τεχνολογίας των υπολογιστών για τον σχεδιασμό και την τεκμηρίωση του σχεδιασμού. Το λογισμικό CAD αντικαθιστά την χειρωνακτική επεξεργασία με αυτοματοποιημένη διαδικασία.,http://data.europa.eu/esco/skill/a2b5dcf3-5b6a-453d-876c-cff540c0faf1 | http://data.europa.eu/esco/isced-f/0613,λογισμικό για σχεδιασμό με χρήση υπολογιστή | ανάπτυξη και ανάλυση λογισμικού και εφαρμογών
KnowledgeSkillCompetence,http://data.europa.eu/esco/skill/3af687cb-8c7a-46ea-a730-32dbaed040c6,Oracle Data Integrator,released,knowledge,sector-specific,,"Το πρόγραμμα υπολογιστή Oracle Data Integrator είναι ένα εργαλείο για την ενσωμάτωση πληροφοριών από πολλαπλές εφαρμογές, που δημιουργήθηκαν και τηρούνται από οργανισμούς, σε μια συνεπή και διαφανή δομή δεδομένων, την οποία ανέπτυξε η εταιρεία λογισμικού Oracle.",http://data.europa.eu/esco/skill/9d0d89be-bffa-4393-b6f6-8d05bea49051 | http://data.europa.eu/esco/isced-f/0612,εργαλεία φόρτωσης μετατροπής και εξαγωγής δεδομένων | σχεδιασμός και διαχείριση βάσεων δεδομένων και δικτύων
KnowledgeSkillCompetence,http://data.europa.eu/esco/skill/3bddfd7c-ab6d-40c2-883d-5e97fb7640ba,ανάπτυξη λογισμικού,released,skill/competence,sector-specific,ανάπτυξη εφαρμογών | σχεδιασμός λογισμικού | σχεδιασμός εφαρμογών λογισμικού | δημιουργία προγραμμάτων πληροφορικής,Μεταφορά μιας σειράς απαιτήσεων σε ένα σαφές και οργανωμένο σχέδιο λογισμικού.,http://data.europa.eu/esco/skill/b590d4e5-7c62-4b4a-abc2-c270b482e0ce,σχεδιασμός συστημάτων ή εφαρμογών τπε
KnowledgeSkillCompetence,http://data.europa.eu/esco/skill/3be6b84a-fa78-42b9-a8df-150cdb40b9d7,πολιτική ποιότητας ΤΠΕ,released,knowledge,sector-specific,ποιοτική πολιτική δικτύων ΤΠΕ | στρατηγικές ποιότητας ΤΠΕ | πολιτικές ποιότητας συστημάτων ΤΠΕ | μέτρα για την ποιότητα των ΤΠΕ | ρυθμίσεις για την ποιότητα των ΤΠΕ,"Η πολιτική ποιότητας του οργανισμού και των στόχων του, το αποδεκτό επίπεδο ποιότητας και οι τεχνικές μέτρησής του, οι νομικές πτυχές και τα καθήκοντα των συγκεκριμένων υπηρεσιών για τη διασφάλιση της ποιότητας.",http://data.europa.eu/esco/isced-f/0413,διαχείριση και διοίκηση
KnowledgeSkillCompetence,http://data.europa.eu/esco/skill/3be79ccc-a455-49b9-8c65-55c50071ba5b,αρχές της τεχνολογίας κατανεμημένου καθολικού,released,knowledge,sector-specific,,"Οι θεωρίες κατανεμημένου καθολικού, οι εφαρμοζόμενες αρχές, οι αρχιτεκτονικές και τα συστήματα, όπως η αποκέντρωση, οι μηχανισμοί συναίνεσης, οι έξυπνες συμβάσεις, η εμπιστοσύνη κ.λπ.
	",http://data.europa.eu/esco/isced-f/0619,τεχνολογίες πληροφορικής και επικοινωνιών που δεν ταξινομούνται αλλού
KnowledgeSkillCompetence,http://data.europa.eu/esco/skill/3c134a08-521f-489d-9ff0-d84fcdc963eb,δημιουργία εκπαιδευτικού πακέτου με το μοντέλο SCORM,released,skill/competence,sector-specific,,Ανάπτυξη εκπαιδευτικών πακέτων για πλατφόρμες ηλεκτρονικής μάθησης με τη χρήση του προτύπου SCORM (Sharable Content Object Reference Model- μοντέλο αναφοράς διαμοιρασμένου αντικειμένου περιεχομένου).,http://data.europa.eu/esco/skill/7e0b93e0-0de7-4607-b07f-27a6828d3ff0,ανάπτυξη εκπαιδευτικών προγραμμάτων
KnowledgeSkillCompetence,http://data.europa.eu/esco/skill/3c1af34b-4562-4c39-a30e-0812b84a147e,χρήση εξειδικευμένου λογισμικού σχεδιασμού,released,skill/competence,cross-sector,,Ανάπτυξη νέων σχεδίων με τη χρήση ειδικευμένου λογισμικού σχεδιασμού.,http://data.europa.eu/esco/skill/b1115b14-fa16-4c1e-be6c-91fd49a1808b,χρήση εργαλείων σχεδιασμού και σχεδίασης με τη βοήθεια ηλεκτρονικού υπολογιστή
KnowledgeSkillCompetence,http://data.europa.eu/esco/skill/3c4c3fa1-d638-42df-8e98-2a38021da6f9,χρήση λογισμικού για τη διατήρηση δεδομένων,released,skill/competence,cross-sector,προστατεύω ψηφιακό υλικό | χρησιμοποιώ ειδικά προγράμματα για τη διαφύλαξη δεδομένων | εφαρμόζω λογισμικό προστασίας ψηφιακών δεδομένων | χρησιμοποιώ ειδικές εφαρμογές για την προστασία δεδομένων | διατηρώ ψηφιακά αποδεικτικά στοιχεία,Χρήση εξειδικευμένων εφαρμογών και λογισμικού για τη συλλογή και τη διατήρηση ψηφιακών πληροφοριών.,http://data.europa.eu/esco/skill/bc0b0b5d-f6be-405a-b224-b6902a4dbe97 | http://data.europa.eu/esco/skill/611ed16b-99bf-4840-9cab-f55d1d286e0a | http://data.europa.eu/esco/skill/c95c29fe-3971-46b7-80e9-1f7e75ba99b3 | http://data.europa.eu/esco/skill/6a7fc30d-af16-4cc5-a957-29d174bdb61c,"διαχείριση ψηφιακής ταυτότητας | αποθήκευση ψηφιακών δεδομένων και συστημάτων | χρήση ειδικού λογισμικού για την ανάλυση δεδομένων | διαχείριση, συλλογή και αποθήκευση ψηφιακών δεδομένων"
KnowledgeSkillCompetence,http://data.europa.eu/esco/skill/3c6fe585-7d12-4315-b579-e30c042088ce,χρήση συστημάτων μηχανολογικής σχεδίασης με τη βοήθεια υπολογιστή,released,skill/competence,cross-sector,,Χρήση λογισμικού μηχανολογικής σχεδίασης με τη βοήθεια υπολογιστή για τη διεξαγωγή αναλύσεων καταπονήσεων σε μηχανολογικά σχέδια.,http://data.europa.eu/esco/skill/b1115b14-fa16-4c1e-be6c-91fd49a1808b,χρήση εργαλείων σχεδιασμού και σχεδίασης με τη βοήθεια ηλεκτρονικού υπολογιστή
KnowledgeSkillCompetence,http://data.europa.eu/esco/skill/3c748b49-fe85-42f6-b62d-b877bc8edb29,παρατήρηση ουράνιων σωμάτων,released,skill/competence,sector-specific,,"Μελέτη των σχετικών θέσεων και των κινήσεων των άστρων και των πλανητών, με τη χρήση και την ερμηνεία των δεδομένων που παρέχονται από εξειδικευμένο λογισμικό και δημοσιεύσεις όπως το Ephemeris.",http://data.europa.eu/esco/skill/ba1f6201-b206-4459-b178-706db34a851d,ανάλυση επιστημονικών και ιατρικών δεδομένων
KnowledgeSkillCompetence,http://data.europa.eu/esco/skill/3c7d58c9-125e-4d8d-9102-b8022c54d0b5,χειρισμός εξοπλισμού θαλάσσιας επικοινωνίας,released,skill/competence,sector-specific,,"Χειρισμός και συντήρηση συσκευών θαλάσσιας επικοινωνίας, διεξαγωγή τακτικών επιθεωρήσεων του εξοπλισμού επικοινωνίας.",http://data.europa.eu/esco/skill/52c01fa8-ac34-4f81-97a8-55dcdc8645d1 | http://data.europa.eu/esco/skill/0a88a13f-693a-4dde-b44c-22e6f98fabc6 | http://data.europa.eu/esco/skill/b1a1947a-fdb3-4d09-babb-6f418930c8b8,απλούστευση επικοινωνίας στη διαχείριση θαλάσσιων μεταφορών | χειρισμός εξοπλισμού επικοινωνίας | διαχείριση προτύπων ασφάλειας για την εκτέλεση μεταφορών σε θαλάσσια ύδατα
KnowledgeSkillCompetence,http://data.europa.eu/esco/skill/3cc1ee94-ab2c-4f35-8171-3cf4b5b664e4,ψηφιακή σύνθεση,released,knowledge,cross-sector,,Η διαδικασία και το λογισμικό για την ψηφιακή συγκέντρωση πολλαπλών εικόνων για την παραγωγή μιας τελικής εικόνας.,http://data.europa.eu/esco/isced-f/0211,τεχνικές και παραγωγή οπτικοακουστικών μέσων
KnowledgeSkillCompetence,http://data.europa.eu/esco/skill/3cd569a2-4f88-4c1e-9995-8dce8c5e51a7,JavaScript,released,knowledge,sector-specific,CSJS | Mocha | Server-side JavaScript | Live script | JavaScripts | JavaScript 1.6 | Live Script | Client-side JavaScript | JavaScript 1.7 | Escript,"Οι τεχνικές και οι αρχές ανάπτυξης λογισμικού, όπως είναι η ανάλυση, οι αλγόριθμοι, η συγγραφή κώδικα, οι δοκιμές και η κατάρτιση μοντέλων προγραμματισμού σε JavaScript.",http://data.europa.eu/esco/skill/21d2f96d-35f7-4e3f-9745-c533d2dd6e97 | http://data.europa.eu/esco/isced-f/0613 | http://data.europa.eu/esco/skill/69bbd53f-fbb0-4476-b4b2-ef7844464e28,προγραμματισμός ηλεκτρονικών υπολογιστών | ανάπτυξη και ανάλυση λογισμικού και εφαρμογών | προγραμματισμός ιστού
KnowledgeSkillCompetence,http://data.europa.eu/esco/skill/3ce1fe19-7f9e-4070-941d-651673a5693b,συστήματα υποστήριξης λήψης αποφάσεων,released,knowledge,sector-specific,εργαλεία υποστήριξης αποφάσεων | συστήματα υποστήριξης της λήψης αποφάσεων | συστήματα υποστήριξης αποφάσεων | λογισμικό υποστήριξης αποφάσεων | συστήματα υποστήριξης ανάληψης αποφάσεων | υπολογιστικά προγράμματα για την υποστήριξη αποφάσεων,Τα συστήματα ΤΠΕ που μπορούν να χρησιμοποιηθούν για τη στήριξη της διαδικασίας λήψης αποφάσεων σε επίπεδο επιχείρησης ή οργανισμού.,http://data.europa.eu/esco/isced-f/0611,χρήση υπολογιστών
KnowledgeSkillCompetence,http://data.europa.eu/esco/skill/3cee858e-79e8-4a4b-b99f-93c7f735d58b,DB2,released,knowledge,sector-specific,,"Το πρόγραμμα ηλεκτρονικού υπολογιστή IBM DB2 είναι εργαλείο για τη δημιουργία, την επικαιροποίηση και τη διαχείριση βάσεων δεδομένων, που αναπτύχθηκε από την εταιρεία λογισμικού IBM.",http://data.europa.eu/esco/skill/ab1e97ed-2319-4293-a8b7-072d2648822f | http://data.europa.eu/esco/isced-f/0612,συστήματα διαχείρισης βάσεων δεδομένων | σχεδιασμός και διαχείριση βάσεων δεδομένων και δικτύων
KnowledgeSkillCompetence,http://data.europa.eu/esco/skill/3cfa46e9-b7da-44ac-b09e-9596dffe0425,Βελτιστοποίηση των επιλογών λύσεων ΤΠΕ,released,skill/competence,sector-specific,βελτιστοποιώ τις δυνατότητες λύσεων ΤΠΕ· βελτιστοποιώ τις εναλλακτικές στον τομέα των ΤΠΕ | βελτιώνω τις επιλογές λύσεων ΤΠΕ· επιλέγω τις κατάλληλες λύσεις στον τομέα των ΤΠΕ· επιλέγω τις βέλτιστες λύσεις στον τομέα των ΤΠΕ,"Επιλογή των κατάλληλων λύσεων στον τομέα των ΤΠΕ, λαμβάνοντας παράλληλα υπόψη τους πιθανούς κινδύνους, τα οφέλη και τον συνολικό αντίκτυπο.",http://data.europa.eu/esco/skill/14832d87-2f2f-4895-b290-e4760ebae42a | http://data.europa.eu/esco/skill/185c56ee-098f-46a1-af87-56337085da6f,επίλυση τεχνικών προβλημάτων | προστασία συσκευών τπε
KnowledgeSkillCompetence,http://data.europa.eu/esco/skill/3d03c40c-1b83-4793-8902-2523f40af59e,Microsoft Access,released,knowledge,sector-specific,,"Το πρόγραμμα ηλεκτρονικού υπολογιστή Access είναι εργαλείο δημιουργίας, επικαιροποίησης και διαχείρισης βάσεων δεδομένων, που αναπτύχθηκε από την εταιρεία λογισμικού Microsoft.",http://data.europa.eu/esco/skill/ab1e97ed-2319-4293-a8b7-072d2648822f | http://data.europa.eu/esco/isced-f/0611,συστήματα διαχείρισης βάσεων δεδομένων | χρήση υπολογιστών
KnowledgeSkillCompetence,http://data.europa.eu/esco/skill/3d427a49-4f85-42cd-8a92-62d4a34f41a1,καταχώριση εγγράφων,released,skill/competence,sector-specific,,Δημιουργία συστήματος καταχώρισης εγγράφων. Σύνταξη καταλόγου εγγράφων. Επισήμανση εγγράφων κ.λπ.,http://data.europa.eu/esco/skill/32c017fd-28ab-4051-bf68-74de952c2f77,διαχείριση πληροφοριών
KnowledgeSkillCompetence,http://data.europa.eu/esco/skill/3d957fb2-b8f4-4b4c-b955-23299c761ad5,σχεδιασμός μαθημάτων μέσω διαδικτύου,released,skill/competence,cross-sector,κατάρτιση διαδικτυακών εκπαιδευτικών προγραμμάτων | ανάπτυξη διαδικτυακών εκπαιδευτικών σεμιναρίων | δημιουργία διαδικτυακών μαθημάτων | σχεδιασμός διαδικτυακών μαθημάτων | συγκρότηση ηλεκτρονικών μαθημάτων,"Δημιουργία προγραμμάτων κατάρτισης και εκπαίδευσης μέσω διαδικτύου με τη χρήση δυναμικών και στατικών διαδικτυακών εργαλείων για την επίτευξη μαθησιακών αποτελεσμάτων του κοινού του κύκλου μαθημάτων. Τα διαδικτυακά εργαλεία που χρησιμοποιούνται εδώ μπορούν να περιλαμβάνουν βίντεο και ήχο, ζωντανές μεταδόσεις μέσω διαδικτύου, ενημερωτικές πύλες, χώρους συνομιλιών (chatrooms) και πίνακες ανακοινώσεων.",http://data.europa.eu/esco/skill/b590d4e5-7c62-4b4a-abc2-c270b482e0ce,σχεδιασμός συστημάτων ή εφαρμογών τπε
KnowledgeSkillCompetence,http://data.europa.eu/esco/skill/3dc6fd8e-6ff7-432e-a262-04d487858efb,συναρμολόγηση εξαρτημάτων υλισμικού,released,skill/competence,cross-sector,,"Συναρμολόγηση των απαραίτητων συστατικών μερών του υλισμικού, όπως η μητρική πλακέτα, η κεντρική μονάδα επεξεργασίας (CPU), ο σκληρός δίσκος, η μονάδα δίσκου, η μονάδα τροφοδοσίας, η RAM, η κάρτα PCI, το ποντίκι, το πληκτρολόγιο, οι κάμερες και άλλα απαραίτητα συστατικά μέρη για την κατασκευή του υπολογιστή. Προσάρτηση των συστατικών μερών χειροκίνητα με τη χρήση κατσαβιδιών ή μηχανών συναρμολόγησης και εγκατάστασης της καλωδίωσης.
	",http://data.europa.eu/esco/skill/39499028-35bf-4d69-9275-fb98902ed88b,εργασία με υπολογιστές
KnowledgeSkillCompetence,http://data.europa.eu/esco/skill/3e23db60-0c3d-498a-a6ac-ffbed0ecb033,πρότυπα προσβασιμότητας σε ΤΠΕ,released,knowledge,sector-specific,πρότυπα και οδηγίες προσβασιμότητας σε ΤΠΕ | απαιτήσεις προσπελασιμότητας ΤΠΕ | πρότυπα δυνατότητας πρόσβασης σε ΤΠΕ | πρότυπα προσπέλασης ΤΠΕ,"Οι συστάσεις για μεγαλύτερη προσβασιμότητα του περιεχομένου και των εφαρμογών ΤΠΕ σε ευρύτερο φάσμα ατόμων, κυρίως με αναπηρίες, όπως τύφλωση και χαμηλή όραση, κώφωση και απώλεια ακοής και γνωστικούς περιορισμούς. Περιλαμβάνονται πρότυπα όπως οι κατευθυντήριες γραμμές για την προσβασιμότητα στο περιεχόμενο του παγκόσμιου ιστού (WCAG).",http://data.europa.eu/esco/isced-f/0611,χρήση υπολογιστών
KnowledgeSkillCompetence,http://data.europa.eu/esco/skill/3e2ab38a-4519-4bef-b762-a8bf4836a775,εκτέλεση μείωσης διαστατικότητας,released,skill/competence,cross-sector,μηχανική χαρακτηριστικών δεδομένων | επιλογή χαρακτηριστικών δεδομένων | εξαγωγή χαρακτηριστικών δεδομένων | Χάρτης αυτοοργάνωσης Kohonen | t-distributed stochastic neighbor embedding | t-SNE | πολυδιάστατη κλιμάκωση,"Μείωση του αριθμού των μεταβλητών ή των χαρακτηριστικών ενός συνόλου δεδομένων σε αλγόριθμους μηχανικής μάθησης μέσω μεθόδων όπως η ανάλυση κύριων συνιστωσών, η παραγοντοποίηση μητρώων, οι μέθοδοι αυτόματου κωδικοποιητή και άλλες.
	",http://data.europa.eu/esco/skill/a8c3186b-c791-4d57-8f4f-4d12c7a5c6a7,προγραμματισμός συστημάτων ηλεκτρονικών υπολογιστών
KnowledgeSkillCompetence,http://data.europa.eu/esco/skill/3e7516dc-0f7c-4686-8b2f-fade4e5d21be,απόδοση υφής σε 3-διάστατη εικόνα,released,knowledge,sector-specific,πρόσδοση υφής τριών διαστάσεων | τρισδιάστατη πρόσδοση υφής,Η διαδικασία εφαρμογής ενός τύπου επιφάνειας σε εικόνα 3D.,http://data.europa.eu/esco/isced-f/0211,τεχνικές και παραγωγή οπτικοακουστικών μέσων
KnowledgeSkillCompetence,http://data.europa.eu/esco/skill/3e75d405-c3d1-4a66-9963-05a9397d68fb,μέθοδοι δοκιμής πινακίδων τυπωμένου κυκλώματος,released,knowledge,cross-sector,,"Οι μέθοδοι δοκιμής πινακίδων τυπωμένου κυκλώματος (PCB) αποτελούνται από τις διεργασίες στις οποίες δοκιμάζονται κατασκευαστικά στοιχεία ή συστήματα PCB, όπως η δοκιμή κυκλώματος (ICT), η δοκιμή σύμφωνα με το πρότυπο JTAG, και η αυτοματοποιημένη οπτική επιθεώρηση (ΑΟΙ).",http://data.europa.eu/esco/isced-f/0612,σχεδιασμός και διαχείριση βάσεων δεδομένων και δικτύων
KnowledgeSkillCompetence,http://data.europa.eu/esco/skill/3ec2e4d6-7000-4905-bf1a-c5b1679416de,αποθήκη δεδομένων,released,knowledge,occupation-specific,,"Το σύστημα αποθήκευσης δεδομένων που αναλύει και υποβάλλει εκθέσεις σχετικά με δεδομένα, όπως μια αγορά δεδομένων (data mart).",http://data.europa.eu/esco/isced-f/0612,σχεδιασμός και διαχείριση βάσεων δεδομένων και δικτύων
KnowledgeSkillCompetence,http://data.europa.eu/esco/skill/3f4dab51-572b-4e2c-85ef-3b4c3f7094e1,XQuery,released,knowledge,sector-specific,,Η γλώσσα ηλεκτρονικού υπολογιστή XQuery είναι μια γλώσσα που επιτρέπει την ανάκτηση πληροφοριών από μια βάση δεδομένων και εγγράφων που περιέχουν τις απαιτούμενες πληροφορίες. Αναπτύσσεται από τον διεθνή οργανισμό προτύπων World Wide Web Consortium.,http://data.europa.eu/esco/skill/9cf681c7-89ec-470c-b651-7fe03786f586 | http://data.europa.eu/esco/isced-f/0613,γλώσσα ερωτήσεων | ανάπτυξη και ανάλυση λογισμικού και εφαρμογών
KnowledgeSkillCompetence,http://data.europa.eu/esco/skill/3fb8b724-1d52-4d11-b8b8-1776f558d1f0,σχεδιασμός τοποθέτησης εξοπλισμού ΤΠΕ,released,skill/competence,occupation-specific,σχεδιασμός της εγκατάστασης συσκευών ΤΠΕ | ρύθμιση της εγκατάστασης υλικού ΤΠΕ | σχεδιασμός της εγκατάστασης εξοπλισμού ΤΠΕ | οργάνωση της τοποθέτησης συσκευών ΤΠΕ,Περιγραφή και σχεδιασμός του τρόπου τοποθέτησης των καλωδιώσεων και των σχετικών στοιχείων υλισμικού σε ολόκληρο το κτίριο.,http://data.europa.eu/esco/skill/c23e0a2f-f04b-45bc-b0dd-20571f6b502c,ανάπτυξη επιχειρησιακών πολιτικών και διαδικασιών
KnowledgeSkillCompetence,http://data.europa.eu/esco/skill/3ff589b7-68df-4ea5-ae41-b395bdb2378f,πρότυπα ασφάλειας ΤΠΕ,released,knowledge,sector-specific,προδιαγραφές ασφάλειας ΤΠΕ | πρότυπα ασφάλειας συστημάτων ΤΠΕ | πρότυπα ασφάλειας πληροφοριών | πρότυπα ασφάλειας πληροφορικής | πρότυπα ασφάλειας στον κυβερνοχώρο | πρότυπα εγγύησης ασφάλειας συστημάτων πληροφορικής | απαιτήσεις ασφάλειας ΤΠΕ | πρότυπα ασφάλειας ΤΠ | κριτήρια ασφάλειας ΤΠΕ,"Βέλτιστες πρακτικές και κατευθυντήριες γραμμές για τη διασφάλιση των συστημάτων και των δεδομένων των τεχνολογιών των πληροφοριών και των επικοινωνιών (ΤΠΕ). Τα πρότυπα, όπως στην περίπτωση της σειράς ISO 27000, παρέχουν ένα πλαίσιο για την εφαρμογή αποτελεσματικών ελέγχων ασφάλειας, συμπεριλαμβανομένων του ελέγχου πρόσβασης, της εκτίμησης κινδύνων και της διαχείρισης περιστατικών, καθώς και για τη διασφάλιση της συμμόρφωσης ενός οργανισμού.",http://data.europa.eu/esco/isced-f/0612,σχεδιασμός και διαχείριση βάσεων δεδομένων και δικτύων
KnowledgeSkillCompetence,http://data.europa.eu/esco/skill/40001d93-8937-4859-89d5-2dca53290ff4,κοινοποίηση δεδομένων μέσω ψηφιακών τεχνολογιών,released,skill/competence,cross-sector,κοινοποίηση πληροφοριών μέσω ψηφιακών τεχνολογιών,"Κοινοποίηση δεδομένων, πληροφοριών και ψηφιακού περιεχομένου σε τρίτους μέσω κατάλληλων ψηφιακών τεχνολογιών. Συμπεριφορά ενδιάμεσου φορέα, γνώση των πρακτικών αναφοράς πηγών και κατόχων πνευματικών δικαιωμάτων.",http://data.europa.eu/esco/skill/574257ea-7b64-4100-b7b6-e27c233fe143 | http://data.europa.eu/esco/skill/98fb499f-9155-412d-a8a0-95ba97126fec,ψηφιακή επικοινωνία και συνεργασία | χρήση ψηφιακών εργαλείων για συνεργασία και παραγωγικότητα
KnowledgeSkillCompetence,http://data.europa.eu/esco/skill/401eb8d8-6daa-4f8b-90ad-60afc71eb4f8,Perl,released,knowledge,sector-specific,Perl golf | Perl Camel | Ponie | PERL,"Οι τεχνικές και οι αρχές ανάπτυξης λογισμικού, όπως είναι η ανάλυση, οι αλγόριθμοι, η συγγραφή κώδικα, οι δοκιμές και η κατάρτιση μοντέλων προγραμματισμού σε Perl.",http://data.europa.eu/esco/skill/21d2f96d-35f7-4e3f-9745-c533d2dd6e97 | http://data.europa.eu/esco/isced-f/0613,προγραμματισμός ηλεκτρονικών υπολογιστών | ανάπτυξη και ανάλυση λογισμικού και εφαρμογών
KnowledgeSkillCompetence,http://data.europa.eu/esco/skill/406117ad-e035-483f-bbd3-9f6c2d95e535,παροχή ηλεκτρονικής βοήθειας,released,skill/competence,occupation-specific,προσφέρω επιγραμμική υποστήριξη | προσφέρω υπηρεσίες υποστήριξης χρήστη | προσφέρω ηλεκτρονική βοήθεια | παρέχω επιγραμμική βοήθεια | παρέχω ηλεκτρονική υποστήριξη,Παροχή πληροφοριών υποστήριξης σε χρήστες μέσω συστήματος ΤΠΕ για την παροχή βοήθειας ή την παρουσίαση πληροφοριών που αφορούν ευρύ φάσμα θεμάτων ή συγκεκριμένο θέμα ή προϊόν.,http://data.europa.eu/esco/skill/699e7c26-6502-4e78-a823-3656ff5a5b8b | http://data.europa.eu/esco/skill/7de7e3f6-d222-4f08-b3f0-e2deff7ef798,παροχή οδηγιών σε τρίτους | παροχή πληροφοριών και υποστήριξης στους πολίτες και στους πελάτες
KnowledgeSkillCompetence,http://data.europa.eu/esco/skill/40802f0d-d400-404c-bc26-f9ba4eb6195a,δοκιμή απόδοσης συστήματος γείωσης,released,skill/competence,sector-specific,,"Κατάρτιση στρατηγικών δοκιμής για πολύπλοκα προϊόντα λογισμικού και υλισμικού, οι οποίες περιλαμβάνουν τον εντοπισμό και διόρθωση προβλημάτων και την υποστήριξη συστήματος, υπολογισμός της απόδοσης του συστήματος.",http://data.europa.eu/esco/skill/ce354460-500e-4eaa-8e95-8f243fcea3db | http://data.europa.eu/esco/skill/6d0cad66-82dd-4854-a03a-68232942c68d,διεξαγωγή δοκιμών συστήματος | εγκατάσταση ξύλινων και μεταλλικών στοιχείων
KnowledgeSkillCompetence,http://data.europa.eu/esco/skill/4095c6dd-3b00-44d1-9308-878e08737e92,δημιουργία υλικού για την ενεργητική προώθηση συγκεκριμένου σκοπού,released,skill/competence,occupation-specific,,"Σχεδιασμός συναρπαστικού περιεχομένου, όπως αναρτήσεις ιστολογίου, εκστρατείες αποστολής μηνυμάτων ή εκστρατείες μέσων κοινωνικής δικτύωσης, με σκοπό τον επηρεασμό των πολιτικών, οικονομικών ή κοινωνικών αποφάσεων.",http://data.europa.eu/esco/skill/0a4c5823-8b09-4e6b-95b4-8036ef3b9c4c,προάσπιση των ατομικών αναγκών ή των αναγκών της κοινότητας
KnowledgeSkillCompetence,http://data.europa.eu/esco/skill/40c815cd-30a2-42e5-a549-bf9017cb6df3,διανομή σημάτων ελέγχου,released,skill/competence,sector-specific,,"Διανομή σημάτων ελέγχου μεταξύ φωτεινών ταμπλό, ροοστατικών διακοπτών και άλλων συσκευών φωτισμού. Τα συστήματα ελέγχου μπορούν να είναι είτε τύπου DMX είτε διαδικτυακά.",http://data.europa.eu/esco/skill/8ddcb295-707e-459c-ba6a-66ffb37835c5,χειρισμός οπτικοακουστικού εξοπλισμού
KnowledgeSkillCompetence,http://data.europa.eu/esco/skill/417d5c34-3261-4e88-a860-d0ac725965bf,συλλογή πληροφοριών γεωεντοπισμού σε πραγματικό χρόνο,released,skill/competence,sector-specific,,"Χρήση εργαλείων, τεχνικών και διαδικασιών για την εξ αποστάσεως εκμετάλλευση και παραμονή σε έναν στόχο. Παροχή αξιοποιήσιμων πληροφοριών γεωεντοπισμού σε πραγματικό χρόνο με τη χρήση στοχευόμενων υποδομών.
	",http://data.europa.eu/esco/skill/0d6714c6-720e-4985-9791-5ab85d28da79 | http://data.europa.eu/esco/skill/29dcc31e-a8d6-4a62-b3c1-2de81e966e39,συλλογή δεδομένων | συγκέντρωση πληροφοριών από φυσικές ή ηλεκτρονικές πηγές
KnowledgeSkillCompetence,http://data.europa.eu/esco/skill/417eb6b1-9e5b-4b3a-bfd0-85132c9f648d,χρήση εξοπλισμού βιντεοσκόπησης αγωγών,released,skill/competence,sector-specific,,Χειρισμός κινητών συσκευών λήψης βίντεο που χρησιμοποιούνται για τον οπτικό έλεγχο συστημάτων αποχέτευσης και αγωγών. Κάθε συσκευή λήψης είναι συνδεδεμένη με ένα μακρύ καλώδιο που βρίσκεται τυλιγμένο γύρω από ένα βαρούλκο. Ανάλυση του υλικού λήψης για τη διαπίστωση τυχόν αναγκών εργασιών επισκευής ή συντήρησης.,http://data.europa.eu/esco/skill/57e6af87-8a6b-4ecb-88e5-7c80b582ddd7,χρήση οργάνων και εξοπλισμού ακριβείας
KnowledgeSkillCompetence,http://data.europa.eu/esco/skill/418a56a2-7cfc-4b6d-8cf5-5c2add99a849,παροχή εκπαίδευσης για συστήματα ΤΠΕ,released,skill/competence,sector-specific,παρέχω κατάρτιση για συστήματα ΤΠΕ· παρέχω εκπαιδευτικά σεμινάρια για συστήματα ΤΠΕ | προγραμματίζω κατάρτιση για συστήματα ΤΠΕ· πραγματοποιώ εκπαιδευτικά σεμινάρια για συστήματα ΤΠΕ· προσφέρω εκπαίδευση για συστήματα ΤΠΕ,"Οργάνωση και διεξαγωγή εκπαίδευσης του προσωπικού σε θέματα συστημάτων και δικτύων. Χρήση εκπαιδευτικού υλικού, αξιολόγηση και υποβολή εκθέσεων σχετικά με την πρόοδο των εκπαιδευόμενων.",http://data.europa.eu/esco/skill/699e7c26-6502-4e78-a823-3656ff5a5b8b | http://data.europa.eu/esco/skill/6c4fa8c8-e9e1-49b5-897f-6b61fe649488,παροχή οδηγιών σε τρίτους | κατάρτιση σχετικά με επιχειρησιακές διαδικασίες
KnowledgeSkillCompetence,http://data.europa.eu/esco/skill/41be77d3-d683-4221-a0e4-fff732212402,παρακολούθηση της ποιότητας της εκπομπής ραδιομετάδοσης,released,skill/competence,occupation-specific,,"Παρακολούθηση της ισχύος, της σαφήνειας και της αξιοπιστίας των εισερχόμενων και των εξερχόμενων σημάτων για την προσαρμογή του εξοπλισμού, ανάλογα με τις ανάγκες, ώστε να διατηρείται η ποιότητα της μετάδοσης.",http://data.europa.eu/esco/skill/35ebe444-9ece-4fbc-a55d-e99ea37267ae | http://data.europa.eu/esco/skill/0a88a13f-693a-4dde-b44c-22e6f98fabc6,διαχείριση ποιότητας | χειρισμός εξοπλισμού επικοινωνίας
KnowledgeSkillCompetence,http://data.europa.eu/esco/skill/41ec47dd-08b3-464a-9c45-c706f3e74467,βιομηχανικό λογισμικό,released,knowledge,cross-sector,,"Η επιλογή λογισμικού για την εκτίμηση, τη διαχείριση και τον προγραμματισμό βιομηχανικών διαδικασιών, όπως ο σχεδιασμός, η ροή της εργασίας και η βελτίωση της παραγωγής.",http://data.europa.eu/esco/isced-f/0611,χρήση υπολογιστών
KnowledgeSkillCompetence,http://data.europa.eu/esco/skill/41f2f9bf-1440-49f7-bbb1-2c3c3ea93f76,ανάλυση περιπτώσεων χρήσης της αλυσίδας συστοιχιών (blockchain),released,skill/competence,cross-sector,διερεύνηση περιπτώσεων χρήσης blockchain | ανάλυση περιπτώσεων χρήσης blockchain | αξιολόγηση περιπτώσεων χρήσης blockchain | αξιολογούν περιπτώσεις χρήσης blockchain,"Aνάλυση περιπτώσεων χρήσης blockchain της αλυσίδας συστοιχιών σε διάφορους τομείς σε συνάρτηση με τις ανάγκες τους όσον αφορά την τεχνολογία και την αρχιτεκτονική της αλυσίδας συστοιχιών. Ειδικότερα, βασικές περιπτώσεις χρήσης της αλυσίδας συστοιχιών στον επιχειρηματικό, χρηματοδοτικό και τραπεζικό τομέα, όπως οι διεθνείς πληρωμές, οι συναλλαγές μεταξύ ομοτίμων, οι κεφαλαιαγορές, η χρηματοδότηση του εμπορίου ή η κανονιστική χρηματοδότηση και έλεγχος.",http://data.europa.eu/esco/skill/6a7fc30d-af16-4cc5-a957-29d174bdb61c,"διαχείριση, συλλογή και αποθήκευση ψηφιακών δεδομένων"
KnowledgeSkillCompetence,http://data.europa.eu/esco/skill/4216e465-7baa-4884-a241-54b197bb9278,εκτέλεση εξόρυξης δεδομένων,released,skill/competence,sector-specific,εκτελώ εξόρυξη πληροφοριών· εκτελώ εξόρυξη πληροφοριακών στοιχείων | πραγματοποιώ εξόρυξη δεδομένων εφαρμόζω εξόρυξη δεδομένων· χρησιμοποιώ πρότυπα δεδομένων,"Διερεύνηση μεγάλων συνόλων δεδομένων για την αποκάλυψη προτύπων με τη χρήση στατιστικών, συστημάτων βάσης δεδομένων ή τεχνητής νοημοσύνης και παρουσίαση των πληροφοριών με κατανοητό τρόπο.",http://data.europa.eu/esco/skill/4463a721-69f3-413d-8321-43e3af13a4f1 | http://data.europa.eu/esco/skill/6a7fc30d-af16-4cc5-a957-29d174bdb61c,"χρήση βάσεων δεδομένων | διαχείριση, συλλογή και αποθήκευση ψηφιακών δεδομένων"
KnowledgeSkillCompetence,http://data.europa.eu/esco/skill/42c3287f-5e50-4559-a2d1-2000c70e0aab,Pentaho Data Integration,released,knowledge,sector-specific,,"Το πρόγραμμα υπολογιστή Pentaho Data Integration είναι ένα εργαλείο για την ενσωμάτωση πληροφοριών από πολλαπλές εφαρμογές που δημιουργούνται και τηρούνται από οργανισμούς σε μια συνεπή και διαφανή δομή δεδομένων, την οποία έχει αναπτύξει η εταιρεία λογισμικού Pentaho.",http://data.europa.eu/esco/skill/9d0d89be-bffa-4393-b6f6-8d05bea49051 | http://data.europa.eu/esco/isced-f/0612,εργαλεία φόρτωσης μετατροπής και εξαγωγής δεδομένων | σχεδιασμός και διαχείριση βάσεων δεδομένων και δικτύων
KnowledgeSkillCompetence,http://data.europa.eu/esco/skill/42cb7669-c371-4903-9c0b-13db67b2e4bb,αναδυόμενες τεχνολογίες,released,knowledge,cross-sector,νεοεμφανιζόμενες τεχνολογίες· νεοεμφανιζόμενα προγράμματα· πρόσφατες τεχνολογίες· σύγχρονες τεχνολογίες | αναδυόμενες τεχνολογικές καινοτομίες· αναδυόμενες τεχνολογικές αναπτύξεις,"Οι πρόσφατες τάσεις, οι εξελίξεις και οι καινοτομίες στις σύγχρονες τεχνολογίες, όπως η βιοτεχνολογία, η τεχνητή νοημοσύνη και η ρομποτική.",http://data.europa.eu/esco/isced-f/0719,κλάδοι μηχανικής και συναφή επαγγέλματα που δεν ταξινομούνται αλλού
KnowledgeSkillCompetence,http://data.europa.eu/esco/skill/42ed3bfb-1a01-4c8b-9758-fc6438865734,Smalltalk (προγραμματισμός ηλεκτρονικών υπολογιστών),released,knowledge,sector-specific,,"Οι τεχνικές και οι αρχές ανάπτυξης λογισμικού, όπως είναι η ανάλυση, οι αλγόριθμοι, η συγγραφή κώδικα, οι δοκιμές και η κατάρτιση μοντέλων προγραμματισμού σε Smalltalk.",http://data.europa.eu/esco/skill/21d2f96d-35f7-4e3f-9745-c533d2dd6e97 | http://data.europa.eu/esco/isced-f/0613,προγραμματισμός ηλεκτρονικών υπολογιστών | ανάπτυξη και ανάλυση λογισμικού και εφαρμογών
KnowledgeSkillCompetence,http://data.europa.eu/esco/skill/42fcf80d-7b45-40f3-bd2f-5411c4c0dfa0,προσδιορισμός τεχνολογικών αναγκών,released,skill/competence,cross-sector,,"Αξιολόγηση των αναγκών και προσδιορισμός ψηφιακών εργαλείων και πιθανών τεχνολογικών τρόπων αντιμετώπισης για την επίλυσή τους. Προσαρμογή και εξατομίκευση του ψηφιακού περιβάλλοντος σύμφωνα με τις ατομικές ανάγκες (π.χ. προσβασιμότητα).
	",http://data.europa.eu/esco/skill/7e5147d1-60b1-4a68-804b-1f5cb0396b91 | http://data.europa.eu/esco/skill/aca5081a-ceb0-4028-9cc5-1daafd4f86f9,επίλυση προβλημάτων με εργαλεία και εξοπλισμό της τεχνολογίας πληροφοριών και επικοινωνιών | ανάπτυξη λύσεων
KnowledgeSkillCompetence,http://data.europa.eu/esco/skill/4350c38d-0fe9-4ca7-bab9-40ed7f72b04f,PHP,released,knowledge,sector-specific,Php 5.3 | Php2 | ElePHPant | Phtml | Php 5.0 | PHP-FPM | PHP5-FPM | Php 5.4 | Php5 | PHP7 | Php3 | Php 5.1 | Php 6.0 | Php 5.2 | Php1 | Php6 | Php 4,"Οι τεχνικές και οι αρχές ανάπτυξης λογισμικού, όπως είναι η ανάλυση, οι αλγόριθμοι, η συγγραφή κώδικα, οι δοκιμές και η κατάρτιση μοντέλων προγραμματισμού σε PHP.",http://data.europa.eu/esco/skill/21d2f96d-35f7-4e3f-9745-c533d2dd6e97 | http://data.europa.eu/esco/isced-f/0613 | http://data.europa.eu/esco/skill/69bbd53f-fbb0-4476-b4b2-ef7844464e28,προγραμματισμός ηλεκτρονικών υπολογιστών | ανάπτυξη και ανάλυση λογισμικού και εφαρμογών | προγραμματισμός ιστού
KnowledgeSkillCompetence,http://data.europa.eu/esco/skill/438ff259-d086-4004-acda-1ec3e1631bc6,ανωμαλίες λογισμικού,released,knowledge,sector-specific,ανωμαλίες λογισμικού συστήματος· ανωμαλίες λογισμικού προγράμματος | δυσλειτουργίες συστήματος· προβληματική λειτουργία λογισμικού συστήματος· αποκλίσεις στην απόδοση του συστήματος,"Οι αποκλίσεις μεταξύ τυπικού και εξαιρετικού συμβάντος κατά τις επιδόσεις του συστήματος λογισμικού, ο εντοπισμός συμβάντων που μπορούν να αλλάξουν τη ροή και τη διαδικασία εκτέλεσης του συστήματος.",http://data.europa.eu/esco/isced-f/0613,ανάπτυξη και ανάλυση λογισμικού και εφαρμογών
KnowledgeSkillCompetence,http://data.europa.eu/esco/skill/43ae58b9-5e56-4524-b45a-b422777a0576,βάση δεδομένων,released,knowledge,cross-sector,βάσεις δεδομένων· βάση πληροφοριακών στοιχείων | τράπεζα δεδομένων· τράπεζα πληροφοριακών δεδομένων· συλλογή δεδομένων | διαχείριση βάσεων δεδομένων,"Η ταξινόμηση των βάσεων δεδομένων, η οποία περιλαμβάνει τον σκοπό, τα χαρακτηριστικά, την ορολογία, τα μοντέλα και τη χρήση τους, όπως βάσεις δεδομένων XML, βάσεις δεδομένων με βάση έγγραφα και βάσεις δεδομένων πλήρους κειμένου.",http://data.europa.eu/esco/isced-f/0612,σχεδιασμός και διαχείριση βάσεων δεδομένων και δικτύων
KnowledgeSkillCompetence,http://data.europa.eu/esco/skill/43dfbe7f-9e10-4871-b171-e5076737b4cf,τεχνικές ψηφιακού μάρκετινγκ,released,knowledge,sector-specific,στρατηγικές διαδικτυακού μάρκετινγκ | πρακτικές ηλεκτρονικής εμπορικής προώθησης | στρατηγικές διαδικτυακής εμπορικής προώθησης | τεχνικές διαδικτυακού μάρκετινγκ | μέθοδοι ψηφιακής εμπορικής προώθησης | τεχνικές ηλεκτρονικού μάρκετιγνκ,Οι τεχνικές εμπορίας που χρησιμοποιούνται στο διαδίκτυο για την προσέγγιση και τη συνεργασία με τα ενδιαφερόμενα μέρη και τους πελάτες.,http://data.europa.eu/esco/isced-f/0414,εμπορική προώθηση και διαφήμιση
KnowledgeSkillCompetence,http://data.europa.eu/esco/skill/43ec6db6-33f7-449b-a566-5779a7e8997a,OpenEdge Database,released,knowledge,sector-specific,,"Το πρόγραμμα ηλεκτρονικού υπολογιστή OpenEdge Database είναι εργαλείο για τη δημιουργία, την επικαιροποίηση και τη διαχείριση βάσεων δεδομένων, που αναπτύχθηκε από την εταιρεία λογισμικού Progress Software Corporation.",http://data.europa.eu/esco/skill/ab1e97ed-2319-4293-a8b7-072d2648822f | http://data.europa.eu/esco/isced-f/0612,συστήματα διαχείρισης βάσεων δεδομένων | σχεδιασμός και διαχείριση βάσεων δεδομένων και δικτύων
KnowledgeSkillCompetence,http://data.europa.eu/esco/skill/440d5784-52a5-4729-8b04-29f978bd896d,αντιμετώπιση συμβάντων στο υπολογιστικό νέφος,released,skill/competence,sector-specific,,"Επίλυση προβλημάτων στο υπολογιστικό νέφος και προσδιορισμός του τρόπου αποκατάστασης των λειτουργιών. Σχεδιασμός και αυτοματοποίηση στρατηγικών ανάκτησης μετά από καταστροφή και αξιολόγηση μιας εγκατάστασης όσον αφορά σημεία αστοχίας.
	",http://data.europa.eu/esco/skill/334e3e49-fb02-4051-809a-f06adfdc1c40 | http://data.europa.eu/esco/skill/aca5081a-ceb0-4028-9cc5-1daafd4f86f9,εντοπισμός και διόρθωση προβλημάτων | ανάπτυξη λύσεων
KnowledgeSkillCompetence,http://data.europa.eu/esco/skill/440d7494-3d79-4e1f-83ba-b346e116b471,χειρισμός εξοπλισμού βίντεο,released,skill/competence,cross-sector,,Χρήση διαφόρων τύπων εξοπλισμού βίντεο.,http://data.europa.eu/esco/skill/8ddcb295-707e-459c-ba6a-66ffb37835c5,χειρισμός οπτικοακουστικού εξοπλισμού
KnowledgeSkillCompetence,http://data.europa.eu/esco/skill/440f64e5-e66c-45ee-bc29-53c14a2ad720,χρήση συστημάτων γεωγραφικών πληροφοριών,released,skill/competence,sector-specific,,"Εργασία με συστήματα ηλεκτρονικών δεδομένων, όπως συστήματα γεωγραφικών πληροφοριών (GIS).",http://data.europa.eu/esco/skill/fdc388ba-c8f4-4455-a55f-ffdf29b05f5f | http://data.europa.eu/esco/skill/6a7fc30d-af16-4cc5-a957-29d174bdb61c,"χρήση γεωργικών πληροφοριακών συστημάτων και βάσεων δεδομένων | διαχείριση, συλλογή και αποθήκευση ψηφιακών δεδομένων"
KnowledgeSkillCompetence,http://data.europa.eu/esco/skill/4463a721-69f3-413d-8321-43e3af13a4f1,χρήση βάσεων δεδομένων,released,skill/competence,cross-sector,,"Χρήση εργαλείων λογισμικού για τη διαχείριση και την οργάνωση δεδομένων σε δομημένο περιβάλλον που συνίσταται από χαρακτηριστικά, πίνακες και σχέσεις, προκειμένου για την διεξαγωγή αναζητήσεων και την τροποποίηση των αποθηκευμένων δεδομένων.",http://data.europa.eu/esco/skill/6a7fc30d-af16-4cc5-a957-29d174bdb61c,"διαχείριση, συλλογή και αποθήκευση ψηφιακών δεδομένων"
KnowledgeSkillCompetence,http://data.europa.eu/esco/skill/446d29ed-9eaa-4798-bb91-5f196651ad0a,δημιουργία λογισμικού δοκιμής παιχνιδιών,released,skill/competence,occupation-specific,,"Ανάπτυξη λογισμικού για τη δοκιμή και την αξιολόγηση διαδικτυακών τυχερών παιχνιδιών με επίγειες εγκαταστάσεις, στοιχημάτων και λαχειοφόρων αγορών.
	",http://data.europa.eu/esco/skill/5d74614d-32c8-4ca4-9818-6980e52424b1 | http://data.europa.eu/esco/skill/a8c3186b-c791-4d57-8f4f-4d12c7a5c6a7,σχεδιασμός δοκιμών λογισμικού | προγραμματισμός συστημάτων ηλεκτρονικών υπολογιστών
KnowledgeSkillCompetence,http://data.europa.eu/esco/skill/44847349-e7ff-4bdb-82b9-6a18140efcaf,αναγνώριση των τομέων εφαρμογής της αλυσίδας συστοιχιών,released,skill/competence,sector-specific,εντοπισμός τομέων εφαρμογής τεχνολογίας blockchain | προσδιορισμό τομέων εφαρμογής τεχνολογίας blockchain | αναγνώριση των τομέων blockchain | εντοπισμός τομέων εφαρμογών τεχνολογίας blockchain,"Αναγνώριση ευκαιριών για την εισαγωγή λύσεων βάσει της τεχνολογίας blockchain αλυσίδας συστοιχιών σε διάφορους τομείς εφαρμογής (π.χ. αλυσίδες εφοδιασμού, συστήματα προϊόντων και υπηρεσιών, οικονομικά κ.λπ.), καθώς και το μετασχηματιστικό δυναμικό τους στον οικείο τομέα εφαρμογής όσον αφορά τις δεξιότητες των ατόμων, τους ρόλους που πρέπει να εκπληρώσουν και τις διαδικασίες στις οποίες συμβάλλουν οι ρόλοι αυτοί. Προσδιορισμός της προστιθέμενης αξίας των λύσεων βάσει της τεχνολογίας αλυσίδας συστοιχιών σε σύγκριση με τις παραδοσιακές λύσεις.",http://data.europa.eu/esco/skill/b590d4e5-7c62-4b4a-abc2-c270b482e0ce,σχεδιασμός συστημάτων ή εφαρμογών τπε
KnowledgeSkillCompetence,http://data.europa.eu/esco/skill/449d119b-2d66-43a9-9230-7d27f16afbb6,Xcode,released,knowledge,sector-specific,,"Το πρόγραμμα ηλεκτρονικού υπολογιστή Xcode είναι ένα σύνολο εργαλείων ανάπτυξης λογισμικού για τη συγγραφή προγραμμάτων, όπως μεταγλωττιστής, εκσφαλματωτής, επεξεργαστής κώδικα, επισήμανση κώδικα, όλα μαζί σε μια ενοποιημένη διεπαφή χρήστη. Αναπτύσσεται από την εταιρεία λογισμικού Apple.",http://data.europa.eu/esco/skill/925463a7-d51f-4d5b-9f79-4d28cf30acde | http://data.europa.eu/esco/isced-f/0612,ολοκληρωμένο περιβάλλον ανάπτυξης λογισμικού | σχεδιασμός και διαχείριση βάσεων δεδομένων και δικτύων
KnowledgeSkillCompetence,http://data.europa.eu/esco/skill/44a117a9-4443-43a4-b037-23c716af671e,τάσεις βιντεοπαιχνιδιών,released,knowledge,cross-sector,τάσεις video-games,Οι τελευταίες εξελίξεις στον κλάδο των βιντεοπαιχνιδιών.,http://data.europa.eu/esco/skill/e09d599b-83ab-4e8f-a8b7-29dcf3be1043 | http://data.europa.eu/esco/isced-f/0211,τάσεις παιχνιδιών | τεχνικές και παραγωγή οπτικοακουστικών μέσων
KnowledgeSkillCompetence,http://data.europa.eu/esco/skill/44b1a100-7240-4943-9133-d8c6d1f0b50a,χειρισμός προγραμμάτων στοιβασίας,released,skill/competence,sector-specific,,"Χειρισμός προγραμμάτων στοιβασίας που χρησιμοποιούνται για τον έλεγχο της ευστάθειας των πλοίων, των εργασιών φόρτωσης και των διαδικασιών σχεδιασμού φορτίου. Ερμηνεία των γραφικών διεπαφών και των μεταβλητών των δεδομένων στοιβασίας και των σεναρίων.",http://data.europa.eu/esco/skill/494b8057-daf5-46a0-b33b-416e0115c30a,χρήση ψηφιακών εργαλείων για τον έλεγχο μηχανημάτων
KnowledgeSkillCompetence,http://data.europa.eu/esco/skill/4503c65f-2bd0-4aa5-91cd-4188c7e5e31b,υπερυπολογιστική,released,knowledge,sector-specific,τεχνικές υπερυπολογιστικής,"Η διαδικασία αντιμετώπισης σύνθετων προβλημάτων σχετικά με τα δεδομένα μέσω της παράλληλης λειτουργίας πολλών υπολογιστών (δηλαδή ενός υπερυπολογιστή). Χρησιμοποιείται σε διάφορα πεδία, όπως η κβαντική μηχανική, η ανάπτυξη μοριακών μοντέλων, η αεροδυναμική και η έρευνα στον τομέα της πυρηνικής σύντηξης.
	",http://data.europa.eu/esco/isced-f/0611,χρήση υπολογιστών
KnowledgeSkillCompetence,http://data.europa.eu/esco/skill/455a7133-cf0f-4c74-a91f-fd35c0d25b79,εγκατάσταση μηχατρονικού εξοπλισμού,released,skill/competence,sector-specific,,Εγκατάσταση εξοπλισμού που χρησιμοποιείται για την αυτοματοποίηση συγκεκριμένης μηχανής ή συσκευής.,http://data.europa.eu/esco/skill/a7065828-10aa-4aba-b7d4-f23a30df5060,"εγκατάσταση και επισκευή εξοπλισμού ηλεκτρικού, ηλεκτρονικού και ακριβείας"
KnowledgeSkillCompetence,http://data.europa.eu/esco/skill/4570a262-b51f-46a1-a834-13ff67bee1c8,αποκεντρωμένοι αναγνωριστικοί κωδικοί,released,knowledge,sector-specific,DIDs | DID,"Η γνώση των αποκεντρωμένων αναγνωριστικών κωδικών (DID). Οι αποκεντρωμένοι αναγνωριστικοί κωδικοί καθιστούν δυνατή την επαληθεύσιμη και αποκεντρωμένη ψηφιακή ταυτότητα που συνδέεται με διάφορα θέματα τα οποία καθορίζονται από τους υπευθύνους επεξεργασίας των εν λόγω αποκεντρωμένων αναγνωριστικών κωδικών (π.χ. οργανισμός, φυσικό πρόσωπο, μοντέλο δεδομένων, αφηρημένη οντότητα).
	",http://data.europa.eu/esco/isced-f/0612,σχεδιασμός και διαχείριση βάσεων δεδομένων και δικτύων
KnowledgeSkillCompetence,http://data.europa.eu/esco/skill/45a16833-6666-488d-aadf-e02e569275e8,χρήση τεχνολογίας για εγκληματολογικές έρευνες,released,skill/competence,cross-sector,,Χειρισμός εξειδικευμένων εργαλείων που χρησιμοποιούνται για εγκληματολογικές έρευνες.,http://data.europa.eu/esco/skill/42fcf80d-7b45-40f3-bd2f-5411c4c0dfa0 | http://data.europa.eu/esco/skill/114a5cda-0ef1-4065-a064-755260aaa77e | http://data.europa.eu/esco/skill/7ca69606-5ffc-4668-ae53-713c1f1612e6,προσδιορισμός τεχνολογικών αναγκών | διενέργεια εγκληματολογικών εξετάσεων | χειρισμός επιστημονικού και εργαστηριακού εξοπλισμού
KnowledgeSkillCompetence,http://data.europa.eu/esco/skill/45f1ae17-c20d-40fc-9307-7d33b6ca9213,αναγνώριση εικόνας,released,knowledge,cross-sector,οπτική αναγνώριση | ανίχνευση εικόνας | οπτική ανίχνευση,"Διαδικασία που έχει σχεδιαστεί για την ανίχνευση και την αναγνώριση ενός χαρακτηριστικού ή ενός αντικειμένου σε εικόνα ή βίντεο. Η διαδικασία αυτή χρησιμοποιείται, μεταξύ άλλων πεδίων, στην ιατρική απεικόνιση, την επιτήρηση της ασφάλειας ή στον εντοπισμό ελαττωμάτων. Πρόκειται για βασική τεχνική για ευρύ φάσμα εφαρμογών, όπως η αυτοματοποιημένη οδήγηση, η ταξινόμηση εικόνων ή η οπτική επιθεώρηση.
	",http://data.europa.eu/esco/isced-f/0619,τεχνολογίες πληροφορικής και επικοινωνιών που δεν ταξινομούνται αλλού
KnowledgeSkillCompetence,http://data.europa.eu/esco/skill/465e7c78-cd26-4503-a5ca-40009e807705,αξιολόγηση αλληλεπίδρασης χρηστών με τις εφαρμογές ΤΠΕ,released,skill/competence,sector-specific,αξιολόγηση της διάδρασης των χρηστών με τα συστήματα ΤΠΕ | εκτίμηση της αλληλεπίδρασης των χρηστών με τις εφαρμογές ΤΠΕ,"Αξιολόγηση του τρόπου με τον οποίο οι χρήστες αλληλεπιδρούν με τις εφαρμογές ΤΠΕ για την ανάλυση της συμπεριφοράς τους, την άντληση συμπερασμάτων (για παράδειγμα σχετικά με τα κίνητρα, τις προσδοκίες και τους στόχους τους) και τη βελτίωση της λειτουργικότητας των εφαρμογών.",http://data.europa.eu/esco/skill/c206d301-14b0-4bea-8028-a3749303a512,παρακολούθηση και αξιολόγηση των επιδόσεων των ατόμων
KnowledgeSkillCompetence,http://data.europa.eu/esco/skill/46e93774-7c6a-4dc5-bae9-be97cc461093,σύστημα ενδιάμεσου λογισμικού μεταξύ οργανισμών,released,knowledge,sector-specific,ΙΟΜΣ | IOMS,"Υποδομή λογισμικού που λειτουργεί ως ενδιάμεσο επίπεδο μεταξύ των εφαρμογών, ώστε να είναι δυνατή η ανταλλαγή δεδομένων, η διαλειτουργικότητα και η επικοινωνία. Αποσκοπεί στην παροχή τυποποιημένων πρωτοκόλλων και υπηρεσιών μεταξύ των οργανισμών για την προώθηση της αλληλεπίδρασής τους.
	",http://data.europa.eu/esco/isced-f/0612,σχεδιασμός και διαχείριση βάσεων δεδομένων και δικτύων
KnowledgeSkillCompetence,http://data.europa.eu/esco/skill/46ec0033-3c71-415e-bcff-b065675ba2dc,ενσωμάτωση δεδομένων ΤΠΕ,released,skill/competence,sector-specific,ενσωματώνω στοιχεία ΤΠΕ | εντάσσω δεδομένα ΤΠΕ | συνδυάζω στοιχεία ΤΠΕ | ενσωματώνω πληροφορίες ΤΠΕ,Συνδυασμός δεδομένων από πηγές για την παροχή ενιαίας άποψης του συνόλου των δεδομένων αυτών.,http://data.europa.eu/esco/skill/6a7fc30d-af16-4cc5-a957-29d174bdb61c,"διαχείριση, συλλογή και αποθήκευση ψηφιακών δεδομένων"
KnowledgeSkillCompetence,http://data.europa.eu/esco/skill/4720fc66-0202-4a4b-bbe8-129d908e5a15,πρόληψη τεχνικών προβλημάτων με συστήματα ενσωμάτωσης μέσων,released,skill/competence,occupation-specific,,"Προσαρμογή της χρήσης εξοπλισμού και λογισμικού ενσωμάτωσης μέσων ώστε να αποτρέπονται ανεπιθύμητες αλλαγές στη συνολική εικόνα και τον σχεδιασμό, με παράλληλη διασφάλιση της συνολικής ποιότητας παραγωγής τεχνών του θεάματος ή εκδηλώσεων. Περιλαμβάνονται φυσικά καθώς και ψηφιακά ζητήματα, όπως ο χρόνος αναμονής, οι παρεμβολές ή ο φόρτος επεξεργαστή.
	",http://data.europa.eu/esco/skill/8ddcb295-707e-459c-ba6a-66ffb37835c5,χειρισμός οπτικοακουστικού εξοπλισμού
KnowledgeSkillCompetence,http://data.europa.eu/esco/skill/4754d9fe-dc3a-4f8f-8ea6-5dbcea3a21ca,ανάπτυξη συστήματος υπολογιστικής όρασης,released,skill/competence,cross-sector,ανάπτυξη λογισμικού καταγραφής κίνησης | ανάπτυξη OCR,"Εφαρμογή και συνδυασμός διαφορετικών εργαλείων και μεθόδων υπολογιστικής όρασης, όπως η λήψη εικόνων, η επεξεργασία εικόνων, η κατάτμηση και ταξινόμηση εικόνων, η ανίχνευση κ.λπ. σε ένα σύστημα, ώστε οι υπολογιστές να μπορούν να εξάγουν πληροφορίες από ψηφιακές εικόνες, όπως φωτογραφίες ή βίντεο.
	",http://data.europa.eu/esco/skill/a8c3186b-c791-4d57-8f4f-4d12c7a5c6a7,προγραμματισμός συστημάτων ηλεκτρονικών υπολογιστών
KnowledgeSkillCompetence,http://data.europa.eu/esco/skill/479944ef-8d2c-4279-b3d1-2b85c761fb30,διαχείριση συστήματος ακτινολογικών πληροφοριών,released,skill/competence,sector-specific,,"Ανάπτυξη και διατήρηση βάσης δεδομένων για την αποθήκευση, διαχείριση και διανομή ακτινολογικών εικόνων και δεδομένων.",http://data.europa.eu/esco/skill/4463a721-69f3-413d-8321-43e3af13a4f1 | http://data.europa.eu/esco/skill/b769f524-0f25-44d7-8538-5c46710a040e | http://data.europa.eu/esco/skill/32c017fd-28ab-4051-bf68-74de952c2f77,χρήση βάσεων δεδομένων | διαχείριση ψηφιακών εγγράφων | διαχείριση πληροφοριών
KnowledgeSkillCompetence,http://data.europa.eu/esco/skill/47a2917b-a771-4687-90fc-5562523cf4a6,χρήση τεχνικών τρισδιάστατης απεικόνισης παράστασης,released,skill/competence,occupation-specific,,"Απεικόνιση περιβάλλοντος παράστασης με τη χρήση εφαρμογών 3D και λογισμικού προαπεικόνισης. Εξακρίβωση της δυνατότητας υλοποίησης για τον τεχνικό σχεδιασμό με τη χρήση τρισδιάστατων γραφικών υπολογιστή, μακέτας ή μοντέλου υπό κλίμακα.
	",http://data.europa.eu/esco/skill/c53a55a1-8b2b-4d2c-b12d-626742a3833a,χρήση ψηφιακών εργαλείων για την επεξεργασία ήχου και εικόνας
KnowledgeSkillCompetence,http://data.europa.eu/esco/skill/47a49cd6-097d-457a-9f7b-c290c14930d5,ανάλυση μεγάλων ποσοτήτων δεδομένων,released,skill/competence,cross-sector,ανάλυση μαζικών δεδομένων | ανάλυση μάζας δεδομένων,"Συλλογή και αξιολόγηση αριθμητικών δεδομένων σε μεγάλες ποσότητες, ιδίως για τον προσδιορισμό προτύπων μεταξύ των δεδομένων.",http://data.europa.eu/esco/skill/7dd94ad3-13d6-43fe-8b94-51fcbf67ced9 | http://data.europa.eu/esco/skill/1d6c7de4-350e-4868-a47b-333b4b0d9650 | http://data.europa.eu/esco/skill/2b92a5b2-6758-4ee3-9fb4-b6387a55cc8f | http://data.europa.eu/esco/skill/1b70a55d-b8a4-49fc-96c6-15ab4cff2522 | http://data.europa.eu/esco/skill/81a2db2c-7e55-44d0-9cd9-74c25147d7cd | http://data.europa.eu/esco/skill/1f2950c0-ef1e-44b4-9a55-125ccd7b78af,"κριτική σκέψη | αξιολόγηση δεδομένων, πληροφοριών και ψηφιακού περιεχομένου | διενέργεια ανάλυσης δεδομένων | χρησιμοποίηση τεχνικών επεξεργασίας δεδομένων | ανάλυση των δεδομένων δοκιμής | ανάλυση και αξιολόγηση πληροφοριών και δεδομένων"
KnowledgeSkillCompetence,http://data.europa.eu/esco/skill/47b9bbcf-356c-4782-83a4-7f5a1b2b51a3,Assembly (προγραμματισμός ηλεκτρονικών υπολογιστών),released,knowledge,sector-specific,,"Οι τεχνικές και οι αρχές ανάπτυξης λογισμικού, όπως είναι η ανάλυση, οι αλγόριθμοι, η συγγραφή κώδικα, οι δοκιμές και η κατάρτιση μοντέλων προγραμματισμού σε Assembly.",http://data.europa.eu/esco/skill/21d2f96d-35f7-4e3f-9745-c533d2dd6e97 | http://data.europa.eu/esco/isced-f/0613,προγραμματισμός ηλεκτρονικών υπολογιστών | ανάπτυξη και ανάλυση λογισμικού και εφαρμογών
KnowledgeSkillCompetence,http://data.europa.eu/esco/skill/47ca0da1-cae5-4395-ae6b-fd97b9ff48d3,βέλτιστες πρακτικές εφεδρικών συστημάτων,released,knowledge,cross-sector,βέλτιστες πρακτικές δημιουργίας εφεδρικού αντιγράφου συστημάτων,Οι διαδικασίες που σχετίζονται με την προετοιμασία για την ανάκτηση ή τη συνέχιση της τεχνολογικής υποδομής που είναι ζωτικής σημασίας για έναν οργανισμό.,http://data.europa.eu/esco/isced-f/0612,σχεδιασμός και διαχείριση βάσεων δεδομένων και δικτύων
KnowledgeSkillCompetence,http://data.europa.eu/esco/skill/4840338b-ac6c-486a-be1d-9ddfe00b8bdf,σπειροειδής ανάπτυξη,released,knowledge,sector-specific,,Το μοντέλο σπειροειδούς ανάπτυξης είναι μια μεθοδολογία για τον σχεδιασμό συστημάτων και εφαρμογών λογισμικού.,http://data.europa.eu/esco/skill/bec4359e-cb92-468f-a997-8fb28e32fba9 | http://data.europa.eu/esco/isced-f/0613,μεθοδολογίες διαχείρισης έργων ΤΠΕ | ανάπτυξη και ανάλυση λογισμικού και εφαρμογών
KnowledgeSkillCompetence,http://data.europa.eu/esco/skill/484d048c-a5d1-46a5-b57f-45b69c0ac552,ανάλυση πληροφοριών βάσης δεδομένων για αγωγό,released,skill/competence,sector-specific,,"Ανάκτηση και ανάλυση διαφόρων ειδών πληροφοριών που προέρχονται από τις βάσεις δεδομένων των εταιρειών αγωγών. Ανάλυση πληροφοριών σχετικά με τους κινδύνους, τους βασικούς δείκτες απόδοσης (KPI) της διαχείρισης έργων και τους χρόνους μεταφοράς των εμπορευμάτων και τις διαδικασίες δημιουργίας εφεδρικών αντιγράφων των εγγράφων.",http://data.europa.eu/esco/skill/ec528c47-65f4-4187-9dc1-5a8889f84a06 | http://data.europa.eu/esco/skill/57231a22-4da7-49c8-97b8-75672feadf1e,ανάλυση επιχειρηματικών δραστηριοτήτων | διαχείριση ποσοτικών δεδομένων
KnowledgeSkillCompetence,http://data.europa.eu/esco/skill/484df271-bb52-49f1-8f50-f19624bf4df2,βιβλιοθήκες συνιστώσας λογισμικού,released,knowledge,sector-specific,βιβλιοθήκη λογισμικών στοιχείων· βιβλιοθήκες λογισμικών συνιστωσών· πακέτα λογισμικών συνιστωσών | βιβλιοθήκη συνιστωσών λογισμικού· βιβλιοθήκες στοιχείων λογισμικού,"Πακέτα λογισμικού, ενότητες, διαδικτυακές υπηρεσίες και πόροι που καλύπτουν ένα σύνολο σχετικών λειτουργιών και οι βάσεις δεδομένων στις οποίες μπορούν να βρεθούν αυτές οι επαναχρησιμοποιούμενες συνιστώσες.",http://data.europa.eu/esco/isced-f/0613,ανάπτυξη και ανάλυση λογισμικού και εφαρμογών
KnowledgeSkillCompetence,http://data.europa.eu/esco/skill/487fd260-be20-4980-a8e4-b819f0b549f1,προσθήκη εξαρτημάτων υπολογιστή,released,skill/competence,cross-sector,,Πραγματοποίηση μικρών προσαρμογών σε διάφορους υπολογιστές με την προσθήκη εξαρτημάτων.,http://data.europa.eu/esco/skill/0b9968af-72de-470a-98e1-2d19577443fb,επίλυση προβλημάτων πληροφορικής
KnowledgeSkillCompetence,http://data.europa.eu/esco/skill/489b2571-ce18-4944-b452-ed1f54e55b68,Schoology,released,knowledge,sector-specific,,"Το πρόγραμμα ηλεκτρονικού υπολογιστή Schoology είναι μια πλατφόρμα ηλεκτρονικής μάθησης για τη δημιουργία, τη διαχείριση, την οργάνωση, την αναφορά και την παροχή ηλεκτρονικών εκπαιδευτικών μαθημάτων ή προγραμμάτων κατάρτισης.",http://data.europa.eu/esco/skill/6c80d53c-d8c9-41fe-998f-091fca208834 | http://data.europa.eu/esco/isced-f/0612,συστήματα διαχείρισης μάθησης | σχεδιασμός και διαχείριση βάσεων δεδομένων και δικτύων
KnowledgeSkillCompetence,http://data.europa.eu/esco/skill/48db96bf-3314-45c6-bad8-fdb6e20e5639,μηχανική δεδομένων,released,knowledge,cross-sector,μέθοδοι μηχανικής δεδομένων,"Η διαδικασία ανάπτυξης και κατασκευής συστημάτων για την υλοποίηση της συλλογής και της ανάλυσης δεδομένων σε μεγάλη κλίμακα.
	",http://data.europa.eu/esco/isced-f/0611,χρήση υπολογιστών
KnowledgeSkillCompetence,http://data.europa.eu/esco/skill/4918ec9a-0204-4935-8b09-b0112370daa8,δημιουργία συστήματος διαχείρισης ασφάλειας πληροφοριών,released,skill/competence,sector-specific,ανάπτυξη συστήματος διαχείρισης ασφάλειας των πληροφοριών | εφαρμογή συστήματος διαχείρισης ασφάλειας πληροφοριών (ISMS) | δημιουργία συστήματος διαχείρισης ασφάλειας των πληροφοριών | εφαρμογή συστήματος διαχείρισης της ασφάλειας των πληροφοριών· | σχεδιασμός συστήματος διαχείρισης ασφάλειας των πληροφοριών,"Σχεδιασμός, εφαρμογή, παρακολούθηση και επανεξέταση συστήματος διαχείρισης ασφάλειας πληροφοριών (ISMS), το οποίο διαφυλάσσει την εμπιστευτικότητα, την ακεραιότητα και τη διαθεσιμότητα των πληροφοριών μέσω της εφαρμογής διαδικασίας διαχείρισης κινδύνων και εμπνέει εμπιστοσύνη στα ενδιαφερόμενα μέρη όσον αφορά την επαρκή διαχείριση των εν λόγω κινδύνων που συνδέονται με την κυβερνοασφάλεια.
	",http://data.europa.eu/esco/skill/6f1edc19-191f-4ba5-a048-ee69aff05bab | http://data.europa.eu/esco/skill/2b6e15f5-dfa0-4e7c-9687-5665b07e56a4,μηχανική ασφάλειας | προστασία της ιδιωτικής ζωής και των δεδομένων προσωπικού χαρακτήρα
KnowledgeSkillCompetence,http://data.europa.eu/esco/skill/49320ec7-65f9-4f90-bed2-2d41784f1836,επεξεργασία δεδομένων του συστήματος γεωγραφικών πληροφοριών,released,skill/competence,cross-sector,,Συλλογή και οργάνωση δεδομένων του συστήματος γεωγραφικών πληροφοριών από πηγές όπως βάσεις δεδομένων και χάρτες.,http://data.europa.eu/esco/skill/2b834a98-14ff-47e1-8aef-cf8ffae912fa | http://data.europa.eu/esco/skill/29dcc31e-a8d6-4a62-b3c1-2de81e966e39,συλλογή δεδομένων χαρτογράφησης | συγκέντρωση πληροφοριών από φυσικές ή ηλεκτρονικές πηγές
KnowledgeSkillCompetence,http://data.europa.eu/esco/skill/4959697d-3a24-4f46-af0c-b752318e6c54,ObjectStore,released,knowledge,sector-specific,,"Το πρόγραμμα ηλεκτρονικού υπολογιστή ObjectStore είναι εργαλείο δημιουργίας, επικαιροποίησης και διαχείρισης βάσεων δεδομένων, που αναπτύχθηκε από την εταιρεία λογισμικού Object Design, Incorporated.",http://data.europa.eu/esco/skill/ab1e97ed-2319-4293-a8b7-072d2648822f | http://data.europa.eu/esco/isced-f/0612,συστήματα διαχείρισης βάσεων δεδομένων | σχεδιασμός και διαχείριση βάσεων δεδομένων και δικτύων
KnowledgeSkillCompetence,http://data.europa.eu/esco/skill/495ce586-09d7-4cec-83d7-2821be6590c4,γλώσσες προγραμματισμού των έξυπνων συμβάσεων,released,knowledge,sector-specific,γλώσσες προγραμματισμού για έξυπνες συμβάσεις,"Στις βασικές γλώσσες προγραμματισμού των έξυπνων συμβάσεων περιλαμβάνονται οι γλώσσες προγραμματισμού Solidity, Rust, JavaScript, Vyper και YUL.
	",http://data.europa.eu/esco/isced-f/0613,ανάπτυξη και ανάλυση λογισμικού και εφαρμογών
KnowledgeSkillCompetence,http://data.europa.eu/esco/skill/49f85a99-086c-45b6-a6fa-eb90305af7b1,Chef (εργαλεία για τη διαχείριση της παραμετροποίησης λογισμικού),released,knowledge,sector-specific,,"Το Chef είναι ένα πρόγραμμα λογισμικού το οποίο εκτελεί την αναγνώριση της διάρθρωσης των υποδομών, τον έλεγχο και την αυτοματοποίηση με στόχο τη διευκόλυνση της ανάπτυξης εφαρμογών.",http://data.europa.eu/esco/skill/9d2e926f-53d9-41f5-98f3-19dfaa687f3f | http://data.europa.eu/esco/isced-f/0613,εργαλεία για τη διαχείριση της παραμετροποίησης λογισμικού | ανάπτυξη και ανάλυση λογισμικού και εφαρμογών
KnowledgeSkillCompetence,http://data.europa.eu/esco/skill/49fed129-e32b-4f67-b80a-609d79e45b20,ηλεκτρονικός και τηλεπικοινωνιακός εξοπλισμός,released,knowledge,sector-specific,,"Ο προσφερόμενος εξοπλισμός και προϊόντα ηλεκτρονικού και τηλεπικοινωνιακού εξοπλισμού, οι λειτουργίες τους, οι ιδιότητές τους και οι νομικές και κανονιστικές απαιτήσεις τους.",http://data.europa.eu/esco/skill/d6d3fee7-47e2-47f4-a0ec-6c75f28c6abd | http://data.europa.eu/esco/isced-f/0714,κατανόηση προϊόντων | ηλεκτρονική και αυτοματισμός
KnowledgeSkillCompetence,http://data.europa.eu/esco/skill/4a2a63e6-5c62-43a0-a375-fdf4c2805270,προσαρμογή του λογισμικού στο σύστημα κίνησης,released,skill/competence,cross-sector,,Προσαρμογή και εξατομίκευση του λογισμικού για λειτουργία στη συγκεκριμένη μηχανή ή εφαρμογή.,http://data.europa.eu/esco/skill/a8c3186b-c791-4d57-8f4f-4d12c7a5c6a7,προγραμματισμός συστημάτων ηλεκτρονικών υπολογιστών
KnowledgeSkillCompetence,http://data.europa.eu/esco/skill/4a466c62-db7d-4905-9a41-f23214810acb,GIMP (λογισμικό επεξεργασίας γραφικών),released,knowledge,sector-specific,,Το πρόγραμμα ηλεκτρονικού υπολογιστή GIMP είναι ένα γραφικό εργαλείο ΤΠΕ που επιτρέπει την ψηφιακή επεξεργασία και τη σύνθεση των γραφικών για την παραγωγή δισδιάστατων γραφικών σκιαγράφησης και δισδιάστατων γραφικών διανύσματος. Αναπτύσσεται από την εταιρεία The GIMP Development Team.,http://data.europa.eu/esco/isced-f/0611 | http://data.europa.eu/esco/skill/a71577b2-7550-4222-88ee-dcbd2d881516,χρήση υπολογιστών | λογισμικό επεξεργασίας γραφικών
KnowledgeSkillCompetence,http://data.europa.eu/esco/skill/4b244020-5f28-4e20-b74f-1c2dcb6f15cb,εφαρμογή τεχνικών έκδοσης με τη βοήθεια υπολογιστή,released,skill/competence,cross-sector,εφαρμογή τεχνικών εκτύπωσης με τη βοήθεια υπολογιστή | εφαρμογή τεχνικών ηλεκτρονικής έκδοσης,Εφαρμογή τεχνικών και λογισμικού έκδοσης με τη βοήθεια υπολογιστή για τη σελιδοποίηση και τη δημιουργία κειμένου τυπογραφικής ποιότητας.,http://data.europa.eu/esco/skill/446a36a5-2376-439f-b46b-4a214ba0acdf,"χρήση λογισμικού επεξεργασίας κειμένου, έκδοσης και παρουσίασης"
KnowledgeSkillCompetence,http://data.europa.eu/esco/skill/4b3ae518-6746-4487-8d3b-4cfc063a43d0,χρήση εργαλείων επιχειρηματικής προσομοίωσης,released,skill/competence,sector-specific,χρήση λογισμικού επιχειρηματικών προσομοιώσεων | χρήση εργαλείων προσομοίωσης επιχειρήσεων,"Χρήση λογισμικού για την εκτέλεση προσομοιώσεων με σκοπό τη βελτίωση των επιχειρηματικών δεξιοτήτων, όπως η επιχειρηματική αντίληψη, η χρηματοοικονομική ανάλυση και η ανάλυση της αγοράς και η λήψη αποφάσεων.
	",http://data.europa.eu/esco/skill/98fb499f-9155-412d-a8a0-95ba97126fec,χρήση ψηφιακών εργαλείων για συνεργασία και παραγωγικότητα
KnowledgeSkillCompetence,http://data.europa.eu/esco/skill/4b51e76e-9e8a-455f-a289-5b48246345c4,εξαρτήματα υλισμικού,released,knowledge,cross-sector,εξαρτήματα υλικού εξοπλισμού,"Τα βασικά στοιχεία που απαρτίζουν ένα σύστημα υλισμικού, όπως οθόνες υγρών κρυστάλλων (LCD), αισθητήρες καμερών, μικροεπεξεργαστές, μνήμες, μόντεμ, συσσωρευτές και οι διασυνδέσεις τους.",http://data.europa.eu/esco/isced-f/0613,ανάπτυξη και ανάλυση λογισμικού και εφαρμογών
KnowledgeSkillCompetence,http://data.europa.eu/esco/skill/4b88b1ee-c2d9-473a-9fe8-ba3b9c0c179a,εφαρμογή συμβάσεων κωδικοποίησης ΤΠΕ,released,skill/competence,occupation-specific,εφαρμόζω πρότυπα κωδικοποίησης ΤΠΕ· θέτω σε εφαρμογή οδηγίες γλώσσας προγραμματισμού για ΤΠΕ | προωθώ συμβάσεις κωδικοποίησης ΤΠΕ· προάγω την εφαρμογή συμβάσεων κωδικοποίησης ΤΠΕ· υλοποιώ συμβάσεις κωδικοποίησης ΤΟ,"Εφαρμογή κατευθυντήριων γραμμών για τεχνικές προγραμματισμού ΤΠΕ, όπως συμβάσεις, μοντέλα σχεδιασμού κώδικα και πρακτικές σχεδιασμού για την επίτευξη υψηλότερου επιπέδου ασφάλειας και αξιοπιστίας, καθώς και καλύτερης αναγνωσιμότητας και συντήρησης του προϊόντος.",http://data.europa.eu/esco/skill/a8c3186b-c791-4d57-8f4f-4d12c7a5c6a7,προγραμματισμός συστημάτων ηλεκτρονικών υπολογιστών
KnowledgeSkillCompetence,http://data.europa.eu/esco/skill/4bd3cd7d-b061-4cc2-ba8d-3262065ebbf0,προετοιμασία εξοπλισμού ήχου στη σκηνή,released,skill/competence,sector-specific,,"Εγκατάσταση, διάταξη, σύνδεση, δοκιμή και ρύθμιση ηχητικού εξοπλισμού στη σκηνή.
	",http://data.europa.eu/esco/skill/6d0cad66-82dd-4854-a03a-68232942c68d,εγκατάσταση ξύλινων και μεταλλικών στοιχείων
KnowledgeSkillCompetence,http://data.europa.eu/esco/skill/4bf59dde-8a03-483f-976a-45764f1e6d6f,μηχανές αναζήτησης,released,knowledge,sector-specific,,Οι μέθοδοι και οι τεχνικές για την πλοήγηση στις μηχανές αναζήτησης και την ταχεία αναζήτηση πληροφοριών.,http://data.europa.eu/esco/isced-f/0322,"υπηρεσίες βιβλιοθηκών,  πληροφοριών και αρχειακών μελετών"
KnowledgeSkillCompetence,http://data.europa.eu/esco/skill/4c016b68-4116-468c-9dc6-42710c239e4a,C#,released,knowledge,sector-specific,,"Οι τεχνικές και οι αρχές ανάπτυξης λογισμικού, όπως είναι η ανάλυση, οι αλγόριθμοι, η συγγραφή κώδικα, οι δοκιμές και η κατάρτιση μοντέλων προγραμματισμού σε C#.",http://data.europa.eu/esco/skill/21d2f96d-35f7-4e3f-9745-c533d2dd6e97 | http://data.europa.eu/esco/isced-f/0613,προγραμματισμός ηλεκτρονικών υπολογιστών | ανάπτυξη και ανάλυση λογισμικού και εφαρμογών
KnowledgeSkillCompetence,http://data.europa.eu/esco/skill/4cb58ef4-67a9-4bea-a743-2c83ebd60e79,χειρισμός της μηχανής φρεζαρίσματος που ελέγχεται ψηφιακά μέσω ηλεκτρονικού υπολογιστή,released,skill/competence,cross-sector,,"Χειρισμός της μηχανής φρεζαρίσματος που ελέγχεται ψηφιακά μέσω ηλεκτρονικού υπολογιστή (CNC), η οποία είναι σχεδιασμένη για κατασκευαστικές διαδικασίες κοπής μεταλλικών, ξύλινων, πλαστικών και άλλων υλικών, παρακολούθηση και χειρισμός της εν λόγω μηχανής σύμφωνα με τους κανονισμούς.",http://data.europa.eu/esco/skill/494b8057-daf5-46a0-b33b-416e0115c30a,χρήση ψηφιακών εργαλείων για τον έλεγχο μηχανημάτων
KnowledgeSkillCompetence,http://data.europa.eu/esco/skill/4cdbc76c-75d8-4e12-8653-4820c2d5446f,διαδικασίες δοκιμής μικροσυστημάτων,released,knowledge,sector-specific,,"Οι μέθοδοι δοκιμής της ποιότητας, της ακρίβειας και των επιδόσεων των μικροσυστημάτων και των μικροηλεκτρομηχανικών συστημάτων (MEMS) και των υλικών και κατασκευαστικών στοιχείων τους πριν, κατά τη διάρκεια και μετά την κατασκευή των συστημάτων, όπως οι παραμετρικές δοκιμές και η αρχική δοκιμαστική λειτουργία σε ακραίες συνθήκες λειτουργίας (burn-in).",http://data.europa.eu/esco/isced-f/0611,χρήση υπολογιστών
KnowledgeSkillCompetence,http://data.europa.eu/esco/skill/4ce06d6b-f3df-40b6-b950-570be5008032,ανάλυση των σαρωμένων δεδομένων του σώματος,released,skill/competence,sector-specific,,"Ανάλυση τρισδιάστατων σαρωμένων δεδομένων για την ανάπτυξη πρωτοτύπων, αντιπροσωπευτικών εικονιδίων χρηστών, τη δημιουργία διαγραμμάτων μεγέθους, την τροποποίηση, την μετατροπή και την κατεργασία του πατρόν του ενδύματος, καθώς και για δοκιμή της εφαρμογής.",http://data.europa.eu/esco/skill/7dd94ad3-13d6-43fe-8b94-51fcbf67ced9 | http://data.europa.eu/esco/skill/1b70a55d-b8a4-49fc-96c6-15ab4cff2522 | http://data.europa.eu/esco/skill/81a2db2c-7e55-44d0-9cd9-74c25147d7cd | http://data.europa.eu/esco/skill/1f2950c0-ef1e-44b4-9a55-125ccd7b78af | http://data.europa.eu/esco/skill/a571ae14-3e16-4fd3-a615-5646e0b0b696,κριτική σκέψη | χρησιμοποίηση τεχνικών επεξεργασίας δεδομένων | ανάλυση των δεδομένων δοκιμής | ανάλυση και αξιολόγηση πληροφοριών και δεδομένων | διερεύνηση δεδομένων
KnowledgeSkillCompetence,http://data.europa.eu/esco/skill/4d85b881-e490-4b4c-897a-2faa4ef53956,διαχείριση της αρχιτεκτονικής δεδομένων ΤΠΕ,released,skill/competence,sector-specific,αναλαμβάνω τη διαχείριση της αρχιτεκτονικής δεδομένων ΤΠΕ· οργανώνω τη δομή στοιχείων ΤΠΕ· καθορίζω την αρχιτεκτονική επιχειρησιακών δεδομένων | διαχειρίζομαι την αρχιτεκτονική στοιχείων ΤΠΕ· διαχειρίζομαι την αρχιτεκτονική συστημάτων ΤΠΕ,"Εποπτεία των κανονισμών και της χρήσης των τεχνικών ΤΠΕ για τον καθορισμό της αρχιτεκτονικής των πληροφοριακών συστημάτων και τον έλεγχο της συλλογής, αποθήκευσης, ενοποίησης, ρύθμισης και χρήσης δεδομένων σε έναν οργανισμό.",http://data.europa.eu/esco/skill/b590d4e5-7c62-4b4a-abc2-c270b482e0ce,σχεδιασμός συστημάτων ή εφαρμογών τπε
KnowledgeSkillCompetence,http://data.europa.eu/esco/skill/4d97e3c3-f335-47cc-a4ee-0d779fd42222,"διαχείριση δεδομένων, πληροφοριών και ψηφιακού περιεχομένου",released,skill/competence,cross-sector,,"Οργάνωση, αποθήκευση και ανάκτηση δεδομένων, πληροφοριών και περιεχομένου σε ψηφιακά περιβάλλοντα. Οργάνωση και επεξεργασία τους σε ένα δομημένο περιβάλλον.",http://data.europa.eu/esco/skill/629685b8-5f9e-4522-8cff-b3e2c4ec625a | http://data.europa.eu/esco/skill/32c017fd-28ab-4051-bf68-74de952c2f77,ψηφιακή επεξεργασία δεδομένων | διαχείριση πληροφοριών
KnowledgeSkillCompetence,http://data.europa.eu/esco/skill/4da171e5-779c-4983-a76f-91c16751e99f,MySQL,released,knowledge,sector-specific,,"Το πρόγραμμα ηλεκτρονικού υπολογιστή MySQL είναι εργαλείο δημιουργίας, επικαιροποίησης και διαχείρισης βάσεων δεδομένων, που αναπτύχθηκε από την εταιρεία λογισμικού Oracle.",http://data.europa.eu/esco/skill/ab1e97ed-2319-4293-a8b7-072d2648822f | http://data.europa.eu/esco/isced-f/0612,συστήματα διαχείρισης βάσεων δεδομένων | σχεδιασμός και διαχείριση βάσεων δεδομένων και δικτύων
KnowledgeSkillCompetence,http://data.europa.eu/esco/skill/4da4587a-fd0b-4ca2-886c-c42a1562d432,σχεδιασμός δικτύων υπολογιστικού νέφους,released,skill/competence,sector-specific,εφαρμογή δικτύου cloud | δημιουργία δικτύου cloud,"Εφαρμογή εννοιών του δικτύου του υπολογιστικού νέφους και υλοποίηση υπηρεσιών συνδεσιμότητας του υπολογιστικού νέφους. Δεδομένων των απαιτήσεων των πελατών, καθορισμός αρχιτεκτονικών δικτύου για το υπολογιστικό νέφος, διατύπωση προτάσεων για βελτιστοποιημένα σχέδια βάσει αξιολόγησης υφιστάμενης εφαρμογής. Αξιολόγηση και βελτιστοποίηση της κατανομής του κόστους, δεδομένου του σχεδιασμού ενός δικτύου, των πόρων υπολογιστικού νέφους του και της ροής δεδομένων εφαρμογής.
	",http://data.europa.eu/esco/skill/b590d4e5-7c62-4b4a-abc2-c270b482e0ce,σχεδιασμός συστημάτων ή εφαρμογών τπε
KnowledgeSkillCompetence,http://data.europa.eu/esco/skill/4dc5042a-b2b4-4ad5-a39b-3558b073cec7,χρήση εξειδικευμένου εξοπλισμού,released,skill/competence,sector-specific,,"Χρήση εξειδικευμένου εξοπλισμού, όπως ηλεκτρονικού μικροσκοπίου, τηλεμετρίας, ανάλυσης ψηφιακής απεικόνισης, συστημάτων εντοπισμού θέσης σε παγκόσμιο επίπεδο, καθώς και ηλεκτρονική προτυποποίηση, σε μελέτες και αναλύσεις της μεθοδολογίας παραγωγής.",http://data.europa.eu/esco/skill/7ca69606-5ffc-4668-ae53-713c1f1612e6,χειρισμός επιστημονικού και εργαστηριακού εξοπλισμού
KnowledgeSkillCompetence,http://data.europa.eu/esco/skill/4e6d2538-a48e-48a7-8dad-14b067cfcb8b,TripleStore,released,knowledge,sector-specific,,"Το RDF store ή TripleStore είναι μια βάση δεδομένων που χρησιμοποιείται για την αποθήκευση και την ανάκτηση των τριπλετών του Πλαισίου Περιγραφής Πόρων (υποκείμενο [subject], κατηγόρημα [predicate], αντικείμενο [object]), στις οποίες παρέχεται πρόσβαση μέσω σημασιολογικών ερωτημάτων.",http://data.europa.eu/esco/skill/ab1e97ed-2319-4293-a8b7-072d2648822f | http://data.europa.eu/esco/isced-f/0612,συστήματα διαχείρισης βάσεων δεδομένων | σχεδιασμός και διαχείριση βάσεων δεδομένων και δικτύων
KnowledgeSkillCompetence,http://data.europa.eu/esco/skill/4ed46658-cc30-4d37-9301-47dd354c92a2,σχεδιασμός λειτουργιών αυτόματης μεταγωγής,released,skill/competence,occupation-specific,σχεδιασμός συστημάτων αυτόματης μεταγωγής | σχεδιασμός λειτουργιών αυτόματης μεταγωγής σε εφεδρεία | δημιουργία εφεδρικών λειτουργιών | ανάπτυξη λειτουργιών αυτόματης μεταγωγής | δημιουργία εφεδρικών συστημάτων,Δημιουργία και διαχείριση συστήματος εφεδρικής λύσης που ενεργοποιείται αυτόματα σε περίπτωση βλάβης του κύριου συστήματος ή εφαρμογής.,http://data.europa.eu/esco/skill/185c56ee-098f-46a1-af87-56337085da6f | http://data.europa.eu/esco/skill/03b9b491-fc9b-4868-914a-bf7cd47b5041,προστασία συσκευών τπε | επίλυση προβλημάτων
KnowledgeSkillCompetence,http://data.europa.eu/esco/skill/4ef13dee-380d-4b76-9034-c4995045303f,αξιολόγηση των αρχιτεκτονικών της αλυσίδας συστοιχιών,released,skill/competence,cross-sector,αξιολόγηση της δομής αρχιτεκτονικής blockchain | οργάνωση αμειψισποράς | προγραμματισμός αμειψισποράς | αξιολόγηση της υποδομής εφαρμογών blockchain (συστοιχία αλυσίδων) | εφαρμογή στρατηγικών αμειψισπορα΄ς,"Αξιολόγηση των αρχιτεκτονικών αλυσίδας συστοιχιών (blockchain) όσον αφορά την καταλληλότητά τους για συγκεκριμένες εφαρμογές, δεδομένης της ιδιαίτερης σημασίας και των προτεραιοτήτων των αρχιτεκτονικών ιδιοτήτων για τις εν λόγω εφαρμογές.",http://data.europa.eu/esco/skill/b590d4e5-7c62-4b4a-abc2-c270b482e0ce,σχεδιασμός συστημάτων ή εφαρμογών τπε
KnowledgeSkillCompetence,http://data.europa.eu/esco/skill/4f1afd9d-77a7-40f8-a3c7-fe18b984ce43,τηλεπικοινωνιακή ζεύξη,released,knowledge,sector-specific,τηλεπικοινωνιακά κυκλώματα | ζευκτικά κυκλώματα τηλεπικοινωνίας | ομαδοζευκτικές τηλεπικοινωνίες | τηλεπικοινωνιακές συνδέσεις | ομαδοποίηση τηλεπικοινωνιών,"Η μέθοδος παροχής πρόσβασης στο δίκτυο σε πολλούς πελάτες και τη διατήρηση μικρότερου αριθμού συνιστωσών σύνδεσης, μέσω της ομαδοποίησης και της κοινής χρήσης κυκλωμάτων σύνδεσης και συχνοτήτων.",http://data.europa.eu/esco/isced-f/0714,ηλεκτρονική και αυτοματισμός
KnowledgeSkillCompetence,http://data.europa.eu/esco/skill/4f5c1208-62fd-4e5a-a51e-306c06947e11,"διαχείριση ευρέσιμων, προσβάσιμων, διαλειτουργικών και επαναχρησιμοποιήσιμων δεδομένων",released,skill/competence,cross-sector,διασφάλιση της διαθεσιμότητας των δεδομένων | εξασφάλιση της δυνατότητας επαναχρησιμοποίησης των δεδομένων | εξασφάλιση διορθωμένης αποθήκευσης δεδομένων | υποστήριξη επαναχρησιμοποίησης δεδομένων στην έρευνα,"Παραγωγή, περιγραφή, αποθήκευση, διατήρηση και (επανα)χρησιμοποίηση επιστημονικών δεδομένων με βάση τις αρχές FAIR (ευρεσιμότητα, προσβασιμότητα, διαλειτουργικότητα και δυνατότητα επαναχρησιμοποίησης), καθιστώντας τα δεδομένα όσο το δυνατόν πιο ανοικτά και κλειστά στο μέτρο του αναγκαίου.
	",http://data.europa.eu/esco/skill/9ff9db9d-d14b-426e-83f3-e7449af6c79f | http://data.europa.eu/esco/skill/7eafec38-621a-4b6e-9298-bfe70ec0b253,διαχείριση δεδομένων | διεξαγωγή ακαδημαϊκής έρευνας ή έρευνας αγοράς
KnowledgeSkillCompetence,http://data.europa.eu/esco/skill/4f5ccaad-0e4f-4e9f-8246-47765564387d,αναβάθμιση λογισμικού εταιρείας,released,skill/competence,cross-sector,ενημέρωση υλικολογισμικού | αναβάθμιση υλικολογισμικού | αναβάθμιση τυποποιημένων προγραμμάτων,"Αναβάθμιση του βασικού ή του ολοκληρωμένου λογισμικού που περιλαμβάνεται στις συσκευές, τα δομοστοιχεία του δικτύου και τα ενσωματωμένα συστήματα.",http://data.europa.eu/esco/skill/f839b1da-78b6-4466-86f4-a5798821ea20,εγκατάσταση συστημάτων πληροφορικής
KnowledgeSkillCompetence,http://data.europa.eu/esco/skill/4f6b656a-54d0-48ce-9b55-ebcac5904a14,χειρισμός γεωχωρικών τεχνολογιών,released,skill/competence,sector-specific,,"Δυνατότητα χρήσης γεωχωρικών τεχνολογιών οι οποίες περιλαμβάνουν το GPS (παγκόσμιο σύστημα εντοπισμού στίγματος), το GIS (συστήματα γεωγραφικών πληροφοριών) και το RS (τηλεπισκόπηση) στην καθημερινή εργασία.",http://data.europa.eu/esco/skill/4d6a48ae-352e-4823-bc3a-3f3e9e2cae86,πρόσβαση και ανάλυση ψηφιακών δεδομένων
KnowledgeSkillCompetence,http://data.europa.eu/esco/skill/4f7fa632-15a6-4739-930b-abbac8055a80,υλικολογισμικό,released,knowledge,cross-sector,,"Το υλικολογισμικό είναι πρόγραμμα λογισμικού με μνήμη μόνο ανάγνωσης (ROM) και ένα σύνολο οδηγιών μόνιμα εγγεγραμμένες σε συσκευή υλισμικού. Το υλικολογισμικό χρησιμοποιείται ευρέως σε ηλεκτρονικά συστήματα όπως οι υπολογιστές, τα κινητά τηλέφωνα και οι ψηφιακές φωτογραφικές μηχανές.",http://data.europa.eu/esco/isced-f/0613,ανάπτυξη και ανάλυση λογισμικού και εφαρμογών
KnowledgeSkillCompetence,http://data.europa.eu/esco/skill/4fea6307-bdc0-423d-ad63-c61755c14522,διενέργεια βιβλιογραφικής εργασίας,released,skill/competence,sector-specific,,"Διενέργεια βιβλιογραφικής εργασίας, χρήση ηλεκτρονικού ή έντυπου υλικού για την ταυτοποίηση και τον εντοπισμό τίτλων βιβλίων που έχουν ζητηθεί από τον πελάτη.",http://data.europa.eu/esco/skill/d54970ba-d9f2-41ec-a852-bbd1e5796823,παροχή πληροφοριών στο κοινό και στους πελάτες
KnowledgeSkillCompetence,http://data.europa.eu/esco/skill/4ff549c3-daa5-4def-9916-301c7bdf13b8,συστήματα ελέγχου,released,knowledge,cross-sector,,Συσκευές ή σύνολο συσκευών που διοικούν και διαχειρίζονται την απόδοση και τη συμπεριφορά άλλου εξοπλισμού και συστημάτων. Σε αυτά περιλαμβάνονται τα βιομηχανικά συστήματα ελέγχου (ICS) που χρησιμοποιούνται για τη βιομηχανική παραγωγή και μεταποίηση.,http://data.europa.eu/esco/isced-f/0714,ηλεκτρονική και αυτοματισμός
KnowledgeSkillCompetence,http://data.europa.eu/esco/skill/4ffc3a4c-b4f3-4082-b030-93799725d01b,μεταφορά αμοντάριστων πλάνων σε υπολογιστή,released,skill/competence,sector-specific,,Μεταφορά αμοντάριστων πλάνων και ήχου σε αρχεία στον υπολογιστή.,http://data.europa.eu/esco/skill/6a7fc30d-af16-4cc5-a957-29d174bdb61c,"διαχείριση, συλλογή και αποθήκευση ψηφιακών δεδομένων"
KnowledgeSkillCompetence,http://data.europa.eu/esco/skill/501537a7-9d63-491d-ae02-09f04767ff1e,σημεία/μέθοδοι παραβίασης κυβερνοασφάλειας,released,knowledge,sector-specific,Απειλές για την ασφάλεια των ΤΠΕ | απειλές για την ασφάλεια στον κυβερνοχώρο | απειλές για την ασφάλεια των πληροφοριών,"Διαδρομές ή μέθοδοι που χρησιμοποιούν οι παράγοντες απειλής για την εκμετάλλευση τρωτών σημείων σε δίκτυα ή συστήματα πληροφοριών από συγκεκριμένο οργανισμό και έχουν αντίκτυπο στη διαθεσιμότητα, την ακεραιότητα και την εμπιστευτικότητα. Οι διαβιβαστές επίθεσης ενδέχεται να περιλαμβάνουν τακτικές κοινωνικής μηχανικής, όπως τα μηνύματα ηλεκτρονικού ψαρέματος ή η δημιουργία ψευδών συνθηκών για απόσπαση δεδομένων/πληροφοριών (pretexting), τεχνικά προγράμματα εκμετάλλευσης τρωτών σημείων, όπως η επίθεση με προσθήκη κώδικα SQL, καθώς και επιθέσεις υπερχείλισης προσωρινής μνήμης.",http://data.europa.eu/esco/isced-f/0611,χρήση υπολογιστών
KnowledgeSkillCompetence,http://data.europa.eu/esco/skill/50597e96-9b6a-4736-ac79-dd80f36c0269,Metasploit,released,knowledge,sector-specific,,"Το πλαίσιο Metasloit είναι ένα εργαλείο δοκιμών διείσδυσης το οποίο δοκιμάζει τις αδυναμίες στον τομέα της ασφάλειας του συστήματος για πιθανή μη εξουσιοδοτημένη πρόσβαση σε πληροφορίες του συστήματος. Το εργαλείο βασίζεται στην έννοια της «εκμετάλλευσης», η οποία περιλαμβάνει την εκτέλεση κώδικα στη μηχανή-στόχο, με αποτέλεσμα να επωφελείται από τα σφάλματα και τα τρωτά σημεία της μηχανής-στόχου.",http://data.europa.eu/esco/isced-f/0613 | http://data.europa.eu/esco/skill/de586dcf-d7e5-4340-bf5b-d59026f1b436,ανάπτυξη και ανάλυση λογισμικού και εφαρμογών | εργαλείο δοκιμής διείσδυσης
KnowledgeSkillCompetence,http://data.europa.eu/esco/skill/505e4ef3-7ce4-437d-b7b4-5c608f71c258,ανάπτυξη συστημάτων συστάσεων,released,skill/competence,occupation-specific,ανάπτυξη πλατφορμών συστάσεων | δημιουργία συστημάτων συστάσεων,Δημιουργία συστημάτων συστάσεων τα οποία βασίζονται σε μεγάλα σύνολα δεδομένων με τη χρήση γλωσσών προγραμματισμού ή εργαλείων πληροφορικής για τη δημιουργία υποκλάσης του συστήματος φιλτραρίσματος πληροφοριών με σκοπό την πρόβλεψη της βαθμολόγησης ή της προτίμησης του χρήστη όσον αφορά κάποιο στοιχείο.,http://data.europa.eu/esco/skill/a8c3186b-c791-4d57-8f4f-4d12c7a5c6a7,προγραμματισμός συστημάτων ηλεκτρονικών υπολογιστών
KnowledgeSkillCompetence,http://data.europa.eu/esco/skill/5063a99f-975b-4a7c-85e3-69ecb375b4d3,διακυβέρνηση του διαδικτύου,released,knowledge,sector-specific,διακυβέρνηση του ίντερνετ | διοίκηση του ίντερνετ | αρχές διοίκησης του διαδικτύου | αρχές διακυβέρνησης του διαδικτύου | κανονισμοί διακυβέρνησης του διαδικτύου,"Οι αρχές, οι κανονισμοί, οι κανόνες και τα προγράμματα που διαμορφώνουν την εξέλιξη και τη χρήση του διαδικτύου, όπως η διαχείριση των ονομάτων τομέα του διαδικτύου, των μητρώων και των καταχωρητών, σύμφωνα με τους κανονισμούς και τις συστάσεις του ICANN/IANA, τις διευθύνσεις IP και τα ονόματα, τους εξυπηρετητές ονομάτων, τους χώρους ανωτάτου ορίου (DNS), τους TLD και τις πτυχές των IDN και DNSSEC.",http://data.europa.eu/esco/isced-f/0613,ανάπτυξη και ανάλυση λογισμικού και εφαρμογών
KnowledgeSkillCompetence,http://data.europa.eu/esco/skill/509909a2-4a8f-4ead-8ad0-968df63b77cc,τεχνικές μάρκετινγκ μέσων κοινωνικής δικτύωσης,released,knowledge,cross-sector,τακτικές πώλησης και προβολής μέσων κοινωνικής δικτύωσης | μέθοδοι προώθησης μέσων κοινωνικής δικτύωσης | τεχνικές πώλησης και προβολής μέσων κοινωνικής δικτύωσης | τεχνικές εμπορικής προώθησης μέσων κοινωνικής δικτύωσης | στρατηγικές εμπορικής προώθησης μέσων κοινωνικής δικτύωσης,Οι μέθοδοι και στρατηγικές μάρκετινγκ που χρησιμοποιούνται για την αύξηση της προσοχής και της κίνησης των διαδικτυακών τόπων μέσω των μέσων κοινωνικής δικτύωσης.,http://data.europa.eu/esco/isced-f/0414,εμπορική προώθηση και διαφήμιση
KnowledgeSkillCompetence,http://data.europa.eu/esco/skill/50b100ea-74fd-4706-99db-3e4ca55e51b8,διενέργεια εκκαθάρισης δεδομένων,released,skill/competence,cross-sector,,"Εντοπισμός και επιδιόρθωση κατεστραμμένων αρχείων από σύνολα δεδομένων, διασφάλιση της διαρκούς διάρθρωσης των δεδομένων σύμφωνα με τις κατευθυντήριες γραμμές.",http://data.europa.eu/esco/skill/6a7fc30d-af16-4cc5-a957-29d174bdb61c,"διαχείριση, συλλογή και αποθήκευση ψηφιακών δεδομένων"
KnowledgeSkillCompetence,http://data.europa.eu/esco/skill/5120f979-6450-4132-874a-7f7679c7ca14,χειρισμός του πιεστηρίου σήμανσης μετάλλων που ελέγχεται ψηφιακά μέσω ηλεκτρονικού υπολογιστή,released,skill/competence,cross-sector,,Παρακολούθηση και λειτουργία μίας μηχανής διάτρησης μετάλλων αριθμητικού ελέγχου μέσω υπολογιστή (CNC) σύμφωνα με τους κανονισμούς.,http://data.europa.eu/esco/skill/83bf74c8-6d77-4aac-9a36-f3118a066e51 | http://data.europa.eu/esco/skill/494b8057-daf5-46a0-b33b-416e0115c30a,χειρισμός του πιεστηρίου σήμανσης | χρήση ψηφιακών εργαλείων για τον έλεγχο μηχανημάτων
KnowledgeSkillCompetence,http://data.europa.eu/esco/skill/51586df8-1c46-4b47-8583-773cb63bf00b,R,released,knowledge,sector-specific,,"Οι τεχνικές και οι αρχές ανάπτυξης λογισμικού, όπως είναι η ανάλυση, οι αλγόριθμοι, η κωδικοποίηση, οι δοκιμές και η κατάρτιση μοντέλων προγραμματισμού στο R.",http://data.europa.eu/esco/skill/ad59afe4-6f8a-4bc4-acfd-0f228277508a | http://data.europa.eu/esco/isced-f/0613,λογισμικό σύστημα στατιστικών αναλύσεων | ανάπτυξη και ανάλυση λογισμικού και εφαρμογών
KnowledgeSkillCompetence,http://data.europa.eu/esco/skill/51927003-a757-4552-804f-c045e21fdaf2,εγκατάσταση οπτικοακουστικού περιφερειακού εξοπλισμού,released,skill/competence,cross-sector,,"Εγκατάσταση οπτικοακουστικού περιφερειακού εξοπλισμού, όπως τρίποδες, καλώδια, μικρόφωνα, οθόνες και άλλα.",http://data.europa.eu/esco/skill/3233330f-bb93-47ea-93b4-ed903d05d9f1 | http://data.europa.eu/esco/skill/8ddcb295-707e-459c-ba6a-66ffb37835c5,εγκατάσταση εξοπλισμού πολυμέσων | χειρισμός οπτικοακουστικού εξοπλισμού
KnowledgeSkillCompetence,http://data.europa.eu/esco/skill/51b18096-85e6-425b-bb15-03a74eeda0dc,προσδιορισμός των απαιτήσεων της αγοράς για τεκμηρίωση ΤΠΕ,released,skill/competence,occupation-specific,εντοπίζω τις απαιτήσεις της αγοράς για τεκμηρίωση· αναλύω τις απαιτήσεις τεκμηρίωσης της αγοράς· διεξάγω έρευνα για τις απαιτήσεις τεκμηρίωσης της αγοράς | προσδιορίζω τις προδιαγραφές της αγοράς για τεκμηρίωση· προσδιορίζω πρότυπα της αγοράς για τεκμηρίωση,"Διεξαγωγή έρευνας και ανάλυση των ειδικών απαιτήσεων τεκμηρίωσης των αγορών (για παράδειγμα γλώσσα, ισχύοντα πρότυπα ή νομικές απαιτήσεις και πολιτισμικές συνθήκες) και την εξαγωγή συγκεκριμένων προδιαγραφών για την ανάπτυξη τεκμηρίωσης ΤΠΕ.
	",http://data.europa.eu/esco/skill/7eafec38-621a-4b6e-9298-bfe70ec0b253,διεξαγωγή ακαδημαϊκής έρευνας ή έρευνας αγοράς
KnowledgeSkillCompetence,http://data.europa.eu/esco/skill/52739347-5eaa-4c9e-8cde-af7d2ba83320,μοντελοποίηση και προσομοίωση ηλεκτρομαγνητικών προϊόντων,released,skill/competence,sector-specific,,Μοντελοποίηση και προσομοίωση των σχεδιαζόμενων ηλεκτρομαγνητών ή προϊόντων που χρησιμοποιούν ηλεκτρομαγνητισμό με τη χρήση λογισμικού τεχνικού σχεδιασμού. Αξιολόγηση της βιωσιμότητας του προϊόντος και εξέταση των φυσικών παραμέτρων για την διασφάλιση επιτυχούς διεργασίας παραγωγής.,http://data.europa.eu/esco/skill/592525ab-b517-4c55-8c65-17e0f5d99205,συναρμολόγηση ηλεκτρικών και ηλεκτρονικών προϊόντων
KnowledgeSkillCompetence,http://data.europa.eu/esco/skill/5284ecee-93dd-4145-a3c0-584af836c69e,χρήση πλατφορμών ηλεκτρονικού τουρισμού,released,skill/competence,sector-specific,να συνεργάζεστε με τους πελάτες σε ιστότοπους κριτικών | χρησιμοποιούν πλατφόρμες ταξιδιωτικής διαφήμισης,"Χρήση ψηφιακών πλατφορμών για την προώθηση και την ανταλλαγή πληροφοριών και ψηφιακού περιεχομένου σχετικά με μια εγκατάσταση ή υπηρεσίες φιλοξενίας. Ανάλυση και διαχείριση των αξιολογήσεων που απευθύνονται στον οργανισμό με σκοπό τη διασφάλιση της ικανοποίησης των πελατών.
	",http://data.europa.eu/esco/skill/98fb499f-9155-412d-a8a0-95ba97126fec,χρήση ψηφιακών εργαλείων για συνεργασία και παραγωγικότητα
KnowledgeSkillCompetence,http://data.europa.eu/esco/skill/52b38e90-3d05-4042-a9e2-d19dec8dd7c1,δοκιμή υλισμικού,released,skill/competence,cross-sector,,"Δοκιμή συστημάτων υλισμικού υπολογιστών και στοιχείων με τη χρήση κατάλληλου εξοπλισμού και μεθόδων δοκιμής, όπως η δοκιμή του συστήματος (ST), η συνεχής δοκιμή αξιοπιστίας (ORT) και η δοκιμή εντός κυκλώματος (ICT). Παρακολούθηση και αξιολόγηση των επιδόσεων του συστήματος και λήψη μέτρων, εφόσον απαιτείται.",http://data.europa.eu/esco/skill/6d0cad66-82dd-4854-a03a-68232942c68d,εγκατάσταση ξύλινων και μεταλλικών στοιχείων
KnowledgeSkillCompetence,http://data.europa.eu/esco/skill/52c0b1a2-a57f-488b-b09d-19af929412aa,χρήση λειτουργικής νευροαπεικόνισης,released,skill/competence,occupation-specific,,Χρήση τεχνολογιών νευροαπεικόνισης και μεθόδων για τη μελέτη των λειτουργιών του εγκεφάλου.,http://data.europa.eu/esco/skill/6e62e776-fbfa-486c-a6df-58cd239c86fe,τεχνική ή επιστημονική συγγραφή
KnowledgeSkillCompetence,http://data.europa.eu/esco/skill/52cf3037-ab53-4806-85ed-7fd21ea7f6a1,Groovy,released,knowledge,sector-specific,,"Οι τεχνικές και οι αρχές ανάπτυξης λογισμικού, όπως είναι η ανάλυση, οι αλγόριθμοι, η κωδικοποίηση, οι δοκιμές και η κατάρτιση μοντέλων προγραμματισμού στο Groovy.",http://data.europa.eu/esco/skill/21d2f96d-35f7-4e3f-9745-c533d2dd6e97 | http://data.europa.eu/esco/isced-f/0613,προγραμματισμός ηλεκτρονικών υπολογιστών | ανάπτυξη και ανάλυση λογισμικού και εφαρμογών
KnowledgeSkillCompetence,http://data.europa.eu/esco/skill/52e3507b-1cad-409f-9146-3c5e2afe7df9,διαχείριση διαδικτυακής επικοινωνίας,released,skill/competence,sector-specific,,"Επίβλεψη και επιτήρηση των επικοινωνιών επιχείρησης, φορέα ή ατόμου σε διαδικτυακά μέσα. Διασφάλιση της συμφωνίας των πληροφοριών που κοινοποιούνται στο διαδίκτυο με τη στρατηγική και την εικόνα που επιδιώκει να προβάλλει.",http://data.europa.eu/esco/skill/580660a6-5d3a-421d-a54f-d85b706c2b2f | http://data.europa.eu/esco/skill/a12057b4-6d11-4a12-ab8e-15a028ef0a6d | http://data.europa.eu/esco/skill/2b34a99f-9813-4c91-9509-b6b9b8c3132e | http://data.europa.eu/esco/skill/40001d93-8937-4859-89d5-2dca53290ff4 | http://data.europa.eu/esco/skill/c206d301-14b0-4bea-8028-a3749303a512,χρήση ψηφιακών εργαλείων συνεργασίας | επικοινωνία μέσω ψηφιακών τεχνολογιών | συνεργασία μέσω ψηφιακών τεχνολογιών | κοινοποίηση δεδομένων μέσω ψηφιακών τεχνολογιών | παρακολούθηση και αξιολόγηση των επιδόσεων των ατόμων
KnowledgeSkillCompetence,http://data.europa.eu/esco/skill/5303169c-75d6-4751-9136-a4b88343388c,διαχείριση μέσων κοινωνικής δικτύωσης,released,knowledge,cross-sector,,"Ο σχεδιασμός, η ανάπτυξη και η εφαρμογή στρατηγικών που αποσκοπούν στη διαχείριση των μέσων κοινωνικής δικτύωσης, των δημοσιεύσεων, των εργαλείων διαχείρισης των μέσων κοινωνικής δικτύωσης και της εικόνας των οργανισμών σε αυτά.",http://data.europa.eu/esco/isced-f/0413,διαχείριση και διοίκηση
KnowledgeSkillCompetence,http://data.europa.eu/esco/skill/53141450-2fa9-4890-a64e-7ffd4e1144be,χρήση ηλεκτρονικού συστήματος διαχείρισης μητρώου υγείας,released,skill/competence,sector-specific,,Ικανότητα χρήσης συγκεκριμένου λογισμικού για τη διαχείριση των μητρώων υγείας σύμφωνα με τους κατάλληλους κώδικες πρακτικής.,http://data.europa.eu/esco/skill/6a7fc30d-af16-4cc5-a957-29d174bdb61c,"διαχείριση, συλλογή και αποθήκευση ψηφιακών δεδομένων"
KnowledgeSkillCompetence,http://data.europa.eu/esco/skill/53403f06-6c51-4a24-9491-d8a6200526ce,δημιουργία εικονικού προτύπου προϊόντος,released,skill/competence,cross-sector,,Δημιουργία μαθηματικού ή τρισδιάστατου γραφικού μοντέλου του προϊόντος με τη χρήση συστήματος μηχανικής με υπολογιστή (CAE) ή αριθμομηχανής.,http://data.europa.eu/esco/skill/c34b06c4-d164-4e49-a784-89d47de42ec2,"σχεδιασμός βιομηχανικών υλικών, συστημάτων ή προϊόντων"
KnowledgeSkillCompetence,http://data.europa.eu/esco/skill/53456d90-8c0d-4bd2-9f1b-312619b6e2a6,μέθοδοι δοκιμής υλισμικού,released,knowledge,cross-sector,μέθοδοι δοκιμής υλικού εξοπλισμού,"Οι διαδικασίες στις οποίες δοκιμάζονται εξαρτήματα ή συστήματα υλισμικού, όπως η δοκιμή του συστήματος (ST), η συνεχιζόμενη δοκιμή αξιοπιστίας (ORT), και η δοκιμή κυκλώματος (ICT).",http://data.europa.eu/esco/isced-f/0613,ανάπτυξη και ανάλυση λογισμικού και εφαρμογών
KnowledgeSkillCompetence,http://data.europa.eu/esco/skill/5354a726-ee64-4f34-90f8-8436f9f374b8,ανάλυση οικολογικών δεδομένων,released,skill/competence,cross-sector,,"Ανάλυση και ερμηνεία οικολογικών και βιολογικών δεδομένων, με τη χρήση εξειδικευμένων προγραμμάτων λογισμικού.",http://data.europa.eu/esco/skill/36ff57b0-637d-4a83-a0e8-d14f86f9f078 | http://data.europa.eu/esco/skill/ba1f6201-b206-4459-b178-706db34a851d | http://data.europa.eu/esco/skill/57231a22-4da7-49c8-97b8-75672feadf1e | http://data.europa.eu/esco/skill/a571ae14-3e16-4fd3-a615-5646e0b0b696,ανάλυση επιστημονικών δεδομένων | ανάλυση επιστημονικών και ιατρικών δεδομένων | διαχείριση ποσοτικών δεδομένων | διερεύνηση δεδομένων
KnowledgeSkillCompetence,http://data.europa.eu/esco/skill/53780150-1581-4ae6-b435-34068c172caf,Vyper,released,knowledge,sector-specific,,"Οι τεχνικές και οι αρχές ανάπτυξης λογισμικού, όπως είναι η ανάλυση, οι αλγόριθμοι, η συγγραφή κώδικα, οι δοκιμές και η κατάρτιση μοντέλων προγραμματισμού σε Vyper.
	",http://data.europa.eu/esco/isced-f/0613,ανάπτυξη και ανάλυση λογισμικού και εφαρμογών
KnowledgeSkillCompetence,http://data.europa.eu/esco/skill/541561bc-510c-4a99-881c-2d8bf5a85462,χρήση λογισμικού για τη δημιουργία τεχνικών σχεδίων,released,skill/competence,cross-sector,,Δημιουργία τεχνικών σχεδίων και τεχνικών σχεδιαγραμμάτων με τη χρήση ειδικού λογισμικού.,http://data.europa.eu/esco/skill/b1115b14-fa16-4c1e-be6c-91fd49a1808b,χρήση εργαλείων σχεδιασμού και σχεδίασης με τη βοήθεια ηλεκτρονικού υπολογιστή
KnowledgeSkillCompetence,http://data.europa.eu/esco/skill/545c80e8-7ab2-42fe-af64-242211e94709,ανάλυση ρυθμίσεων και επιδόσεων δικτύου,released,skill/competence,sector-specific,,"Ανάλυση βασικών δεδομένων δικτύου (π.χ. αρχεία ρυθμίσεων δρομολογητή, πρωτόκολλα δρομολόγησης), ικανότητας διακίνησης δεδομένων δικτύου και χαρακτηριστικών επιδόσεων των δικτύων ΤΠΕ, όπως δίκτυα ευρείας περιοχής και τοπικά δίκτυα, που συνδέουν υπολογιστές με χρήση ενσύρματων ή ασύρματων συνδέσεων και τους επιτρέπουν να ανταλλάσσουν δεδομένα.
	",http://data.europa.eu/esco/skill/fbbcb9ab-4b95-4e57-a756-30d08b7da7a5 | http://data.europa.eu/esco/skill/4d6a48ae-352e-4823-bc3a-3f3e9e2cae86,συντήρηση συστήματος ΤΠΕ | πρόσβαση και ανάλυση ψηφιακών δεδομένων
KnowledgeSkillCompetence,http://data.europa.eu/esco/skill/546a96b1-5f0a-4c80-b3c5-8ac0830d9f0e,δημιουργία χαρακτήρων ψηφιακών παιχνιδιών,released,skill/competence,occupation-specific,σχεδιασμός χαρακτήρων ψηφιακών παιχνιδιών | δημιουργία τυπολογίας χαρακτήρων για ψηφιακά παιχνίδια | ανάπτυξη ψηφιακών χαρακτήρων για παιχνίδια | δημιουργία τύπων χαρακτήρων για ψηφιακά παιχνίδια,Ανάπτυξη τυπολογίας χαρακτήρων για ψηφιακά παιχνίδια και προσδιορισμός του ακριβούς ρόλου τους στο παιχνίδι και την αφήγηση.,http://data.europa.eu/esco/skill/b590d4e5-7c62-4b4a-abc2-c270b482e0ce,σχεδιασμός συστημάτων ή εφαρμογών τπε
KnowledgeSkillCompetence,http://data.europa.eu/esco/skill/5475343c-5e75-415f-b431-17f3c20a347e,χρήση λογισμικού για τον σχεδιασμό της παραγωγής,released,skill/competence,occupation-specific,,Χρήση λογισμικού που διευκολύνει τον σχεδιασμό και τον προγραμματισμό στη μεταποιητική βιομηχανία και επιτρέπει τη βελτιστοποίηση της κατανομής των πόρων.,http://data.europa.eu/esco/skill/2a778aeb-f246-4f03-9a96-c60183001037 | http://data.europa.eu/esco/skill/98fb499f-9155-412d-a8a0-95ba97126fec,χρονοδιάγραμμα παραγωγής | χρήση ψηφιακών εργαλείων για συνεργασία και παραγωγικότητα
KnowledgeSkillCompetence,http://data.europa.eu/esco/skill/54924a2c-daca-40d3-9716-4b38ceb04f38,αλγόριθμοι,released,knowledge,cross-sector,,"Οι αυτόνομες ομάδες πράξεων που πραγματοποιούν υπολογισμούς, επεξεργασία δεδομένων και αυτοματοποιημένη αιτιολόγηση, συνήθως για την επίλυση προβλημάτων.",http://data.europa.eu/esco/isced-f/0612,σχεδιασμός και διαχείριση βάσεων δεδομένων και δικτύων
KnowledgeSkillCompetence,http://data.europa.eu/esco/skill/54971fec-1c2f-49c0-9396-2f0c9fa5c8c0,LAMS,released,knowledge,sector-specific,,"Το πρόγραμμα ηλεκτρονικού υπολογιστή LAMS είναι μια πλατφόρμα ηλεκτρονικής μάθησης για τη δημιουργία, τη διαχείριση, την οργάνωση, την αναφορά και την παροχή ηλεκτρονικών εκπαιδευτικών μαθημάτων ή προγραμμάτων κατάρτισης. Αναπτύσσεται από το Ίδρυμα LAM.",http://data.europa.eu/esco/skill/6c80d53c-d8c9-41fe-998f-091fca208834 | http://data.europa.eu/esco/isced-f/0612,συστήματα διαχείρισης μάθησης | σχεδιασμός και διαχείριση βάσεων δεδομένων και δικτύων
KnowledgeSkillCompetence,http://data.europa.eu/esco/skill/54ae8c54-2aad-46fc-bff2-9d44d0ec7a6e,διαχείριση μέσων πρόσβασης σε πληροφορίες,released,skill/competence,sector-specific,,"Ανάπτυξη και συντήρηση μέσων πρόσβασης σε πληροφορίες, όπως βάσεις δεδομένων, ψηφιακές βιβλιογραφίες, ιστοσελίδες, προγράμματα λογισμικού και διαδικτυακοί οδηγοί.",http://data.europa.eu/esco/skill/32c017fd-28ab-4051-bf68-74de952c2f77,διαχείριση πληροφοριών
KnowledgeSkillCompetence,http://data.europa.eu/esco/skill/54b4a91f-9db8-4b67-a20d-9b6ceb9c2315,ενασχόληση με διαδικτυακά τυχερά παιχνίδια,released,knowledge,occupation-specific,,Η δραστηριότητα τοποθέτησης χρημάτων ή εικονικών νομισμάτων σε στοιχήματα ή διαδικτυακά τυχερά παιχνίδια μέσω διαδικτυακών τόπων ή online λογισμικού.,http://data.europa.eu/esco/isced-f/0416,χονδρική και λιανική πώληση
KnowledgeSkillCompetence,http://data.europa.eu/esco/skill/54d774a3-de3b-4425-b0d7-c03bc99a0937,εκπόνηση προγραμμάτων κατάρτισης στον τομέα της κυβερνοασφάλειας,released,skill/competence,sector-specific,ανάπτυξη εκπαίδευσης στον κυβερνοχώρο | σχεδιασμός κατάρτισης στον τομέα της κυβερνοασφάλειας | παροχή κατάρτισης στον τομέα της κυβερνοασφάλειας | ανάπτυξη κατάρτισης στον τομέα της κυβερνοασφάλειας,"Σχεδιασμός, ανάπτυξη και παράδοση εκπαιδευτικών δραστηριοτήτων (όπως διαλέξεις και κυβερνοπεδία) για την κάλυψη των αναγκών και/ή την αύξηση της ευαισθητοποίησης σχετικά με την κυβερνοασφάλεια.
	",http://data.europa.eu/esco/skill/6c4fa8c8-e9e1-49b5-897f-6b61fe649488,κατάρτιση σχετικά με επιχειρησιακές διαδικασίες
KnowledgeSkillCompetence,http://data.europa.eu/esco/skill/54ddd422-5905-44db-93d4-03b17b913c5e,χρήση λογισμικού για τον σχεδιασμό και την επεξεργασία σχεδίων με τη βοήθεια υπολογιστή,released,skill/competence,cross-sector,χρήση λογισμικού CADD,"Χρήση σχεδιασμού με τη βοήθεια ηλεκτρονικού υπολογιστή, καθώς και δημιουργία λογισμικού για την εκπόνηση λεπτομερών σχεδίων και σχεδιαγραμμάτων.",http://data.europa.eu/esco/skill/b34e2ba1-9080-48c9-9b42-ee9192a4d3f1 | http://data.europa.eu/esco/skill/541561bc-510c-4a99-881c-2d8bf5a85462 | http://data.europa.eu/esco/skill/b1115b14-fa16-4c1e-be6c-91fd49a1808b,χρήση λογισμικού για σχεδιασμό με χρήση υπολογιστή | χρήση λογισμικού για τη δημιουργία τεχνικών σχεδίων | χρήση εργαλείων σχεδιασμού και σχεδίασης με τη βοήθεια ηλεκτρονικού υπολογιστή
KnowledgeSkillCompetence,http://data.europa.eu/esco/skill/553e1d2d-abf1-4b37-8ac4-c5c78a8edbc0,εξυπηρετητές διαμεσολάβησης,released,knowledge,sector-specific,εξυπηρετητής διαμεσολάβησης | υποκατάστατος διακομιστής | εξυπηρετητής μεσολάβησης | διακομιστής ενδιάμεσης διαχείρισης | διακομιστής διαμεσολάβησης | υποκατάστατος server,"Τα εργαλεία διαμεσολάβησης τα οποία λειτουργούν ως διαμεσολαβητές για τα αιτήματα των χρηστών που αναζητούν πόρους, π.χ. αρχεία και ιστοσελίδες από άλλους εξυπηρετητές όπως ο Burp, ο WebScarab, ο Charles ή ο Fiddler.",http://data.europa.eu/esco/skill/d0c6d77e-cb25-4770-bf77-2073fc5f7523 | http://data.europa.eu/esco/isced-f/0611,υποδομές ΤΠΕ | χρήση υπολογιστών
KnowledgeSkillCompetence,http://data.europa.eu/esco/skill/557c86b8-a0bc-4545-bb30-d141b1d60bc1,διενέργεια κλινικής έρευνας με χρήση λογισμικού,released,skill/competence,occupation-specific,,"Επίβλεψη και διενέργεια της απαραίτητης έρευνας για την πραγματοποίηση της αγοράς, του σχεδιασμού, της ανάπτυξης, της δοκιμής, της εκπαίδευσης και της εφαρμογής λογισμικού για την κλινική περίθαλψη και σύμφωνα με τις κατευθυντήριες γραμμές για τα προγράμματα υγείας.
	",http://data.europa.eu/esco/skill/7eafec38-621a-4b6e-9298-bfe70ec0b253,διεξαγωγή ακαδημαϊκής έρευνας ή έρευνας αγοράς
KnowledgeSkillCompetence,http://data.europa.eu/esco/skill/557e9247-1a2d-4497-aa7f-0cded7768da1,Aircrack (εργαλείο δοκιμής διείσδυσης),released,knowledge,sector-specific,,"Το πρόγραμμα ηλεκτρονικού υπολογιστή Aircrack είναι ένα πρόγραμμα παραβίασης που ανακτά κλειδιά 802.11 WEP και WPA-PSK με την εκτέλεση πολλών επιθέσεων στο δίκτυο, όπως οι επιθέσεις FMS, KoreK και PTW.",http://data.europa.eu/esco/isced-f/0613 | http://data.europa.eu/esco/skill/de586dcf-d7e5-4340-bf5b-d59026f1b436,ανάπτυξη και ανάλυση λογισμικού και εφαρμογών | εργαλείο δοκιμής διείσδυσης
KnowledgeSkillCompetence,http://data.europa.eu/esco/skill/55c16653-343c-4d02-a9de-7d8e864a4592,Codenvy,released,knowledge,sector-specific,,"Το εργαλείο Codenvy είναι μια πλατφόρμα που χρησιμοποιείται για τη δημιουργία κατά παραγγελία χώρων εργασίας στο υπολογιστικό νέφος, στους οποίους οι προγραμματιστές μπορούν να συνεργάζονται για έργα προγραμματισμού και να συνεργάζονται πριν από τη συγχώνευση των εργασιών τους στο κύριο αποθετήριο.",http://data.europa.eu/esco/skill/9d2e926f-53d9-41f5-98f3-19dfaa687f3f | http://data.europa.eu/esco/isced-f/0613,εργαλεία για τη διαχείριση της παραμετροποίησης λογισμικού | ανάπτυξη και ανάλυση λογισμικού και εφαρμογών
KnowledgeSkillCompetence,http://data.europa.eu/esco/skill/55cc1f3f-69fc-46ec-b24a-9708f6bd92b4,χρήση εργαλείων λογισμικού για τη μοντελοποίηση χώρων εγκατάστασης,released,skill/competence,sector-specific,,Χρήση λογισμικού και άλλων εργαλείων μοντελοποίησης για τη δημιουργία προσομοιώσεων και την ανάπτυξη σεναρίων για πιθανά αποτελέσματα των δραστηριοτήτων της εγκατάστασης. Χρήση των πληροφοριών που συγκεντρώθηκαν από προσομοιώσεις και μοντέλα για ανάλυση και λήψη αποφάσεων.,http://data.europa.eu/esco/skill/b1115b14-fa16-4c1e-be6c-91fd49a1808b,χρήση εργαλείων σχεδιασμού και σχεδίασης με τη βοήθεια ηλεκτρονικού υπολογιστή
KnowledgeSkillCompetence,http://data.europa.eu/esco/skill/55cd5608-1497-4ed1-96d0-cb9494749a09,επισκευή κινητών συσκευών,released,skill/competence,cross-sector,επιδιορθώνω κινητές συσκευές· αποκαθιστώ βλάβες φορητών συσκευών· επαναφέρω εξοπλισμό κινητών συσκευών στην αρχική του κατάσταση· αντικαθιστώ εξαρτήματα κινητών συσκευών | επισκευάζω φορητές συσκευές· επισκευάζω εξαρτήματα κινητών συσκευών,"Αντικατάσταση εξαρτημάτων και επισκευή βλαβών κινητών τηλεφώνων, ταμπλετών και άλλων μικρών κινητών συσκευών.",http://data.europa.eu/esco/skill/b4877620-c375-45f3-a678-2ddb4dae6a29 | http://data.europa.eu/esco/skill/a7065828-10aa-4aba-b7d4-f23a30df5060,"επισκευή συσκευών ΤΠΕ | εγκατάσταση και επισκευή εξοπλισμού ηλεκτρικού, ηλεκτρονικού και ακριβείας"
KnowledgeSkillCompetence,http://data.europa.eu/esco/skill/5608d5a0-6d5e-43b7-be37-616501729bb4,τεχνητά νευρωνικά δίκτυα,released,knowledge,cross-sector,,"Ένα δίκτυο τεχνητών νευρώνων που έχει δημιουργηθεί για την επίλυση προβλημάτων τεχνητής νοημοσύνης. Αυτά τα υπολογιστικά συστήματα εμπνέονται από τα βιολογικά νευρωνικά δίκτυα που σχηματίζουν τους εγκεφάλους. Κατανόηση του γενικού μοντέλου και των στοιχείων του. Γνώση των δυνατοτήτων χρήσης του για αυτοματοποίηση.
	",http://data.europa.eu/esco/skill/e465a154-93f7-4973-9ce1-31659fe16dd2 | http://data.europa.eu/esco/isced-f/0619,αρχές τεχνητής νοημοσύνης | τεχνολογίες πληροφορικής και επικοινωνιών που δεν ταξινομούνται αλλού
KnowledgeSkillCompetence,http://data.europa.eu/esco/skill/5645b349-2b67-48cf-b290-bbb029e59dcf,τεχνολογία ιατρικής απεικόνισης,released,knowledge,cross-sector,τεχνολογίες ιατρικής απεικόνισης,"Σύνολο τεχνολογιών που χρησιμοποιούνται για τη δημιουργία οπτικών αναπαραστάσεων του εσωτερικού του σώματος για τους σκοπούς της κλινικής ανάλυσης.
	",http://data.europa.eu/esco/isced-f/0914,τεχνολογία ιατρικής διάγνωσης και θεραπείας
KnowledgeSkillCompetence,http://data.europa.eu/esco/skill/56a10e3e-c9e7-4d39-b6f1-6013398fcb3a,χρήση λογισμικού συστήματος διαχείρισης περιεχομένου,released,skill/competence,cross-sector,,"Χρήση λογισμικού που επιτρέπει τη δημοσίευση, την επεξεργασία και την τροποποίηση περιεχομένου, καθώς και τη συντήρηση από κεντρική διεπαφή.",http://data.europa.eu/esco/skill/6a7fc30d-af16-4cc5-a957-29d174bdb61c,"διαχείριση, συλλογή και αποθήκευση ψηφιακών δεδομένων"
KnowledgeSkillCompetence,http://data.europa.eu/esco/skill/56a7f561-1d55-43c9-9cd7-36a0a9bc6c50,ASP.NET,released,knowledge,sector-specific,ASP+ | ASP.NET 2.0 | Aspx | ASP.NET 3.5,"Οι τεχνικές και οι αρχές ανάπτυξης λογισμικού, όπως είναι η ανάλυση, οι αλγόριθμοι, η κωδικοποίηση, οι δοκιμές και η κατάρτιση μοντέλων προγραμματισμού στο ASP.NET.",http://data.europa.eu/esco/skill/21d2f96d-35f7-4e3f-9745-c533d2dd6e97 | http://data.europa.eu/esco/isced-f/0613,προγραμματισμός ηλεκτρονικών υπολογιστών | ανάπτυξη και ανάλυση λογισμικού και εφαρμογών
KnowledgeSkillCompetence,http://data.europa.eu/esco/skill/5706691c-2c38-46e4-9e88-c55be7e5d3ff,αισθητήρες ψηφιακής συσκευής λήψης,released,knowledge,sector-specific,αισθητήρες ψηφιακής φωτογραφικής μηχανής,"Τύποι αισθητήρων που χρησιμοποιούνται σε ψηφιακές φωτογραφικές μηχανές, όπως διάταξη ζεύγους φορτίων και συμπληρωματικοί αισθητήρες ημιαγωγών μεταλλικού οξειδίου.",http://data.europa.eu/esco/isced-f/0211,τεχνικές και παραγωγή οπτικοακουστικών μέσων
KnowledgeSkillCompetence,http://data.europa.eu/esco/skill/571c8cb7-33f5-4a2e-999d-35688afed581,επισκευή εξοπλισμού θαλάσσιας επικοινωνίας,released,skill/competence,occupation-specific,,"Επισκευή των συσκευών θαλάσσιας επικοινωνίας, όπως απαιτείται, με τη χρήση ηλεκτρονικού εξοπλισμού δοκιμών.",http://data.europa.eu/esco/skill/3c7d58c9-125e-4d8d-9102-b8022c54d0b5 | http://data.europa.eu/esco/skill/a7065828-10aa-4aba-b7d4-f23a30df5060,"χειρισμός εξοπλισμού θαλάσσιας επικοινωνίας | εγκατάσταση και επισκευή εξοπλισμού ηλεκτρικού, ηλεκτρονικού και ακριβείας"
KnowledgeSkillCompetence,http://data.europa.eu/esco/skill/57231a22-4da7-49c8-97b8-75672feadf1e,διαχείριση ποσοτικών δεδομένων,released,skill/competence,cross-sector,,"Συλλογή, επεξεργασία και παρουσίαση ποσοτικών δεδομένων. Χρήση των κατάλληλων προγραμμάτων και μεθόδων για την επικύρωση, την οργάνωση και την ερμηνεία των δεδομένων.
	",http://data.europa.eu/esco/skill/6b305973-8993-475f-bd8a-daf037c61401 | http://data.europa.eu/esco/skill/6a7fc30d-af16-4cc5-a957-29d174bdb61c,"οργάνωση πληροφοριών, αντικειμένων και πόρων | διαχείριση, συλλογή και αποθήκευση ψηφιακών δεδομένων"
KnowledgeSkillCompetence,http://data.europa.eu/esco/skill/574032f3-e427-49ad-8d88-2341ac6e1a7d,χειρισμός του σεισμολογικού εξοπλισμού,released,skill/competence,occupation-specific,,"Μεταφορά σεισμολογικού εξοπλισμού σε διαφορετικές τοποθεσίες, χρήση σεισμομέτρων, παρακολούθηση εξοπλισμού καταγραφής με σκοπό την ανίχνευση ανωμαλιών, επεξεργασία και ερμηνεία σεισμολογικών δεδομένων τόσο δισδιάστατων όσο και τρισδιάστατων.",http://data.europa.eu/esco/skill/7ca69606-5ffc-4668-ae53-713c1f1612e6,χειρισμός επιστημονικού και εργαστηριακού εξοπλισμού
KnowledgeSkillCompetence,http://data.europa.eu/esco/skill/580660a6-5d3a-421d-a54f-d85b706c2b2f,χρήση ψηφιακών εργαλείων συνεργασίας,released,skill/competence,cross-sector,,"Χρήση διαδικτυακών πόρων, όπως εργαλεία διαδικτυακής συνάντησης, κλήσης VoIP, ταυτόχρονη επεξεργασία αρχείων, συνδημιουργία, ανταλλαγή περιεχομένου και συνεργασία από απομακρυσμένες τοποθεσίες.",http://data.europa.eu/esco/skill/574257ea-7b64-4100-b7b6-e27c233fe143 | http://data.europa.eu/esco/skill/98fb499f-9155-412d-a8a0-95ba97126fec,ψηφιακή επικοινωνία και συνεργασία | χρήση ψηφιακών εργαλείων για συνεργασία και παραγωγικότητα
KnowledgeSkillCompetence,http://data.europa.eu/esco/skill/5865c47c-cf1a-4dcb-8871-d4a1ea4b047b,εγκατάσταση συστήματος ελέγχου εγγράφων,released,skill/competence,occupation-specific,,Εγκατάσταση και συντήρηση συστήματος ελέγχου εγγράφων,http://data.europa.eu/esco/skill/32c017fd-28ab-4051-bf68-74de952c2f77,διαχείριση πληροφοριών
KnowledgeSkillCompetence,http://data.europa.eu/esco/skill/58783f72-5098-4807-b1d1-954ec2ae94c4,Backbox (εργαλείο δοκιμής διείσδυσης),released,knowledge,sector-specific,,"Το λογισμικό BackBox είναι μια διανομή Linux η οποία εξετάζει τις αδυναμίες ασφάλειας του συστήματος για πιθανή μη εξουσιοδοτημένη πρόσβαση σε πληροφορίες του συστήματος μέσω της συλλογής πληροφοριών, της εγκληματολογικής ανάλυσης, της ασύρματης ανάλυσης και της VoIP ανάλυσης, της εκμετάλλευσης και της ανάδρομης τεχνικής έρευνας.",http://data.europa.eu/esco/isced-f/0613 | http://data.europa.eu/esco/skill/de586dcf-d7e5-4340-bf5b-d59026f1b436,ανάπτυξη και ανάλυση λογισμικού και εφαρμογών | εργαλείο δοκιμής διείσδυσης
KnowledgeSkillCompetence,http://data.europa.eu/esco/skill/58888680-07cd-4baa-8eb1-f846bff7e2d4,διαχείριση βάσης δεδομένων εγγραφών μελών,released,skill/competence,sector-specific,,Προσθήκη και επικαιροποίηση πληροφοριών σχετικά με την ιδιότητα του μέλους και ανάλυση και υποβολή εκθέσεων σχετικά με στατιστικές πληροφορίες για την ιδιότητα του μέλους.,http://data.europa.eu/esco/skill/29fb0fb5-dfc4-4098-ac9b-3a712000f48f | http://data.europa.eu/esco/skill/32c017fd-28ab-4051-bf68-74de952c2f77,διαχείριση της βάσης δεδομένων | διαχείριση πληροφοριών
KnowledgeSkillCompetence,http://data.europa.eu/esco/skill/5898d99a-62a4-4e10-a2e3-0d815ce44248,αντίμετρα για επιθέσεις στον κυβερνοχώρο,released,knowledge,sector-specific,μέτρα ασφάλειας επικοινωνιών δικτύου | μέτρα κυβερνοασφάλειας | μηχανισμοί κυβερνοάμυνας | μηχανισμοί άμυνας στον κυβερνοχώρο,"Μέθοδοι, τεχνολογίες και τεχνικές που χρησιμοποιούνται για την προστασία (εντοπισμός, παρακολούθηση και αποκατάσταση) από κυβερνοεπιθέσεις. Αυτές οι κυβερνοεπιθέσεις περιλαμβάνουν διάφορους διαβιβαστές επίθεσης, όπως το κακόβουλο λογισμικό, οι επιθέσεις άρνησης υπηρεσίας (DoS) και το ηλεκτρονικό ψάρεμα. Ορισμένα παραδείγματα των μεθόδων που χρησιμοποιούνται είναι τα συστήματα πρόληψης εισβολής (IPS), το τείχος προστασίας, το αντιικό λογισμικό, τα συστήματα ανίχνευσης εισβολής (IDS), η κατάρτιση στον τομέα της κυβερνοασφάλειας, τα εφεδρικά αντίγραφα ασφαλείας, το σύστημα διαχείρισης ασφάλειας πληροφοριών (ISM), η επαλήθευση ταυτότητας πολλαπλών παραγόντων και η χρήση της ευαισθητοποίησης.",http://data.europa.eu/esco/isced-f/1031,στρατός και  άμυνα
KnowledgeSkillCompetence,http://data.europa.eu/esco/skill/58bfa8b2-f39f-40c3-8e5e-2dc0d26c7601,εγκατάσταση συστημάτων ενσωμάτωσης μέσων,released,skill/competence,occupation-specific,,"Εγκατάσταση διαφόρων τύπων πινάκων ελέγχου φωτισμού, ήχου, εικόνας και κίνησης και σχετικού εξοπλισμού, όπως συστήματα παρακολούθησης, διακομιστές μέσων και λογισμικό και υλισμικό ελέγχου.
	",http://data.europa.eu/esco/skill/8ddcb295-707e-459c-ba6a-66ffb37835c5,χειρισμός οπτικοακουστικού εξοπλισμού
KnowledgeSkillCompetence,http://data.europa.eu/esco/skill/58c3ed60-c06b-47c0-b213-4e3608608644,χρήση εξοπλισμού τηλεχειρισμού,released,skill/competence,cross-sector,,Χρήση τηλεχειρισμού για τη λειτουργία του εξοπλισμού. Στενή παρακολούθηση του εξοπλισμού κατά τη λειτουργία και χρήση αισθητήρων ή συσκευών λήψης για την κατεύθυνση των ενεργειών του/της.,http://data.europa.eu/esco/skill/494b8057-daf5-46a0-b33b-416e0115c30a,χρήση ψηφιακών εργαλείων για τον έλεγχο μηχανημάτων
KnowledgeSkillCompetence,http://data.europa.eu/esco/skill/58d7a289-dafd-4363-833f-d1dc4140885e,APL,released,knowledge,sector-specific,,"Οι τεχνικές και οι αρχές ανάπτυξης λογισμικού, όπως είναι η ανάλυση, οι αλγόριθμοι, η συγγραφή κώδικα, οι δοκιμές και η κατάρτιση μοντέλων προγραμματισμού σε APL.",http://data.europa.eu/esco/skill/21d2f96d-35f7-4e3f-9745-c533d2dd6e97 | http://data.europa.eu/esco/isced-f/0613,προγραμματισμός ηλεκτρονικών υπολογιστών | ανάπτυξη και ανάλυση λογισμικού και εφαρμογών
KnowledgeSkillCompetence,http://data.europa.eu/esco/skill/598de5b0-5b58-4ea7-8058-a4bc4d18c742,SQL,released,knowledge,sector-specific,Informix 4GL/SQL | Subquery | SEQUEL,Η γλώσσα ηλεκτρονικού υπολογιστή SQL είναι μια γλώσσα που επιτρέπει την ανάκτηση πληροφοριών από μια βάση δεδομένων και εγγράφων που περιέχουν τις απαιτούμενες πληροφορίες. Αναπτύσσεται από το Αμερικανικό Ινστιτούτο Εθνικών Προτύπων και τον Διεθνή Οργανισμό Τυποποίησης.,http://data.europa.eu/esco/skill/9cf681c7-89ec-470c-b651-7fe03786f586 | http://data.europa.eu/esco/isced-f/0613,γλώσσα ερωτήσεων | ανάπτυξη και ανάλυση λογισμικού και εφαρμογών
KnowledgeSkillCompetence,http://data.europa.eu/esco/skill/59ea80e1-463a-4dba-82c6-d0b6d577d532,τεχνικά σχέδια,released,knowledge,cross-sector,,"Το λογισμικό σχεδίασης και τα διάφορα σύμβολα, η προοπτική, οι μονάδες μέτρησης, τα συμβολισμικά συστήματα, τα οπτικά στιλ και η σχεδίαση των σελίδων που χρησιμοποιούνται σε τεχνικά σχέδια.",http://data.europa.eu/esco/isced-f/0732,οικοδομές και έργα πολιτικού μηχανικού
KnowledgeSkillCompetence,http://data.europa.eu/esco/skill/5a29fbb3-3b5c-44f2-b07a-e84faa790088,συντήρηση εξοπλισμού αισθητήρων,released,skill/competence,cross-sector,,"Διάγνωση και ανίχνευση δυσλειτουργιών όσον αφορά τα εξαρτήματα των αισθητήρων, τα συστήματα και τα προϊόντα που χρησιμοποιούν αισθητήρες και αφαίρεση, αντικατάσταση ή επισκευή των εν λόγω εξαρτημάτων, όταν κρίνεται απαραίτητο. Εκτέλεση προληπτικών καθηκόντων συντήρησης του εξοπλισμού, όπως αποθήκευση των εξαρτημάτων σε καθαρούς χώρους χωρίς σκόνη και υγρασία.",http://data.europa.eu/esco/skill/5033c2fb-ec55-4b8e-b0a4-9379593f1e1c | http://data.europa.eu/esco/skill/ec0401f1-f690-46be-934b-f6f5611085f5,"συντήρηση εξοπλισμού | συντήρηση εξοπλισμού ηλεκτρικού, ηλεκτρονικού και ακριβείας"
KnowledgeSkillCompetence,http://data.europa.eu/esco/skill/5a6dda77-c09d-441a-8456-c6ca7e1bda06,σύστημα ζύγισης κινούμενων οχημάτων,released,knowledge,occupation-specific,,"Σύστημα ζύγισης κινούμενων οχημάτων, το οποίο μετρά το βάρος ενός διερχόμενου οχήματος και μπορεί να εκπέμπει συναγερμό, εάν το όχημα είναι υπερφορτωμένο ή μη ισορροπημένο.",http://data.europa.eu/esco/isced-f/1041,υπηρεσίες μεταφορών
KnowledgeSkillCompetence,http://data.europa.eu/esco/skill/5ae6743f-8241-49f8-b447-0df43756cb1c,συντονισμός προγραμμάτων ακουστικών συστημάτων,released,skill/competence,sector-specific,,"Συντονισμός των απαιτήσεων, της ενσωμάτωσης και της εγκατάστασης προγραμμάτων συστημάτων ελέγχου του ήχου.",http://data.europa.eu/esco/skill/a7065828-10aa-4aba-b7d4-f23a30df5060,"εγκατάσταση και επισκευή εξοπλισμού ηλεκτρικού, ηλεκτρονικού και ακριβείας"
KnowledgeSkillCompetence,http://data.europa.eu/esco/skill/5af49836-2269-46d9-87b9-0d3140c6c22e,προσαρμογή και ενσωμάτωση ψηφιακού περιεχομένου,released,skill/competence,cross-sector,,"Τροποποίηση, βελτιστοποίηση, βελτίωση και ενσωμάτωση πληροφοριών και περιεχομένου σε ένα υφιστάμενο σώμα γνώσεων για τη δημιουργία νέου, πρωτότυπου και συναφούς περιεχομένου και γνώσεων.",http://data.europa.eu/esco/skill/f5369f2f-e52b-43d8-8d31-79a6c11188d8 | http://data.europa.eu/esco/skill/98fb499f-9155-412d-a8a0-95ba97126fec,δημιουργία ψηφιακού περιεχομένου | χρήση ψηφιακών εργαλείων για συνεργασία και παραγωγικότητα
KnowledgeSkillCompetence,http://data.europa.eu/esco/skill/5b26f08b-88bc-45f0-b901-530d7786466b,επιστημονική υπολογιστική,released,knowledge,cross-sector,υπολογιστική επιστήμη | επιστημονικός υπολογισμός,"Το διεπιστημονικό πεδίο μεταξύ της επιστήμης των υπολογιστών, των μαθηματικών και της μηχανικής. Αφορά τη χρήση τεχνικών προσεγγίσεων και θεωρητικών πλαισίων, καθώς και τη χρήση υπολογιστών, για την αντιμετώπιση ζητημάτων στους τομείς της επιστήμης και της μηχανικής.
	",http://data.europa.eu/esco/isced-f/0688,διεπιστημονικά προγράμματα και προσόντα που περιλαμβάνουν τεχνολογίες πληροφορικής και επικοινωνιών (τπε)
KnowledgeSkillCompetence,http://data.europa.eu/esco/skill/5b4ea415-3a3a-4d90-91d2-2d18ad196f4b,προγραμματισμός ηχητικών υποδείξεων του υποβολέα,released,skill/competence,sector-specific,,Προγραμματισμός ηχητικών υποδείξεων του υποβολέα πριν ή κατά τη διάρκεια των προβών.,http://data.europa.eu/esco/skill/3ed245ce-6953-4203-94d7-89550bf502ba | http://data.europa.eu/esco/skill/8ddcb295-707e-459c-ba6a-66ffb37835c5,εκτέλεση καθηκόντων υποβολέα σε παράσταση | χειρισμός οπτικοακουστικού εξοπλισμού
KnowledgeSkillCompetence,http://data.europa.eu/esco/skill/5b776f2d-cac1-437e-badd-9871876209a5,δημιουργία γεωλογικών βάσεων δεδομένων,released,skill/competence,sector-specific,,Δημιουργία γεωλογικών βάσεων δεδομένων για την απόκτηση και την οργάνωση πληροφοριών.,http://data.europa.eu/esco/skill/29fb0fb5-dfc4-4098-ac9b-3a712000f48f | http://data.europa.eu/esco/skill/6a7fc30d-af16-4cc5-a957-29d174bdb61c,"διαχείριση της βάσης δεδομένων | διαχείριση, συλλογή και αποθήκευση ψηφιακών δεδομένων"
KnowledgeSkillCompetence,http://data.europa.eu/esco/skill/5b9cde20-f1b9-4adc-bfb3-dbf70b14138d,χρήση αντικειμενοστραφούς προγραμματισμού,released,skill/competence,sector-specific,εφαρμόζω προγραμματισμό με επίκεντρο το αντικείμενο· εκτελώ προγραμματισμό προσανατολισμένο στο αντικείμενο· αναπτύσσω αντικειμενοστραφή προγράμματα | χρησιμοποιώ προγραμματισμό προσανατολισμένο στο αντικείμενο· χρησιμοποιώ προγραμματισμό βασισμένο στο αντικείμενο,"Χρήση εξειδικευμένων εργαλείων ΤΠΕ για πρότυπο προγραμματισμού που βασίζεται στην έννοια των αντικειμένων, τα οποία μπορούν να περιέχουν δεδομένα υπό μορφή πεδίων και κώδικα υπό μορφή διαδικασιών. Χρήση γλωσσών προγραμματισμού που υποστηρίζουν τη μέθοδο αυτή, όπως η JAVA και η C++.
	",http://data.europa.eu/esco/skill/a8c3186b-c791-4d57-8f4f-4d12c7a5c6a7,προγραμματισμός συστημάτων ηλεκτρονικών υπολογιστών
KnowledgeSkillCompetence,http://data.europa.eu/esco/skill/5bac4bcc-1846-4688-ba02-ad2b51544282,ανάπτυξη υλικού επικοινωνίας χωρίς αποκλεισμούς,released,skill/competence,cross-sector,χρήση υλικού προώθησης χωρίς αποκλεισμούς | ανάπτυξη επικοινωνιακού υλικού προσβάσιμου στα άτομα με αναπηρία | εξασφάλιση της προσβασιμότητας του επικοινωνιακού υλικού,"Ανάπτυξη επικοινωνιακών πόρων χωρίς αποκλεισμούς. Παροχή κατάλληλων προσβάσιμων ψηφιακών πληροφοριών, έντυπων πληροφοριών και πληροφοριών σήμανσης και εφαρμογή της κατάλληλης γλώσσας για την υποστήριξη της εκπροσώπησης και της ένταξης των ατόμων με αναπηρία. Διασφάλιση της προσβασιμότητας ιστοτόπων και διαδικτυακών εγκαταστάσεων, π.χ. εξασφαλίζοντας τη συμβατότητα με αναγνώστες οθόνης.
	",http://data.europa.eu/esco/skill/efb60300-0d55-4b2c-8038-8409587a4727,"προώθηση προϊόντων, υπηρεσιών ή προγραμμάτων"
KnowledgeSkillCompetence,http://data.europa.eu/esco/skill/5be3d306-6cf1-4b49-aa1d-01651dd4ba4c,αντικειμενοστραφής μοντελοποίηση,released,knowledge,sector-specific,αντικειμενοστραφές παράδειγμα | παράδειγμα βασισμένο σε αντικείμενα | μοντελοποίηση προσανατολισμένη στα αντικείμενα | μοντελοποίηση με επίκεντρο τα αντικείμενα | αντικειμενοστραφές υπόδειγμα,"Το αντικειμενοστραφές υπόδειγμα, το οποίο βασίζεται στις κατηγορίες, τα αντικείμενα, τις μεθόδους και τις διεπαφές και την εφαρμογή τους, στον σχεδιασμό και την ανάλυση λογισμικού, στην οργάνωση και τις τεχνικές προγραμματισμού.",http://data.europa.eu/esco/isced-f/0613,ανάπτυξη και ανάλυση λογισμικού και εφαρμογών
KnowledgeSkillCompetence,http://data.europa.eu/esco/skill/5c48050b-c4ca-467e-a4d3-9547bf362a17,συγχρονισμός με κινήσεις στόματος,released,skill/competence,sector-specific,,Συγχρονισμός ηχογράφησης με τις κινήσεις του στόματος του αρχικού ηθοποιού.,http://data.europa.eu/esco/skill/80e961f6-1482-4a28-9810-941b8aea1e86 | http://data.europa.eu/esco/skill/8ddcb295-707e-459c-ba6a-66ffb37835c5,συγχρονισμός του ήχου με τις εικόνες | χειρισμός οπτικοακουστικού εξοπλισμού
KnowledgeSkillCompetence,http://data.europa.eu/esco/skill/5c66ce3a-658d-43b1-9d8d-0f39be6c0f2e,WebCMS,released,knowledge,sector-specific,,"Τα διαδικτυακά συστήματα λογισμικού που χρησιμοποιούνται για τη δημιουργία, την επεξεργασία, τη δημοσίευση και την αρχειοθέτηση των ιστολογίων, των άρθρων, των ιστοσελίδων ή των δελτίων τύπου που διαχειρίζονται κυρίως χρήστες με περιορισμένες γνώσεις προγραμματισμού ιστού.",http://data.europa.eu/esco/isced-f/0613,ανάπτυξη και ανάλυση λογισμικού και εφαρμογών
KnowledgeSkillCompetence,http://data.europa.eu/esco/skill/5c845ff8-b3f7-42b1-a846-a4238a8b404e,χρήση πόρων ΤΠΕ για τη διεκπεραίωση καθηκόντων εργασίας,released,skill/competence,sector-specific,,"Επιλογή και χρήση πόρων ΤΠΕ για τη διεκπεραίωση των σχετικών καθηκόντων.
	",http://data.europa.eu/esco/skill/98fb499f-9155-412d-a8a0-95ba97126fec,χρήση ψηφιακών εργαλείων για συνεργασία και παραγωγικότητα
KnowledgeSkillCompetence,http://data.europa.eu/esco/skill/5c8aa481-9e7c-4f32-8197-a8b0fd7ca186,επίδειξη λειτουργικότητας προϊόντων λογισμικού,released,skill/competence,sector-specific,,Επίδειξη των χαρακτηριστικών και των λειτουργιών των προϊόντων λογισμικού στους πελάτες.,http://data.europa.eu/esco/skill/6c4fa8c8-e9e1-49b5-897f-6b61fe649488,κατάρτιση σχετικά με επιχειρησιακές διαδικασίες
KnowledgeSkillCompetence,http://data.europa.eu/esco/skill/5ca9f3d6-d7dd-4bb1-a4ca-75c6b14b7b6f,προσαρμογή στη νέα τεχνολογία που χρησιμοποιείται στα αυτοκίνητα,released,skill/competence,sector-specific,,Προσαρμογή στη νέα τεχνολογία που ενσωματώνεται στα αυτοκίνητα. Κατανόηση της λειτουργίας συστημάτων και επίλυση προβλημάτων.,http://data.europa.eu/esco/skill/49de9958-2aa4-4eef-a89d-fe5d5bcd28c4 | http://data.europa.eu/esco/skill/a6c3bda0-c759-495e-b2c5-062b3abe2097,προσαρμογή σε αλλαγές | εφαρμογή νέων διαδικασιών ή διεργασιών
KnowledgeSkillCompetence,http://data.europa.eu/esco/skill/5cbfa47c-5363-46f2-91e7-01909e4f3b15,διαχείριση διαδικτυακών εθελοντών,released,skill/competence,sector-specific,,"Διαχείριση ομάδας εθελοντών που εργάζονται διαδικτυακά, πρόσληψή τους μέσω διαδικτυακών εργαλείων και διευκόλυνση των διαδικτυακών συναντήσεων για τον καθορισμό στόχων και την αξιολόγηση των δραστηριοτήτων τους.
	",http://data.europa.eu/esco/skill/aab9f44d-fe0e-46d8-a470-11ce82a64846,εποπτεία ομάδας
KnowledgeSkillCompetence,http://data.europa.eu/esco/skill/5ce5236e-93e2-4899-8971-fff526f85a01,εφαρμογές της αλυσίδας συστοιχιών,released,knowledge,cross-sector,εφαρμογές του blockchain | λειτουργίες blockchain | χρήσεις blockhain | τεχνολογικές εφαρμογές blockchain,"Η γνώση των εφαρμογών στις οποίες η αλυσίδα συστοιχιών μπορεί να προσδώσει σημαντική προστιθέμενη αξία. Στο πλαίσιο αυτό περιλαμβάνονται εφαρμογές στον τραπεζικό και τον χρηματοπιστωτικό τομέα (διεθνείς πληρωμές, κεφαλαιαγορές, χρηματοδότηση του εμπορίου, κανονιστική χρηματοδότηση και έλεγχος, προστασία από τη νομιμοποίηση εσόδων από παράνομες δραστηριότητες, ασφάλιση, συναλλαγές μεταξύ ομοτίμων), στον επιχειρηματικό τομέα (διαχείριση αλυσίδας εφοδιασμού, υγειονομική περίθαλψη, ακίνητα, μέσα ενημέρωσης, ενέργεια) και στον κρατικό τομέα (διαχείριση ταυτοτήτων, ψηφοφορία, φόροι, μη κερδοσκοπικοί οργανισμοί, συμμόρφωση/κανονιστική εποπτεία).
	",http://data.europa.eu/esco/isced-f/0611,χρήση υπολογιστών
KnowledgeSkillCompetence,http://data.europa.eu/esco/skill/5ce80f97-b385-4a41-9339-a6593d0709c1,διενέργεια επεξεργασίας βιντεοσκοπημένου υλικού,released,skill/competence,sector-specific,,"Αναδιάταξη και επεξεργασία βίντεο κατά τη διάρκεια της διαδικασίας μεταπαραγωγής. Επεξεργασία βίντεο με τη χρήση ποικίλων λογισμικών, εργαλείων και τεχνικών όπως διόρθωση χρώματος και εφέ, εφέ ταχύτητας και ακουστική αναβάθμιση.",http://data.europa.eu/esco/skill/c53a55a1-8b2b-4d2c-b12d-626742a3833a,χρήση ψηφιακών εργαλείων για την επεξεργασία ήχου και εικόνας
KnowledgeSkillCompetence,http://data.europa.eu/esco/skill/5cf70b66-f1b4-4c50-94fb-15ec74fad028,επικοινωνία μέσω του παγκόσμιου συστήματος ναυτιλιακού κινδύνου και ασφάλειας,released,skill/competence,cross-sector,,"Αποστολή προειδοποίησης σε περίπτωση κινδύνου, με χρήση οποιουδήποτε από τα διάφορα συστήματα GMDSS, έτσι ώστε η προειδοποίηση να είναι πολύ πιθανόν να ληφθεί από τις αρχές διάσωσης στην ξηρά και / ή από άλλα σκάφη στην περιοχή.",http://data.europa.eu/esco/skill/ef7562b2-f176-4d7c-a0b2-27ae8cce0b7d | http://data.europa.eu/esco/skill/69ab1f34-a861-49ab-96bb-1f235002d3f1 | http://data.europa.eu/esco/skill/0a88a13f-693a-4dde-b44c-22e6f98fabc6,αντίδραση σε φυσικές μεταβολές ή κινδύνους | χειρισμός συστημάτων θαλάσσιας επικοινωνίας | χειρισμός εξοπλισμού επικοινωνίας
KnowledgeSkillCompetence,http://data.europa.eu/esco/skill/5d3798b0-d3a3-45ef-9df2-8b8756d4d79c,χρήση θερμικής ανάλυσης,released,skill/competence,sector-specific,,"Χρήση εργαλείων λογισμικού όπως Icepak, Fluens και FloTHERM, ως μέσα για την ανάπτυξη και βελτιστοποίηση σχεδίων θερμικού ελέγχου για την αντιμετώπιση ενός ευρέος φάσματος δύσκολων προβλημάτων όσον αφορά τα θερμικά προϊόντα και τις ιδιότητες των θερμικών υλικών.",http://data.europa.eu/esco/skill/b1115b14-fa16-4c1e-be6c-91fd49a1808b,χρήση εργαλείων σχεδιασμού και σχεδίασης με τη βοήθεια ηλεκτρονικού υπολογιστή
KnowledgeSkillCompetence,http://data.europa.eu/esco/skill/5d74614d-32c8-4ca4-9818-6980e52424b1,σχεδιασμός δοκιμών λογισμικού,released,skill/competence,sector-specific,σχεδιάζω δοκιμή λογισμικού· σχεδιάζω έλεγχο λογισμικού | προγραμματίζω δοκιμές λογισμικού· προγραμματίζω ελέγχους λογισμικού· επιβλέπω δοκιμή λογισμικού,"Δημιουργία και επίβλεψη σχεδίων δοκιμών. Λήψη απόφασης σχετικά με την κατανομή των πόρων, των εργαλείων και των τεχνικών. Καθορισμός κριτηρίων δοκιμής για την εξισορρόπηση των κινδύνων σε περίπτωση εμμενουσών ανεπαρκειών, προσαρμογή των προϋπολογισμών και προγραμματισμός πρόσθετων δαπανών.",http://data.europa.eu/esco/skill/e6eeb84c-ad99-42e2-b883-e6ce338aef59,επιχειρησιακός σχεδιασμός και σχεδιασμός παραγωγικής διαδικασίας
KnowledgeSkillCompetence,http://data.europa.eu/esco/skill/5d852752-4bae-4c6e-ab2a-7eb6bf82a99d,τήρηση μηχανογραφημένων αρχείων σιδηροδρομικών μεταφορών,released,skill/competence,sector-specific,,"Τήρηση ψηφιακών αρχείων των σιδηροδρομικών δραστηριοτήτων, όπως ο συντονισμός και η διεύθυνση των σιδηροδρομικών μεταφορών, η έκδοση αδειών και εγκρίσεων και η γενική παρακολούθηση της κυκλοφορίας.",http://data.europa.eu/esco/skill/6a7fc30d-af16-4cc5-a957-29d174bdb61c,"διαχείριση, συλλογή και αποθήκευση ψηφιακών δεδομένων"
KnowledgeSkillCompetence,http://data.europa.eu/esco/skill/5da42cfd-1da8-4e4f-b68e-4f821d005fc5,εικονική πραγματικότητα,released,knowledge,cross-sector,,"Η διαδικασία προσομοίωσης πραγματικών εμπειριών σε ένα πλήρως εμβυθιστικό ψηφιακό περιβάλλον. Ο χρήστης αλληλεπιδρά με το σύστημα εικονικής πραγματικότητας μέσω συσκευών όπως ειδικά σχεδιασμένα ακουστικά.
	",http://data.europa.eu/esco/isced-f/0619,τεχνολογίες πληροφορικής και επικοινωνιών που δεν ταξινομούνται αλλού
KnowledgeSkillCompetence,http://data.europa.eu/esco/skill/5da73370-f6b9-417d-a94c-09bf01f84aa2,χρήση λογισμικού ελέγχου πρόσβασης,released,skill/competence,sector-specific,χρησιμοποιώ λογισμικό ελέγχου προσβασιμότητας | θέτω σε εφαρμογή προγράμματα ελέγχου πρόσβασης | εκτελώ προγράμματα ελέγχου προσβασιμότητας | εφαρμόζω προγράμματα ελέγχου πρόσβασης | χρησιμοποιώ λογισμικό ελέγχου προσπέλασης,"Χρήση λογισμικού για τον καθορισμό των ρόλων και τη διαχείριση της επαλήθευσης της ταυτότητας του χρήστη, των προνομίων και των δικαιωμάτων πρόσβασης σε συστήματα, δεδομένα και υπηρεσίες ΤΠΕ.",http://data.europa.eu/esco/skill/185c56ee-098f-46a1-af87-56337085da6f,προστασία συσκευών τπε
KnowledgeSkillCompetence,http://data.europa.eu/esco/skill/5da8018b-ae85-4cde-ad93-0394369018f3,SPARQL,released,knowledge,sector-specific,,Η γλώσσα ηλεκτρονικού υπολογιστή SPARQL είναι μια γλώσσα που επιτρέπει την ανάκτηση πληροφοριών από βάση δεδομένων και εγγράφων που περιέχουν τις απαιτούμενες πληροφορίες. Αναπτύσσεται από τον διεθνή οργανισμό προτύπων World Wide Web Consortium.,http://data.europa.eu/esco/skill/9cf681c7-89ec-470c-b651-7fe03786f586 | http://data.europa.eu/esco/isced-f/0613 | http://data.europa.eu/esco/skill/99207709-d076-4cce-ba38-e90d3bb28806,γλώσσα ερωτήσεων | ανάπτυξη και ανάλυση λογισμικού και εφαρμογών | γλώσσα ερωτήσεων πλαισίου περιγραφής πόρων
KnowledgeSkillCompetence,http://data.europa.eu/esco/skill/5e0d6552-7efb-4207-b805-68fed752d778,εφαρμογή διαβαθμίσεων χρωμάτων,released,skill/competence,occupation-specific,,Βελτίωση του χρώματος των καταγεγραμμένων κινηματογραφικών ταινιών ή βίντεο προσαρμόζοντας τη σύνθεση των χρωμάτων είτε χειρωνακτικά σε ένα φωτογραφικό εργαστήριο είτε ψηφιακά χρησιμοποιώντας λογισμικό επεξεργασίας εικόνας.,http://data.europa.eu/esco/skill/ab99d9a7-62eb-407b-92f2-bf7992a82004,δημιουργία καλλιτεχνικών σχεδίων ή παραστάσεων
KnowledgeSkillCompetence,http://data.europa.eu/esco/skill/5e14de3d-d055-427e-9f5b-eb068f56b019,διερεύνηση χρηστών ιστοτόπων,released,skill/competence,cross-sector,,Καταγραφή και ανάλυση της κίνησης ιστοτόπων μέσω της διανομής ερευνών ή της χρήσης ηλεκτρονικού εμπορίου και αναλύσεων. Προσδιορισμός των αναγκών και των προτιμήσεων των στοχευμένων επισκεπτών για την εφαρμογή στρατηγικών εμπορικής προώθησης για την αύξηση της κίνησης των δικτυακών τόπων.,http://data.europa.eu/esco/skill/7eafec38-621a-4b6e-9298-bfe70ec0b253,διεξαγωγή ακαδημαϊκής έρευνας ή έρευνας αγοράς
KnowledgeSkillCompetence,http://data.europa.eu/esco/skill/5edaf4c4-6747-4eb8-b898-72dd2351dca8,έλεγχος ροής παραγωγής εξ αποστάσεως,released,skill/competence,cross-sector,,"Έλεγχος εξ αποστάσεως της παραγωγής από τις εργασίες εκκίνησης έως τη θέση εκτός λειτουργίας του εξοπλισμού και των συστημάτων, με τη χρήση του πίνακα ελέγχου.",http://data.europa.eu/esco/skill/feceacee-d425-4e73-821a-02dfb85084db | http://data.europa.eu/esco/skill/494b8057-daf5-46a0-b33b-416e0115c30a,έλεγχος της παραγωγής | χρήση ψηφιακών εργαλείων για τον έλεγχο μηχανημάτων
KnowledgeSkillCompetence,http://data.europa.eu/esco/skill/5ef0c719-5bcb-49f8-b8eb-824388225333,χρήση scripting γλώσσα προγραμματισμού,released,skill/competence,sector-specific,χειρισμός εξειδικευμένων εργαλείων ΤΠΕ για τη δημιουργία κώδικα υπολογιστή | εκτέλεση προγραμματισμού σεναρίων | χρήση γλώσσας προγραμματισμού | χρήση γλώσσας σεναρίων για τον προγραμματισμό | χρήση γλώσσας προγραμματισμού σεναρίων | εφαρμογή γλώσσα προγραμματισμού,"Χρήση εξειδικευμένων εργαλείων ΤΠΕ για τη δημιουργία κωδικού υπολογιστή που ερμηνεύεται από τα αντίστοιχα περιβάλλοντα χρόνου εκτέλεσης, προκειμένου να επεκταθούν οι εφαρμογές και να αυτοματοποιηθούν οι κοινές λειτουργίες στον υπολογιστή. Χρήση γλωσσών προγραμματισμού που υποστηρίζουν τη μέθοδο αυτή, όπως σενάρια Unix Shell, JavaScript, Python και Ruby.",http://data.europa.eu/esco/skill/a8c3186b-c791-4d57-8f4f-4d12c7a5c6a7,προγραμματισμός συστημάτων ηλεκτρονικών υπολογιστών
KnowledgeSkillCompetence,http://data.europa.eu/esco/skill/5f5e9350-1d13-4391-b9e1-07f6b2047fc5,ηλεκτρονική μάθηση,released,knowledge,sector-specific,μάθηση μέσω διαδικτύου | μέθοδοι διαδικτυακής μάθησης | ηλεκτρονικές μέθοδοι μάθησης | ηλεκτρονική κατάρτιση | στρατηγικές διαδικτυακής μάθησης,Οι στρατηγικές και οι μέθοδοι διδασκαλίας στις οποίες τα κύρια στοιχεία περιλαμβάνουν τη χρήση των τεχνολογιών των πληροφοριών και των επικοινωνιών (ΤΠΕ).,http://data.europa.eu/esco/skill/7fc4c18a-68f3-425a-aadf-f83633be47a1 | http://data.europa.eu/esco/isced-f/0111,τεχνολογίες μάθησης | παιδαγωγικές σπουδές
KnowledgeSkillCompetence,http://data.europa.eu/esco/skill/5f782745-6382-4873-b415-8fb91c705b03,δημιουργία ψηφιακών εικόνων,released,skill/competence,cross-sector,,"Δημιουργία και επεξεργασία δισδιάστατων και τρισδιάστατων ψηφιακών εικόνων που απεικονίζουν κινούμενα αντικείμενα ή απεικονίζουν μια διαδικασία, με τη χρήση κινούμενων σχεδίων ή προγραμμάτων μοντελοποίησης.",http://data.europa.eu/esco/skill/a556a3db-cd48-42a5-825c-f95f6f5ccbfe,δημιουργία διατάξεων οπτικής απεικόνισης και διακοσμήσεων
KnowledgeSkillCompetence,http://data.europa.eu/esco/skill/5fd5c985-eaaa-47aa-8314-62359c54505a,ανάπτυξη ψηφιακού περιεχομένου,released,skill/competence,cross-sector,,"Δημιουργία και επεξεργασία ψηφιακού περιεχομένου σε διάφορους μορφοτύπους, έκφραση μέσω ψηφιακών μέσων.",http://data.europa.eu/esco/skill/f5369f2f-e52b-43d8-8d31-79a6c11188d8 | http://data.europa.eu/esco/skill/98fb499f-9155-412d-a8a0-95ba97126fec,δημιουργία ψηφιακού περιεχομένου | χρήση ψηφιακών εργαλείων για συνεργασία και παραγωγικότητα
KnowledgeSkillCompetence,http://data.europa.eu/esco/skill/5fd6c193-93c6-4f2d-bf9b-e0debb851f2d,λογισμικό διαχείρισης συλλογής,released,knowledge,sector-specific,,Εξοικείωση με τα ειδικά λογισμικά διαχείρισης συλλογών που χρησιμοποιούνται για την τεκμηρίωση και την καταγραφή της συλλογής μουσείου.,http://data.europa.eu/esco/skill/6c8ed0d1-4fc9-41a6-9587-6dbc82cabfc3 | http://data.europa.eu/esco/isced-f/0322,"διαχείριση συλλογής | υπηρεσίες βιβλιοθηκών,  πληροφοριών και αρχειακών μελετών"
KnowledgeSkillCompetence,http://data.europa.eu/esco/skill/5fed696b-77d6-46e1-aa57-e520928a9837,χρήση τυφλού συστήματος πληκτρολόγησης,released,skill/competence,cross-sector,,"Γνώση, χρήση και συγγραφή εγγράφων, κειμένων και περιεχομένου εν γένει χωρίς οπτική επαφή με το πληκτρολόγιο. Χρήση τεχνικών για την επεξεργασία εγγράφων με τον τρόπο αυτό.",http://data.europa.eu/esco/skill/906211b3-afed-4a2b-b5e1-33f2885fee85,εκτέλεση γενικών γραμματειακών και διοικητικών καθηκόντων
KnowledgeSkillCompetence,http://data.europa.eu/esco/skill/6014921e-1d25-4039-adc2-04852d61880e,εργαλεία διόρθωσης σφαλμάτων των ΤΠΕ,released,knowledge,sector-specific,μέσα αντιμετώπισης σφαλμάτων των ΤΠΕ | διορθωτικά μέσα σφαλμάτων των ΤΠΕ | εργαλεία διόρθωσης λαθών των ΤΠΕ | μέσα αντιμετώπισης βλαβών των ΤΠΕ | εργαλεία αντιμετώπισης σφαλμάτων των ΤΠΕ,"Τα εργαλεία των ΤΠΕ που χρησιμοποιούνται για τη δοκιμή και τη διόρθωση σφαλμάτων των προγραμμάτων και του κώδικα λογισμικού, όπως GNU Debugger (GDB), Intel Debugger (IDB), Microsoft Visual Studio Debugger, Valgrind και WinDbg.",http://data.europa.eu/esco/isced-f/0613,ανάπτυξη και ανάλυση λογισμικού και εφαρμογών
KnowledgeSkillCompetence,http://data.europa.eu/esco/skill/604f62cc-0f04-4903-b9f9-7128f72d4e5a,Brightspace (συστήματα διαχείρισης μάθησης),released,knowledge,sector-specific,,"Το πρόγραμμα ηλεκτρονικού υπολογιστή Brightspace είναι μια πλατφόρμα ηλεκτρονικής μάθησης για τη δημιουργία, τη διαχείριση, την οργάνωση, την αναφορά και την παροχή ηλεκτρονικών εκπαιδευτικών μαθημάτων ή προγραμμάτων κατάρτισης. Αναπτύσσεται από την εταιρεία λογισμικού D2L Corporation.",http://data.europa.eu/esco/skill/6c80d53c-d8c9-41fe-998f-091fca208834 | http://data.europa.eu/esco/isced-f/0612,συστήματα διαχείρισης μάθησης | σχεδιασμός και διαχείριση βάσεων δεδομένων και δικτύων
KnowledgeSkillCompetence,http://data.europa.eu/esco/skill/605399ce-4736-4b41-b41e-92ecf2139454,Solidity,released,knowledge,sector-specific,,"Οι τεχνικές και οι αρχές ανάπτυξης λογισμικού, όπως είναι η ανάλυση, οι αλγόριθμοι, η συγγραφή κώδικα, οι δοκιμές και η κατάρτιση μοντέλων προγραμματισμού σε Solidity.
	",http://data.europa.eu/esco/isced-f/0613,ανάπτυξη και ανάλυση λογισμικού και εφαρμογών
KnowledgeSkillCompetence,http://data.europa.eu/esco/skill/60d48be0-4260-4b2e-85b9-aedff7a9b7d9,στρατηγικές σχεδιασμού δυνατοτήτων ΤΠΕ,released,knowledge,sector-specific,στρατηγικές προγραμματισμού δυναμικότητας ΤΠΕ· στρατηγικές προγραμματισμού χωρητικότητας ΤΠΕ | τεχνικές σχεδιασμού ικανοτήτων ΤΠΕ· μέθοδοι σχεδιασμού ικανοτήτων ΤΠΕ· τακτικές πρόβλεψης ικανότητας ΤΠΕ,"Οι μέθοδοι, οι τεχνικές και τα εργαλεία ΤΠΕ που χρησιμοποιούνται για τον προγραμματισμό του μέγιστου αριθμού εργασιών που είναι σε θέση να ολοκληρώσει ένας οργανισμός σε μια δεδομένη χρονική περίοδο, με βάση τον αριθμό των μηχανημάτων, των εργαζομένων και των βαρδιών και λαμβάνοντας υπόψη τους περιορισμούς, όπως τα προβλήματα ποιότητας, τις καθυστερήσεις και τον χειρισμό των υλικών.",http://data.europa.eu/esco/isced-f/0413,διαχείριση και διοίκηση
KnowledgeSkillCompetence,http://data.europa.eu/esco/skill/60f2ec1a-9237-4d0e-8c4a-1a3e67a0d83d,προσδιορισμός ουράνιων σωμάτων,released,skill/competence,sector-specific,,"Ανάλυση δεδομένων και εικόνων για τον υπολογισμό του μεγέθους, του σχήματος, της φωτεινότητας και της κίνησης ουρανίων σωμάτων.",http://data.europa.eu/esco/skill/d2e8f452-ac19-4eed-b984-8f55d2a5b763,δοκιμή και ανάλυση ουσιών
KnowledgeSkillCompetence,http://data.europa.eu/esco/skill/611ed16b-99bf-4840-9cab-f55d1d286e0a,αποθήκευση ψηφιακών δεδομένων και συστημάτων,released,skill/competence,cross-sector,,"Χρήση εργαλείων λογισμικού για την αρχειοθέτηση δεδομένων με αντιγραφή τους και αποθήκευση εφεδρικών αντιγράφων, με σκοπό τη διασφάλιση της ακεραιότητάς τους και την πρόληψη της απώλειας δεδομένων.",http://data.europa.eu/esco/skill/6a7fc30d-af16-4cc5-a957-29d174bdb61c,"διαχείριση, συλλογή και αποθήκευση ψηφιακών δεδομένων"
KnowledgeSkillCompetence,http://data.europa.eu/esco/skill/6141595f-a016-4ef9-9487-3829f6804715,σχεδιασμός συστήματος ενσωμάτωσης μέσων,released,skill/competence,occupation-specific,να αναπτύξει ένα σύστημα ενσωμάτωσης πολυμέσων,"Σχεδιασμός ενός σύνθετου συστήματος ενσωμάτωσης μέσων, με βάση μια δεδομένη ιδέα και προκαθορισμένες απαιτήσεις. Η εγκατάσταση μπορεί να είναι μόνιμη ή και προσωρινή.
	",http://data.europa.eu/esco/skill/883eab8c-d8a6-4e8b-9b11-7d9001e172ab,σχεδιασμός συστημάτων και προϊόντων
KnowledgeSkillCompetence,http://data.europa.eu/esco/skill/6195c5f7-a4fb-425d-a3dd-c4467c4471a3,ανάπτυξη πόρων υπολογιστικού νέφους,released,skill/competence,sector-specific,ανάπτυξη cloud | ανάπτυξη και προμήθεια | παροχή πόρων cloud,"Προσδιορισμός και εκτέλεση των ενεργειών που απαιτούνται για την παροχή πόρων υπολογιστικού νέφους, όπως δίκτυα, διακομιστές, αποθήκευση, εφαρμογές, μονάδες επεξεργασίας γραφικών (GPU) και υπηρεσίες. Καθορισμός της παγκόσμιας υποδομής υπολογιστικού νέφους και αποκατάσταση ζητημάτων εγκατάστασης.
	",http://data.europa.eu/esco/skill/f839b1da-78b6-4466-86f4-a5798821ea20,εγκατάσταση συστημάτων πληροφορικής
KnowledgeSkillCompetence,http://data.europa.eu/esco/skill/61c567d0-e01c-4f5c-9420-5926298f5099,επιλογή πηγής εγγραφής,released,skill/competence,occupation-specific,,"Επιλογή της πηγής από την οποία θα καταγράφονται τα προγράμματα, όπως μέσω δορυφόρου ή στούντιο.",http://data.europa.eu/esco/skill/8ddcb295-707e-459c-ba6a-66ffb37835c5,χειρισμός οπτικοακουστικού εξοπλισμού
KnowledgeSkillCompetence,http://data.europa.eu/esco/skill/61c81161-b732-4c47-aba5-9e554d9a853f,είδη ολοκληρωμένων κυκλωμάτων,released,knowledge,sector-specific,,"Είδη ολοκληρωμένων κυκλωμάτων, όπως αναλογικά ολοκληρωμένα κυκλώματα, ψηφιακά ολοκληρωμένα κυκλώματα και ολοκληρωμένα κυκλώματα μεικτού σήματος.",http://data.europa.eu/esco/isced-f/0714,ηλεκτρονική και αυτοματισμός
KnowledgeSkillCompetence,http://data.europa.eu/esco/skill/61d6ef20-6cc7-40f8-919e-3360db6cf2b3,υλικά υλισμικού,released,knowledge,sector-specific,υλικά εξοπλισμού Η/Υ· υλικά υπολογιστή | εξαρτήματα υλισμικού· υλικά στοιχεία υπολογιστή· υλική υποδομή υπολογιστή,"Τα χαρακτηριστικά, οι εφαρμογές και οι περιβαλλοντικές επιπτώσεις των υλικών που χρησιμοποιούνται για την ανάπτυξη του υλισμικού.",http://data.europa.eu/esco/isced-f/0613,ανάπτυξη και ανάλυση λογισμικού και εφαρμογών
KnowledgeSkillCompetence,http://data.europa.eu/esco/skill/625b57ee-29d4-425b-bf99-9fd54dd021fe,Kali Linux,released,knowledge,sector-specific,,"Το εργαλείο Kali Linux είναι ένα εργαλείο δοκιμών διείσδυσης το οποίο δοκιμάζει τις αδυναμίες στον τομέα της ασφάλειας των συστημάτων για πιθανή μη εξουσιοδοτημένη πρόσβαση σε πληροφορίες του συστήματος μέσω της συλλογής πληροφοριών, της ανάλυσης τρωτότητας και των ασύρματων επιθέσεων και επιθέσεων με κωδικό πρόσβασης.",http://data.europa.eu/esco/isced-f/0613 | http://data.europa.eu/esco/skill/de586dcf-d7e5-4340-bf5b-d59026f1b436,ανάπτυξη και ανάλυση λογισμικού και εφαρμογών | εργαλείο δοκιμής διείσδυσης
KnowledgeSkillCompetence,http://data.europa.eu/esco/skill/628664ec-a63b-4486-8d65-02aba81c82a0,μεθοδολογίες πωλήσεων ΤΠΕ,released,knowledge,sector-specific,μεθοδολογίες προώθησης και πώλησης ΤΠΕ | πρακτικές πωλήσεων ΤΠΕ | προωθητικές μεθοδολογίες για την πώληση ΤΠΕ | μέθοδοι πωλήσεων προϊόντων  υπηρεσιών και εφαρμογών ΤΠΕ | μέθοδοι προώθησης πωλήσεων ΤΠΕ,"Οι πρακτικές που χρησιμοποιούνται στον τομέα των ΤΠΕ για την προώθηση και την πώληση προϊόντων, υπηρεσιών ή εφαρμογών όπως πώληση SPIN, πώληση ιδέας και πώληση SNAP.",http://data.europa.eu/esco/isced-f/0414 | http://data.europa.eu/esco/skill/e7219848-a27a-4bf4-8775-d367707be7c9,εμπορική προώθηση και διαφήμιση | στρατηγικές πωλήσεων
KnowledgeSkillCompetence,http://data.europa.eu/esco/skill/6290031b-4183-4849-ab02-11a3ea0494da,δοκιμή ασύρματων συσκευών,released,skill/competence,occupation-specific,δοκιμές ασύρματων συσκευών,"Ανάλυση και δοκιμή ασύρματων συσκευών και ψηφιακών πλατφορμών οι οποίες χρησιμοποιούν ολοκληρωμένα κυκλώματα διαχείρισης ισχύος (PMIC), ολοκληρωμένα κυκλώματα ραδιοσυχνοτήτων (RFIC) ή ασύρματα σετ πλινθίων.",http://data.europa.eu/esco/skill/6d0cad66-82dd-4854-a03a-68232942c68d,εγκατάσταση ξύλινων και μεταλλικών στοιχείων
KnowledgeSkillCompetence,http://data.europa.eu/esco/skill/62f2caf5-9f94-43a6-ac1c-5962de81643f,προώθηση ταξιδιωτικών εμπειριών εικονικής πραγματικότητας,released,skill/competence,sector-specific,,"Χρήση τεχνολογίας εικονικής πραγματικότητας ώστε οι πελάτες να βιώνουν εμπειρίες όπως εικονικές περιηγήσεις σε έναν προορισμό, αξιοθέατο ή ξενοδοχείο. Προώθηση αυτής της τεχνολογίας ώστε οι πελάτες να έχουν τη δυνατότητα να επιλέγουν εικονικά τα αξιοθέατα ή τα δωμάτια ξενοδοχείων πριν πάρουν απόφαση αγοράς.
	",http://data.europa.eu/esco/skill/b1115b14-fa16-4c1e-be6c-91fd49a1808b,χρήση εργαλείων σχεδιασμού και σχεδίασης με τη βοήθεια ηλεκτρονικού υπολογιστή
KnowledgeSkillCompetence,http://data.europa.eu/esco/skill/63206320-8fb8-481d-b969-5ebdd33ac32e,μη επανδρωμένα αεροσκάφη που επιτηρούν στέγες οικημάτων,released,knowledge,occupation-specific,drones που επιτηρούν στέγες οικημάτων,"Τύποι αεροσκαφών που λειτουργούν με τηλεχειρισμό (ROA) τα οποία χρησιμοποιούνται για την οπτική εκτίμηση ζημιών σε στέγες, αποτύπωση εικόνας ή βίντεο και συλλογή πληροφοριών γενικού μεγέθους για εργασίες κατασκευής στεγών και περαιτέρω κατασκευές.",http://data.europa.eu/esco/isced-f/0732,οικοδομές και έργα πολιτικού μηχανικού
KnowledgeSkillCompetence,http://data.europa.eu/esco/skill/632843be-2872-47b4-a92e-352629f9bd88,ανάλυση των ορίων αντοχής των προϊόντων,released,skill/competence,cross-sector,,"Ανάλυση της ικανότητας αντοχής των προϊόντων σε καταπονήσεις που προκαλούνται από τις αλλαγές της θερμοκρασίας, τα φορτία, την κίνηση, δονήσεις και άλλους παράγοντες, με τη χρήση μαθηματικών τύπων και προσομοιώσεων σε ηλεκτρονικό υπολογιστή.",http://data.europa.eu/esco/skill/0b3930a2-8a13-4932-8a09-4c72ec8af464,παρακολούθηση της ποιότητας των εμπορευμάτων
KnowledgeSkillCompetence,http://data.europa.eu/esco/skill/6345d3a4-7d1a-40a9-9a82-6ed06beffe7b,διαδικτυακές πλατφόρμες εύρεσης εργασίας,released,knowledge,occupation-specific,,Διαδικτυακές πλατφόρμες που προσφέρουν θέσεις εργασίας.,http://data.europa.eu/esco/isced-f/0413,διαχείριση και διοίκηση
KnowledgeSkillCompetence,http://data.europa.eu/esco/skill/6360a934-cc87-4954-9656-b32db20592e3,ποσοτική ανάλυση,released,knowledge,cross-sector,ποσοτική ανάλυση δεδομένων,"Η τεχνική της χρήσης στατιστικών και μαθηματικών μοντέλων και μετρήσεων για την απεικόνιση συγκεκριμένης πραγματικότητας μέσω των αριθμών.
	",http://data.europa.eu/esco/isced-f/0388,"διεπιστημονικά προγράμματα και προσόντα που περιλαμβάνουν κοινωνικές επιστήμες, δημοσιογραφία και ενημέρωση"
KnowledgeSkillCompetence,http://data.europa.eu/esco/skill/6391d9ad-165e-4c42-80af-1b478db422e6,βελτίωση των ταξιδιωτικών εμπειριών των πελατών με επαυξημένη πραγματικότητα,released,skill/competence,sector-specific,,"Χρήση τεχνολογίας επαυξημένης πραγματικότητας για την παροχή στους πελάτες βελτιωμένων εμπειριών όσον αφορά το ταξίδι τους, π.χ. ψηφιακή, διαδραστική και διεξοδικότερη εξερεύνηση τουριστικών προορισμών, τοπικών αξιοθέατων και δωματίων ξενοδοχείων.
	",http://data.europa.eu/esco/skill/b1115b14-fa16-4c1e-be6c-91fd49a1808b,χρήση εργαλείων σχεδιασμού και σχεδίασης με τη βοήθεια ηλεκτρονικού υπολογιστή
KnowledgeSkillCompetence,http://data.europa.eu/esco/skill/63f0aa84-5e4c-4eb6-8e8c-876d9feedf1f,μοντέλο εξωτερικής ανάθεσης,released,knowledge,sector-specific,,"Το μοντέλο εξωτερικής ανάθεσης αποτελείται από τις αρχές και τα θεμελιώδη στοιχεία της μοντελοποίησης προσανατολισμένης στις υπηρεσίες για συστήματα επιχειρήσεων και λογισμικού, τα οποία επιτρέπουν τον σχεδιασμό και τον προσδιορισμό επιχειρηματικών συστημάτων προσανατολισμένων στις υπηρεσίες στο πλαίσιο διαφόρων αρχιτεκτονικών μορφών, όπως η αρχιτεκτονική επιχειρήσεων.",http://data.europa.eu/esco/skill/83218cac-3599-417e-93d2-26013cdccd98 | http://data.europa.eu/esco/isced-f/0612,μοντελοποίηση προσανατολισμένη στις υπηρεσίες | σχεδιασμός και διαχείριση βάσεων δεδομένων και δικτύων
KnowledgeSkillCompetence,http://data.europa.eu/esco/skill/6417a4cc-6f61-4459-a114-761a7fa0279d,Puppet (εργαλεία για τη διαχείριση της παραμετροποίησης λογισμικού),released,knowledge,sector-specific,,"Το εργαλείο Puppet είναι ένα πρόγραμμα λογισμικού για την εκτέλεση της αναγνώρισης της παραμετροποίησης, του ελέγχου, της λογιστικής κατάστασης και του λογιστικού ελέγχου.",http://data.europa.eu/esco/skill/9d2e926f-53d9-41f5-98f3-19dfaa687f3f | http://data.europa.eu/esco/isced-f/0613,εργαλεία για τη διαχείριση της παραμετροποίησης λογισμικού | ανάπτυξη και ανάλυση λογισμικού και εφαρμογών
KnowledgeSkillCompetence,http://data.europa.eu/esco/skill/6430eb0d-c6de-46b7-a7fc-3dd2e8e62a69,χρήση συστήματος έκδοσης εισιτηρίων ΤΠΕ,released,skill/competence,cross-sector,χρησιμοποιώ ειδικό σύστημα εισιτηρίων ΤΠΕ | υλοποιώ εξειδικευμένο σύστημα δελτίων ΤΠΕ | χρησιμοποιήστε σύστημα διαχείρισης εισιτηρίων ICT | χρησιμοποιώ σύστημα έκδοσης δελτίων ΤΠΕ | χρησιμοποιήστε σύστημα καταγραφής εισιτηρίων ICT | εκτελώ ειδικό σύστημα έκδοσης εισιτηρίων ΤΠΕ | εφαρμόζω σύστημα έκδοσης εισιτηρίων ΤΠΕ | χρήση συστήματος ηλεκτρονικής έκδοσης εισιτηρίων,"Χρήση ειδικού συστήματος για την παρακολούθηση της καταγραφής, της επεξεργασίας και της επίλυσης προβλημάτων σε έναν οργανισμό, μέσω της ανάθεσης εισιτηρίου σε καθένα από αυτά τα προβλήματα, της καταχώρισης εισερχόμενων πληροφοριών από τα εμπλεκόμενα πρόσωπα, της παρακολούθησης των αλλαγών και της εμφάνισης της κατάστασης του εισιτηρίου έως την ολοκλήρωσή του.",http://data.europa.eu/esco/skill/31d35d3d-2bf2-49aa-9c20-92566ef80277 | http://data.europa.eu/esco/skill/6a7fc30d-af16-4cc5-a957-29d174bdb61c,"χρήση συστημάτων ΤΠΕ | διαχείριση, συλλογή και αποθήκευση ψηφιακών δεδομένων"
KnowledgeSkillCompetence,http://data.europa.eu/esco/skill/6468e5fb-f3be-4025-87be-4b6556755c61,προγραμματιζόμενος λογικός ελεγκτής,released,knowledge,cross-sector,PLC,"Ο προγραμματιζόμενος λογικός ελεγκτής ή ΠΛΕ είναι υπολογιστικά συστήματα ελέγχου που χρησιμοποιούνται για την παρακολούθηση και τον έλεγχο εισόδου και εξόδου, καθώς και για την αυτοματοποίηση ηλεκτρομηχανικών διαδικασιών.",http://data.europa.eu/esco/isced-f/0714,ηλεκτρονική και αυτοματισμός
KnowledgeSkillCompetence,http://data.europa.eu/esco/skill/6474fc36-67ae-436b-9d39-c14402c6a89b,χρήση εξοπλισμού ΤΠΕ,released,skill/competence,sector-specific,χρήση εξοπλισμού της τεχνολογίας πληροφοριών και επικοινωνιών,"Ικανότητα χρήσης εξοπλισμού όπως οθόνη, ποντίκι, πληκτρολόγιο, συσκευές αποθήκευσης, εκτυπωτές, σαρωτές κ.λπ. για την εκτέλεση λειτουργιών όπως η σύνδεση, η εκκίνηση, η διακοπή της λειτουργίας, η επανεκκίνηση, η αποθήκευση αρχείων και άλλες λειτουργίες.",http://data.europa.eu/esco/skill/39499028-35bf-4d69-9275-fb98902ed88b,εργασία με υπολογιστές
KnowledgeSkillCompetence,http://data.europa.eu/esco/skill/64852ade-6ae1-4760-ba4a-976bf07ca255,διαχείριση σχεδίων αποκατάστασης μετά από καταστροφή,released,skill/competence,cross-sector,εκτελώ σχέδια ανάκτησης σε περίπτωση καταστροφής | διαχειρίζομαι σχέδια αποκατάστασης σε περίπτωση καταστροφών | εφαρμόζω σχέδια ανάκαμψης από καταστροφές | διαχειρίζομαι σχέδια αποκατάστασης λειτουργίας | εκτελώ προγραμματισμό ανόρθωσης καταστροφών | καταρτίζω σχέδια αποκατάστασης μετά από καταστροφή,"Προετοιμασία, δοκιμή και εκτέλεση, όπου απαιτείται, σχεδίου δράσης για την ανάκτηση ή την αναπλήρωση απολεσθέντων πληροφοριών του συστήματος δεδομένων.",http://data.europa.eu/esco/skill/164510d1-1216-4dc0-b9d1-a7f6af19e469,εκπόνηση σχεδίων έκτακτης ανάγκης και αντιμετώπισης έκτακτων περιστατικών
KnowledgeSkillCompetence,http://data.europa.eu/esco/skill/64a3ce27-51c7-4b9d-8e6b-0b127558b3e2,δοκιμή διακοπτών ελέγχου προβολής,released,skill/competence,occupation-specific,,"Εισαγωγή, έλεγχος και δοκιμή των διαφόρων καταστάσεων σε έναν πίνακα ή σύστημα ελέγχου προβολής. Εισαγωγή διακοπτών κίνησης, επιπέδων φωτισμού, θέσεων, αυτόματης εναλλαγής κ.λπ.
	",http://data.europa.eu/esco/skill/8ddcb295-707e-459c-ba6a-66ffb37835c5,χειρισμός οπτικοακουστικού εξοπλισμού
KnowledgeSkillCompetence,http://data.europa.eu/esco/skill/64ab52f5-9200-45a3-a127-679b487c6415,χρήση προγραμμάτων υπολογιστή για τη βελτίωση των δεξιοτήτων των ασθενών,released,skill/competence,occupation-specific,,"Χρήση εξειδικευμένων προγραμμάτων ηλεκτρονικών υπολογιστών για την παροχή βοήθειας σε ασθενείς για τη βελτίωση των δεξιοτήτων που χρησιμοποιούν στην καθημερινή τους ζωή, με εργασία στα πεδία της λήψης αποφάσεων, της κατανόησης αφηρημένων εννοιών, της μνήμης, της αλληλουχίας, του συντονισμού, της επίλυσης προβλημάτων και των αντιληπτικών δεξιοτήτων.",http://data.europa.eu/esco/skill/98fb499f-9155-412d-a8a0-95ba97126fec,χρήση ψηφιακών εργαλείων για συνεργασία και παραγωγικότητα
KnowledgeSkillCompetence,http://data.europa.eu/esco/skill/64e09849-a7db-4d6b-a932-66264420eb97,προώθηση πωλήσεων σε μέσα κοινωνικής δικτύωσης,released,skill/competence,cross-sector,,"Αξιοποίηση της υψηλής επισκεψιμότητας των ιστοτόπων μέσων κοινωνικής δικτύωσης, όπως το Facebook και το Twitter, για την προσέλκυση της προσοχής και της συμμετοχής υφιστάμενων και δυνητικών πελατών μέσω φόρουμ συζητήσεων, ιστολογίων, μικροιστολογίων και κοινοτήτων κοινωνικών μέσων, για την απόκτηση άμεσης επισκόπησης ή στοιχείων σχετικά με θέματα και απόψεις στον κοινωνικό ιστό και τη διαχείριση των εισερχόμενων δυνητικών πελατών ή ερωτήσεων.",http://data.europa.eu/esco/skill/efb60300-0d55-4b2c-8038-8409587a4727,"προώθηση προϊόντων, υπηρεσιών ή προγραμμάτων"
KnowledgeSkillCompetence,http://data.europa.eu/esco/skill/65e58886-bd1e-4c5b-8ca5-8d9b353c8aa1,λογισμικό απεικόνισης δεδομένων,released,knowledge,cross-sector,λογισμικό παρουσίασης δεδομένων,"Εργαλείο ή εφαρμογή υπολογιστή που δημιουργεί γραφική και οπτική αναπαράσταση των δεδομένων, ώστε να είναι δυνατή η καλύτερη κατανόηση και ερμηνεία σύνθετων δεδομένων μέσω οπτικών στοιχείων, όπως οι χάρτες, τα διαγράμματα, τα ενημερωτικά γραφήματα ή τα γραφήματα.
	",http://data.europa.eu/esco/isced-f/0612,σχεδιασμός και διαχείριση βάσεων δεδομένων και δικτύων
KnowledgeSkillCompetence,http://data.europa.eu/esco/skill/668c3fd4-8443-4f27-bc1e-2d96205186b5,τομείς εφαρμογής της αλυσίδας συστοιχιών,released,knowledge,cross-sector,πεδία εφαρμογής blockchain | πεδία εφαρμογών blockchain | τομείς εφαρμογής blockchain | τεχνολογία blockchain,"Η μελέτη των τομέων στους οποίους εφαρμόζεται η αλυσίδα συστοιχιών. Ορισμένα παραδείγματα αυτών των τομέων εφαρμογής είναι ο τραπεζικός και ο χρηματοπιστωτικός τομέας, ο επιχειρηματικός τομέας (διαχείριση αλυσίδας εφοδιασμού, υγειονομική περίθαλψη, ακίνητα, μέσα ενημέρωσης, ενέργεια) και ο κρατικός τομέας.
	",http://data.europa.eu/esco/isced-f/0613,ανάπτυξη και ανάλυση λογισμικού και εφαρμογών
KnowledgeSkillCompetence,http://data.europa.eu/esco/skill/6709e92c-7546-46a4-aa57-5e951bd4cb0f,σύστημα αυτοματισμού κτιρίου,released,knowledge,cross-sector,,"Τύπος συστήματος αυτόματου ελέγχου στο πλαίσιο του οποίου μέσω του συστήματος διαχείρισης κτηρίου ή του συστήματος αυτοματισμού κτηρίου (BAS) ο έλεγχος του εξαερισμού, της υγρασίας, της θέρμανσης, του φωτισμού και των άλλων συστημάτων ενός κτιρίου αυτοματοποιείται σε κεντρικό σημείο και παρακολουθείται μέσω ηλεκτρονικών συστημάτων. Μπορεί να ρυθμιστεί ώστε να βελτιστοποιεί την κατανάλωση ενέργειας.
	",http://data.europa.eu/esco/isced-f/0714,ηλεκτρονική και αυτοματισμός
KnowledgeSkillCompetence,http://data.europa.eu/esco/skill/670f8eea-f25b-4c3f-97ef-a4729d4c63d6,έξυπνες συμβάσεις,released,knowledge,sector-specific,,"Πρόγραμμα λογισμικού στο οποίο κωδικοποιούνται απευθείας οι όροι μιας σύμβασης ή συναλλαγής. Οι έξυπνες συμβάσεις εκτελούνται αυτόματα μετά την εκπλήρωση των όρων και, ως εκ τούτου, δεν απαιτείται εποπτεία και καταχώριση της σύμβασης ή της συναλλαγής από τρίτο.
	",http://data.europa.eu/esco/isced-f/0613,ανάπτυξη και ανάλυση λογισμικού και εφαρμογών
KnowledgeSkillCompetence,http://data.europa.eu/esco/skill/67a118f4-8a5f-48f7-8e5f-de34b9ca2c37,υβριδικό μοντέλο,released,knowledge,sector-specific,,"Το υβριδικό μοντέλο αποτελείται από τις αρχές και τα θεμελιώδη στοιχεία της μοντελοποίησης προσανατολισμένης στις υπηρεσίες για συστήματα επιχειρήσεων και λογισμικού, τα οποία επιτρέπουν τον σχεδιασμό και τον προσδιορισμό επιχειρηματικών συστημάτων προσανατολισμένων στις υπηρεσίες στο πλαίσιο διαφόρων αρχιτεκτονικών μορφών, όπως η αρχιτεκτονική επιχειρήσεων.",http://data.europa.eu/esco/skill/83218cac-3599-417e-93d2-26013cdccd98 | http://data.europa.eu/esco/isced-f/0612,μοντελοποίηση προσανατολισμένη στις υπηρεσίες | σχεδιασμός και διαχείριση βάσεων δεδομένων και δικτύων
KnowledgeSkillCompetence,http://data.europa.eu/esco/skill/67d37d22-a013-4d79-9185-2f97820917d6,ανάλυση δειγμάτων αίματος,released,skill/competence,sector-specific,,"Ανάλυση δειγμάτων αίματος με χρήση τεχνικών με τη βοήθεια ηλεκτρονικού υπολογιστή και χειροκίνητων τεχνικών, με αναζήτηση ανωμαλιών των λευκών ή ερυθρών αιμοσφαιρίων και άλλων παραγόντων κινδύνου.",http://data.europa.eu/esco/skill/7dd94ad3-13d6-43fe-8b94-51fcbf67ced9 | http://data.europa.eu/esco/skill/d2e8f452-ac19-4eed-b984-8f55d2a5b763,κριτική σκέψη | δοκιμή και ανάλυση ουσιών
KnowledgeSkillCompetence,http://data.europa.eu/esco/skill/67dbfc2a-3dd4-41a1-90bd-97035e7add60,παρακολούθηση των μέσων κοινωνικής δικτύωσης,released,skill/competence,sector-specific,,"Διαρκής παρακολούθηση τάσεων και ατόμων σε μέσα κοινωνικής δικτύωσης όπως το Facebook, το Twitter και το Instagram.",http://data.europa.eu/esco/skill/9bf266a6-188b-4d17-a22f-2f266d76832b | http://data.europa.eu/esco/skill/e2a5e046-3357-493e-bbdc-8d0ef82005cc,επίδειξη βούλησης για μάθηση | παρακολούθηση των εξελίξεων στον τομέα της εμπειρογνωμοσύνης
KnowledgeSkillCompetence,http://data.europa.eu/esco/skill/68174d5f-1646-42e2-b765-6a66cd1e59ae,προσαρμογή τηλεοπτικών μεταδόσεων,released,skill/competence,occupation-specific,,"Προσαρμογή της πιστότητας, της φωτεινότητας και της αντίθεσης των τηλεοπτικών μεταδόσεων με τη χρήση πινάκων ελέγχου κονσόλας βίντεο.",http://data.europa.eu/esco/skill/8ddcb295-707e-459c-ba6a-66ffb37835c5,χειρισμός οπτικοακουστικού εξοπλισμού
KnowledgeSkillCompetence,http://data.europa.eu/esco/skill/683bc3e3-6ec1-4ad2-8d62-d0ac1fabbe76,χρήση μέσων ανάλυσης για εμπορικούς σκοπούς,released,skill/competence,cross-sector,,"Κατανόηση, εξαγωγή και χρήση προτύπων τα οποία εντοπίζονται σε δεδομένα. Χρήση μέσων εργαλείων ανάλυσης για την περιγραφή επαναλαμβανόμενων συμβάντων σε παρατηρούμενα δείγματα προκειμένου για την εφαρμογή τους σε εμπορικά σχέδια, στρατηγικές και εταιρικές επιδιώξεις.",http://data.europa.eu/esco/skill/4707da90-9cfc-46ca-8de0-38a0b7bfb137 | http://data.europa.eu/esco/skill/ec528c47-65f4-4187-9dc1-5a8889f84a06 | http://data.europa.eu/esco/skill/062320e5-79d1-45e8-8b7e-5deeb53279a2,αναλυτική σκέψη | ανάλυση επιχειρηματικών δραστηριοτήτων | διενέργεια ανάλυσης διαδικτυακών δεδομένων
KnowledgeSkillCompetence,http://data.europa.eu/esco/skill/688e1fc3-cb58-4d56-85a0-97b84f37fb4a,χειρισμός αυτοματοποιημένου συστήματος ελέγχου κινήσεων στη σκηνή,released,skill/competence,occupation-specific,,"Χειρισμός ενός αυτοματοποιημένου συστήματος ελέγχου των συστημάτων κίνησης και πτήσης στη σκηνή. Προετοιμασία και προγραμματισμός του συστήματος, συμπεριλαμβανομένων πολλαπλών συγχρονισμένων κινήσεων.",http://data.europa.eu/esco/skill/494b8057-daf5-46a0-b33b-416e0115c30a,χρήση ψηφιακών εργαλείων για τον έλεγχο μηχανημάτων
KnowledgeSkillCompetence,http://data.europa.eu/esco/skill/694f1a0a-b6bd-453f-af6d-a833503da307,διαχείριση μετεωρολογικής βάσης δεδομένων,released,skill/competence,cross-sector,,Ανάπτυξη και συντήρηση μετεωρολογικών βάσεων δεδομένων. Προσθήκη πληροφοριών μετά από κάθε νέα παρατήρηση.,http://data.europa.eu/esco/skill/29fb0fb5-dfc4-4098-ac9b-3a712000f48f | http://data.europa.eu/esco/skill/4463a721-69f3-413d-8321-43e3af13a4f1 | http://data.europa.eu/esco/skill/32c017fd-28ab-4051-bf68-74de952c2f77,διαχείριση της βάσης δεδομένων | χρήση βάσεων δεδομένων | διαχείριση πληροφοριών
KnowledgeSkillCompetence,http://data.europa.eu/esco/skill/696e3b5b-8b61-45af-ae4c-3ab700f197ec,εξαγωγή πληροφοριών,released,knowledge,sector-specific,εξαγωγή δεδομένων | άντληση πληροφοριών | άντληση στοιχείων | άντληση πληροφοριακών στοιχείων | εξαγωγή πληροφοριακών στοιχείων,Οι τεχνικές και οι μέθοδοι που χρησιμοποιούνται για την άντληση και εξαγωγή πληροφοριών από μη δομημένα ή ημιδομημένα ψηφιακά έγγραφα και πηγές.,http://data.europa.eu/esco/isced-f/0612,σχεδιασμός και διαχείριση βάσεων δεδομένων και δικτύων
KnowledgeSkillCompetence,http://data.europa.eu/esco/skill/697dcc9f-ae92-4506-b5f2-e770d7589f74,χρήση κανονικών εκφράσεων,released,skill/competence,occupation-specific,εκφράζομαι με συνηθισμένες φράσεις | χρησιμοποιώ συνηθισμένες εκφράσεις | διατυπώνω κανονικές εκφράσεις | χρησιμοποιώ τυπικές εκφράσεις | εφαρμόζω συνηθισμένο λεξιλόγιο,Συνδυασμός χαρακτήρων από ειδικό αλφάβητο με τη χρήση σαφώς καθορισμένων κανόνων για την παραγωγή στοιχειοσειρών που μπορούν να χρησιμοποιηθούν για την περιγραφή μιας γλώσσας ή ενός μοντέλου.,http://data.europa.eu/esco/skill/a8c3186b-c791-4d57-8f4f-4d12c7a5c6a7,προγραμματισμός συστημάτων ηλεκτρονικών υπολογιστών
KnowledgeSkillCompetence,http://data.europa.eu/esco/skill/699c949a-699a-4858-a02e-a63f66872d6f,εφαρμογή της έννοιας της αλυσίδας συστοιχιών,released,knowledge,cross-sector,εφαρμογή τεχνολογίας blockchain | εφαρμογή της έννοιας του blockchain,"Η διαδικασία μεταφοράς των βασικών εννοιών της αλυσίδας συστοιχιών και, γενικότερα, του κατανεμημένου καθολικού σε διάφορους τομείς εφαρμογής. Για τον σκοπό αυτόν, πρέπει να είναι πλήρως κατανοητές οι ειδικές ανά τομέα προκλήσεις, λύσεις και συνέπειες της καθιέρωσης μοτίβων συναλλαγών και συναίνεσης μεταξύ ομοτίμων.
	",http://data.europa.eu/esco/isced-f/0612,σχεδιασμός και διαχείριση βάσεων δεδομένων και δικτύων
KnowledgeSkillCompetence,http://data.europa.eu/esco/skill/69bbd53f-fbb0-4476-b4b2-ef7844464e28,προγραμματισμός ιστού,released,knowledge,sector-specific,προγραμματισμός σήμανσης | προγραμματισμός γλώσσας σήμανσης | σχεδιασμός ιστού | δόμηση ιστού | ανάπτυξη ιστού,"Το πρότυπο προγραμματισμού που βασίζεται στον συνδυασμό της σήμανσης (το οποίο προσθέτει συνάφεια και δομή στο κείμενο) και άλλων κωδικών διαδικτυακού προγραμματισμού, όπως AJAX, javascript και PHP, προκειμένου να εκτελούνται οι ενδεδειγμένες ενέργειες και να απεικονίζεται το περιεχόμενο.",http://data.europa.eu/esco/skill/21d2f96d-35f7-4e3f-9745-c533d2dd6e97 | http://data.europa.eu/esco/isced-f/0613,προγραμματισμός ηλεκτρονικών υπολογιστών | ανάπτυξη και ανάλυση λογισμικού και εφαρμογών
KnowledgeSkillCompetence,http://data.europa.eu/esco/skill/69cfc5ed-6569-4aca-a4cc-fd782ba51d9c,εφαρμογή συστήματος διαχείρισης κινδύνου ΤΠΕ,released,skill/competence,sector-specific,διαχειρίζομαι κινδύνους στον τομέα των ΤΠΕ | εκτελώ διαδικασίες εκτίμησης κινδύνων στον τομέα των ΤΠΕ | θέτω σε εφαρμογή μηχανισμό εντοπισμού κινδύνων στον τομέα των ΤΠΕ | εφαρμόζω διαδικασίες αξιολόγησης κινδύνων ΤΠΕ | εφαρμόζω διαδικασίες διαχείρισης κινδύνων ΤΠΕ,"Ανάπτυξη και εφαρμογή διαδικασιών για τον εντοπισμό, την αξιολόγηση, την αντιμετώπιση και τον μετριασμό των κινδύνων ΤΠΕ, όπως οι παραβιάσεις ή η διαρροή δεδομένων, σύμφωνα με τη στρατηγική, τις διαδικασίες και τις πολιτικές κινδύνων της εταιρείας. Ανάλυση και διαχείριση κινδύνων και συμβάντων που αφορούν την ασφάλεια. Πρόταση μέτρων για τη βελτίωση της στρατηγικής για την ψηφιακή ασφάλεια.",http://data.europa.eu/esco/skill/7e153e1d-2b12-43ad-89f3-0cf82ebc4a30,διενέργεια ανάλυσης και διαχείρισης κινδύνων
KnowledgeSkillCompetence,http://data.europa.eu/esco/skill/69f0167e-75d9-46cf-847f-72a592880ebb,STAF,released,knowledge,sector-specific,,"Το εργαλείο STAF είναι ένα πρόγραμμα λογισμικού για την εκτέλεση της παραμετροποίησης, του ελέγχου, της λογιστικής κατάστασης και του λογιστικού ελέγχου.",http://data.europa.eu/esco/skill/9d2e926f-53d9-41f5-98f3-19dfaa687f3f | http://data.europa.eu/esco/isced-f/0613,εργαλεία για τη διαχείριση της παραμετροποίησης λογισμικού | ανάπτυξη και ανάλυση λογισμικού και εφαρμογών
KnowledgeSkillCompetence,http://data.europa.eu/esco/skill/6a2bc03b-e30d-429b-9549-5784cb92ae2f,πινακίδες τυπωμένου κυκλώματος,released,knowledge,cross-sector,,"Οι πινακίδες τυπωμένου κυκλώματος είναι ουσιώδη εξαρτήματα για όλες σχεδόν τις ηλεκτρονικές συσκευές. Αποτελούνται από λεπτά πλακίδια ή υποστρώματα στα οποία τοποθετούνται ηλεκτρονικά εξαρτήματα, όπως μικροπλακέτες, (μικροτσίπ). Τα ηλεκτρονικά εξαρτήματα συνδέονται ηλεκτρικά μέσα από αγώγιμες ταινίες και παρεμβύσματα.",http://data.europa.eu/esco/isced-f/0612,σχεδιασμός και διαχείριση βάσεων δεδομένων και δικτύων
KnowledgeSkillCompetence,http://data.europa.eu/esco/skill/6a322874-e32f-4cd8-9683-badce67a7f73,ανάπτυξη αυτοματοποιημένων δοκιμών λογισμικού,released,skill/competence,sector-specific,σχεδιασμός αυτοματοποιημένων δοκιμών λογισμικού | δημιουργία αυτοματοποιημένων δοκιμών λογισμικού,"Δημιουργία αυτοματοποιημένων δοκιμών λογισμικού με χρήση εξειδικευμένων γλωσσών ή εργαλείων, οι οποίες μπορούν να πραγματοποιούνται με τη χρήση εργαλείων δοκιμών για την εξοικονόμηση πόρων και την αύξηση της αποδοτικότητας και της αποτελεσματικότητας κατά την εκτέλεση δοκιμών.",http://data.europa.eu/esco/skill/5d74614d-32c8-4ca4-9818-6980e52424b1 | http://data.europa.eu/esco/skill/b590d4e5-7c62-4b4a-abc2-c270b482e0ce,σχεδιασμός δοκιμών λογισμικού | σχεδιασμός συστημάτων ή εφαρμογών τπε
KnowledgeSkillCompetence,http://data.europa.eu/esco/skill/6a536b36-c5c7-4d10-bf67-a4fb0f8549b2,τεχνικές ελέγχου,released,knowledge,cross-sector,μέθοδοι ελέγχου | διαδικασίες ελέγχου,"Οι τεχνικές και οι μέθοδοι που υποστηρίζουν τη συστηματική και ανεξάρτητη εξέταση των δεδομένων, των πολιτικών, των λειτουργιών και των επιδόσεων με τη χρήση εργαλείων και τεχνικών ελέγχου με τη βοήθεια υπολογιστή (CAATs), όπως υπολογιστικών φύλλων, βάσεων δεδομένων, στατιστικής ανάλυσης και λογισμικού επιχειρηματικών πληροφοριών.",http://data.europa.eu/esco/isced-f/0411,λογιστική και φορολογία
KnowledgeSkillCompetence,http://data.europa.eu/esco/skill/6a57def2-7b11-4b50-95b8-b16498795ad9,χειρισμός των εικονοθετών,released,skill/competence,occupation-specific,χειρισμός των φωτοστοιχειοθετικών συσκευών,"Χρήση συσκευής στοιχειοθεσίας η οποία μεταφέρει απευθείας ηλεκτρονικό κείμενο και γραφικά σε φιλμ, εκτυπωτικές πλάκες ή φωτοευαίσθητο χαρτί. Η εικόνα παράγεται από επεξεργαστή λέιζερ και πινακοποιημένης εικόνας. Χρησιμοποιούνται για τον έλεγχο των εγγράφων πριν από τη δημιουργία εκτυπωτικών πλακών.",http://data.europa.eu/esco/skill/dcb9c446-bb08-44de-89b6-851ac2903eaf,χειρισμός εξοπλισμού παραγωγής φωτογραφικού και τυπογραφικού υλικού
KnowledgeSkillCompetence,http://data.europa.eu/esco/skill/6a876489-7ad8-4a13-b09c-c9b8e97a302e,ανάπτυξη μοντέλων καταρράκτη (waterfall),released,knowledge,sector-specific,,Το μοντέλο ανάπτυξης του «καταρράκτη» είναι μια μεθοδολογία για τον σχεδιασμό συστημάτων και εφαρμογών λογισμικού.,http://data.europa.eu/esco/skill/bec4359e-cb92-468f-a997-8fb28e32fba9 | http://data.europa.eu/esco/isced-f/0613,μεθοδολογίες διαχείρισης έργων ΤΠΕ | ανάπτυξη και ανάλυση λογισμικού και εφαρμογών
KnowledgeSkillCompetence,http://data.europa.eu/esco/skill/6ad40ca3-dc34-4442-b23f-0b1b28936f56,διατήρηση αποκριτικού σχεδιασμού,released,skill/competence,occupation-specific,εξασφαλίζω αποκριτικό σχεδιασμό | διασφαλίζω αποκριτική ιστοσχεδίαση | συγκροτώ αποκριτική ιστοσχεδίαση | διατηρώ αποκριτικό σχεδιασμό δικτυακού τόπου | διατηρώ αποκριτικό σχεδιασμό ιστοσελίδας,"Διασφάλιση της λειτουργίας του δικτυακού τόπου με την πλέον σύγχρονη τεχνολογία και της συμβατότητάς του με πολλαπλές πλατφόρμες, καθώς και με σχεδιασμό φιλικό προς κινητά.",http://data.europa.eu/esco/skill/b590d4e5-7c62-4b4a-abc2-c270b482e0ce,σχεδιασμός συστημάτων ή εφαρμογών τπε
KnowledgeSkillCompetence,http://data.europa.eu/esco/skill/6ae8306a-4f9d-4410-ac82-6406f3cbd16a,διαχείριση συστημάτων υποδομών γραφείου,released,skill/competence,cross-sector,,"Διατήρηση της διαχείρισης και της λειτουργικής ετοιμότητας των διαφόρων συστημάτων γραφείου τα οποία απαιτούνται για την ομαλή και καθημερινή λειτουργία των υποδομών του γραφείου, όπως συστήματα εσωτερικής επικοινωνίας, λογισμικό κοινής χρήσης εντός της εταιρείας και δίκτυα γραφείου.",http://data.europa.eu/esco/skill/f839b1da-78b6-4466-86f4-a5798821ea20,εγκατάσταση συστημάτων πληροφορικής
KnowledgeSkillCompetence,http://data.europa.eu/esco/skill/6b21150f-e704-4758-b102-63fd3412543c,δημιουργία τρισδιάστατων χαρακτήρων,released,skill/competence,sector-specific,δημιουργία χαρακτήρων σε τρισδιάστατο περιβάλλον | ανάπτυξη τρισδιάστατων χαρακτήρων | σχεδιασμός χαρακτήρων 3Δ | δημιουργία χαρακτήρων 3Δ,Ανάπτυξη τρισδιάστατων μοντέλων με τη μετατροπή και την ψηφιοποίηση ήδη σχεδιασμένων χαρακτήρων με τη χρήση εξειδικευμένων τρισδιάστατων εργαλείων,http://data.europa.eu/esco/skill/1859883d-c047-4fe1-8e74-7bb4385d6ad2 | http://data.europa.eu/esco/skill/f5b33464-4df9-4cf3-b468-b0a2d6b3ee85 | http://data.europa.eu/esco/skill/b1115b14-fa16-4c1e-be6c-91fd49a1808b,εφαρμογή τεχνικών 3D imaging | χειρισμός λογισμικού υπολογιστή τρισδιάστατων γραφικών | χρήση εργαλείων σχεδιασμού και σχεδίασης με τη βοήθεια ηλεκτρονικού υπολογιστή
KnowledgeSkillCompetence,http://data.europa.eu/esco/skill/6b222aac-688c-4c9d-acbc-7fe25d37565e,τήρηση αρχείων καταγραφής του συστήματος,released,skill/competence,cross-sector,,Τήρηση αρχείων καταγραφής ή εγχειριδίων του συστήματος για την καταγραφή των δοκιμών και της λειτουργίας του εξοπλισμού.,http://data.europa.eu/esco/skill/06fdd94c-292d-49e3-9c78-bbcbc2088232,τήρηση επιχειρησιακών μητρώων
KnowledgeSkillCompetence,http://data.europa.eu/esco/skill/6b2f8802-0cbf-436e-a37f-ca55ede41bbc,χειρισμός ψηφιακού υλισμικού,released,skill/competence,transversal,εργασία με υλικό υπολογιστή και περιφερειακά | χρήση έξυπνων συσκευών ΤΠΕ | εφαρμογή περιφερειακών συσκευών ΤΠΕ | χρήση εξαρτημάτων υλικού | χρήση πληκτρολογίου | χρήση περιφερειακών ΤΠΕ | χρήση ποντικιού | χρήση ψηφιακών συσκευών | χρήση υλικού ΤΠΕ | εκτέλεση πρακτικών εργασιών με έξυπνες συσκευές | χρήση υλικού,"Ικανότητα χρήσης εξοπλισμού όπως οθόνη, ποντίκι, πληκτρολόγιο, συσκευές αποθήκευσης, εκτυπωτές, σαρωτές κ.λπ. για την εκτέλεση λειτουργιών όπως η σύνδεση, η εκκίνηση, η διακοπή της λειτουργίας, η επανεκκίνηση, η αποθήκευση αρχείων και άλλες λειτουργίες.
	",http://data.europa.eu/esco/skill/3399045f-8078-4066-8b46-475b49b260ab,Εργασία με ψηφιακές συσκευές και εφαρμογές
KnowledgeSkillCompetence,http://data.europa.eu/esco/skill/6b30644d-bdc5-4bca-b1af-edbf5c6b15ee,επεξεργασία των δεδομένων μελέτης που έχουν συγκεντρωθεί,released,skill/competence,cross-sector,,"Ανάλυση και ερμηνεία των δεδομένων μελέτης που έχουν αποκτηθεί από ευρύ φάσμα πηγών, π.χ. δορυφορικές μελέτες, αεροφωτογραφίες και συστήματα μέτρησης με λέιζερ.",http://data.europa.eu/esco/skill/9bdf8a77-8524-43da-bac6-d15d22e1b7ed,εισαγωγή και μετατροπή πληροφοριών
KnowledgeSkillCompetence,http://data.europa.eu/esco/skill/6b3afb82-c4ea-4f14-be54-a757fb762663,Vagrant,released,knowledge,sector-specific,,"Το εργαλείο Vagrant είναι πρόγραμμα λογισμικού για την εκτέλεση της παραμετροποίησης, του ελέγχου, της λογιστικής κατάστασης και του λογιστικού ελέγχου.",http://data.europa.eu/esco/skill/9d2e926f-53d9-41f5-98f3-19dfaa687f3f | http://data.europa.eu/esco/isced-f/0613,εργαλεία για τη διαχείριση της παραμετροποίησης λογισμικού | ανάπτυξη και ανάλυση λογισμικού και εφαρμογών
KnowledgeSkillCompetence,http://data.europa.eu/esco/skill/6b42f6d0-709f-4011-b777-2c8ecc559214,συντήρηση του εξοπλισμού εκπομπής,released,skill/competence,occupation-specific,,"Συντήρηση, έλεγχος και επισκευή του εξοπλισμού εκπομπής για τη διασφάλιση της συνέχειας των λειτουργιών.",http://data.europa.eu/esco/skill/5033c2fb-ec55-4b8e-b0a4-9379593f1e1c | http://data.europa.eu/esco/skill/ec0401f1-f690-46be-934b-f6f5611085f5,"συντήρηση εξοπλισμού | συντήρηση εξοπλισμού ηλεκτρικού, ηλεκτρονικού και ακριβείας"
KnowledgeSkillCompetence,http://data.europa.eu/esco/skill/6b4f794c-062e-4e05-863a-ae1bad44f395,προσομοίωση Monte Carlo,released,knowledge,cross-sector,μέθοδος Μόντε Κάρλο,"Μαθηματική τεχνική που χρησιμοποιείται για την πρόβλεψη, την εκτίμηση και την ανάλυση μιας σειράς πιθανών μελλοντικών αποτελεσμάτων για ένα αβέβαιο συμβάν. Η διαδικασία εκτελείται μέσω προσομοίωσης για την εκτίμηση ενός εύρους τιμών.
	",http://data.europa.eu/esco/isced-f/054,μαθηματικά και στατιστική
KnowledgeSkillCompetence,http://data.europa.eu/esco/skill/6b643893-0a1f-4f6c-83a1-e7eef75849b9,ανάπτυξη με υπηρεσίες υπολογιστικού νέφους,released,skill/competence,sector-specific,ανάπτυξη εφαρμογών cloud | γράψτε κώδικα με υπηρεσίες cloud | κώδικα με υπηρεσίες cloud,"Σύνταξη κώδικα που αλληλεπιδρά με υπηρεσίες υπολογιστικού νέφους με χρήση των API, SDK και CLI. Σύνταξη κώδικα για εφαρμογές χωρίς διακομιστές, μετατροπή λειτουργικών απαιτήσεων σε σχέδιο εφαρμογής, υλοποίηση σχεδίου εφαρμογής σε κώδικα εφαρμογής.
	",http://data.europa.eu/esco/skill/a8c3186b-c791-4d57-8f4f-4d12c7a5c6a7,προγραμματισμός συστημάτων ηλεκτρονικών υπολογιστών
KnowledgeSkillCompetence,http://data.europa.eu/esco/skill/6b6a9252-2ed7-4862-a02f-1578f4a532ea,Eclipse (ολοκληρωμένο περιβάλλον ανάπτυξης λογισμικού),released,knowledge,sector-specific,,"Το ηλεκτρονικό πρόγραμμα «Eclipse» είναι μια σειρά εργαλείων ανάπτυξης λογισμικού για τη σύνταξη προγραμμάτων, όπως μεταγλωττιστή, αποσφαλματωτή, συντάκτης κώδικα, εργαλείου επισήμανσης κώδικα, τα οποία είναι συσκευασμένα σε μια ενοποιημένη διεπαφή χρήστη. Αναπτύχθηκε από το ίδρυμα Eclipse.",http://data.europa.eu/esco/skill/925463a7-d51f-4d5b-9f79-4d28cf30acde | http://data.europa.eu/esco/isced-f/0611,ολοκληρωμένο περιβάλλον ανάπτυξης λογισμικού | χρήση υπολογιστών
KnowledgeSkillCompetence,http://data.europa.eu/esco/skill/6b9c6280-cd0b-4462-885e-da63fe5918ea,ψηφιακή σχεδίαση πλάνου σκηνής,released,skill/competence,sector-specific,,Σχεδίαση και σχεδιασμός σκηνικών και πλάνου σκηνής με τη χρήση λογισμικού όπως το CAD (λογισμικό σχεδίασης με βοήθεια υπολογιστή).,http://data.europa.eu/esco/skill/b2c688b0-9106-466d-8b88-eafdfe608e7d,σχεδιασμός δομών ή εγκαταστάσεων
KnowledgeSkillCompetence,http://data.europa.eu/esco/skill/6c08403c-a5bb-4868-b8c2-b7d039c0e511,σχεδιασμός σχήματος βάσης δεδομένων,released,skill/competence,sector-specific,δημιουργία σχήματος βάσης δεδομένων | σχεδιασμός βάσης δεδομένων | ανάπτυξη σχήματος βάσης δεδομένων | συγκρότηση σχημάτων διαχείρισης βάσης δεδομένων | σχεδιασμός σχημάτων βάσης δεδομένων,"Σχεδιασμός σχήματος βάσης δεδομένων με τήρηση των κανόνων του συστήματος διαχείρισης σχεσιακών βάσεων δεδομένων (RDBMS), για τη δημιουργία μιας λογικά οργανωμένης ομάδα αντικειμένων, όπως πίνακες, στήλες και διεργασίες.",http://data.europa.eu/esco/skill/29fb0fb5-dfc4-4098-ac9b-3a712000f48f | http://data.europa.eu/esco/skill/b590d4e5-7c62-4b4a-abc2-c270b482e0ce,διαχείριση της βάσης δεδομένων | σχεδιασμός συστημάτων ή εφαρμογών τπε
KnowledgeSkillCompetence,http://data.europa.eu/esco/skill/6c153605-d62c-4970-81a9-49646ab32032,ηλεκτρονικά είδη ευρείας κατανάλωσης,released,knowledge,sector-specific,,"Η λειτουργία ηλεκτρονικών καταναλωτικών αγαθών, όπως τηλεοράσεις, ραδιόφωνα, κάμερες και άλλοι εξοπλισμοί ήχου και εικόνας.",http://data.europa.eu/esco/skill/95c35c3a-035f-47c2-90cf-7e934d20fc08 | http://data.europa.eu/esco/isced-f/0714,ηλεκτρονικά είδη | ηλεκτρονική και αυτοματισμός
KnowledgeSkillCompetence,http://data.europa.eu/esco/skill/6c80d53c-d8c9-41fe-998f-091fca208834,συστήματα διαχείρισης μάθησης,released,knowledge,cross-sector,προγράμματα διαχείρισης μάθησης· συστήματα διαχείρισης εκπαιδευτικών μαθημάτων | πλατφόρμα ηλεκτρονικής μάθησης· προγράμματα ηλεκτρονικής κατάρτισης· προγράμματα ηλεκτρονικής εκπαίδευσης,"Η πλατφόρμα ηλεκτρονικής μάθησης για τη δημιουργία, τη διοικητική διαχείριση, την οργάνωση, την υποβολή εκθέσεων και την παροχή διαδικτυακών εκπαιδευτικών μαθημάτων ή προγραμμάτων κατάρτισης.",http://data.europa.eu/esco/isced-f/0413,διαχείριση και διοίκηση
KnowledgeSkillCompetence,http://data.europa.eu/esco/skill/6cad4013-3055-47ba-8316-0720e1a55256,τεχνικός σχεδιασμός συστήματος ήχου,released,skill/competence,sector-specific,,"Εγκατάσταση, δοκιμή και χειρισμός περίπλοκου συστήματος ήχου, με βάση συγκεκριμένη σχεδιαστική ιδέα του ήχου. Η εγκατάσταση μπορεί να είναι μόνιμη ή και προσωρινή.",http://data.europa.eu/esco/skill/883eab8c-d8a6-4e8b-9b11-7d9001e172ab,σχεδιασμός συστημάτων και προϊόντων
KnowledgeSkillCompetence,http://data.europa.eu/esco/skill/6d289e8b-2cc1-4eda-ab1f-ad1090ef98f0,WordPress,released,knowledge,sector-specific,,"Τα διαδικτυακά συστήματα λογισμικού ανοικτής πηγής που χρησιμοποιούνται για τη δημιουργία, την επεξεργασία, τη δημοσίευση και την αρχειοθέτηση ιστολογίων, άρθρων, ιστοσελίδων ή δελτίων Τύπου τα οποία χειρίζονται κυρίως χρήστες με περιορισμένες γνώσεις στον διαδικτυακό προγραμματισμό.",http://data.europa.eu/esco/skill/5c66ce3a-658d-43b1-9d8d-0f39be6c0f2e | http://data.europa.eu/esco/isced-f/0613,WebCMS | ανάπτυξη και ανάλυση λογισμικού και εφαρμογών
KnowledgeSkillCompetence,http://data.europa.eu/esco/skill/6e34b68e-0d61-49f2-bc4d-571c0326d857,δοκιμή αισθητήρων,released,skill/competence,cross-sector,,"Δοκιμή αισθητήρων με χρήση κατάλληλου εξοπλισμού. Συλλογή και ανάλυση δεδομένων. Παρακολούθηση και αξιολόγηση των επιδόσεων του συστήματος και λήψη μέτρων, εφόσον απαιτείται.",http://data.europa.eu/esco/skill/7dd94ad3-13d6-43fe-8b94-51fcbf67ced9 | http://data.europa.eu/esco/skill/465ff64a-1271-4064-8ed1-e969cb68d8b4 | http://data.europa.eu/esco/skill/6d0cad66-82dd-4854-a03a-68232942c68d,κριτική σκέψη | διενέργεια δοκιμαστικής λειτουργίας | εγκατάσταση ξύλινων και μεταλλικών στοιχείων
KnowledgeSkillCompetence,http://data.europa.eu/esco/skill/6e3e5c17-0d46-4376-9928-8dbaaea27164,διατήρηση νέων μέσων ενημέρωσης,released,skill/competence,sector-specific,,Ψηφιακή συντήρηση και αρχειοθέτηση ηλεκτρονικών αρχείων με τη χρήση σύγχρονης τεχνολογίας.,http://data.europa.eu/esco/skill/1034004c-0347-4765-8794-b65d2c92b379,τεκμηρίωση και καταγραφή πληροφοριών
KnowledgeSkillCompetence,http://data.europa.eu/esco/skill/6e4f264a-e2e1-42fb-9866-e64069f8b441,συντήρηση του οπτικοακουστικού εξοπλισμού,released,skill/competence,sector-specific,,"Εκτέλεση περιοδικών εργασιών συντήρησης του οπτικοακουστικού εξοπλισμού, καθώς και επισκευών μικρής κλίμακας, όπως αντικατάσταση εξαρτημάτων και βαθμονόμηση των οργάνων, σε εξοπλισμό που χρησιμοποιείται για την επεξεργασία ήχου και εικόνας.",http://data.europa.eu/esco/skill/5033c2fb-ec55-4b8e-b0a4-9379593f1e1c | http://data.europa.eu/esco/skill/386774ac-fe5b-431a-b485-9aec0bf5c09e | http://data.europa.eu/esco/skill/ec0401f1-f690-46be-934b-f6f5611085f5,"συντήρηση εξοπλισμού | συντήρηση ηλεκτρικού εξοπλισμού | συντήρηση εξοπλισμού ηλεκτρικού, ηλεκτρονικού και ακριβείας"
KnowledgeSkillCompetence,http://data.europa.eu/esco/skill/6e4f75b4-c60f-4623-a9ba-760c8245753b,πρωτόκολλα επικοινωνίας ΤΠΕ,released,knowledge,sector-specific,πρωτόκολλα επικοινωνίας ΤΟ | σύνολο κανόνων επικοινωνίας ΤΠΕ | πρωτόκολλο επικοινωνιών συστημάτων ΤΠΕ | πρωτόκολλα επικοινωνιών ΤΠΕ | κανόνες επικοινωνίας ΤΠΕ,Το σύστημα κανόνων που επιτρέπουν την ανταλλαγή πληροφοριών μεταξύ υπολογιστών ή άλλων συσκευών μέσω δικτύων υπολογιστών.,http://data.europa.eu/esco/isced-f/0714,ηλεκτρονική και αυτοματισμός
KnowledgeSkillCompetence,http://data.europa.eu/esco/skill/6e53fd99-b646-4327-9580-ac062ab21188,προσομοίωση φωτισμού 3 διαστάσεων,released,knowledge,sector-specific,τρισδιάστατα ψηφιακά εφέ φωτισμού | τρισδιάστατος φωτισμός | φωτισμός σε τρισδιάστατο περιβάλλον | φωτισμός τριών διαστάσεων,Η ρύθμιση ή η ψηφιακή επίδραση που προσομοιώνει τον φωτισμό σε περιβάλλον 3D.,http://data.europa.eu/esco/isced-f/0211,τεχνικές και παραγωγή οπτικοακουστικών μέσων
KnowledgeSkillCompetence,http://data.europa.eu/esco/skill/6e8fe5de-fe6d-482c-92fe-20e56ee57324,παράμετροι απόδοσης παγκόσμιου δορυφορικού συστήματος πλοήγησης,released,knowledge,sector-specific,προδιαγραφές για την απόδοση του GNSS | παράμετροι επιδόσεων GNSS | προδιαγραφές επιδόσεων του παγκόσμιου δορυφορικού συστήματος πλοήγησης | κριτήρια απόδοσης για το παγκόσμιο δορυφορικό σύστημα πλοήγησης | κριτήρια επιδόσεων για το παγκόσμιο δορυφορικό σύστημα πλοήγησης | παράμετροι απόδοσης του παγκόσμιου δορυφορικού συστήματος πλοήγησης | παράμετροι απόδοσης για το GNSS | παράμετροι απόδοσης GNSS | παράμετροι επιδόσεων του παγκόσμιου δορυφορικού συστήματος πλοήγησης | κριτήρια απόδοσης για το GNSS | κριτήρια επιδόσεων για το GNSS | προδιαγραφές για την απόδοση του παγκόσμιου δορυφορικού συστήματος πλοήγησης | παράμετροι επιδόσεων για το παγκόσμιο δορυφορικό σύστημα πλοήγησης | παράμετροι επιδόσεων για το GNSS,Οι παράμετροι επιδόσεων για τα παγκόσμια δορυφορικά συστήματα πλοήγησης (GNSS) και οι απαιτήσεις που θα πρέπει να διαθέτει κάθε σύστημα GNSS υπό ειδικές συνθήκες.,http://data.europa.eu/esco/isced-f/0532,επιστήμες της γης
KnowledgeSkillCompetence,http://data.europa.eu/esco/skill/6efef9df-ac86-45ca-8b1b-a8178ef17b5c,επίλυση προβλημάτων εντοπισμού θέσης και πλοήγησης με εργαλεία GPS,released,skill/competence,sector-specific,επίλυση προβλημάτων εντοπισμού θέσης και πλοήγησης με εργαλεία παγκόσμιου συστήματος εντοπισμού,"Χρήση εφαρμογών και συσκευών, όπως συστήματα πλοήγησης, οι οποίες παρέχουν στους χρήστες ακριβή εκτίμηση της θέσης τους με τη χρήση συστήματος δορυφόρων.",http://data.europa.eu/esco/skill/0a88a13f-693a-4dde-b44c-22e6f98fabc6,χειρισμός εξοπλισμού επικοινωνίας
KnowledgeSkillCompetence,http://data.europa.eu/esco/skill/6f728d63-5c45-40b3-8bfd-e17c5dba28ad,χειρισμός της μηχανής λείανσης που ελέγχεται ψηφιακά μέσω ηλεκτρονικού υπολογιστή,released,skill/competence,cross-sector,,"Χειρισμός μηχανής λείανσης που ελέγχεται ψηφιακά μέσω ηλεκτρονικού υπολογιστή (CNC) η οποία έχει σχεδιαστεί για διαδικασίες κατασκευής σε υλικά από μέταλλο, ξύλο, πλαστικό και άλλα υλικά, παρακολούθηση και χειρισμός της σύμφωνα με τους κανονισμούς.",http://data.europa.eu/esco/skill/494b8057-daf5-46a0-b33b-416e0115c30a,χρήση ψηφιακών εργαλείων για τον έλεγχο μηχανημάτων
KnowledgeSkillCompetence,http://data.europa.eu/esco/skill/6f7512ab-d46d-402a-8c30-a8878d7c1f88,SQL Server Integration Services,released,knowledge,sector-specific,,"Το πρόγραμμα ηλεκτρονικού υπολογιστή SQL Server Server Services είναι ένα εργαλείο για την ενσωμάτωση πληροφοριών από πολλαπλές εφαρμογές, που δημιουργήθηκε και διατηρήθηκε από οργανισμούς σε μια συνεκτική και διαφανή δομή δεδομένων την οποία ανέπτυξε η εταιρεία λογισμικού Microsoft.",http://data.europa.eu/esco/skill/9d0d89be-bffa-4393-b6f6-8d05bea49051 | http://data.europa.eu/esco/isced-f/0612,εργαλεία φόρτωσης μετατροπής και εξαγωγής δεδομένων | σχεδιασμός και διαχείριση βάσεων δεδομένων και δικτύων
KnowledgeSkillCompetence,http://data.europa.eu/esco/skill/6f8a40d6-f9ce-43ec-a72f-d4213a53f3ed,Ansible,released,knowledge,sector-specific,,"Το εργαλείο Ansible είναι ένα πρόγραμμα λογισμικού για την εκτέλεση της αναγνώρισης της παραμετροποίησης, του ελέγχου, της λογιστικής κατάστασης και του λογιστικού ελέγχου.",http://data.europa.eu/esco/skill/9d2e926f-53d9-41f5-98f3-19dfaa687f3f | http://data.europa.eu/esco/isced-f/0613,εργαλεία για τη διαχείριση της παραμετροποίησης λογισμικού | ανάπτυξη και ανάλυση λογισμικού και εφαρμογών
KnowledgeSkillCompetence,http://data.europa.eu/esco/skill/6f993130-082b-4732-b62f-52cdf2096ad9,χρήση μεθόδων για την ανάλυση δεδομένων εφοδιαστικής,released,skill/competence,cross-sector,,"Ανάγνωση και ερμηνεία των δεδομένων της αλυσίδας εφοδιασμού και των δεδομένων μεταφοράς. Ανάλυση της αξιοπιστίας και της διαθεσιμότητας των ευρημάτων με τη χρήση μεθόδων όπως η εξόρυξη δεδομένων, η μοντελοποίηση δεδομένων και η ανάλυση κόστους-οφέλους.",http://data.europa.eu/esco/skill/ec528c47-65f4-4187-9dc1-5a8889f84a06 | http://data.europa.eu/esco/skill/47a49cd6-097d-457a-9f7b-c290c14930d5 | http://data.europa.eu/esco/skill/9af1bd12-01bd-4d6a-947b-69e64f23150a | http://data.europa.eu/esco/skill/1e77e42a-181f-4b48-8e74-201ce50ffc29,ανάλυση επιχειρηματικών δραστηριοτήτων | ανάλυση μεγάλων ποσοτήτων δεδομένων | επεξεργασία ποιοτικών πληροφοριών | ερμηνεία τρεχόντων δεδομένων
KnowledgeSkillCompetence,http://data.europa.eu/esco/skill/6fa1c2c0-a012-4ca0-9642-e01569ba322c,ολοκλήρωση συστήματος ΤΠΕ,released,knowledge,sector-specific,ενσωμάτωση πληροφοριακών συστημάτων | ολοκλήρωση συστημάτων ΤΠΕ | ενσωμάτωση στοιχείων και προϊόντων ΤΠΕ | ολοκλήρωση πληροφοριακών συστημάτων | ενοποίηση υπολογιστικών συστημάτων,"Οι αρχές ενσωμάτωσης εξαρτημάτων και προϊόντων ΤΠΕ από διάφορες πηγές για τη δημιουργία ενός λειτουργικού συστήματος ΤΠΕ, τεχνικών που εξασφαλίζουν τη διαλειτουργικότητα και διεπαφές μεταξύ συστατικών στοιχείων και συστήματος.",http://data.europa.eu/esco/isced-f/0612,σχεδιασμός και διαχείριση βάσεων δεδομένων και δικτύων
KnowledgeSkillCompetence,http://data.europa.eu/esco/skill/6fe76a8b-4d5f-4cea-b76b-5908463fb014,μελέτη προτύπων συμπεριφοράς σε ιστοτόπους,released,skill/competence,cross-sector,,"Έρευνα, ανάλυση και βελτιστοποίηση των επιχειρησιακών αποτελεσμάτων και της εμπειρίας χρήστη μέσω της χρήσης εργαλείων δεικτών μέτρησης της παρακολούθησης του δικτυακού τόπου.",http://data.europa.eu/esco/skill/7eafec38-621a-4b6e-9298-bfe70ec0b253,διεξαγωγή ακαδημαϊκής έρευνας ή έρευνας αγοράς
KnowledgeSkillCompetence,http://data.europa.eu/esco/skill/70988d2c-a750-4808-a360-5aaf859cf39a,εκπομπή ραδιομετάδοσης με Πρωτόκολλο Ίντερνετ,released,skill/competence,occupation-specific,,"Διαχείριση της εκπομπής ραδιομετάδοσης μέσω του διαδικτύου με την κατάλληλη χρήση του Πρωτοκόλλου Ίντερνετ, ώστε να εξασφαλίζεται η πρόσβαση των χρηστών στις ραδιομεταδόσεις.",http://data.europa.eu/esco/skill/0a88a13f-693a-4dde-b44c-22e6f98fabc6,χειρισμός εξοπλισμού επικοινωνίας
KnowledgeSkillCompetence,http://data.europa.eu/esco/skill/709ef32a-7435-48e2-8fa2-16e389ecab8a,Cisco,released,knowledge,sector-specific,Cisco Systems | Network Magic | Cisco 7600,Τα διαθέσιμα προϊόντα του παρόχου δικτυακού εξοπλισμού Cisco και οι μέθοδοι επιλογής και προμήθειας του εξοπλισμού.,http://data.europa.eu/esco/skill/32428b21-514b-42c2-81b5-244a7804ea74 | http://data.europa.eu/esco/isced-f/0613,προμήθεια εξοπλισμού δικτύου ΤΠΕ | ανάπτυξη και ανάλυση λογισμικού και εφαρμογών
KnowledgeSkillCompetence,http://data.europa.eu/esco/skill/70a7b3b3-31ef-4b29-a30f-bb7299dff39b,αισθητήρες,released,knowledge,cross-sector,,"Οι αισθητήρες είναι μετατροπείς που μπορούν να ανιχνεύουν ή να αντιλαμβάνονται χαρακτηριστικά στο περιβάλλον τους. Εντοπίζουν αλλαγές στη συσκευή ή στο περιβάλλον και παρέχουν αντίστοιχο οπτικό ή ηλεκτρικό σήμα. Οι αισθητήρες διαιρούνται συνήθως σε έξι κλάσεις: μηχανικοί, ηλεκτρονικοί, θερμικοί, μαγνητικοί, ηλεκτρομηχανικοί και οπτικοί.",http://data.europa.eu/esco/isced-f/0715,μηχανολογία και μεταλλουργικά επαγγέλματα
KnowledgeSkillCompetence,http://data.europa.eu/esco/skill/70b0bc44-6751-4530-ac5c-a893d4241aeb,ηλεκτρονικός εξοπλισμός πρόσβασης κτιρίου,released,knowledge,sector-specific,,"Τα είδη, τα χαρακτηριστικά και οι μέθοδοι χρήσης του ηλεκτρονικού εξοπλισμού που χρησιμοποιείται για την πρόσβαση σε εγκαταστάσεις όπως π.χ. πίνακες ελέγχου πρόσβασης με κάρτα, αναγνώστες καρτών ή αναγνώστες με υπέρυθρες ακτίνες.",http://data.europa.eu/esco/isced-f/0714,ηλεκτρονική και αυτοματισμός
KnowledgeSkillCompetence,http://data.europa.eu/esco/skill/70de94f5-9575-4edd-bca7-c797b023b9d6,Oracle WebLogic,released,knowledge,sector-specific,,"Ο διακομιστής της εφαρμογής Oracle WebLogic είναι ο διακομιστής που βασίζεται στην εφαρμογή ΕΕ Java, ο οποίος λειτουργεί ως το μεσαίο επίπεδο που συνδέει τις υποστηρικτικές βάσεις δεδομένων (back-end) με τις σχετικές εφαρμογές.",http://data.europa.eu/esco/isced-f/0613 | http://data.europa.eu/esco/skill/69bbd53f-fbb0-4476-b4b2-ef7844464e28,ανάπτυξη και ανάλυση λογισμικού και εφαρμογών | προγραμματισμός ιστού
KnowledgeSkillCompetence,http://data.europa.eu/esco/skill/7106b5df-e017-4c28-8c40-98814db5b775,διαχείριση έργου με βάση τα πρότυπα Prince2,released,knowledge,sector-specific,,"Η προσέγγιση διαχείρισης με βάση τα πρότυπα PRINCE2 είναι μια μεθοδολογία για τον σχεδιασμό, τη διαχείριση και την επίβλεψη πόρων ΤΠΕ για την επίτευξη συγκεκριμένων στόχων και για τη χρήση εργαλείων ΤΠΕ για τη διαχείριση έργων.",http://data.europa.eu/esco/isced-f/0413 | http://data.europa.eu/esco/skill/bec4359e-cb92-468f-a997-8fb28e32fba9,διαχείριση και διοίκηση | μεθοδολογίες διαχείρισης έργων ΤΠΕ
KnowledgeSkillCompetence,http://data.europa.eu/esco/skill/713fb616-118e-40bc-9366-4a69879a49d5,εφαρμογή διαδικασιών ανάλυσης ποιότητας δεδομένων,released,skill/competence,cross-sector,εφαρμόζω τεχνικές ανάλυσης ποιότητας δεδομένων | επαληθεύω δεδομένα | εξακριβώνω την ποιότητα των δεδομένων | εφαρμόζω μεθόδους ανάλυσης ποιότητας δεδομένων | ελέγχω την ποιότητα των δεδομένων,"Εφαρμογή τεχνικών ανάλυσης, επικύρωσης και επαλήθευσης της ποιότητας των δεδομένων για τον έλεγχο της ακεραιότητας της ποιότητας των δεδομένων.",http://data.europa.eu/esco/skill/4463a721-69f3-413d-8321-43e3af13a4f1 | http://data.europa.eu/esco/skill/6a7fc30d-af16-4cc5-a957-29d174bdb61c,"χρήση βάσεων δεδομένων | διαχείριση, συλλογή και αποθήκευση ψηφιακών δεδομένων"
KnowledgeSkillCompetence,http://data.europa.eu/esco/skill/7193cb6d-8334-494f-86e5-21e6d03a47c3,ενοποιημένη γλώσσα μοντελοποίησης (UML),released,knowledge,sector-specific,ενοποιημένο γλωσσικό πρότυπο | γλώσσα μοντελοποίησης στη μηχανική λογισμικού | ενοποιημένο γλωσσικό μοντέλο,Η γλώσσα μοντελοποίησης γενικής χρήσης που χρησιμοποιείται στην ανάπτυξη λογισμικού για να προσφέρει μια τυποποιημένη οπτικοποίηση σχεδιασμού συστημάτων.,http://data.europa.eu/esco/skill/2450c3b3-e78e-435b-b84d-e05d984e71dc | http://data.europa.eu/esco/isced-f/0611,μοντέλα αρχιτεκτονικής λογισμικού | χρήση υπολογιστών
KnowledgeSkillCompetence,http://data.europa.eu/esco/skill/719d8699-a221-4b5a-8fc3-68a8645cbe03,Adobe Creative Suite,released,knowledge,sector-specific,Adobe Creative Cloud,"Το σύνολο των εφαρμογών λογισμικού που χρησιμοποιούνται για τη δημιουργία οπτικού περιεχομένου για προσωπική ή επιχειρηματική χρήση. Παραδείγματα αντικειμένων που μπορούν να δημιουργηθούν αποτελούν τα διαφημιστικά έντυπα, τα φυλλάδια, τα βιβλία, οι ιστότοποι και τα βίντεο.
	",http://data.europa.eu/esco/isced-f/0613,ανάπτυξη και ανάλυση λογισμικού και εφαρμογών
KnowledgeSkillCompetence,http://data.europa.eu/esco/skill/71c2f41e-14de-4b23-82ad-5dbcd54ba5b0,εγκατάσταση συστημάτων ΤΠΕ,released,skill/competence,sector-specific,ρυθμίζω συστήματα ΤΠΕ | εγκαθιστώ συστήματα ΤΠΕ | καταρτίζω σχέδιο υλοποίησης | διαχειρίζομαι την τοποθέτηση δικτύων ΤΠΕ | διαχειρίζομαι την ανάπτυξη συστημάτων ΤΠΕ,"Παροχή και εγκατάσταση υπολογιστών ή συστημάτων ΤΠΕ, διασφαλίζοντας τη δοκιμή και την προετοιμασία για χρήση.
	",http://data.europa.eu/esco/skill/31d35d3d-2bf2-49aa-9c20-92566ef80277 | http://data.europa.eu/esco/skill/f839b1da-78b6-4466-86f4-a5798821ea20,χρήση συστημάτων ΤΠΕ | εγκατάσταση συστημάτων πληροφορικής
KnowledgeSkillCompetence,http://data.europa.eu/esco/skill/71f81e1a-e2ca-48d6-b7b8-7a34c56c51f8,τεχνολογία μετάδοσης,released,knowledge,cross-sector,,"Τεχνολογίες που επιτρέπουν τη μετάδοση αναλογικών ή ψηφιακών πληροφοριών σημάτων από σημείο σε σημείο ή από σημείο σε πολλαπλά σημεία, μέσω της χρήσης διαύλων επικοινωνίας ή μέσων μετάδοσης, όπως οπτικών ινών, συρμάτων χαλκού ή διαύλων ασύρματης επικοινωνίας. Οι πληροφορίες ή τα δεδομένα συνήθως μεταδίδονται ως ηλεκτρομαγνητικό σήμα, όπως ραδιοκύματα ή μικροκύματα.",http://data.europa.eu/esco/isced-f/0612,σχεδιασμός και διαχείριση βάσεων δεδομένων και δικτύων
KnowledgeSkillCompetence,http://data.europa.eu/esco/skill/7229b6dc-e2ef-44fe-b9a1-06b1c1075d8f,Σύστημα αυτόματου ελέγχου,released,knowledge,cross-sector,αυτοματοποιημένο σύστημα ελέγχου,"Σύνολο διασυνδεδεμένων μηχανισμών και επιμέρους στοιχείων, όπως διατάξεις ελέγχου ή στοιχεία ανίχνευσης, που χρησιμοποιούν λογική προγραμματισμού για την αυτοματοποίηση της λειτουργίας και του τρόπου συμπεριφοράς μιας διαδικασίας ή ενός συστήματος, χωρίς συνεχή ανθρώπινη παρέμβαση, με στόχο την επίτευξη επιθυμητών επιδόσεων, όπως η σταθερότητα.
	",http://data.europa.eu/esco/isced-f/0611,χρήση υπολογιστών
KnowledgeSkillCompetence,http://data.europa.eu/esco/skill/7234e847-451d-499a-9c7b-0050a4e758d6,χρήση τύπων περιεχομένου,released,skill/competence,cross-sector,εφαρμόζω τύπους περιεχομένου· θέτω σε εφαρμογή τύπους στοιχείων περιεχομένου· κάνω χρήση τύπους δεδομένων περιεχομένου | χρησιμοποιώ τύπους στοιχείων περιεχομένου· χρησιμοποιώ τύπους δεδομένων περιεχομένου,"Χρήση των τύπων και των υποτύπων MIME ως τυποποιημένου αναγνωριστικού για την ένδειξη του τύπου δεδομένων που περιέχει ένα αρχείο, όπως το είδος του συνδέσμου, το αντικείμενο, τα στοιχεία σεναρίου και στυλ και ο τύπος μέσου.",http://data.europa.eu/esco/skill/6a7fc30d-af16-4cc5-a957-29d174bdb61c,"διαχείριση, συλλογή και αποθήκευση ψηφιακών δεδομένων"
KnowledgeSkillCompetence,http://data.europa.eu/esco/skill/7253d98c-4a6d-4e37-8b6c-accca9f4b639,ανάπτυξη ακολουθίας δοκιμών ΤΠΕ,released,skill/competence,sector-specific,ανάπτυξη ακολουθιών δοκιμών στον τομέα των ΤΠΕ | σχεδιασμός ακολουθίας δοκιμών λογισμικού | ανάπτυξη σειράς δοκιμών για τον έλεγχο του λογισμικού | δημιουργία σειρών δοκιμών σε συστήματα πληροφορικής,Δημιουργία σειράς δοκιμαστικών υποθέσεων για τον έλεγχο της συμπεριφοράς του λογισμικού έναντι των προδιαγραφών. Οι εν λόγω υποθέσεις δοκιμών θα χρησιμοποιούνται στη συνέχεια κατά τη διάρκεια των επόμενων δοκιμών.,http://data.europa.eu/esco/skill/5d74614d-32c8-4ca4-9818-6980e52424b1 | http://data.europa.eu/esco/skill/6a322874-e32f-4cd8-9683-badce67a7f73 | http://data.europa.eu/esco/skill/b590d4e5-7c62-4b4a-abc2-c270b482e0ce,σχεδιασμός δοκιμών λογισμικού | ανάπτυξη αυτοματοποιημένων δοκιμών λογισμικού | σχεδιασμός συστημάτων ή εφαρμογών τπε
KnowledgeSkillCompetence,http://data.europa.eu/esco/skill/727eb829-28da-4d6a-8552-ba5b5d280c41,εγκατάσταση οπτικού εξοπλισμού,released,skill/competence,occupation-specific,,Εγκατάσταση και σύνδεση εξοπλισμού προβολής και εικόνας.,http://data.europa.eu/esco/skill/a7065828-10aa-4aba-b7d4-f23a30df5060,"εγκατάσταση και επισκευή εξοπλισμού ηλεκτρικού, ηλεκτρονικού και ακριβείας"
KnowledgeSkillCompetence,http://data.europa.eu/esco/skill/72812eb6-5a0f-48e8-815d-3d2a16b8e963,χειρισμός κονσόλας μείξης ήχου,released,skill/competence,sector-specific,,Χειρισμός συστήματος μείξης ήχου κατά τη διάρκεια προβών ή ζωντανών παραστάσεων.,http://data.europa.eu/esco/skill/8ddcb295-707e-459c-ba6a-66ffb37835c5,χειρισμός οπτικοακουστικού εξοπλισμού
KnowledgeSkillCompetence,http://data.europa.eu/esco/skill/7341904f-5913-470c-8c53-bc832df248ec,συντήρηση ρομποτικού εξοπλισμού,released,skill/competence,sector-specific,,"Διάγνωση και ανίχνευση δυσλειτουργιών σε εξαρτήματα ρομποτικών συστημάτων και αφαίρεση, αντικατάσταση ή επισκευή των εν λόγω εξαρτημάτων όποτε είναι αναγκαίο. Εκτέλεση εργασιών προληπτικής συντήρησης του εξοπλισμού, όπως η αποθήκευση των εξαρτημάτων ρομποτικών συστημάτων σε χώρους καθαρούς, χωρίς σκόνες και υγρασία.",http://data.europa.eu/esco/skill/5033c2fb-ec55-4b8e-b0a4-9379593f1e1c | http://data.europa.eu/esco/skill/ec0401f1-f690-46be-934b-f6f5611085f5,"συντήρηση εξοπλισμού | συντήρηση εξοπλισμού ηλεκτρικού, ηλεκτρονικού και ακριβείας"
KnowledgeSkillCompetence,http://data.europa.eu/esco/skill/7369f779-4b71-4aab-8836-48b69c676eec,χειρισμός συστήματος διαχείρισης σχεσιακών βάσεων δεδομένων,released,skill/competence,sector-specific,χρησιμοποιώ σύστημα διαχείρισης σχεσιακών βάσεων δεδομένων | χειρίζομαι διαλογικό σύστημα διαχείρισης βάσης δεδομένων | λειτουργώ σύστημα διαχείρισης σχεσιακών βάσεων δεδομένων | λειτουργώ συστήματα διαχείρισης βάσεων δεδοµένων | εκτελώ συστήματα διαχείρισης βάσεων δεδοµένων,"Εξαγωγή, αποθήκευση και επαλήθευση πληροφοριών με τη χρήση συστημάτων διαχείρισης βάσεων δεδομένων με βάση το μοντέλο σχεσιακής βάσης δεδομένων, το οποίο οργανώνει τα δεδομένα σε πίνακες γραμμών και στηλών, όπως βάσεις δεδομένων Oracle, Microsoft SQL Server και MySQL.
	",http://data.europa.eu/esco/skill/6a7fc30d-af16-4cc5-a957-29d174bdb61c,"διαχείριση, συλλογή και αποθήκευση ψηφιακών δεδομένων"
KnowledgeSkillCompetence,http://data.europa.eu/esco/skill/736ef286-fbd3-4e5c-a4b4-d1e2008c9898,σχεδιασμός στρατηγικών διαδικτυακού μάρκετινγκ,released,skill/competence,cross-sector,δημιουργία δικτυακών τόπων | χάραξη στρατηγικής διαδικτυακού μάρκετινγκ | κατάρτιση στρατηγικής μάρκετινγκ στο διαδίκτυο | σχεδιασμός στρατηγικής διαδικτυακής προώθησης,"Ανάπτυξη στρατηγικών προώθησης της ψηφιακής τεχνολογίας τόσο για σκοπούς αναψυχής όσο και για επιχειρηματικούς σκοπούς, δημιουργία ιστοτόπων και αντιμετώπιση της κινητής τεχνολογίας και της κοινωνικής δικτύωσης.",http://data.europa.eu/esco/skill/1a4cc54f-1e53-442b-a6d2-1682dc8ef8f9 | http://data.europa.eu/esco/skill/08fd2839-670c-4f16-8024-97437f2035ab | http://data.europa.eu/esco/skill/37272760-957a-4c34-b4f3-780ee285334d,"δημιουργική χρήση ψηφιακών τεχνολογιών | σχεδιασμός στρατηγικής προώθησης πωλήσεων | ανάπτυξη σχεδίων χρηματοoικονομικών, επιχειρηματικών ή εμπορικής προώθησης"
KnowledgeSkillCompetence,http://data.europa.eu/esco/skill/7373abdb-ee5a-4949-b4ae-dee60ab37914,χρήση εξοπλισμού επικοινωνίας,released,skill/competence,sector-specific,,"Εγκατάσταση, δοκιμή και χειρισμός διαφορετικών ειδών εξοπλισμού επικοινωνίας, όπως εξοπλισμός μετάδοσης, εξοπλισμός ψηφιακού δικτύου ή εξοπλισμός τηλεπικοινωνιών.",http://data.europa.eu/esco/skill/0a88a13f-693a-4dde-b44c-22e6f98fabc6,χειρισμός εξοπλισμού επικοινωνίας
KnowledgeSkillCompetence,http://data.europa.eu/esco/skill/737f8895-46df-4283-8f38-13f3f0fc3b77,ψηφιακή διττή τεχνολογία,released,knowledge,sector-specific,ψηφιακή τεχνολογία μοντελοποίησης | εικονικό δίδυμο | τεχνολογία ψηφιακού διδύμου | τεχνολογία ψηφιακής μοντελοποίησης,"Μοντέλο σχεδιασμένο για τη δημιουργία εικονικής αναπαράστασης ενός αντικειμένου ή συστήματος που επικαιροποιείται από δεδομένα σε πραγματικό χρόνο. Η διαδικασία εικονικής αναπαράστασης πραγματοποιείται μέσω του συνδυασμού προσομοίωσης δεδομένων και τεχνολογίας, με τη χρήση αισθητήρων για την παραγωγή δεδομένων του φυσικού αντικειμένου, όπως η θερμοκρασία ή η ενέργεια, με σκοπό την ανάπτυξη του ψηφιακού διδύμου του. Στη διαδικασία αυτήν περιλαμβάνονται η μηχανική μάθηση, η προσομοίωση και η συλλογιστική.
	",http://data.europa.eu/esco/isced-f/0613,ανάπτυξη και ανάλυση λογισμικού και εφαρμογών
KnowledgeSkillCompetence,http://data.europa.eu/esco/skill/73c7d0d9-092f-4f6e-800a-5759f45a6fc6,χειρισμός λογισμικού δισδιάστατης σχεδίασης υποδημάτων με τη βοήθεια υπολογιστή,released,skill/competence,sector-specific,,"Ικανότητα ανάγνωσης και ερμηνείας των προδιαγραφών σχεδιασμού για τη μεταφορά τρισδιάστατων εικονικών μοντέλων, σχεδίων υπολογιστή και χειροποίητων σκαριφημάτων στο δισδιάστατο περιβάλλον του λογισμικού CAD. Πλάτυνση και εργασία με ψηφιοποιημένα προσχέδια φοντιού. Χρήση σαρωτών και τάμπλετ. Παραγωγή, προσαρμογή και τροποποίηση δισδιάστατων σχεδίων όλων των πρωτοτύπων για διάφορα είδη κατασκευής υποδημάτων με δισδιάστατα συστήματα CAD, συμπεριλαμβανομένων των τεχνικών προδιαγραφών. Μεγέθυνση και εκτέλεση της ένθεσης. Παραγωγή τεχνικών δελτίων.
	",http://data.europa.eu/esco/skill/b34e2ba1-9080-48c9-9b42-ee9192a4d3f1 | http://data.europa.eu/esco/skill/c34b06c4-d164-4e49-a784-89d47de42ec2,"χρήση λογισμικού για σχεδιασμό με χρήση υπολογιστή | σχεδιασμός βιομηχανικών υλικών, συστημάτων ή προϊόντων"
KnowledgeSkillCompetence,http://data.europa.eu/esco/skill/744442ac-c157-4350-8be0-ce454df4f5c5,εντοπισμός και επιδιόρθωση βλαβών σε συσκευές ΤΠΕ,released,skill/competence,cross-sector,εντοπισμός και επιδιόρθωση βλαβών σε συσκευές της τεχνολογίας πληροφοριών και επικοινωνιών,"Εντοπισμός προβλημάτων σε εξυπηρετητές, επιτραπέζιους υπολογιστές, εκτυπωτές, δίκτυα και προβλημάτων απομακρυσμένης πρόσβασης, και εκτέλεση ενεργειών για την επίλυση των προβλημάτων.",http://data.europa.eu/esco/skill/14832d87-2f2f-4895-b290-e4760ebae42a | http://data.europa.eu/esco/skill/0b9968af-72de-470a-98e1-2d19577443fb,επίλυση τεχνικών προβλημάτων | επίλυση προβλημάτων πληροφορικής
KnowledgeSkillCompetence,http://data.europa.eu/esco/skill/7482a123-e801-48de-9733-262125671410,αλγοριθμοποίηση καθηκόντων,released,knowledge,cross-sector,αλγοριθμοποίηση εργασιών· αλγοριθμοποίηση έργων | οργάνωση των καθηκόντων σε αλγόριθμους· ανάπτυξη αλγορίθμων για την κατανομή εργασιών· δημιουργία αλγορίθμων για την οργάνωση καθηκόντων,Οι τεχνικές για τη μετατροπή μη δομημένων περιγραφών μιας διαδικασίας σε διαδοχικά στάδια των ενεργειών ενός πεπερασμένου αριθμού βημάτων.,http://data.europa.eu/esco/isced-f/0612,σχεδιασμός και διαχείριση βάσεων δεδομένων και δικτύων
KnowledgeSkillCompetence,http://data.europa.eu/esco/skill/749ae61c-fe7b-461b-8bc3-349f46617ee7,ανίχνευση μικροκυκλωμάτων σε ζώα,released,skill/competence,occupation-specific,ψηλάφηση ζώου για τον εντοπισμό μικροτσίπ,"Προσεκτική ψηλάφηση του ζώου, με χρήση της ορθής διαδικασίας για τον τύπο του σαρωτή, για τον εντοπισμό της πιθανής παρουσίας μικροτσίπ. Έλεγχος των δεδομένων της σχετικής βάσης δεδομένων ή άλλων εγγράφων, όποτε ανιχνεύεται μικροτσίπ. Χρήση του συστήματος ανίχνευσης για τον εντοπισμό του προσώπου που πραγματοποίησε την εμφύτευση του μικροτσίπ, όποτε κάποιο τσιπ δεν περιλαμβάνεται σε βάση δεδομένων.
	",http://data.europa.eu/esco/skill/7194cdea-bca7-4c4a-8d49-3cb54b89d5a0,παροχή θεραπείας ή κτηνιατρικής αγωγής για ζώα
KnowledgeSkillCompetence,http://data.europa.eu/esco/skill/74cb80c4-df6b-4d79-a153-cb7b3b3b6eb0,σχεδιασμός εκστρατειών μάρκετινγκ στα μέσα κοινωνικής δικτύωσης,released,skill/competence,sector-specific,διοργανώνουν ψηφιακές καμπάνιες | οργάνωση εκστρατειών μάρκετινγκ στα μέσα κοινωνικής δικτύωσης,"Σχεδιασμός και υλοποίηση εκστρατείας μάρκετινγκ στα μέσα κοινωνικής δικτύωσης.
	",http://data.europa.eu/esco/skill/9c6e951f-aa88-4890-983d-e7a6ee49f5bb | http://data.europa.eu/esco/skill/37272760-957a-4c34-b4f3-780ee285334d,"σχεδιασμός εκστρατείας προώθησης πωλήσεων | ανάπτυξη σχεδίων χρηματοoικονομικών, επιχειρηματικών ή εμπορικής προώθησης"
KnowledgeSkillCompetence,http://data.europa.eu/esco/skill/750f86d2-18be-4015-84b1-d4a26d9b2d88,τεχνικές διαδικτυακής διαφημιστικής εκστρατείας,released,knowledge,cross-sector,διαδικτυακή διαφήμιση | διαδικτυακές διαφημίσεις | τεχνικές διαδικτυακής καμπάνιας,"Τεχνικές σχεδιασμού και υλοποίησης εκστρατείας μάρκετινγκ σε διαδικτυακές πλατφόρμες διαφημίσεων.
	",http://data.europa.eu/esco/isced-f/0414,εμπορική προώθηση και διαφήμιση
KnowledgeSkillCompetence,http://data.europa.eu/esco/skill/751941a0-5645-4f8b-b97e-b252909d5edb,ανάπτυξη ροής δεδομένων ΤΠΕ,released,skill/competence,sector-specific,ανάπτυξη ροής εργασιών ΤΠΕ,"Δημιουργία επαναλαμβανόμενων προτύπων δραστηριότητας ΤΠΕ εντός οργανισμού, η οποία ενισχύει τον συστηματικό μετασχηματισμό προϊόντων, διαδικασιών και υπηρεσιών πληροφόρησης κατά τη διάρκεια της παραγωγής τους.",http://data.europa.eu/esco/skill/d9013e0e-e937-43d5-ab71-0e917ee882b8 | http://data.europa.eu/esco/skill/c23e0a2f-f04b-45bc-b0dd-20571f6b502c | http://data.europa.eu/esco/skill/8add048c-4d51-41c5-8aa2-f57412c4a637,διαχείριση χρόνου | ανάπτυξη επιχειρησιακών πολιτικών και διαδικασιών | αναβάθμιση ροής εργασιών παραγωγής
KnowledgeSkillCompetence,http://data.europa.eu/esco/skill/7557f0f4-b8bc-4ac0-b91e-222ab1ba744f,εργαλεία για την αυτοματοποίηση δοκιμών ΤΠΕ,released,knowledge,sector-specific,λογισμικό αυτοματοποίησης δοκιμών | εργαλεία αυτοματοποίησης δοκιμών | εργαλεία αυτόματων δοκιμών | μέσα αυτοματοποίησης δοκιμών | μέθοδοι αυτοματοποίησης δοκιμών,"Το εξειδικευμένο λογισμικό για την εκτέλεση ή τον έλεγχο δοκιμών και τη σύγκριση των προβλεπόμενων αποτελεσμάτων των δοκιμών με τα πραγματικά αποτελέσματα των δοκιμών, όπως το Selenium, το QTP και το LoadRunner",http://data.europa.eu/esco/isced-f/0613,ανάπτυξη και ανάλυση λογισμικού και εφαρμογών
KnowledgeSkillCompetence,http://data.europa.eu/esco/skill/755a5df2-863e-44c1-b4a2-83eb33bac492,σχεδιασμός διαδικτυακής προβολής εμπορικού σήματος,released,skill/competence,occupation-specific,,Σχεδιασμός περιεχομένου και παρουσίαση του εμπορικού σήματος σε διαδικτυακή διαδραστική πλατφόρμα.,http://data.europa.eu/esco/skill/37272760-957a-4c34-b4f3-780ee285334d,"ανάπτυξη σχεδίων χρηματοoικονομικών, επιχειρηματικών ή εμπορικής προώθησης"
KnowledgeSkillCompetence,http://data.europa.eu/esco/skill/75d2ac62-700a-41d1-b920-5cd7aaa78553,χειρισμός συστημάτων ελέγχου,released,skill/competence,sector-specific,,"Ρύθμιση και χειρισμός ηλεκτρικού και ηλεκτρονικού εξοπλισμού και εξοπλισμού ελέγχου. Διατήρηση, παρακολούθηση και έλεγχος των λειτουργιών σε ένα σύστημα ελέγχου, ώστε να διασφαλίζεται ο έλεγχος και η πρόληψη των σημαντικών κινδύνων.
	",http://data.europa.eu/esco/skill/494b8057-daf5-46a0-b33b-416e0115c30a,χρήση ψηφιακών εργαλείων για τον έλεγχο μηχανημάτων
KnowledgeSkillCompetence,http://data.europa.eu/esco/skill/75f839c2-fd9a-4ad3-8921-6e734608568d,χρήση γλωσσών ερωτημάτων,released,skill/competence,sector-specific,,Ανάκτηση πληροφοριών από βάση δεδομένων ή σύστημα πληροφοριών με τη χρήση ηλεκτρονικών γλωσσών που έχουν σχεδιαστεί για την ανάκτηση δεδομένων.,http://data.europa.eu/esco/skill/bf4d884f-c848-402a-b130-69c266b04164 | http://data.europa.eu/esco/skill/a8c3186b-c791-4d57-8f4f-4d12c7a5c6a7,εφαρμογή βασικών δεξιοτήτων προγραμματισμού | προγραμματισμός συστημάτων ηλεκτρονικών υπολογιστών
KnowledgeSkillCompetence,http://data.europa.eu/esco/skill/76415d7f-0fde-4364-b45f-5c044580d2aa,δημιουργία σχεδίων CAD,released,skill/competence,cross-sector,κατασκευή σχεδίων CAD | δημιουργία σχεδίου CAD,Δημιουργία σχεδίων «όπως δομήθηκαν» (As-Built) με τη χρήση CAD.,http://data.europa.eu/esco/skill/541561bc-510c-4a99-881c-2d8bf5a85462 | http://data.europa.eu/esco/skill/b1115b14-fa16-4c1e-be6c-91fd49a1808b,χρήση λογισμικού για τη δημιουργία τεχνικών σχεδίων | χρήση εργαλείων σχεδιασμού και σχεδίασης με τη βοήθεια ηλεκτρονικού υπολογιστή
KnowledgeSkillCompetence,http://data.europa.eu/esco/skill/76842746-cacb-4e6d-adc6-0656d75c9c51,χρήση λογισμικού για τον σχεδιασμό τακουνιών με τη βοήθεια υπολογιστή,released,skill/competence,sector-specific,,"Ψηφιοποίηση και σάρωση των καλαποδιών. Εργασία με αρχεία σε διάφορα συστήματα λογισμικού CAD. Παραγωγή τρισδιάστατων μοντέλων τακουνιών και δημιουργία δισδιάστατων σχεδίων με τη βοήθεια υπολογιστή. Μεγέθυνση και λήψη σειράς μεγεθών. Κατάρτιση τεχνικών προδιαγραφών για την κατασκευή. Παραγωγή δισδιάστατων και τρισδιάστατων μηχανολογικών και τεχνικών σχεδίων των καλουπιών για τον βουλκανισμό και την έγχυση τακουνιών. Εξαγωγή των αρχείων των εικονικών μοντέλων σε τρισδιάστατους εκτυπωτές, συστήματα CAM ή CNC.",http://data.europa.eu/esco/skill/b1115b14-fa16-4c1e-be6c-91fd49a1808b,χρήση εργαλείων σχεδιασμού και σχεδίασης με τη βοήθεια ηλεκτρονικού υπολογιστή
KnowledgeSkillCompetence,http://data.europa.eu/esco/skill/768fe91b-ccde-4649-94f3-07be5d8b6be1,ανάγνωση τρισδιάστατων εικόνων,released,skill/competence,cross-sector,,"Ανάγνωση τρισδιάστατων εικόνων και κατανόηση των πληροφοριών που παρέχουν σχετικά με τις θέσεις, τις αποστάσεις και άλλες παραμέτρους.",http://data.europa.eu/esco/skill/316df5b7-31c4-4f4e-ae69-aad1b873b995,ερμηνεία τεχνικών εγγράφων και διαγραμμάτων
KnowledgeSkillCompetence,http://data.europa.eu/esco/skill/76ef6ed3-1658-4a1a-9593-204d799c6d0c,NoSQL,released,knowledge,sector-specific,,"Η μη σχεσιακή βάση δεδομένων Not Only SQL που χρησιμοποιείται για τη δημιουργία, την επικαιροποίηση και τη διαχείριση μεγάλων όγκων μη δομημένων δεδομένων που είναι αποθηκευμένα στο υπολογιστικό νέφος.",http://data.europa.eu/esco/skill/ab1e97ed-2319-4293-a8b7-072d2648822f | http://data.europa.eu/esco/isced-f/0612,συστήματα διαχείρισης βάσεων δεδομένων | σχεδιασμός και διαχείριση βάσεων δεδομένων και δικτύων
KnowledgeSkillCompetence,http://data.europa.eu/esco/skill/770d4956-b5e0-4d44-bf42-3a766b232c5d,τήρηση κεντρικού αποθετηρίου έργων,released,skill/competence,cross-sector,,"Αποθήκευση των φακέλων και των εγγράφων έργων σε ένα κεντρικό αποθετήριο στο οποίο έχουν πρόσβαση ο διαχειριστής έργου και όλες οι ομάδες έργου. Χρήση διαθέσιμων διαδικτυακών εργαλείων και ειδικού λογισμικού.
	",http://data.europa.eu/esco/skill/32c017fd-28ab-4051-bf68-74de952c2f77,διαχείριση πληροφοριών
KnowledgeSkillCompetence,http://data.europa.eu/esco/skill/772a9c72-abef-4333-9788-f4cb48ad8e08,προσδιορισμός λογισμικού για τη διαχείριση αποθήκης,released,skill/competence,cross-sector,,"Προσδιορισμός του σχετικού λογισμικού και των εφαρμογών που χρησιμοποιούνται για τα συστήματα διαχείρισης αποθήκης, των χαρακτηριστικών τους και της προστιθέμενης αξίας τους για δραστηριότητες διαχείρισης αποθήκης.
	",http://data.europa.eu/esco/skill/98fb499f-9155-412d-a8a0-95ba97126fec,χρήση ψηφιακών εργαλείων για συνεργασία και παραγωγικότητα
KnowledgeSkillCompetence,http://data.europa.eu/esco/skill/77592603-505b-4096-97dd-d0def6bd7601,υπολογιστική ρευστοδυναμική,released,knowledge,cross-sector,ψηφιακός υπολογισμός για τη δυναμική των ρευστών,"Οι αρχές της μηχανικής υπολογιστικής ρευστοδυναμικής, οι οποίες καθορίζουν τη συμπεριφορά των ρευστών σε κίνηση. ",http://data.europa.eu/esco/isced-f/0611 | http://data.europa.eu/esco/skill/87b1c959-236d-4761-b3be-b1c729497f75,χρήση υπολογιστών | μηχανική των ρευστών
KnowledgeSkillCompetence,http://data.europa.eu/esco/skill/778ca7ad-6c5d-4868-9b96-a7777dca799c,πλατφόρμες βοήθειας για συστήματα ΤΠΕ,released,knowledge,sector-specific,πλαίσιο εφαρμογών υποστήριξης συστημάτων | λογισμικό υποστήριξης συστημάτων | αρχιτεκτονική λογισμικού υποστήριξης συστημάτων | πλατφόρμες παροχής βοήθειας για λειτουργικά συστήματα ΤΠΕ | πλατφόρμες υποστήριξης συστημάτων ΤΠΕ,Οι πλατφόρμες για την παροχή συστημάτων βοήθειας για λειτουργικά συστήματα.,http://data.europa.eu/esco/isced-f/0611,χρήση υπολογιστών
KnowledgeSkillCompetence,http://data.europa.eu/esco/skill/77bf865e-6360-424f-9d77-ce03918c7dcf,σχεδιασμός πινακίδων κυκλώματος,released,skill/competence,cross-sector,,"Σχεδιασμός πινακίδων κυκλώματος που χρησιμοποιούνται σε ηλεκτρονικά προϊόντα, όπως κινητά τηλέφωνα και ηλεκτρονικοί υπολογιστές, μέριμνα ώστε να συμπεριλαμβάνονται στο σχεδιασμό ολοκληρωμένα κυκλώματα και μικροκυκλώματα.",http://data.europa.eu/esco/skill/39fa260c-4f85-48e3-83ce-e292e696c233,σχεδιασμός ηλεκτρικών ή ηλεκτρονικών συστημάτων ή εξοπλισμού
KnowledgeSkillCompetence,http://data.europa.eu/esco/skill/7814e88f-c133-4c3b-b27f-857afa145d42,νομοθεσία για την ασφάλεια των ΤΠΕ,released,knowledge,sector-specific,νομοθεσία περί της ασφάλειας των ΤΠΕ· νομοθεσία σχετικά με την ασφάλεια των ΤΠΕ | κανονισμός για την ασφάλεια στον κυβερνοχώρο· νομοθεσία για την ασφάλεια δικτύων και πληροφοριών· νόμος για τις ΤΠΕ· νομικές πτυχές του τομέα της πληροφορικής,"Το σύνολο των νομοθετικών διατάξεων που προστατεύουν την τεχνολογία πληροφοριών, τα δίκτυα πληροφορικής και επικοινωνιών, τα συστήματα πληροφορικής και οι νομικές συνέπειες που απορρέουν από την κακή χρήση τους. Τα ρυθμιζόμενα μέτρα περιλαμβάνουν τείχη προστασίας, ανίχνευση εισβολών, λογισμικό κατά ιών και κρυπτογράφηση.",http://data.europa.eu/esco/isced-f/0421,δίκαιο
KnowledgeSkillCompetence,http://data.europa.eu/esco/skill/78845d0c-e56f-4318-a9c6-bf75931dd520,διεξαγωγή ανάλυσης κυβερνοαπειλών,released,skill/competence,sector-specific,διεξαγωγή πληροφοριών για την κυβερνοαπειλή | οργάνωση πληροφοριών απειλών | διεξαγωγή πληροφοριών για την κυβερνοαπειλή (CTI) | οργάνωση πληροφοριών για κυβερνοαπειλές | οργάνωση CTI | οργάνωση πληροφοριών για απειλές | διεξαγωγή πληροφοριών κυβερνοαπειλών | οργάνωση πληροφοριών για τις κυβερνοαπειλές | διεξαγωγή CTI,"Συγκέντρωση πληροφοριών σχετικά με κυβερνοαπειλές μέσω της συλλογής, της ανάλυσης και της ερμηνείας δεδομένων σχετικά με πιθανές κυβερνοαπειλές. Αξιοποίηση διαφόρων πηγών πληροφοριών, όπως πληροφορίες ανοικτής πηγής (OSINT), μέσα κοινωνικής δικτύωσης ή υπηρεσίες του σκοτεινού διαδικτύου (dark web)",http://data.europa.eu/esco/skill/6a7fc30d-af16-4cc5-a957-29d174bdb61c,"διαχείριση, συλλογή και αποθήκευση ψηφιακών δεδομένων"
KnowledgeSkillCompetence,http://data.europa.eu/esco/skill/78a74fd1-efc6-49dc-adb1-1b0fbe35c22c,παροχή τεκμηρίωσης δοκιμών λογισμικού,released,skill/competence,sector-specific,παρέχω δικαιολογητικά δοκιμών λογισμικού,"Περιγραφή των διαδικασιών δοκιμής λογισμικού στην τεχνική ομάδα και ανάλυση των αποτελεσμάτων των δοκιμών σε χρήστες και πελάτες, με σκοπό την ενημέρωσή τους σχετικά με την κατάσταση και την αποδοτικότητα του λογισμικού.",http://data.europa.eu/esco/skill/2636b3d3-843e-46a9-8b4c-a9d6ca3f5a2d | http://data.europa.eu/esco/skill/6e62e776-fbfa-486c-a6df-58cd239c86fe | http://data.europa.eu/esco/skill/385479b7-5da5-4367-9763-0d15b41bb65b,παροχή τεχνικής τεκμηρίωσης | τεχνική ή επιστημονική συγγραφή | παροχή τεκμηρίωσης χρήστη
KnowledgeSkillCompetence,http://data.europa.eu/esco/skill/78b26c92-da70-4c72-9f10-7a8c8b9db02e,χρήση διαδικτύου για την αύξηση πωλήσεων,released,skill/competence,sector-specific,,"Προώθηση αγαθών και υπηρεσιών μέσω της χρήσης διαδικτυακών συστημάτων, όπως το ηλεκτρονικό εμπόριο (e-commerce), το ηλεκτρονικό εμπόριο μέσω κινητού τηλεφώνου (m-commerce) και τα μέσα κοινωνικής δικτύωσης, με σκοπό την αύξηση των πωλήσεων.",http://data.europa.eu/esco/skill/efb60300-0d55-4b2c-8038-8409587a4727,"προώθηση προϊόντων, υπηρεσιών ή προγραμμάτων"
KnowledgeSkillCompetence,http://data.europa.eu/esco/skill/78d90f00-5226-44fc-95c2-0d8dac6b081b,τεχνολογική εκπαίδευση,released,knowledge,sector-specific,μεθόδοι εκπαίδευσης στην τεχνολογία | μέθοδοι τεχνολογικής εκπαίδευσης,"Ο εκπαιδευτικός κλάδος που αποσκοπεί στην παροχή των σχετικών γνώσεων στους μαθητές όσον αφορά την τεχνολογία, καθώς και τις χρήσεις και τις εφαρμογές της.
	",http://data.europa.eu/esco/isced-f/0114,κατάρτιση των εκπαιδευτικών με εξειδίκευση αντικειμένου
KnowledgeSkillCompetence,http://data.europa.eu/esco/skill/7957b5f9-1f33-4ff8-84e9-e258b17882c2,δοκιμή μικροηλεκτρονικών συστημάτων,released,skill/competence,sector-specific,,"Δοκιμή μικροηλεκτρονικών συστημάτων με τη χρήση κατάλληλου εξοπλισμού. Συλλογή και ανάλυση δεδομένων. Παρακολούθηση και αξιολόγηση των επιδόσεων του συστήματος και λήψη μέτρων, εφόσον απαιτείται.",http://data.europa.eu/esco/skill/7dd94ad3-13d6-43fe-8b94-51fcbf67ced9 | http://data.europa.eu/esco/skill/465ff64a-1271-4064-8ed1-e969cb68d8b4 | http://data.europa.eu/esco/skill/87a6436a-c83f-4afe-a93a-d807a988e0ec | http://data.europa.eu/esco/skill/6d0cad66-82dd-4854-a03a-68232942c68d,κριτική σκέψη | διενέργεια δοκιμαστικής λειτουργίας | συντήρηση μικροηλεκτρονικών συστημάτων | εγκατάσταση ξύλινων και μεταλλικών στοιχείων
KnowledgeSkillCompetence,http://data.europa.eu/esco/skill/7961413f-61d0-4722-9cd9-20a050a29899,εκτέλεση ελέγχου μονάδας λογισμικού,released,skill/competence,sector-specific,εκτελώ δοκιμές σε μονάδες λογισμικού | πραγματοποιώ επαληθεύσεις σε μεμονωμένες μονάδες πηγαίου κώδικα | διεξάγω έλεγχο σε μονάδα λογισμικού | πραγματοποιώ δοκιμές σε μονάδες λογισμικού | εκτελώ ελέγχους σε μονάδες λογισμικού,"Εκτέλεση δοκιμών σε μεμονωμένες μονάδες πηγαίου κώδικα με σκοπό να προσδιοριστεί κατά πόσον αυτές είναι κατάλληλες για χρήση, με τη δημιουργία μικρών κομματιών κώδικα.",http://data.europa.eu/esco/skill/5d74614d-32c8-4ca4-9818-6980e52424b1 | http://data.europa.eu/esco/skill/913e7e83-b8f8-4574-b1ca-1b38f3fd974a | http://data.europa.eu/esco/skill/a8c3186b-c791-4d57-8f4f-4d12c7a5c6a7,σχεδιασμός δοκιμών λογισμικού | διενέργεια δοκιμών λογισμικού | προγραμματισμός συστημάτων ηλεκτρονικών υπολογιστών
KnowledgeSkillCompetence,http://data.europa.eu/esco/skill/797a4416-0b8d-44f3-8fcd-eb10bd0be6b4,ανάπτυξη πρωτότυπου λογισμικού,released,skill/competence,sector-specific,δημιουργία προσχεδίου λογισμικού | κατάρτιση πρωτότυπης έκδοσης λογισμικού | ανάπτυξη πιλοτικού μοντέλου λογισμικού | δημιουργία προσωρινής προσομοίωσης λογισμικού,Δημιουργία μιας πρώτης ημιτελούς ή αρχικής έκδοσης εφαρμογής λογισμικού για την προσομοίωση ορισμένων συγκεκριμένων πτυχών του τελικού προϊόντος.,http://data.europa.eu/esco/skill/a8c3186b-c791-4d57-8f4f-4d12c7a5c6a7,προγραμματισμός συστημάτων ηλεκτρονικών υπολογιστών
KnowledgeSkillCompetence,http://data.europa.eu/esco/skill/79a5bc25-5b59-47bc-a4c2-fb8e8cb1ddf6,συστήματα έξυπνων δικτύων,released,knowledge,sector-specific,έξυπνα δίκτυα,"Τα έξυπνα δίκτυα είναι ένα ψηφιακό δίκτυο ηλεκτρικής ενέργειας. Το σύστημα περιλαμβάνει τον ηλεκτρονικό ψηφιακό έλεγχο της παραγωγής, διανομής και χρήσης ηλεκτρικής ενέργειας, τη διαχείριση πληροφοριών για τα κατασκευαστικά στοιχεία και την εξοικονόμηση ενέργειας.
	",http://data.europa.eu/esco/isced-f/0713,ηλεκτρισμός και ενέργεια
KnowledgeSkillCompetence,http://data.europa.eu/esco/skill/79c366d4-0316-4838-b72e-c3be4f90fbd3,χρήση συσκευών επικοινωνίας,released,skill/competence,cross-sector,,"Χειρισμός συσκευών επικοινωνίας με σκοπό την αλληλεπίδραση με πελάτες, συναδέλφους και άλλους.",http://data.europa.eu/esco/skill/0a88a13f-693a-4dde-b44c-22e6f98fabc6,χειρισμός εξοπλισμού επικοινωνίας
KnowledgeSkillCompetence,http://data.europa.eu/esco/skill/79e29b8b-47d1-470d-b7b1-32506bfe7d9a,συλλογή δεδομένων ΤΠΕ,released,skill/competence,cross-sector,συγκέντρωση δεδομένων ΤΠΕ | συλλογή στοιχείων ΤΠΕ,Συλλογή δεδομένων μέσω του σχεδιασμού και της εφαρμογής μεθόδων έρευνας και δειγματοληψίας.,http://data.europa.eu/esco/skill/0d6714c6-720e-4985-9791-5ab85d28da79 | http://data.europa.eu/esco/skill/29dcc31e-a8d6-4a62-b3c1-2de81e966e39,συλλογή δεδομένων | συγκέντρωση πληροφοριών από φυσικές ή ηλεκτρονικές πηγές
KnowledgeSkillCompetence,http://data.europa.eu/esco/skill/7a6b4549-cd3e-46c7-8a40-9096520dff84,τροποποίηση σχεδίων υφασμάτων,released,skill/competence,sector-specific,,Τροποποίηση των σκαριφημάτων και των ψηφιακών υφαντουργικών σχεδίων έως ότου ικανοποιηθούν οι ανάγκες των πελατών.,http://data.europa.eu/esco/skill/8542b62b-18b1-4c7f-9d4e-e717c10fbd72 | http://data.europa.eu/esco/skill/883eab8c-d8a6-4e8b-9b11-7d9001e172ab,παραγωγή σχεδίων υφασμάτων | σχεδιασμός συστημάτων και προϊόντων
KnowledgeSkillCompetence,http://data.europa.eu/esco/skill/7a757fa5-9a6f-43ab-9e66-f8f4dba1ffcb,χρήση λογισμικού παραγωγής με τη βοήθεια υπολογιστή,released,skill/competence,cross-sector,,"Χρήση προγραμμάτων παραγωγής με τη βοήθεια υπολογιστή (CAM) για τον έλεγχο μηχανημάτων και εργαλειομηχανών κατά τη δημιουργία, τροποποίηση, ανάλυση ή βελτιστοποίηση στο πλαίσιο των διαδικασιών κατασκευής αντικειμένων.",http://data.europa.eu/esco/skill/494b8057-daf5-46a0-b33b-416e0115c30a,χρήση ψηφιακών εργαλείων για τον έλεγχο μηχανημάτων
KnowledgeSkillCompetence,http://data.europa.eu/esco/skill/7a950986-27fe-4b6c-adf3-88f211e77019,εξαρτήματα ρομποτικών συστημάτων,released,knowledge,cross-sector,,"Τα κατασκευαστικά στοιχεία που απαντώνται σε ρομποτικά συστήματα, όπως μικροεπεξεργαστές, ηλεκτρονικά είδη, αισθητήρες, πλακέτες κυκλωμάτων, κωδικοποιητές, σερβοκινητήρες, ελεγκτές, πνευματικά ή υδραυλικά συστήματα.",http://data.europa.eu/esco/isced-f/0714,ηλεκτρονική και αυτοματισμός
KnowledgeSkillCompetence,http://data.europa.eu/esco/skill/7aa52bdc-9c56-4341-be65-e8e30f64403f,παρακολούθηση των αυτοματοποιημένων μηχανών,released,skill/competence,cross-sector,,"Συνεχής έλεγχος των ρυθμίσεων και της λειτουργίας της αυτοματοποιημένης μηχανής ή διενέργεια τακτικών κύκλων ελέγχου. Εφόσον απαιτείται, καταγραφή και ερμηνεία δεδομένων σχετικά με τις συνθήκες λειτουργίας των εγκαταστάσεων και του εξοπλισμού, ώστε να εντοπίζονται ανωμαλίες.",http://data.europa.eu/esco/skill/a4cf0e8a-54f6-4fd5-8650-1c82ea86cfd2,χειρισμός μηχανημάτων και ειδικού εξοπλισμού
KnowledgeSkillCompetence,http://data.europa.eu/esco/skill/7abf5b24-8f18-49c5-a64b-5a5870a03a56,μετατροπή τυχαιογραφημάτων σε εικονικά σχέδια,released,skill/competence,occupation-specific,,Χρήση λογισμικού για τη μετατροπή ενός πρόχειρου σχεδίου σε δισδιάστατο γεωμετρικό σχέδιο το οποίο μπορεί να αναπτυχθεί περαιτέρω ώστε να προκύψει το τελικό σχέδιο.,http://data.europa.eu/esco/skill/b1115b14-fa16-4c1e-be6c-91fd49a1808b,χρήση εργαλείων σχεδιασμού και σχεδίασης με τη βοήθεια ηλεκτρονικού υπολογιστή
KnowledgeSkillCompetence,http://data.europa.eu/esco/skill/7adb8473-bcc6-4ff8-9850-76d945d40092,ανάλυση συστήματος ΤΠΕ,released,skill/competence,sector-specific,,"Ανάλυση της λειτουργίας και των επιδόσεων των συστημάτων πληροφοριών προκειμένου να καθοριστούν οι στόχοι, η αρχιτεκτονική και οι υπηρεσίες τους και καθορισμός των διαδικασιών και λειτουργιών για την ικανοποίηση των απαιτήσεων των τελικών χρηστών.
	",http://data.europa.eu/esco/skill/39499028-35bf-4d69-9275-fb98902ed88b,εργασία με υπολογιστές
KnowledgeSkillCompetence,http://data.europa.eu/esco/skill/7b0d5000-00da-4864-b776-6de49a87a669,υπολογιστική όραση,released,knowledge,cross-sector,OCR | tensorflow | openCV | cuda | keras | simpleCV | matlab,"Ο ορισμός και η λειτουργία της υπολογιστικής όρασης. Εργαλεία υπολογιστικής όρασης που επιτρέπουν στους υπολογιστές να αντλούν πληροφορίες από ψηφιακές εικόνες, όπως φωτογραφίες ή βίντεο. Τομείς εφαρμογής για την επίλυση πραγματικών προβλημάτων, όπως η ασφάλεια, η αυτόνομη οδήγηση, η ρομποτική κατασκευή και επιθεώρηση, η ταξινόμηση ψηφιακών εικόνων, η επεξεργασία και διάγνωση ιατρικών εικόνων κ.λπ.
	",http://data.europa.eu/esco/isced-f/0619,τεχνολογίες πληροφορικής και επικοινωνιών που δεν ταξινομούνται αλλού
KnowledgeSkillCompetence,http://data.europa.eu/esco/skill/7b5cb897-2ee8-450c-85a6-d73925cbd1dc,GameSalad,released,knowledge,sector-specific,,Η διεπαφή λογισμικού μεταφοράς και απόθεσης που συνίσταται σε εξειδικευμένα εργαλεία σχεδιασμού που χρησιμοποιούνται για την ταχεία επανάληψη υπολογιστικών παιχνιδιών που προέρχονται από χρήστες και τα οποία τα χειρίζονται χρήστες με περιορισμένες γνώσεις προγραμματισμού.,http://data.europa.eu/esco/skill/966f2fd3-3de6-42da-b87c-da924c6d7960 | http://data.europa.eu/esco/isced-f/0211,συστήματα δημιουργίας ψηφιακών παιχνιδιών | τεχνικές και παραγωγή οπτικοακουστικών μέσων
KnowledgeSkillCompetence,http://data.europa.eu/esco/skill/7b5cce4d-c7fe-4119-b48f-70aa05391787,πληροφορική,released,knowledge,cross-sector,,"Επιστημονική και πρακτική μελέτη που ασχολείται με τις θεμελιώδεις βάσεις πληροφοριών και υπολογισμών, δηλαδή αλγόριθμοι, δομές δεδομένων, προγραμματισμός και αρχιτεκτονική δεδομένων. Ασχολείται με την εφαρμογή, τη δομή και την εκμηχάνιση των μεθόδων που διέπουν τη διαχείριση της απόκτησης, της επεξεργασίας και της πρόσβασης σε πληροφορίες.",http://data.europa.eu/esco/isced-f/0613,ανάπτυξη και ανάλυση λογισμικού και εφαρμογών
KnowledgeSkillCompetence,http://data.europa.eu/esco/skill/7bf4539a-3f2e-4485-876b-1c9306b181af,John The Ripper (εργαλείο δοκιμής διείσδυσης),released,knowledge,sector-specific,,Το εργαλείο John the Ripper είναι ένα εργαλείο ανάκτησης του κωδικού πρόσβασης το οποίο εξετάζει τις αδυναμίες στον τομέα της ασφάλειας των συστημάτων για την δυνητικά μη εξουσιοδοτημένη πρόσβαση σε πληροφορίες του συστήματος. Τα κύρια χαρακτηριστικά του εργαλείου αυτού είναι ο κωδικός ελέγχου ισχύος του κωδικού πρόσβασης και ο κωδικός κατακερματισμού του κωδικού πρόσβασης.,http://data.europa.eu/esco/isced-f/0613 | http://data.europa.eu/esco/skill/de586dcf-d7e5-4340-bf5b-d59026f1b436,ανάπτυξη και ανάλυση λογισμικού και εφαρμογών | εργαλείο δοκιμής διείσδυσης
KnowledgeSkillCompetence,http://data.europa.eu/esco/skill/7c5b66c6-36a1-4e03-bb57-64e8688b8f58,χειρισμός ιδιωτικού συνδρομητικού τηλεφωνικού κέντρου,released,skill/competence,sector-specific,λειτουργώ ιδιωτικό τηλεφωνικό κέντρο· λειτουργώ δευτερεύουσα τηλεφωνική εγκατάσταση | χειρίζομαι κλήσεις συνδρομητικού κέντρου· χειρίζομαι κλήσεις PBX· χειρίζομαι κλήσεις δευτερεύουσας τηλεφωνικής εγκατάστασης,"Χειρισμός ιδιωτικού συνδρομητικού τηλεφωνικού κέντρου (PBX), ενός τηλεπικοινωνιακού συστήματος που χρησιμοποιείται από οργανισμούς για την εναλλαγή κλήσεων μεταξύ των χρηστών με χρήση εσωτερικών γραμμών. Ταυτόχρονα, το σύστημα επιτρέπει σε όλους τους χρήστες την από κοινού χρήση εξωτερικών τηλεφωνικών γραμμών.",http://data.europa.eu/esco/skill/0a88a13f-693a-4dde-b44c-22e6f98fabc6,χειρισμός εξοπλισμού επικοινωνίας
KnowledgeSkillCompetence,http://data.europa.eu/esco/skill/7c821387-b428-4f75-b5a7-7b038aa81cfd,χρήση συστήματος διαχείρισης αποθηκών,released,skill/competence,cross-sector,,"Χρήση λογισμικού για την αποθήκευση υλικών σε αποθήκη και εκτέλεση εργασιών όπως η αποστολή, η παραλαβή και η συλλογή.
	",http://data.europa.eu/esco/skill/39499028-35bf-4d69-9275-fb98902ed88b,εργασία με υπολογιστές
KnowledgeSkillCompetence,http://data.europa.eu/esco/skill/7c939ef4-adb2-4c0c-aa27-9cc1aefd7c81,κανονιστικό πλαίσιο των υπηρεσιών βάσει της αλυσίδας συστοιχιών,released,knowledge,cross-sector,κανονιστικό πλαίσιο για τις υπηρεσίες blockchain | νομικές ρυθμίσεις για το blockchain | κανονιστικό πλαίσιο για το blockchain,"Βασικές νομικές διατάξεις σχετικά με την αλυσίδα συστοιχιών, τόσο υφιστάμενες όσο και αναδυόμενες. Στην Ευρώπη, οι σημαντικότεροι κανονισμοί θεωρείται ότι είναι οι κανονισμοί σχετικά με το ψηφιακό ευρώ και τα κρυπτοστοιχεία, καθώς και το πανευρωπαϊκό ρυθμιστικό δοκιμαστήριο για αλυσίδες συστοιχιών.
	",http://data.europa.eu/esco/isced-f/068,διεπιστημονικά προγράμματα και προσόντα που περιλαμβάνουν τεχνολογίες πληροφορικής και επικοινωνιών (τπε)
KnowledgeSkillCompetence,http://data.europa.eu/esco/skill/7c9cb75d-ca4a-47c0-a989-ec0ba65a4bf0,χρήση στοιχειοθετικού λογισμικού,released,skill/competence,sector-specific,,Χρήση εξειδικευμένων προγραμμάτων ηλεκτρονικού υπολογιστή για την οργάνωση του τύπου των κειμένων και των εικόνων προς εκτύπωση.,http://data.europa.eu/esco/skill/446a36a5-2376-439f-b46b-4a214ba0acdf,"χρήση λογισμικού επεξεργασίας κειμένου, έκδοσης και παρουσίασης"
KnowledgeSkillCompetence,http://data.europa.eu/esco/skill/7ca5d3c2-2cea-4fac-88e4-f2955c5b705c,χρήση συστημάτων τεχνολογίας των πληροφοριών,released,skill/competence,sector-specific,χρήση συστημάτων ΤΠ,"Μετάδοση και κοινοποίηση δεδομένων και λήψη εμπορικών αποφάσεων με χρήση, όπου ενδείκνυται, εσωτερικών και εξωτερικών συστημάτων τεχνολογίας των πληροφοριών.",http://data.europa.eu/esco/skill/f774131e-8f2d-43b6-8c20-7fe35fa0f0bd,"χρήση ψηφιακών εργαλείων για συνεργασία, δημιουργία περιεχομένου και επίλυση προβλημάτων"
KnowledgeSkillCompetence,http://data.europa.eu/esco/skill/7d02180a-87d1-4e25-92e1-653309c173c4,χειρισμός αυτοματοποιημένης μηχανής οπτικής επιθεώρησης,released,skill/competence,sector-specific,,"Επιθεώρηση της ποιότητας των συναρμολογημένων πλακετών τυπωμένου κυκλώματος (PCB) ή διατάξεων στερέωσης επιφάνειας (SMD) μέσω χειρισμού της αυτοματοποιημένης μηχανής οπτικής επιθεώρησης. Κατά τη διάρκεια κάθε δοκιμής, λαμβάνονται δεκάδες φωτογραφίες με ειδική συσκευή λήψης και συγκρίνονται με πλακέτες που είχαν συναρμολογηθεί προηγουμένως.",http://data.europa.eu/esco/skill/0a0532c2-ee60-4410-8e07-70e4d69370ec | http://data.europa.eu/esco/skill/57e6af87-8a6b-4ecb-88e5-7c80b582ddd7,χειρισμός αυτοματοποιημένου συστήματος ελέγχου των διαδικασιών | χρήση οργάνων και εξοπλισμού ακριβείας
KnowledgeSkillCompetence,http://data.europa.eu/esco/skill/7d10fcb2-b368-48ab-996b-7c9fafcf68ed,χρήση αυτόματου προγραμματισμού,released,skill/competence,sector-specific,χρησιμοποιώ σύστημα αυτόματου προγραμματισμού· χρησιμοποιώ συστήματα αυτόματου προγραμματισμού | εφαρμόζω αυτόματο προγραμματισμό· θέτω σε εφαρμογή σύστημα αυτόματου προγραμματισμού· θέτω σε λειτουργία συστήματα αυτόματου προγραμματισμού,"Χρησιμοποίηση εξειδικευμένων εργαλείων λογισμικού για την παραγωγή κωδικού υπολογιστή από προδιαγραφές, όπως διαγράμματα, δομημένες πληροφορίες ή άλλα μέσα περιγραφής της λειτουργικότητας.",http://data.europa.eu/esco/skill/a8c3186b-c791-4d57-8f4f-4d12c7a5c6a7,προγραμματισμός συστημάτων ηλεκτρονικών υπολογιστών
KnowledgeSkillCompetence,http://data.europa.eu/esco/skill/7d11f682-644f-44fa-ad08-d6b0d97d2f28,ανάπτυξη ναυτιλιακών διαδρομών,released,skill/competence,occupation-specific,,Ανάπτυξη συνολικού σεναρίου ταξιδιού με τη χρήση εξοπλισμού και εξειδικευμένου λογισμικού. Σχεδίαση ταξιδιών με πολλαπλές στάσεις σε λιμάνια με παράλληλη βελτιστοποίηση της χρήσης του χώρου και της χωρητικότητας του πλοίου καθ’ όλη τη διάρκεια του ταξιδιού.,http://data.europa.eu/esco/skill/cfd5ab8f-ef8a-4877-8243-ddf17ac74604,σχεδιασμός εκδηλώσεων και προγραμμάτων
KnowledgeSkillCompetence,http://data.europa.eu/esco/skill/7d5ff73e-7bea-436d-974f-3a51ce24a138,ανάπτυξη εικονικής μηχανής παιχνιδιών,released,skill/competence,sector-specific,ανάπτυξη εικονικού λογισμικού παιχνιδιών | σχεδιασμός εικονικής μηχανής παιχνιδιών | δημιουργία εικονικών προγραμμάτων παιχνιδιών,Δημιουργία εικονικού πλαισίου λογισμικού το οποίο αναφέρει περιληπτικά πληροφορίες σχετικά με την εκτέλεση εργασιών που σχετίζονται με το παιχνίδι.,http://data.europa.eu/esco/skill/a8c3186b-c791-4d57-8f4f-4d12c7a5c6a7,προγραμματισμός συστημάτων ηλεκτρονικών υπολογιστών
KnowledgeSkillCompetence,http://data.europa.eu/esco/skill/7d913551-e17a-40ba-baf7-48d0c3b12e50,προληπτική συντήρηση,released,knowledge,occupation-specific,τεχνικές προγνωστικής συντήρησης,"Η χρήση της ανάλυσης δεδομένων και του μαθηματικού υπολογισμού για τη διαχείριση και την παρακολούθηση των συνθηκών των μηχανημάτων και των διαδικασιών παραγωγής.
	",http://data.europa.eu/esco/skill/6cb9c23b-e3bc-4917-b588-26c4cef9d920 | http://data.europa.eu/esco/isced-f/079,"εργασίες συντήρησης | κλάδοι μηχανικής, μεταποίησης και κατασκευής που δεν ταξινομούνται αλλού"
KnowledgeSkillCompetence,http://data.europa.eu/esco/skill/7dde2d1d-48fa-43c9-8b48-1372b6e7cb4c,χειρισμός συστημάτων ηλεκτρονικών υπολογιστών επί του πλοίου,released,skill/competence,sector-specific,,"Χειρισμός συστημάτων ηλεκτρονικών υπολογιστών επί του πλοίου σε βαρέα φορτηγά και οχήματα, επικοινωνία με το σύστημα ηλεκτρονικών υπολογιστών διαχείρισης του ναυπηγείου.",http://data.europa.eu/esco/skill/494b8057-daf5-46a0-b33b-416e0115c30a,χρήση ψηφιακών εργαλείων για τον έλεγχο μηχανημάτων
KnowledgeSkillCompetence,http://data.europa.eu/esco/skill/7deca286-1bd6-490e-851f-82d9d410d584,"σχεδιασμός της ψηφιακής διεπαφής τυχερών παιχνιδιών, στοιχημάτων και λοταρίας",released,skill/competence,occupation-specific,,"Δημιουργία της ψηφιακής εικόνας των τυχερών παιχνιδιών, των στοιχημάτων και των τυχερών παιχνιδιών, ώστε να καταστούν ελκυστικά στο κοινό.",http://data.europa.eu/esco/skill/b590d4e5-7c62-4b4a-abc2-c270b482e0ce,σχεδιασμός συστημάτων ή εφαρμογών τπε
KnowledgeSkillCompetence,http://data.europa.eu/esco/skill/7dfbe0f3-076f-4a19-9eaa-db4d6db704b6,συνεχής ενημέρωση σχετικά με τις εξελίξεις στον τομέα των ηλεκτρονικών υπολογιστών,released,skill/competence,sector-specific,παρακολούθηση των εξελίξεων στον τομέα των ηλεκτρονικών υπολογιστών,"Συνεχής ενημέρωση σχετικά με τις τρέχουσες εξελίξεις και τάσεις όσον αφορά το υλισμικό, το λογισμικό και τα περιφερειακά ηλεκτρονικών υπολογιστών.",http://data.europa.eu/esco/skill/01e7dee7-3ff1-4807-acad-058dbed91aba | http://data.europa.eu/esco/skill/f698f8df-b473-40aa-a5c9-033cd892467a | http://data.europa.eu/esco/skill/efda73b4-5212-40a7-b2f8-d2f754ffdf2b | http://data.europa.eu/esco/skill/e2a5e046-3357-493e-bbdc-8d0ef82005cc,ενημέρωση σχετικά με τη γνώση του προϊόντος | συνεχής ενημέρωση για τους κανονισμούς | παρακολούθηση - εναρμόνιση με τις νέες τάσεις | παρακολούθηση των εξελίξεων στον τομέα της εμπειρογνωμοσύνης
KnowledgeSkillCompetence,http://data.europa.eu/esco/skill/7e1f9657-ab4e-407c-842f-b846197060e3,διενέργεια ελέγχων ΤΠΕ,released,skill/competence,sector-specific,διενέργεια αξιολόγησης συστημάτων πληροφορικής | διενέργεια λογιστικών ελέγχων στον τομέα ΤΠΕ | διενέργεια ελέγχων στα συστήματα ΤΠΕ | διενέργεια λογιστικού ελέγχου στον τομέα ΤΠΕ | διενέργεια ελέγχων διαδικασιών τεχνολογιών πληροφορικής και επικοινωνιών (ΤΠΕ) | εφαρμογή λογιστικών ελέγχων σε συστήματα ΤΠΕ | διενέργεια ελέγχων των συστημάτων ΤΠ | διενέργεια ελέγχων ασφάλειας στον κυβερνοχώρο | διενέργεια ελέγχων στον τομέα των ΤΠΕ | διενέργεια ελέγχων συμμόρφωσης των συστημάτων ΤΠ,"Οργάνωση και εκτέλεση ελέγχων για την αξιολόγηση των συστημάτων ΤΠΕ, της συμμόρφωσης των συστατικών μερών των συστημάτων, των συστημάτων επεξεργασίας πληροφοριών και της ασφάλειας των πληροφοριών. Εντοπισμός και συλλογή πιθανών κρίσιμων ζητημάτων και υπόδειξη λύσεων βάσει των απαιτούμενων προτύπων και λύσεων.",http://data.europa.eu/esco/skill/f2cf57fe-d4cb-4b4a-831d-73171cc73909 | http://data.europa.eu/esco/skill/d83cba15-8511-4d07-b89a-9fde0d1d8241,"αξιολόγηση συστημάτων, προγραμμάτων, εξοπλισμού και προϊόντων | πραγματοποίηση ελέγχων ποιότητας"
KnowledgeSkillCompetence,http://data.europa.eu/esco/skill/7e796b51-49d7-4e73-95af-2e7323763f15,σχεδιασμός βάσης δεδομένων στο υπολογιστικό νέφος,released,skill/competence,sector-specific,ανάπτυξη σχεδιασμού βάσης δεδομένων cloud | σχεδιασμός αρχιτεκτονικής δεδομένων cloud,"Εφαρμογή αρχών σχεδιασμού για προσαρμοστικές, ελαστικές, αυτοματοποιημένες, χαλαρά συνδεδεμένες βάσεις δεδομένων με τη χρήση υποδομών υπολογιστικού νέφους. Στόχευση στην αφαίρεση κάθε μεμονωμένου σημείου αστοχίας μέσω του σχεδιασμού κατανεμημένης βάσης δεδομένων.
	",http://data.europa.eu/esco/skill/b590d4e5-7c62-4b4a-abc2-c270b482e0ce,σχεδιασμός συστημάτων ή εφαρμογών τπε
KnowledgeSkillCompetence,http://data.europa.eu/esco/skill/7edd11f2-6b4a-4a76-8b82-b5c57f3d8f07,δημιουργία τρισδιάστατων κινουμένων σχεδίων οργανικών μορφών,released,skill/competence,sector-specific,δημιουργώ τρισδιάστατα οργανικά στοιχεία | δημιουργώ τρισδιάστατες οργανικές μορφές | δημιουργώ κινούμενα σχέδια προσώπων | δημιουργώ κινούμενα σχέδια προσώπων για τρισδιάστατους χαρακτήρες | εμψυχώνω τρισδιάστατους χαρακτήρες,"Δημιουργία ψηφιακών τρισδιάστατων μοντέλων οργανικών στοιχείων, όπως συναισθήματα ή κινήσεις χαρακτήρων, και τοποθέτησή τους σε τρισδιάστατο ψηφιακό περιβάλλον.",http://data.europa.eu/esco/skill/ab99d9a7-62eb-407b-92f2-bf7992a82004,δημιουργία καλλιτεχνικών σχεδίων ή παραστάσεων
KnowledgeSkillCompetence,http://data.europa.eu/esco/skill/7f0b1a66-ebaf-4c8a-b606-4c1844eb692e,απόδοση προσοχής στην ποιότητα των συστημάτων ΤΠΕ,released,skill/competence,sector-specific,διατήρηση της ποιότητας προϊόντων ΤΠΕ,"Διασφάλιση ορθής λειτουργίας η οποία συμμορφώνεται πλήρως με τις ειδικές ανάγκες και αποτελέσματα όσον αφορά την ανάπτυξη, την ολοκλήρωση, την ασφάλεια και τη συνολική διαχείριση των συστημάτων ΤΠΕ.",http://data.europa.eu/esco/skill/35ebe444-9ece-4fbc-a55d-e99ea37267ae | http://data.europa.eu/esco/skill/185c56ee-098f-46a1-af87-56337085da6f,διαχείριση ποιότητας | προστασία συσκευών τπε
KnowledgeSkillCompetence,http://data.europa.eu/esco/skill/7f27f1ff-2e17-4b69-990e-c23334478313,αξιολόγηση κινδύνων και απειλών,released,knowledge,cross-sector,,Τα έγγραφα ασφαλείας και κάθε σχετική με την ασφάλεια επικοινωνία και ενημέρωση.,http://data.europa.eu/esco/isced-f/0612,σχεδιασμός και διαχείριση βάσεων δεδομένων και δικτύων
KnowledgeSkillCompetence,http://data.europa.eu/esco/skill/7f2afce6-e98b-4bbe-8441-d52b45e28ab8,κανονισμοί τηλεπικοινωνιών,released,knowledge,sector-specific,κώδικας ηλεκτρονικών επικοινωνιών,"Κώδικας κανόνων για την προστασία των καταναλωτών τηλεπικοινωνιών, με τη διασφάλιση υψηλών προτύπων υπηρεσιών επικοινωνιών, όπως ισοδύναμη και οικονομικά προσιτή πρόσβαση, συνδεσιμότητα, διαφάνεια των συμβάσεων ή ασφάλεια έναντι κακόβουλου λογισμικού. Το κανονιστικό πλαίσιο καλύπτει διαδικτυακές και παραδοσιακές υπηρεσίες.
	",http://data.europa.eu/esco/isced-f/0714,ηλεκτρονική και αυτοματισμός
KnowledgeSkillCompetence,http://data.europa.eu/esco/skill/7fb699d9-182a-430e-b7a0-6d8ed05c284b,σχεδίαση γραφημάτων,released,knowledge,cross-sector,,Οι τεχνικές για τη δημιουργία οπτικής αναπαράστασης ιδεών και μηνυμάτων.,http://data.europa.eu/esco/isced-f/0211,τεχνικές και παραγωγή οπτικοακουστικών μέσων
KnowledgeSkillCompetence,http://data.europa.eu/esco/skill/7fc4c18a-68f3-425a-aadf-f83633be47a1,τεχνολογίες μάθησης,released,knowledge,sector-specific,τεχνολογίες διδασκαλίας· τεχνολογία μάθησης | τεχνολογικά συστήματα μάθησης· τεχνολογικά προγράμματα μάθησης· ψηφιακά κανάλια μάθησης,"Οι τεχνολογίες και οι δίαυλοι, συμπεριλαμβανομένης της ψηφιακής τεχνολογίας, για την ενίσχυση της μάθησης.",http://data.europa.eu/esco/isced-f/0111,παιδαγωγικές σπουδές
KnowledgeSkillCompetence,http://data.europa.eu/esco/skill/7ffae77a-93ce-40a3-af99-fae5729e8b15,συναρμολόγηση ρομπότ,released,skill/competence,sector-specific,,"Συναρμολόγηση ρομποτικών μηχανών, συσκευών και εξαρτημάτων σύμφωνα με μηχανολογικά σχέδια. Προγραμματισμός και εγκατάσταση των απαραίτητων εξαρτημάτων των ρομποτικών συστημάτων, όπως μονάδες ελέγχου ρομπότ, ιμάντες μεταφοράς και εργαλεία τα οποία βρίσκονται στο άκρο του βραχίονα.",http://data.europa.eu/esco/skill/87a0c0e6-c114-4ea1-b2d0-933bce1f3c5f | http://data.europa.eu/esco/skill/592525ab-b517-4c55-8c65-17e0f5d99205,συναρμολόγηση μηχανών | συναρμολόγηση ηλεκτρικών και ηλεκτρονικών προϊόντων
KnowledgeSkillCompetence,http://data.europa.eu/esco/skill/805e4fac-5325-42a2-a9e7-c6c777185a05,διαχείριση διαδικτυακών τυχερών παιχνιδιών,released,skill/competence,occupation-specific,,"Οργάνωση, συντονισμός και διαχείριση των δραστηριοτήτων διαδικτυακών τυχερών παιχνιδιών. Παρακολούθηση της δράσης στον δικτυακό τόπο τυχερών παιχνιδιών και διασφάλιση της εκτέλεσης των διαδικασιών εξυπηρέτησης πελατών σύμφωνα με τον προγραμματισμό. Συντονισμός του τεχνικού προσωπικού για τη συντήρηση του λογισμικού τυχερών παιχνιδιών και προγραμματισμός ενεργειών για την εξασφάλιση των κερδών.",http://data.europa.eu/esco/skill/4781b6b1-07bc-44be-8c2d-de0fa5db4250,διεξαγωγή δραστηριοτήτων παιχνιδιών
KnowledgeSkillCompetence,http://data.europa.eu/esco/skill/8088750d-8388-4170-a76f-48354c469c44,ασφάλεια κυβερνοχώρου,released,knowledge,sector-specific,ασφάλεια ΤΠΕ | μέθοδοι ασφάλειας κυβερνοχώρου | προστασία συστημάτων ΤΠΕ | κυβερνοασφάλεια | τεχνικές προστασίας κυβερνοχώρου | ασφάλεια ΤΠ | ασφάλεια της τεχνολογίας των πληροφοριών και των επικοινωνιών | ασφάλεια των τεχνολογιών των πληροφοριών και των επικοινωνιών | ασφάλεια πληροφορικής | κυβερνασφάλεια,"Οι μέθοδοι και οι βέλτιστες πρακτικές που προστατεύουν τα συστήματα ΤΠΕ, τα δίκτυα, τους υπολογιστές, τις συσκευές, τις υπηρεσίες, τις διαδικασίες και τα άτομα από τη μη εξουσιοδοτημένη πρόσβαση, την τροποποίηση και/ή την άρνηση υπηρεσίας στοιχείων.",http://data.europa.eu/esco/isced-f/1031,στρατός και  άμυνα
KnowledgeSkillCompetence,http://data.europa.eu/esco/skill/81086bb0-a110-470d-ba5a-2c68fc535407,διαχείριση προγράμματος κοινοποίησης δεδομένων πτήσεων,released,skill/competence,sector-specific,,"Διαχείριση των ανταλλαγών ψηφιακών δεδομένων μεταξύ ελεγκτών εναέριας κυκλοφορίας και χειριστών, ώστε να καταστεί δυνατή η αποδοτική εκτέλεση λειτουργιών των αερομεταφορών, όπως η όδευση βάσει της διαδρομής του αεροδιαδρόμου και η βελτιστοποιημένη κατανομή καθόδου. Υποστήριξη των υπηρεσιών διοίκησης και ελέγχου και πληροφοριών ασφάλειας της πτήσης μέσω της παροχής συνδεσιμότητας των δεδομένων. Παραγωγή, μετάδοση και δρομολόγηση επίγειου αυτοματοποιημένου μηνύματος.",http://data.europa.eu/esco/skill/57231a22-4da7-49c8-97b8-75672feadf1e | http://data.europa.eu/esco/skill/6a7fc30d-af16-4cc5-a957-29d174bdb61c,"διαχείριση ποσοτικών δεδομένων | διαχείριση, συλλογή και αποθήκευση ψηφιακών δεδομένων"
KnowledgeSkillCompetence,http://data.europa.eu/esco/skill/812b8819-9b7a-4df9-9c9f-1b60888d0861,ηλεκτρονικές κατασκευές κατά παραγγελία,released,knowledge,sector-specific,,Το επιχειρηματικό μοντέλο που χρησιμοποιεί λογισμικό και τεχνικές εφαρμογές για τη συγκέντρωση πληροφοριών πελατών για την παρασκευή εξατομικευμένων προϊόντων.,http://data.europa.eu/esco/isced-f/0723,"κλωστοϋφαντουργικά προϊόντα (ενδύματα, υποδήματα και δέρματα)"
KnowledgeSkillCompetence,http://data.europa.eu/esco/skill/81633a44-f1db-4a01-a940-804c6905e330,χρήση λογισμικού επεξεργασίας λέξεων,released,skill/competence,cross-sector,,"Χρήση εφαρμογών λογισμικού για τη σύνθεση, την επεξεργασία, τη μορφοποίηση και την εκτύπωση οποιουδήποτε είδους γραπτού υλικού.",http://data.europa.eu/esco/skill/d822b4b2-26c7-4bd9-970d-229c6504f615 | http://data.europa.eu/esco/skill/446a36a5-2376-439f-b46b-4a214ba0acdf,"δημιουργία ψηφιακού περιεχομένου | χρήση λογισμικού επεξεργασίας κειμένου, έκδοσης και παρουσίασης"
KnowledgeSkillCompetence,http://data.europa.eu/esco/skill/8181aa4c-42bc-4036-a3d2-5cb6bbb34239,χειρισμός περιστατικών κυβερνοασφάλειας (cyber security),released,skill/competence,sector-specific,ανταπόκριση σε κυβερνοπεριστατικά | ανάλυση συμβάντων κυβερνοασφάλειας | ανάλυση περιστατικών κυβερνοασφάλειας | ανταποκρίνεται σε κυβερνοπεριστατικά,"Ανίχνευση, εντοπισμός, ανάλυση και αντιμετώπιση περιστατικών κυβερνοασφάλειας (cyber security) στα συστήματα ή στο δίκτυο ενός οργανισμού. Περιλαμβάνει σχέδια αντιμετώπισης περιστατικών, όπως συστήματα ανίχνευσης εισβολής, ανάλυση αρχείων καταγραφής και τεκμηρίωση λεπτομερών πληροφοριών σχετικά με πιθανά περιστατικά.",http://data.europa.eu/esco/skill/802deca0-b880-4d1a-b366-e13b27621baf,συμμόρφωση με επιχειρησιακές διαδικασίες
KnowledgeSkillCompetence,http://data.europa.eu/esco/skill/818c2b89-1335-4443-ada7-e1046862e273,εγκατάσταση εξαρτημάτων αυτοματισμού,released,skill/competence,sector-specific,,Εγκατάσταση των εξαρτημάτων αυτοματισμού σύμφωνα με τις προδιαγραφές του διαγράμματος συνδεσμολογίας του κυκλώματος.,http://data.europa.eu/esco/skill/f839b1da-78b6-4466-86f4-a5798821ea20,εγκατάσταση συστημάτων πληροφορικής
KnowledgeSkillCompetence,http://data.europa.eu/esco/skill/81b082fb-9a00-4660-976a-10c985979100,IBM InfoSphere Information Server,released,knowledge,sector-specific,,"Το λογισμικό πρόγραμμα πληροφορικής IBM Information Server είναι μια πλατφόρμα για την ενσωμάτωση πληροφοριών από πολλαπλές αιτήσεις, που δημιουργήθηκαν και διατηρήθηκαν από οργανισμούς, σε μια συνεκτική και διαφανή δομή δεδομένων, την οποία ανέπτυξε η εταιρεία λογισμικού IBM.",http://data.europa.eu/esco/skill/9d0d89be-bffa-4393-b6f6-8d05bea49051 | http://data.europa.eu/esco/isced-f/0612,εργαλεία φόρτωσης μετατροπής και εξαγωγής δεδομένων | σχεδιασμός και διαχείριση βάσεων δεδομένων και δικτύων
KnowledgeSkillCompetence,http://data.europa.eu/esco/skill/8203b07a-8097-4383-aff6-603b7df7f0f4,συστήματα αυτόματων ταμειακών μηχανών,released,knowledge,occupation-specific,συστήματα ATM,"Οι διάφορες τεχνολογίες, λογισμικό, υλικό και λειτουργίες που χρησιμοποιούνται ή μπορούν να βρεθούν σε αυτόματες ταμειακές μηχανές.",http://data.europa.eu/esco/isced-f/0613,ανάπτυξη και ανάλυση λογισμικού και εφαρμογών
KnowledgeSkillCompetence,http://data.europa.eu/esco/skill/82312096-4df8-49ce-9cdd-a6e08af56b45,αξιολόγηση των υπηρεσιών πληροφόρησης με συστήματα μέτρησης,released,skill/competence,occupation-specific,,Χρήση βιβλιομετρικών και διαδικτυακών δεικτών μέτρησης για την αξιολόγηση των υπηρεσιών πληροφόρησης.,http://data.europa.eu/esco/skill/1d6c7de4-350e-4868-a47b-333b4b0d9650 | http://data.europa.eu/esco/skill/1f2950c0-ef1e-44b4-9a55-125ccd7b78af | http://data.europa.eu/esco/skill/57231a22-4da7-49c8-97b8-75672feadf1e,"αξιολόγηση δεδομένων, πληροφοριών και ψηφιακού περιεχομένου | ανάλυση και αξιολόγηση πληροφοριών και δεδομένων | διαχείριση ποσοτικών δεδομένων"
KnowledgeSkillCompetence,http://data.europa.eu/esco/skill/82313e12-9d39-47d1-b7c9-78bbd6bb50e2,λογισμικό μηχανολογικής ανάλυσης με τη βοήθεια υπολογιστή,released,knowledge,cross-sector,λογισμικό CAE,"Το λογισμικό μηχανολογικής ανάλυσης με τη βοήθεια υπολογιστή (CAE) για την ανάλυση καθηκόντων, η ανάλυση καταπονήσεων ενός πεπερασμένου στοιχείου και η υπολογιστική ρευστοδυναμική.",http://data.europa.eu/esco/isced-f/0613,ανάπτυξη και ανάλυση λογισμικού και εφαρμογών
KnowledgeSkillCompetence,http://data.europa.eu/esco/skill/82394321-7f35-4a29-b2fa-4a58f66258f5,προσομοίωση προβλημάτων μεταφοράς,released,skill/competence,cross-sector,,"Εφαρμογή δεδομένων σχετικά με τις μεταφορές σε λογισμικό και μοντέλα πληροφορικής για την προσομοίωση προβλημάτων μεταφοράς, όπως οι κυκλοφοριακές συμφορήσεις, με σκοπό την εύρεση καινοτόμων λύσεων.",http://data.europa.eu/esco/skill/a432ffcd-b58d-4417-836c-ea3282b626ca | http://data.europa.eu/esco/skill/b1115b14-fa16-4c1e-be6c-91fd49a1808b,εκτέλεση προσομοιώσεων | χρήση εργαλείων σχεδιασμού και σχεδίασης με τη βοήθεια ηλεκτρονικού υπολογιστή
KnowledgeSkillCompetence,http://data.europa.eu/esco/skill/82de2df7-0d6c-42b1-94ac-b3e9a029e917,χρήση εργαλείων για τη δημιουργία αντιγράφων ασφαλείας και την ανάκτηση δεδομένων,released,skill/competence,cross-sector,,"Χρήση εργαλείων που επιτρέπουν στους χρήστες να αντιγράφουν και να αρχειοθετούν το λογισμικό, ρυθμίσεις και τα δεδομένα υπολογιστών και να τα ανακτούν σε περίπτωση βλάβης.",http://data.europa.eu/esco/skill/185c56ee-098f-46a1-af87-56337085da6f,προστασία συσκευών τπε
KnowledgeSkillCompetence,http://data.europa.eu/esco/skill/8300443c-c793-4102-bff5-aa917a0cb39f,ορισμός οδικού χάρτη για την αλυσίδα συστοιχιών (blockchain) στις εφαρμογές,released,skill/competence,cross-sector,εφαρμογή έξυπνων συμβολαίων | kατάρτιση τήρηση οδικού για την εισαγωγή της τεχνολογίας αλυσίδας συστοιχιών (blockchain) σε εφαρμογές,"Kατάρτιση και τήρηση οδικού για την εισαγωγή της τεχνολογίας αλυσίδας συστοιχιών (blockchain) σε συγκεκριμένη εφαρμογή. Προσδιορισμός των βασικών δράσεων και ρόλων που απαιτούνται, καθώς και των βασικών οροσήμων και παραδοτέων που πρέπει να επιτευχθούν.",http://data.europa.eu/esco/skill/b590d4e5-7c62-4b4a-abc2-c270b482e0ce,σχεδιασμός συστημάτων ή εφαρμογών τπε
KnowledgeSkillCompetence,http://data.europa.eu/esco/skill/83218cac-3599-417e-93d2-26013cdccd98,μοντελοποίηση προσανατολισμένη στις υπηρεσίες,released,knowledge,sector-specific,δημιουργία μοντέλων με βάση τις υπηρεσίες | κατάρτιση μοντέλων υπηρεσιών ΤΠΕ | μοντελοποίηση βασισμένη στις υπηρεσίες | ανάπτυξη μοντέλων με προσανατολισμό στις υπηρεσίες | μοντέλα υπηρεσιών ΤΠΕ | μοντελοποίηση με γνώμονα τις υπηρεσίες,"Οι αρχές και τα θεμελιώδη στοιχεία της μοντελοποίησης προσανατολισμένης στις υπηρεσίες για συστήματα επιχειρήσεων και λογισμικού, τα οποία επιτρέπουν τον σχεδιασμό και τον προσδιορισμό επιχειρηματικών συστημάτων προσανατολισμένων στις υπηρεσίες στο πλαίσιο διαφόρων αρχιτεκτονικών μορφών, όπως η αρχιτεκτονική της επιχείρησης και η αρχιτεκτονική εφαρμογών.",http://data.europa.eu/esco/isced-f/0612,σχεδιασμός και διαχείριση βάσεων δεδομένων και δικτύων
KnowledgeSkillCompetence,http://data.europa.eu/esco/skill/8327754d-3990-4056-b07e-4faa49cfcd26,καινοτομία στον τομέα των ΤΠΕ,released,skill/competence,sector-specific,εφαρμόζω καινοτόμες ιδέες στον τομέα των ΤΠΕ | πρωτοτυπώ στον τομέα των ΤΠΕ | καινοτομώ στα συστήματα ΤΠΕ | παρέχω καινοτομίες στον τομέα των ΤΠΕ | καινοτομώ στις υπηρεσίες ΤΠΕ,"Δημιουργία και περιγραφή νέων ιδεών για την έρευνα και την καινοτομία στον τομέα των τεχνολογιών πληροφοριών και επικοινωνιών, σύγκριση με τις αναδυόμενες τεχνολογίες και τάσεις και σχεδιασμός της ανάπτυξης νέων ιδεών.",http://data.europa.eu/esco/skill/f975091a-e5a5-4472-ac17-11680e53e98f | http://data.europa.eu/esco/skill/c2a0c52c-0b4b-4180-a918-92650ea3b458 | http://data.europa.eu/esco/skill/ab877a24-335d-4676-b366-c5c06651481a,"εφαρμογή καινοτομιών στις τρέχουσες πρακτικές | καινοτόμος σκέψη | επικοινωνία, συνεργασία και δημιουργικότητα"
KnowledgeSkillCompetence,http://data.europa.eu/esco/skill/8359bd04-d2cb-4757-af1f-39a921df9efe,αφαίρεση ιού ή κακόβουλου λογισμικού από ηλεκτρονικό υπολογιστή,released,skill/competence,cross-sector,,Εκτέλεση ενεργειών για την αφαίρεση ιών ή άλλων τύπων κακόβουλου λογισμικού από ηλεκτρονικό υπολογιστή.,http://data.europa.eu/esco/skill/185c56ee-098f-46a1-af87-56337085da6f,προστασία συσκευών τπε
KnowledgeSkillCompetence,http://data.europa.eu/esco/skill/8369c2d6-c100-4cf6-bd83-9668d8678433,χρήση μηχανικής μάθησης,released,skill/competence,sector-specific,,"Χρήση τεχνικών και αλγορίθμων που μπορούν να εξάγουν γνώση από δεδομένα, να μαθαίνουν από αυτά και να κάνουν προβλέψεις, για τη βελτιστοποίηση προγραμμάτων, την προσαρμογή των εφαρμογών, την αναγνώριση προτύπων, το φιλτράρισμα, τις μηχανές αναζήτησης και την υπολογιστική όραση.",http://data.europa.eu/esco/skill/a8c3186b-c791-4d57-8f4f-4d12c7a5c6a7,προγραμματισμός συστημάτων ηλεκτρονικών υπολογιστών
KnowledgeSkillCompetence,http://data.europa.eu/esco/skill/8369ede5-4200-4a44-be2e-bc60ef959259,Microsoft Visual C++,released,knowledge,sector-specific,,"Το πρόγραμμα ηλεκτρονικού υπολογιστή Visual C++ είναι μια σειρά εργαλείων ανάπτυξης λογισμικού για τη σύνταξη προγραμμάτων, όπως μεταγλωττιστή, αποσφαλματωτή, συντάκτης κώδικα, εργαλείου επισήμανσης κώδικα, τα οποία είναι συσκευασμένα σε μια ενοποιημένη διεπαφή χρήστη. Αναπτύσσεται από την εταιρεία λογισμικού Microsoft.",http://data.europa.eu/esco/skill/925463a7-d51f-4d5b-9f79-4d28cf30acde | http://data.europa.eu/esco/isced-f/0611,ολοκληρωμένο περιβάλλον ανάπτυξης λογισμικού | χρήση υπολογιστών
KnowledgeSkillCompetence,http://data.europa.eu/esco/skill/83934f53-5ffa-478f-9f8f-b779e9b4fc7a,τεχνολογίες αυτοεξυπηρέτησης στον τουρισμό,released,knowledge,sector-specific,,"Η εφαρμογή τεχνολογιών αυτοεξυπηρέτησης στον τουριστικό κλάδο: πραγματοποίηση ηλεκτρονικών κρατήσεων, πραγματοποίηση ελέγχων άφιξης σε ξενοδοχεία και ελέγχων εισιτηρίων σε αεροπορικές εταιρείες από τους ίδιους τους πελάτες, παροχή στους πελάτες της δυνατότητας να πραγματοποιούν και να ολοκληρώνουν κρατήσεις μόνοι τους με τη χρήση ψηφιακών εργαλείων.
	",http://data.europa.eu/esco/isced-f/0619,τεχνολογίες πληροφορικής και επικοινωνιών που δεν ταξινομούνται αλλού
KnowledgeSkillCompetence,http://data.europa.eu/esco/skill/83b33952-3872-46ec-9a2e-b28f91303a7e,επίβλεψη της ανάπτυξης λογισμικού,released,skill/competence,sector-specific,επιβλέπω την ανάπτυξη προγραμμάτων λογισμικού | ελέγχω την ανάπτυξη λογισμικού | επιβλέπω την ανάπτυξη εφαρμογών | παρακολουθώ την ανάπτυξη λογισμικού | ασκώ γενικό έλεγχο στην ανάπτυξη λογισμικού,"Οργάνωση, σχεδιασμός και επίβλεψη της ανάπτυξης εφαρμογών και πλαισίων με σκοπό τη δημιουργία προϊόντος λογισμικού, από τα πρώτα στάδια του σχεδιασμού έως την τελική δοκιμή του προϊόντος.",http://data.europa.eu/esco/skill/aab9f44d-fe0e-46d8-a470-11ce82a64846,εποπτεία ομάδας
KnowledgeSkillCompetence,http://data.europa.eu/esco/skill/83b493c8-4837-41e3-9800-cff1df06cf38,ρύθμιση συστημάτων ενσωμάτωσης μέσων,released,skill/competence,occupation-specific,,"Καθορισμός και ρύθμιση της σχέσης μεταξύ εισερχόμενων και εξερχόμενων σημάτων για εφαρμογές τεχνών του θεάματος και εκδηλώσεων. Χρήση λογισμικού οπτικού προγραμματισμού, μετάφραση των χρησιμοποιούμενων πρωτοκόλλων σημάτων, σύνδεση, συγχώνευση ή διαχωρισμός ροών δεδομένων.
	",http://data.europa.eu/esco/skill/8ddcb295-707e-459c-ba6a-66ffb37835c5,χειρισμός οπτικοακουστικού εξοπλισμού
KnowledgeSkillCompetence,http://data.europa.eu/esco/skill/84251cb1-babf-4d17-a3cd-baa642c24c8d,IBM Informix,released,knowledge,sector-specific,,"Το πρόγραμμα ηλεκτρονικού υπολογιστή IBM Informix είναι εργαλείο δημιουργίας, επικαιροποίησης και διαχείρισης βάσεων δεδομένων, που αναπτύχθηκε από την εταιρεία λογισμικού IBM.",http://data.europa.eu/esco/skill/ab1e97ed-2319-4293-a8b7-072d2648822f | http://data.europa.eu/esco/isced-f/0612,συστήματα διαχείρισης βάσεων δεδομένων | σχεδιασμός και διαχείριση βάσεων δεδομένων και δικτύων
KnowledgeSkillCompetence,http://data.europa.eu/esco/skill/84f583f4-f32a-4202-9b92-e25f0c978410,βασικό λογισμικό τραπεζικής,released,knowledge,sector-specific,βασική τραπεζική εφαρμογή,"Η επιλογή λογισμικού για τη διαχείριση βασικών δραστηριοτήτων τραπεζικής (π.χ. καταθέσεις, πληρωμές, δάνεια, τραπεζικές συναλλαγές, δεδομένα πελατών) και άλλων λειτουργιών που σχετίζονται με τον τραπεζικό τομέα.
	",http://data.europa.eu/esco/isced-f/0611,χρήση υπολογιστών
KnowledgeSkillCompetence,http://data.europa.eu/esco/skill/84f58e3d-8669-4d83-8c1d-5dd1e73a654f,δημιουργία διαγραμμάτων βάσης δεδομένων,released,skill/competence,sector-specific,σχεδιασμός μοντέλων βάσης δεδομένων | κατάρτιση σχεδίου βάσης δεδομένων | σχεδιασμός προτύπων βάσης δεδομένων | δημιουργία μοντέλων βάσης δεδομένων | δημιουργία υποδειγμάτων βάσης δεδομένων,Ανάπτυξη μοντέλων και διαγραμμάτων σχεδιασμού βάσεων δεδομένων τα οποία καθορίζουν τη δομή μιας βάσης δεδομένων με τη χρήση εργαλείων μοντελοποίησης λογισμικού προς εφαρμογή σε περαιτέρω διαδικασίες.,http://data.europa.eu/esco/skill/29fb0fb5-dfc4-4098-ac9b-3a712000f48f | http://data.europa.eu/esco/skill/4463a721-69f3-413d-8321-43e3af13a4f1 | http://data.europa.eu/esco/skill/b590d4e5-7c62-4b4a-abc2-c270b482e0ce,διαχείριση της βάσης δεδομένων | χρήση βάσεων δεδομένων | σχεδιασμός συστημάτων ή εφαρμογών τπε
KnowledgeSkillCompetence,http://data.europa.eu/esco/skill/84f73180-4a45-49f4-9140-cb49bbc29531,ρύθμιση των οργάνων χειρισμού του σαρωτή,released,skill/competence,sector-specific,,"Χρήση ποντικιού, πληκτρολογίου ή άλλων οργάνων χειρισμού για την ακριβή ρύθμιση του σαρωτή.",http://data.europa.eu/esco/skill/a1a032e1-4b7a-4603-8516-43d83707ffac | http://data.europa.eu/esco/skill/494b8057-daf5-46a0-b33b-416e0115c30a,προσαρμογή των οργάνων χειρισμού της μηχανής | χρήση ψηφιακών εργαλείων για τον έλεγχο μηχανημάτων
KnowledgeSkillCompetence,http://data.europa.eu/esco/skill/85038d57-1fdd-40de-b908-2c005545a8c3,SketchBook Pro,released,knowledge,sector-specific,,Το πρόγραμμα ηλεκτρονικού υπολογιστή Program Pro είναι ένα εργαλείο γραφικών ΤΠΕ που επιτρέπει την ψηφιακή επεξεργασία και σύνθεση γραφικών για τη δημιουργία γραφικών ράστερ 2D καθώς και γραφικών διανύσματος 2D. Αναπτύσσεται από την εταιρεία λογισμικού Autodesk.,http://data.europa.eu/esco/isced-f/0611 | http://data.europa.eu/esco/skill/a71577b2-7550-4222-88ee-dcbd2d881516,χρήση υπολογιστών | λογισμικό επεξεργασίας γραφικών
KnowledgeSkillCompetence,http://data.europa.eu/esco/skill/8542b62b-18b1-4c7f-9d4e-e717c10fbd72,παραγωγή σχεδίων υφασμάτων,released,skill/competence,sector-specific,,"Σχεδιασμός σκαριφημάτων για σχέδια υφασμάτων με το χέρι ή με υπολογιστή, με χρήση εξειδικευμένου λογισμικού σχεδιασμού με τη βοήθεια υπολογιστή (CAD).",http://data.europa.eu/esco/skill/883eab8c-d8a6-4e8b-9b11-7d9001e172ab,σχεδιασμός συστημάτων και προϊόντων
KnowledgeSkillCompetence,http://data.europa.eu/esco/skill/85616cc4-98bf-4355-9cf1-72ff11752848,ανάπτυξη οδηγών εργαλείων ΤΠΕ,released,skill/competence,occupation-specific,ανάπτυξη οδηγών συσκευών ΤΠΕ | ανάπτυξη προγράμματος οδήγησης συσκευών ΤΠΕ,Δημιουργία προγράμματος λογισμικού το οποίο ελέγχει τη λειτουργία ενός εργαλείου ΤΠΕ και την αλληλεπίδρασή του με άλλες εφαρμογές.,http://data.europa.eu/esco/skill/a8c3186b-c791-4d57-8f4f-4d12c7a5c6a7,προγραμματισμός συστημάτων ηλεκτρονικών υπολογιστών
KnowledgeSkillCompetence,http://data.europa.eu/esco/skill/85a67bc3-708c-4eab-86f6-4529d01d12a6,συμβολή στην ανάπτυξη βιομετρικών συστημάτων,released,skill/competence,occupation-specific,,Συμβολή στην ανάπτυξη ή τη βελτιστοποίηση τεχνολογικών συστημάτων τα οποία βασίζονται σε συγκεκριμένα βιολογικά δεδομένα που υφίστανται επεξεργασία μέσω αλγορίθμων για την ταυτοποίηση προσώπων.,http://data.europa.eu/esco/skill/b590d4e5-7c62-4b4a-abc2-c270b482e0ce,σχεδιασμός συστημάτων ή εφαρμογών τπε
KnowledgeSkillCompetence,http://data.europa.eu/esco/skill/85f46538-ae70-498a-bfbc-b8ddafe96c7d,επίπεδα δοκιμών λογισμικού,released,knowledge,sector-specific,βαθμίδες δοκιμών λογισμικού· κλάσεις δοκιμών λογισμικού | επίπεδα δοκιμασιών λογισμικού· βαθμίδες ελέγχων λογισμικού· κλάσεις εξέτασης λογισμικού· στάδια ελέγχων λογισμικού,"Τα επίπεδα δοκιμών κατά τη διαδικασία ανάπτυξης λογισμικού, όπως οι δοκιμές μονάδας, οι δοκιμές ενσωμάτωσης, οι δοκιμές συστημάτων και οι δοκιμές αποδοχής.",http://data.europa.eu/esco/isced-f/0613,ανάπτυξη και ανάλυση λογισμικού και εφαρμογών
KnowledgeSkillCompetence,http://data.europa.eu/esco/skill/861313ba-3a1a-4d33-842a-1b8e45e2415b,διαχείριση μετάπτωσης από πεπαλαιωμένα συστήματα σε νεώτερα συστήματα ΤΠΕ,released,skill/competence,sector-specific,διαχείριση του αντικτύπου κληροδοτημένου συστήματος ΤΠΕ | διαχείριση των επιπτώσεων κληροδοτημένων συστημάτων ΤΠΕ,"Επίβλεψη της διαδικασίας μετάπτωσης από πεπαλαιωμένο (απαρχαιωμένο σύστημα) σε νεώτερο σύστημα με τη χαρτογράφηση, τη διασύνδεση, τη συγχώνευση, την τεκμηρίωση και τον μετασχηματισμό δεδομένων.",http://data.europa.eu/esco/skill/6a7fc30d-af16-4cc5-a957-29d174bdb61c,"διαχείριση, συλλογή και αποθήκευση ψηφιακών δεδομένων"
KnowledgeSkillCompetence,http://data.europa.eu/esco/skill/861cc783-6d4c-442e-9081-3a6e389be454,εγκατάσταση εξοπλισμού ηλεκτρονικών επικοινωνιών,released,skill/competence,sector-specific,τοποθετώ εξοπλισμό ηλεκτρονικών επικοινωνιών· πραγματοποιώ εγκατάσταση συσκευών ηλεκτρονικών επικοινωνιών· διευθετώ εξοπλισμό ηλεκτρονικής επικοινωνίας | εγκαθιστώ συσκευές ηλεκτρονικών επικοινωνιών· εγκαθιστώ υποδομές ηλεκτρονικής επικοινωνίας,Εγκατάσταση και ανάπτυξη εξοπλισμού ψηφιακών και αναλογικών ηλεκτρονικών επικοινωνιών. Κατανόηση των ηλεκτρονικών διαγραμμάτων και των προδιαγραφών του εξοπλισμού.,http://data.europa.eu/esco/skill/52797dce-911c-4e6d-b0cb-491f6469014f | http://data.europa.eu/esco/skill/a7065828-10aa-4aba-b7d4-f23a30df5060,"εγκατάσταση ηλεκτρικού και ηλεκτρονικού εξοπλισμού | εγκατάσταση και επισκευή εξοπλισμού ηλεκτρικού, ηλεκτρονικού και ακριβείας"
KnowledgeSkillCompetence,http://data.europa.eu/esco/skill/8645704c-a896-4ac1-8189-9ac5586d5c3a,προετοιμασία αναλυτικών σχεδίων εργασίας για τον εσωτερικό σχεδιασμό,released,skill/competence,sector-specific,,Προετοιμασία αρκετά αναλυτικών σχεδίων εργασίας ή ψηφιακών εικόνων με τη χρήση λογισμικού για τη μετάδοση ρεαλιστικής προεπισκόπησης του έργου εσωτερικού σχεδιασμού.,http://data.europa.eu/esco/skill/ac51e567-2261-48c7-b0cb-97c07fc60b6c | http://data.europa.eu/esco/skill/a556a3db-cd48-42a5-825c-f95f6f5ccbfe,ανάπτυξη ειδικού εσωτερικού σχεδιασμού | δημιουργία διατάξεων οπτικής απεικόνισης και διακοσμήσεων
KnowledgeSkillCompetence,http://data.europa.eu/esco/skill/867137fb-ff1b-4ca3-99f3-cb6969aa2c68,TypeScript,released,knowledge,sector-specific,,"Οι τεχνικές και οι αρχές ανάπτυξης λογισμικού, όπως η ανάλυση, οι αλγόριθμοι, η κωδικοποίηση, οι δοκιμές και η καταγραφή των υποδειγμάτων προγραμματισμού TypeScript.",http://data.europa.eu/esco/skill/21d2f96d-35f7-4e3f-9745-c533d2dd6e97 | http://data.europa.eu/esco/isced-f/0613,προγραμματισμός ηλεκτρονικών υπολογιστών | ανάπτυξη και ανάλυση λογισμικού και εφαρμογών
KnowledgeSkillCompetence,http://data.europa.eu/esco/skill/8682024b-2c8b-4de4-8cd7-23ea6169da57,χειρισμός γεννήτριας σημάτων,released,skill/competence,cross-sector,χειρίζομαι εξομοιωτή σημάτων | λειτουργώ γεννήτρια συχνότητας | λειτουργώ γεννήτρια τόνων | θέτω σε λειτουργία γεννήτρια ψηφιακών μορφών | χειρίζομαι μηχανή σημάτων,"Χειρισμός ηλεκτρονικών συσκευών ή λογισμικού γεννητριών τόνου οι οποίες παράγουν ψηφιακά ή αναλογικά επαναλαμβανόμενα ή μη ηλεκτρονικά σήματα με σκοπό τον σχεδιασμό, τον έλεγχο και την επισκευή ηλεκτρονικού και ακουστικού εξοπλισμού.",http://data.europa.eu/esco/skill/4d6a48ae-352e-4823-bc3a-3f3e9e2cae86,πρόσβαση και ανάλυση ψηφιακών δεδομένων
KnowledgeSkillCompetence,http://data.europa.eu/esco/skill/8696aff0-18c0-4ba6-a4d0-9a21861b3e5e,πρότυπα Κοινοπραξία Παγκόσμιου Ιστού,released,knowledge,cross-sector,τεχνικές προδιαγραφές της Κοινοπραξίας παγκόσμιου ιστού | πρότυπα του διεθνούς οργανισμού World Wide Web Consortium | απαιτήσεις της Κοινοπραξίας παγκόσμιου ιστού | πρότυπα W3C | κατευθυντήριες γραμμές της Κοινοπραξίας παγκόσμιου ιστού·,"Τα πρότυπα, οι τεχνικές προδιαγραφές και οι κατευθυντήριες γραμμές που αναπτύχθηκαν από τη διεθνή οργάνωση World Wide Web Consortium (W3C) για τον σχεδιασμό και την ανάπτυξη διαδικτυακών εφαρμογών.",http://data.europa.eu/esco/isced-f/0613,ανάπτυξη και ανάλυση λογισμικού και εφαρμογών
KnowledgeSkillCompetence,http://data.europa.eu/esco/skill/86f7126d-97fd-4da5-be96-d1cf6ecd54e6,Microsoft Visio,released,knowledge,sector-specific,,Το πρόγραμμα ηλεκτρονικού υπολογιστή Microsoft Visio είναι ένα γραφικό εργαλείο ΤΠΕ που επιτρέπει την ψηφιακή επεξεργασία και σύνθεση γραφικών για τη δημιουργία γραφικών ράστερ 2D και γραφικών διανύσματος 2D. Αναπτύσσεται από την εταιρεία λογισμικού Microsoft.,http://data.europa.eu/esco/isced-f/0611 | http://data.europa.eu/esco/skill/a71577b2-7550-4222-88ee-dcbd2d881516,χρήση υπολογιστών | λογισμικό επεξεργασίας γραφικών
KnowledgeSkillCompetence,http://data.europa.eu/esco/skill/8759c352-8b00-498f-985a-935f13e1b043,βοηθητικά μέσα,released,knowledge,cross-sector,εξοπλισμός για τη διευκόλυνση της κινητικότητας | βοηθητικές τεχνολογίες | βοηθητικός εξοπλισμός | μέσα υποβοήθησης ατόμων με ειδικές ανάγκες,Ο τομέας που ασχολείται με τα άτομα που χρήζουν συνοδείας ζώου και τη λειτουργία βοηθητικών συσκευών και τεχνολογιών.,http://data.europa.eu/esco/isced-f/0921,φροντίδα των ηλικιωμένων και των ενηλίκων με αναπηρίες
KnowledgeSkillCompetence,http://data.europa.eu/esco/skill/8764d4b1-e069-44f2-8baa-fb1eee1850ec,Oracle Application Development Framework,released,knowledge,sector-specific,,"Το περιβάλλον ανάπτυξης του λογισμικού πλαισίου Java, το οποίο παρέχει συγκεκριμένα χαρακτηριστικά και στοιχεία (όπως ενισχυμένα χαρακτηριστικά αναβάθμισης, οπτικό και δηλωτικό προγραμματισμό) που στηρίζουν και καθοδηγούν των ανάπτυξη εφαρμογών για επιχειρήσεις.",http://data.europa.eu/esco/skill/24c200e5-be20-4370-a137-ab53797f3a17 | http://data.europa.eu/esco/isced-f/0613,περιβάλλον ανάπτυξης λογισμικού | ανάπτυξη και ανάλυση λογισμικού και εφαρμογών
KnowledgeSkillCompetence,http://data.europa.eu/esco/skill/8785ccda-6f9f-4cf3-9033-fda10653d0be,JSSS,released,knowledge,sector-specific,,"Η γλώσσα ηλεκτρονικών υπολογιστών JSSS είναι γλώσσα φύλλου μοντέλου που μεταφέρει την παρουσίαση δομημένων εγγράφων. Τα έγγραφα αυτά πρέπει να προσκολλώνται στα φύλλα μοντέλα, ένα σύνολο κανόνων μοντέλου, όπως η γραμματοσειρά, το χρώμα και η σελιδοποίηση.",http://data.europa.eu/esco/skill/c2999f0c-eb37-4cdf-b9b0-82107b628794 | http://data.europa.eu/esco/isced-f/0612,γλώσσες μορφοποίησης σελίδων | σχεδιασμός και διαχείριση βάσεων δεδομένων και δικτύων
KnowledgeSkillCompetence,http://data.europa.eu/esco/skill/87f31087-4c7c-4a71-b7b8-4039d94b4c12,ανάλυση τρισδιάστατων πρωτοτύπων ρουχισμού,released,skill/competence,occupation-specific,ρυθμίστε το τρισδιάστατο πρωτότυπο | οθόνη του 3d πρωτοτύπου,"Ανάλυση του πρωτοτύπου προκειμένου να προσαρμοστεί το σχέδιο των στοιχείων ένδυσης στο τρισδιάστατο άβαταρ.
	",http://data.europa.eu/esco/skill/a556a3db-cd48-42a5-825c-f95f6f5ccbfe,δημιουργία διατάξεων οπτικής απεικόνισης και διακοσμήσεων
KnowledgeSkillCompetence,http://data.europa.eu/esco/skill/88564d2d-2dc9-4789-864a-f9cb73f389ec,τήρηση απαιτήσεων εισαγωγής δεδομένων,released,skill/competence,sector-specific,τηρώ προϋποθέσεις καταχώρισης δεδομένων | εφαρμόζω απαιτήσεις εισαγωγής δεδομένων | εκπληρώνω απαιτήσεις καταγραφής δεδομένων | τηρώ διαδικασίες καταχώρισης δεδομένων | συμμορφώνομαι με απαιτήσεις καταχώρισης δεδομένων,Διαμόρφωση προϋποθέσεων για εισαγωγή δεδομένων. Παρακολούθηση διαδικασιών και εφαρμογή τεχνικών του προγράμματος δεδομένων.,http://data.europa.eu/esco/skill/9bdf8a77-8524-43da-bac6-d15d22e1b7ed,εισαγωγή και μετατροπή πληροφοριών
KnowledgeSkillCompetence,http://data.europa.eu/esco/skill/88b9ac3d-1c1d-44d1-9584-c4f5dd2503b3,βελτίωση της ευχέρειας χρήσης,released,skill/competence,occupation-specific,βελτίωση της φιλικότητας προς τον χρήστη,"Έρευνα και δοκιμή νέων μεθόδων για τη διευκόλυνση της χρήσης και της κατανόησης ενός προϊόντος, όπως ένας δικτυακός τόπος ή ένας χάρτης.",http://data.europa.eu/esco/skill/b590d4e5-7c62-4b4a-abc2-c270b482e0ce,σχεδιασμός συστημάτων ή εφαρμογών τπε
KnowledgeSkillCompetence,http://data.europa.eu/esco/skill/89227433-950f-4d9d-b0b0-abc33356ab42,τήρηση μηχανογραφημένων συστημάτων ελέγχου λειτουργίας μεταφορών,released,skill/competence,occupation-specific,,"Τήρηση ψηφιακών συστημάτων ελέγχου λειτουργίας για τη διασφάλιση μεταφοράς δεδομένων μεταξύ των λεωφορείων, παρακολούθηση πληροφορίας σε πραγματικό χρόνο σχετικά με την υποδομή, τις συνθήκες κυκλοφορίας, τους φωτεινούς σηματοδότες, ανακοινώσεις με ηχογραφημένα μηνύματα στα λεωφορεία και παροχή πληροφοριών σε πραγματικό χρόνο στους επιβάτες.",http://data.europa.eu/esco/skill/6a7fc30d-af16-4cc5-a957-29d174bdb61c,"διαχείριση, συλλογή και αποθήκευση ψηφιακών δεδομένων"
KnowledgeSkillCompetence,http://data.europa.eu/esco/skill/8975edb1-d2cb-4c49-a3c0-3b21a9ab8797,χειρισμός της μηχανής διάτρησης που ελέγχεται ψηφιακά μέσω ηλεκτρονικού υπολογιστή,released,skill/competence,cross-sector,,"Χειρισμός ψηφιακά ελεγχόμενης (CNC) μηχανής διάτρησης σχεδιασμένης για διαδικασίες κατασκευής που περιλαμβάνουν κοπή σε μεταλλικά, ξύλινα, πλαστικά και άλλα υλικά, και παρακολούθηση και χειρισμός σύμφωνα με τους κανονισμούς.",http://data.europa.eu/esco/skill/494b8057-daf5-46a0-b33b-416e0115c30a,χρήση ψηφιακών εργαλείων για τον έλεγχο μηχανημάτων
KnowledgeSkillCompetence,http://data.europa.eu/esco/skill/897b393f-e7e0-4248-a40d-d77119694e83,κατανεμημένη πληροφορική,released,knowledge,sector-specific,κατανεμημένο σύστημα πληροφορικής· κατανεμημένος υπολογισμός | κατανεμημένα υπολογιστικά συστήματα· παράλληλα και κατανεμημένα συστήματα· ταυτόχρονα πληροφοριακά συστήματα,Η διαδικασία λογισμικού εντός της οποίας τα στοιχεία του υπολογιστή αλληλεπιδρούν μέσω δικτύου και στέλνουν μηνύματα για την επικοινωνιακή προβολή των δράσεών τους.,http://data.europa.eu/esco/isced-f/0612,σχεδιασμός και διαχείριση βάσεων δεδομένων και δικτύων
KnowledgeSkillCompetence,http://data.europa.eu/esco/skill/89839842-a111-411f-b64a-94354d6118e0,κβαντική τεχνολογία,released,knowledge,sector-specific,αρχές κβαντικής τεχνολογίας | αρχές της κβαντικής τεχνολογίας,"Η τεχνολογία που λειτουργεί μέσω των αρχών της κβαντικής μηχανικής, όπως η κβαντική διεμπλοκή και η κβαντική υπέρθεση.
	",http://data.europa.eu/esco/isced-f/0588,"διεπιστημονικά προγράμματα και προσόντα που περιλαμβάνουν φυσικές επιστήμες, μαθηματικά και στατιστική"
KnowledgeSkillCompetence,http://data.europa.eu/esco/skill/89d574b8-f0ea-4ae8-9008-f575e37e9f11,υλοποίηση έξυπνων συμβάσεων,released,skill/competence,cross-sector,εφαρμογή έξυπνων συμβολαίων | εφαρμογή έξυπνων συμβάσεων,"Εφαρμογή έξυπνων συμβολαίων για διάφορες εφαρμογές, στα πιο σημαντικά πλαίσια έξυπνων συμβολαίων όπως το Bitcoin και το Ethereum, και στις πιο κατάλληλες γλώσσες προγραμματισμού όπως οι Solidity, Rust, JavaScript, Vyper και Yul.",http://data.europa.eu/esco/skill/b590d4e5-7c62-4b4a-abc2-c270b482e0ce,σχεδιασμός συστημάτων ή εφαρμογών τπε
KnowledgeSkillCompetence,http://data.europa.eu/esco/skill/89f6560b-2194-45c9-9ece-d33049a73eef,μηχανoλογία με υπολογιστές,released,knowledge,cross-sector,,"Ο κλάδος της μηχανολογίας που συνδυάζει την πληροφορική με την ηλεκτρολογία για την ανάπτυξη υλικού και λογισμικού ηλεκτρονικών υπολογιστών. Η μηχανoλογία με υπολογιστές ασχολείται με την ηλεκτρονική, τον σχεδιασμό λογισμικού και την ενσωμάτωση υλικού και λογισμικού.",http://data.europa.eu/esco/isced-f/0714,ηλεκτρονική και αυτοματισμός
KnowledgeSkillCompetence,http://data.europa.eu/esco/skill/8a16ada9-2794-4c81-bb48-5ec1cfbcf1db,χρήση τηλεκινηματογράφου,released,skill/competence,sector-specific,,"Χειρισμός συστήματος λυχνίας καθοδικών ακτινών (CRT) ή διάταξης συζευγμένου φορτίου (CCD), που παράγει λευκό φως σε εικόνες με χρώμα σε φιλμ, εκθέτοντάς τους σε αυτό το φως.",http://data.europa.eu/esco/skill/8ddcb295-707e-459c-ba6a-66ffb37835c5,χειρισμός οπτικοακουστικού εξοπλισμού
KnowledgeSkillCompetence,http://data.europa.eu/esco/skill/8a211052-4bec-49c2-9b4e-7914c37d21b4,μικροεπεξεργαστές,released,knowledge,cross-sector,,Επεξεργαστές ηλεκτρονικού υπολογιστή σε μικροκλίμακα που ενσωματώνουν την κεντρική μονάδα επεξεργασίας (CPU) σε ενιαίο ολοκληρωμένο κύκλωμα (τσιπ).,http://data.europa.eu/esco/isced-f/0611,χρήση υπολογιστών
KnowledgeSkillCompetence,http://data.europa.eu/esco/skill/8a30eb28-eca0-4ab6-8c05-32c47d3e0dd6,BlackArch,released,knowledge,sector-specific,,Η διανομή BlackArch Linux είναι ένα εργαλείο δοκιμών διείσδυσης το οποίο δοκιμάζει τις αδυναμίες του συστήματος στον τομέα της ασφάλειας για τη δυνητικά μη εξουσιοδοτημένη πρόσβαση σε πληροφορίες του συστήματος.,http://data.europa.eu/esco/isced-f/0613 | http://data.europa.eu/esco/skill/de586dcf-d7e5-4340-bf5b-d59026f1b436,ανάπτυξη και ανάλυση λογισμικού και εφαρμογών | εργαλείο δοκιμής διείσδυσης
KnowledgeSkillCompetence,http://data.europa.eu/esco/skill/8a6394d1-f44f-4b0d-81d5-7201fc025ba8,ανάπτυξη πλάνου ηλεκτρονικής μάθησης,released,skill/competence,cross-sector,ανάπτυξη σχεδίου ηλεκτρονικής μάθησης | ανάπτυξη σχεδίων ηλεκτρονικής μάθησης | ανάπτυξη στρατηγικής e-learning | κατάρτιση σχεδίου ηλεκτρονικής μάθησης | ανάπτυξη πλάνου ηλεκτρονικής κατάρτισης,"Δημιουργία στρατηγικού σχεδίου για τη μεγιστοποίηση των αποτελεσμάτων της εκπαιδευτικής τεχνολογίας, τόσο εντός του οργανισμού όσο και εκτός.",http://data.europa.eu/esco/skill/7e0b93e0-0de7-4607-b07f-27a6828d3ff0,ανάπτυξη εκπαιδευτικών προγραμμάτων
KnowledgeSkillCompetence,http://data.europa.eu/esco/skill/8a7a0d46-d88a-4ab0-bfa4-d861a82bab3c,χειρισμός απομακρυσμένου εξοπλισμού παραγωγής μεταδόσεων,released,skill/competence,sector-specific,χειρίζομαι εξ αποστάσεως εξοπλισμό παραγωγής ζωντανών μεταδόσεων· χειρίζομαι απομακρυσμένο εξοπλισμό παραγωγής ζωντανών μεταδόσεων | λειτουργώ απομακρυσμένο εξοπλισμό παραγωγής μεταδόσεων· λειτουργώ εξ αποστάσεως εξοπλισμό παραγωγής ζωντανών μεταδόσεων· θέτω σε λειτουργία απομακρυσμένο εξοπλισμό παραγωγής ζωντανών μεταδόσεων,Χειρισμός του εξοπλισμού που χρησιμοποιείται για τη μετάδοση από τοποθεσίες που απέχουν πολύ από τον κεντρικό σταθμό. Η μονάδα συλλογής RPU είναι το συνηθέστερο εργαλείο για αυτή την επικοινωνία.,http://data.europa.eu/esco/skill/af529b5d-a055-4dfa-a386-1b1c1c8670e3 | http://data.europa.eu/esco/skill/0256f6b0-f4a9-4c5e-9cfd-96d58a2a70fe | http://data.europa.eu/esco/skill/0a88a13f-693a-4dde-b44c-22e6f98fabc6,χειρισμός εξοπλισμού εκπομπής | χειρισμός εξοπλισμού ασύρματης επικοινωνίας | χειρισμός εξοπλισμού επικοινωνίας
KnowledgeSkillCompetence,http://data.europa.eu/esco/skill/8afe68ff-b261-4fa8-ab25-bb30b0e5c292,γραφικά κίνησης,released,knowledge,cross-sector,,"Οι τεχνικές και το λογισμικό που προορίζονται να δημιουργήσουν την ψευδαίσθηση κίνησης, όπως η κλειδοπλαισιοποίηση, το Adobe After Effects και το Nuke.",http://data.europa.eu/esco/isced-f/0211,τεχνικές και παραγωγή οπτικοακουστικών μέσων
KnowledgeSkillCompetence,http://data.europa.eu/esco/skill/8b94aa1e-89c9-459d-b3b4-1dfab8dec2df,χρήση βιβλιοθηκών λογισμικού,released,skill/competence,sector-specific,συμβουλεύομαι τις βιβλιοθήκες λογισμικού | χρησιμοποιώ πακέτα λογισμικού | αξιοποιώ τις βιβλιοθήκες λογισμικού | ανατρέχω στις βιβλιοθήκες λογισμικού | χρησιμοποιώ βιβλιοθήκη λογισμικού,Χρήση συλλογών με κωδικούς και πακέτα λογισμικού που αποτυπώνουν διαδικασίες που χρησιμοποιούνται συχνά για να βοηθήσουν τους προγραμματιστές να απλουστεύσουν την εργασία τους.,http://data.europa.eu/esco/skill/6a7fc30d-af16-4cc5-a957-29d174bdb61c,"διαχείριση, συλλογή και αποθήκευση ψηφιακών δεδομένων"
KnowledgeSkillCompetence,http://data.europa.eu/esco/skill/8bbdb795-0deb-478f-91e4-5238867ed8ba,ορολογία της αλυσίδας συστοιχιών,released,knowledge,sector-specific,ορολογία του blockchain,"Οι όροι που χρησιμοποιούνται στον τομέα της αλυσίδας συστοιχιών, μεταξύ των οποίων λογαριασμός, βεβαίωση, Byzantine fault, νόμισμα, συναίνεση, κρυπτο-, αποκεντρωμένη εφαρμογή (DApp), αποκεντρωμένη χρηματοδότηση (DeFi), ψηφιακή ταυτότητα, κατανεμημένο καθολικό, κρυπτογράφηση, αιθέρας (Ethereum), εξέλιξη τύπου fork, Hyperledger, Merkle trie, εξόρυξη, κόμβος, NFT, απόδειξη αρχής, απόδειξη συμμετοχής, απόδειξη εργασίας, δημόσια/ιδιωτική αλυσίδα συστοιχιών, έλλειψη εμπιστοσύνης, απόδειξη εγκυρότητας, επίθεση 51 % κ.λπ.
	",http://data.europa.eu/esco/isced-f/0612,σχεδιασμός και διαχείριση βάσεων δεδομένων και δικτύων
KnowledgeSkillCompetence,http://data.europa.eu/esco/skill/8bc3c77c-30c3-45e6-bd61-069ba433ecfe,υποδομή λογισμικού ηλεκτρονικής μάθησης,released,knowledge,sector-specific,προγράμματα λογισμικού ηλεκτρονικής μάθησης | υποδομή λογισμικού ηλεκτρονικής κατάρτισης | υποδομές και εφαρμογές λογισμικού ηλεκτρονικής μάθησης | υποδομές λογισμικού ηλεκτρονικής μάθησης | εφαρμογές λογισμικού e-learning,"Οι ιδιότητες και οι προδιαγραφές υποδομής που απαιτούνται για τη δημιουργία περιβάλλοντος ηλεκτρονικής μάθησης, το οποίο παρέχει μαθησιακές εμπειρίες στο κοινό.",http://data.europa.eu/esco/isced-f/0613,ανάπτυξη και ανάλυση λογισμικού και εφαρμογών
KnowledgeSkillCompetence,http://data.europa.eu/esco/skill/8c88d336-c249-4537-b26e-d679a85c4b9b,Ajax Framework,released,knowledge,sector-specific,,Το περιβάλλον ανάπτυξης λογισμικού Ajax που παρέχει ειδικά χαρακτηριστικά και στοιχεία που στηρίζουν και κατευθύνουν την ανάπτυξη εφαρμογών διαδικτύου.,http://data.europa.eu/esco/skill/24c200e5-be20-4370-a137-ab53797f3a17 | http://data.europa.eu/esco/isced-f/0613,περιβάλλον ανάπτυξης λογισμικού | ανάπτυξη και ανάλυση λογισμικού και εφαρμογών
KnowledgeSkillCompetence,http://data.europa.eu/esco/skill/8ca08a35-2d2e-46f5-b440-8fc8ce736287,εφαρμογή γεωργικών τεχνικών ακρίβειας,released,skill/competence,sector-specific,,"Χρήση σύγχρονων τεχνολογιών και εξοπλισμού με συστήματα εντοπισμού θέσης υψηλής ακρίβειας, γεωχαρτογράφησης και/ή αυτοματοποιημένων συστημάτων καθοδήγησης για γεωργικές δραστηριότητες.",http://data.europa.eu/esco/skill/64acded2-d944-4f85-a703-cfe9375f706a,χειρισμός γεωργικού ή δασοκομικού εξοπλισμού
KnowledgeSkillCompetence,http://data.europa.eu/esco/skill/8d17898e-cd9c-444d-b084-8708a5447747,χειρισμός ιατρικού απεικονιστικού εξοπλισμού,released,skill/competence,sector-specific,,"Παραγωγή ιατρικών εικόνων υψηλής ποιότητας με τη χρήση τεχνολογικά προηγμένου ιατρικού εξοπλισμού απεικόνισης, όπως η αξονική τομογραφία (CT), η μαγνητική τομογραφία (MRI), τα κινητά μηχανήματα ακτίνων Χ, το υπερηχογράφημα (US), η πυρηνική ιατρική με την τομογραφία εκπομπής ποζιτρονίων (PET) και η υπολογιστική τομογραφία εκπομπής φωτονίου (SPECT).",http://data.europa.eu/esco/skill/872c0ddb-f056-4f51-afac-fc3d6fae0f5b,χειρισμός ιατρικού εξοπλισμού
KnowledgeSkillCompetence,http://data.europa.eu/esco/skill/8dcc1c68-1ebe-412b-b437-cab3c26da509,καταγραφή δεδομένων από βιοϊατρικές εξετάσεις,released,skill/competence,cross-sector,,"Χρήση τεχνολογίας πληροφοριών για την ακριβή καταγραφή και ανάλυση δεδομένων από βιοϊατρικές δοκιμές, σύνταξη εκθέσεων σχετικά με τα δεδομένα και ανταλλαγή των αποτελεσμάτων με τα κατάλληλα πρόσωπα.",http://data.europa.eu/esco/skill/6a7fc30d-af16-4cc5-a957-29d174bdb61c | http://data.europa.eu/esco/skill/561c2525-5bd8-4d86-8f45-820f4be7db93 | http://data.europa.eu/esco/skill/328733a7-6d84-420d-a65c-2a8014fadc60,"διαχείριση, συλλογή και αποθήκευση ψηφιακών δεδομένων | κοινοποίηση των πορισμάτων των δοκιμών | καταχώριση των δεδομένων δοκιμής"
KnowledgeSkillCompetence,http://data.europa.eu/esco/skill/8deb6cb7-15e3-4fd7-a9eb-644c23de95fa,χρήση προγράμματος υπολογιστή στενογραφίας,released,skill/competence,cross-sector,,Χρήση λογισμικών στενογραφίας προκειμένου να γραφούν και να μεταφραστούν χαρακτήρες στενογραφίας και να τοποθετηθούν σε παραδοσιακά ευανάγνωστα απομαγνητοφωνημένα κείμενα.,http://data.europa.eu/esco/skill/7df4c2c2-6d09-498d-9ad5-eb4ac6f4db1a | http://data.europa.eu/esco/skill/446a36a5-2376-439f-b46b-4a214ba0acdf,"χρήση στενογραφίας | χρήση λογισμικού επεξεργασίας κειμένου, έκδοσης και παρουσίασης"
KnowledgeSkillCompetence,http://data.europa.eu/esco/skill/8e46491b-7ae4-4add-bb6f-b8854e73c914,συντήρηση του αυτοματοποιημένου εξοπλισμού φωτισμού,released,skill/competence,sector-specific,,"Εγκατάσταση, έλεγχος και επισκευή εξοπλισμού αυτόματου φωτισμού και συντήρηση του λογισμικού του.",http://data.europa.eu/esco/skill/9f436e91-bc51-4d18-a3c7-17c1271e2ed0 | http://data.europa.eu/esco/skill/ec0401f1-f690-46be-934b-f6f5611085f5,"συντήρηση εξοπλισμού φωτισμού | συντήρηση εξοπλισμού ηλεκτρικού, ηλεκτρονικού και ακριβείας"
KnowledgeSkillCompetence,http://data.europa.eu/esco/skill/8e91c9b3-45de-4db2-91df-138d10031cf0,καταγραφή στοιχείων ανάγνωσης πομπού,released,skill/competence,sector-specific,,"Παρατηρήσεις σχετικά με τον αποστολέα καταγραφής, όπως οι βαθμονομήσεις εξοπλισμού τηλεχειριστηρίου, οι μετρήσεις επιδόσεων εξοπλισμού, οι μετρήσεις ισχύος της κεραίας και άλλες ενδείξεις.",http://data.europa.eu/esco/skill/be6ab363-3de1-427f-a8ef-85d5b0250822 | http://data.europa.eu/esco/skill/29dcc31e-a8d6-4a62-b3c1-2de81e966e39,αναφορά γεγονότων | συγκέντρωση πληροφοριών από φυσικές ή ηλεκτρονικές πηγές
KnowledgeSkillCompetence,http://data.europa.eu/esco/skill/8ee39fb7-8b46-490e-ae21-6e8b32854dd6,διαχείριση συστημάτων λογισμικού αποστολών,released,skill/competence,sector-specific,,"Διαχείριση συστημάτων λογισμικού αποστολών για την εκτέλεση καθηκόντων, όπως η παραγωγή εντολής εργασίας, ο σχεδιασμός διαδρομής και άλλες δραστηριότητες.",http://data.europa.eu/esco/skill/494b8057-daf5-46a0-b33b-416e0115c30a,χρήση ψηφιακών εργαλείων για τον έλεγχο μηχανημάτων
KnowledgeSkillCompetence,http://data.europa.eu/esco/skill/8efa6a7a-6556-4cb8-908d-59d3b5c58d2f,παρακολούθηση και αναφορά στο υπολογιστικό νέφος,released,knowledge,sector-specific,παρακολούθηση νέφους | παρακολούθηση και αναφορά cloud computing | αναφορά cloud,"Οι μετρήσεις και οι ενδείξεις ειδοποίησης που αξιοποιούν τις υπηρεσίες παρακολούθησης του υπολογιστικού νέφους, ιδίως μετρήσεις επιδόσεων και διαθεσιμότητας.
	",http://data.europa.eu/esco/skill/bd14968e-e409-45af-b362-3495ed7b10e0 | http://data.europa.eu/esco/isced-f/0612,τεχνολογίες νέφους | σχεδιασμός και διαχείριση βάσεων δεδομένων και δικτύων
KnowledgeSkillCompetence,http://data.europa.eu/esco/skill/8f113113-aa20-48f7-8da1-ac0051505d03,ανάλυση αποτελεσμάτων δοκιμών ελέγχου γάλακτος,released,skill/competence,occupation-specific,,Ανάλυση και τεκμηρίωση των αποτελεσμάτων δοκιμών ελέγχου γάλακτος σε σχέση με τα επαγγελματικά πρότυπα και τις επιχειρηματικές απαιτήσεις. Αποτελεσματική χρήση του λογισμικού ελέγχου του γάλακτος και ερμηνεία των αποτελεσμάτων.,http://data.europa.eu/esco/skill/ec528c47-65f4-4187-9dc1-5a8889f84a06 | http://data.europa.eu/esco/skill/57231a22-4da7-49c8-97b8-75672feadf1e,ανάλυση επιχειρηματικών δραστηριοτήτων | διαχείριση ποσοτικών δεδομένων
KnowledgeSkillCompetence,http://data.europa.eu/esco/skill/8f32e02a-9290-47ab-ad28-6567bfc2f17a,διαδικασία σχεδίασης συστημάτων βασισμένων σε blockchain,released,skill/competence,sector-specific,διαδικασία σχεδιασμού για την τεχνολογία blockchain | σχεδιασμός συστήματος που βασίζεται σε blockchain | διαδικασία σχεδιασμού για την αρχιτεκτονική εφαρμογών blockchain | σχεδιασμός ενός συστήματος που βασίζεται σε blockchain,"Διαδικασίες σχεδιασμού για συστήματα που βασίζονται σε blockchain, οι οποίες περιλαμβάνουν τη σαφή αναγνώριση των προβλημάτων που θα επιλυθούν μέσω blockchain, τον καθορισμό των επιχειρηματικών απαιτήσεων, την αναγνώριση ενός μηχανισμού συναίνεσης, την επιλογή της καταλληλότερης πλατφόρμας blockchain, τον σχεδιασμό των κόμβων blockchain, τον προγραμματισμό της διαμόρφωσης blockchain, την κατασκευή APIs blockchain, τον σχεδιασμό διεπαφών χρήστη και την ενσωμάτωση επιταχυντών για βελτιστοποίηση.",http://data.europa.eu/esco/skill/b590d4e5-7c62-4b4a-abc2-c270b482e0ce,σχεδιασμός συστημάτων ή εφαρμογών τπε
KnowledgeSkillCompetence,http://data.europa.eu/esco/skill/8f6ed69b-29d0-4c01-81ba-f05920a185f3,ψηφιακή επιμέλεια,released,knowledge,occupation-specific,επιμέλεια ψηφιακής έρευνας,"Το πεδίο που ασχολείται με τη συντήρηση, τη διατήρηση και την απόδοση προστιθέμενης αξίας στην ψηφιακή έρευνα.
	",http://data.europa.eu/esco/isced-f/0322,"υπηρεσίες βιβλιοθηκών,  πληροφοριών και αρχειακών μελετών"
KnowledgeSkillCompetence,http://data.europa.eu/esco/skill/8f849584-2326-4e7b-9a3e-d40d7cdb729f,χειρισμός ενιαίου κέντρου ηλεκτρονικού ελέγχου αμαξοστοιχιών,released,skill/competence,occupation-specific,,"Λειτουργία ολοκληρωμένων κέντρων ηλεκτρονικού ελέγχου, όπου οι υπεύθυνοι σηματοδότησης εφαρμόζουν σύγχρονα τεχνολογικά συστήματα και εξοπλισμό για τον έλεγχο της εξέλιξης της αμαξοστοιχίας σε μεγάλα τμήματα της σιδηροδρομικής γραμμής.",http://data.europa.eu/esco/skill/494b8057-daf5-46a0-b33b-416e0115c30a,χρήση ψηφιακών εργαλείων για τον έλεγχο μηχανημάτων
KnowledgeSkillCompetence,http://data.europa.eu/esco/skill/8fa510d0-a8a6-4932-a361-00f8442cfe23,Wireshark,released,knowledge,sector-specific,,"Το εργαλείο Wireshark είναι ένα εργαλείο δοκιμών διείσδυσης το οποίο αξιολογεί τις αδυναμίες στον τομέα της ασφάλειας, αναλύει τα πρωτόκολλα δικτύων μέσω της επιθεώρησης σε βάθος πρωτοκόλλου, της ζωντανής δέσμευσης, της εμφάνισης φίλτρων, της ανάλυσης offline, της ανάλυσης VoIP, της αποκρυπτογράφησης πρωτοκόλλου.",http://data.europa.eu/esco/isced-f/0613 | http://data.europa.eu/esco/skill/de586dcf-d7e5-4340-bf5b-d59026f1b436,ανάπτυξη και ανάλυση λογισμικού και εφαρμογών | εργαλείο δοκιμής διείσδυσης
KnowledgeSkillCompetence,http://data.europa.eu/esco/skill/8fa840f7-e66a-4370-8e6d-7d554260c31c,πρόβλεψη μελλοντικών αναγκών δικτύου ΤΠΕ,released,skill/competence,sector-specific,πρόβλεψη μελλοντικών απαιτήσεων δικτύου ΤΠΕ,Προσδιορισμός της τρέχουσας κυκλοφορίας δεδομένων και εκτίμηση του τρόπου με τον οποίο η ανάπτυξη θα επηρεάσει το δίκτυο ΤΠΕ.,http://data.europa.eu/esco/skill/42fcf80d-7b45-40f3-bd2f-5411c4c0dfa0 | http://data.europa.eu/esco/skill/ec528c47-65f4-4187-9dc1-5a8889f84a06,προσδιορισμός τεχνολογικών αναγκών | ανάλυση επιχειρηματικών δραστηριοτήτων
KnowledgeSkillCompetence,http://data.europa.eu/esco/skill/8fb72af6-c2a9-4b12-aaf0-f5dbd4a9db9e,ερμηνεία γραφικών αναπαραστάσεων του μηχανήματος ανίχνευσης ατελειών σιδηροδρομικού υλικού,released,skill/competence,occupation-specific,,"Ανάγνωση, ανάλυση και ερμηνεία των γραφικών αναπαραστάσεων του μηχανήματος ανίχνευσης ατελειών σιδηροδρομικού υλικού, με σκοπό τον εντοπισμό σφαλμάτων ή ατελειών σε σιδηροδρομικές γραμμές.",http://data.europa.eu/esco/skill/7dd94ad3-13d6-43fe-8b94-51fcbf67ced9 | http://data.europa.eu/esco/skill/d34ed027-4050-4612-b70e-e4242cdbdcc1 | http://data.europa.eu/esco/skill/f2cf57fe-d4cb-4b4a-831d-73171cc73909 | http://data.europa.eu/esco/skill/ea99e1f2-ad03-4bb3-8960-1227fc76bb2a | http://data.europa.eu/esco/skill/21743bbb-e44a-4ad5-bfbe-293405285375,"κριτική σκέψη | εντοπισμός δυσλειτουργιών στις σιδηροτροχιές | αξιολόγηση συστημάτων, προγραμμάτων, εξοπλισμού και προϊόντων | ερμηνεία διεπαφών επικοινωνίας με γραφικά | χειρισμός μηχανήματος ανίχνευσης ατελειών σιδηροδρομικού υλικού"
KnowledgeSkillCompetence,http://data.europa.eu/esco/skill/8ff015a0-98ea-4d80-a23e-1f68110a919e,μεθοδολογίες σχεδιασμού λογισμικού,released,knowledge,sector-specific,μεθοδολογίες σχεδιασμού συστημάτων λογισμικού | μέθοδοι ανάπτυξης λογισμικού | τρόποι ανάπτυξης συστημάτων λογισμικού | τεχνικές ανάπτυξης λογισμικού | μεθοδολογίες σχεδιασμού εφαρμογών λογισμικού,"Οι μεθοδολογίες, όπως το Scrum, το V-model, και το Watershall, για τον σχεδιασμό συστημάτων και εφαρμογών λογισμικού.",http://data.europa.eu/esco/isced-f/0613,ανάπτυξη και ανάλυση λογισμικού και εφαρμογών
KnowledgeSkillCompetence,http://data.europa.eu/esco/skill/8ff314a8-57d7-4b8c-bf41-79f9572fedd0,χρήση ψηφιακών τεχνικών απεικόνισης,released,skill/competence,sector-specific,,Δημιουργία σχεδίων με τη χρήση ψηφιακών προγραμμάτων εικονογράφησης και τεχνικών.,http://data.europa.eu/esco/skill/b1115b14-fa16-4c1e-be6c-91fd49a1808b,χρήση εργαλείων σχεδιασμού και σχεδίασης με τη βοήθεια ηλεκτρονικού υπολογιστή
KnowledgeSkillCompetence,http://data.europa.eu/esco/skill/90227e81-a1f1-47ae-8e8a-453fb5661f08,χρήση τρισδιάστατων σαρωτών για ενδύματα,released,skill/competence,sector-specific,,Χρήση διαφόρων τρισδιάστατων σαρωτών σώματος και λογισμικών για την αποτύπωση του σχήματος και του μεγέθους του ανθρώπινου σώματος με σκοπό την παραγωγή τρισδιάστατων μοντέλων σώματος για τη δημιουργία εικονικών χαρακτήρων και μοντέλων (κούκλων βιτρίνας).,http://data.europa.eu/esco/skill/c8f4aad2-ea23-49a2-9708-a6049c2d28ce,χρήση εξοπλισμού μέτρησης ακριβείας
KnowledgeSkillCompetence,http://data.europa.eu/esco/skill/902fb91c-3113-4004-9b4f-79aa86b638b7,απειλές κατά της ασφάλειας διαδικτυακών εφαρμογών,released,knowledge,sector-specific,απειλές κατά της ασφάλειας επιγραμμικών εφαρμογών | προσβολές κατά της ασφάλειας ηλεκτρονικών εφαρμογών | λογισμικό ασφάλειας διαδικτυακών εφαρμογών ανοιχτού κώδικα | απειλές κατά της ασφάλειας ηλεκτρονικών εφαρμογών | επιθέσεις κατά της ασφάλειας διαδικτυακών εφαρμογών,"Οι επιθέσεις, οι φορείς, οι εμφανιζόμενες απειλές στους δικτυακούς τόπους, οι διαδικτυακές εφαρμογές και οι διαδικτυακές υπηρεσίες, η ταξινόμηση της σοβαρότητάς τους που προσδιορίζεται από ειδικές κοινότητες όπως η OWASP.",http://data.europa.eu/esco/isced-f/0611,χρήση υπολογιστών
KnowledgeSkillCompetence,http://data.europa.eu/esco/skill/9035afc4-5317-455d-ab60-f32e2ecc6bfc,πλατφόρμες αλυσίδων συστοιχιών (blockchain),released,knowledge,sector-specific,blockchain οικοσυστήματα,"Οι διάφορες ολοκληρωμένες υποδομές, καθεμία με τα δικά της χαρακτηριστικά, που επιτρέπουν την ανάπτυξη εφαρμογών αλυσίδων συστοιχιών. Για παράδειγμα: multichain, ehtereum, hyperledger, corda, ripple, openchain κ.λπ.
	",http://data.europa.eu/esco/isced-f/0613,ανάπτυξη και ανάλυση λογισμικού και εφαρμογών
KnowledgeSkillCompetence,http://data.europa.eu/esco/skill/906323f4-00c4-4c3b-ab5a-8af77be3456e,δημιουργία συνόλων δεδομένων,released,skill/competence,cross-sector,,"Δημιουργία μιας συλλογής νέων ή υφιστάμενων συνόλων δεδομένων που αποτελούνται από χωριστά στοιχεία, αλλά μπορούν να χειραγωγηθούν ως ενιαία μονάδα.",http://data.europa.eu/esco/skill/4463a721-69f3-413d-8321-43e3af13a4f1 | http://data.europa.eu/esco/skill/32c017fd-28ab-4051-bf68-74de952c2f77,χρήση βάσεων δεδομένων | διαχείριση πληροφοριών
KnowledgeSkillCompetence,http://data.europa.eu/esco/skill/906ef09c-959c-42de-8c65-6e11c73c3570,διενέργεια αναλύσεων γεωτεχνικών κατασκευών με τη βοήθεια ηλεκτρονικού υπολογιστή,released,skill/competence,sector-specific,,Χρήση εξειδικευμένων ψηφιακών βάσεων δεδομένων και εκπόνηση αναλύσεων των γεωτεχνικών δομών με τη βοήθεια ηλεκτρονικού υπολογιστή.,http://data.europa.eu/esco/skill/6a7fc30d-af16-4cc5-a957-29d174bdb61c,"διαχείριση, συλλογή και αποθήκευση ψηφιακών δεδομένων"
KnowledgeSkillCompetence,http://data.europa.eu/esco/skill/90be83d9-56f1-46a4-a6bc-96c51f6c9025,απόκτηση απαραίτητου υλικού και λογισμικού,released,skill/competence,sector-specific,απόκτηση εξαρτημάτων του συστήματος | απόκτηση εξοπλισμού του συστήματος,"Απόκτηση εξαρτημάτων υλισμικού, λογισμικού ή δικτύων που αντιστοιχούν σε άλλα εξαρτήματα του συστήματος για την επέκτασή τους και εκτέλεση των αναγκαίων δραστηριοτήτων.",http://data.europa.eu/esco/skill/f839b1da-78b6-4466-86f4-a5798821ea20,εγκατάσταση συστημάτων πληροφορικής
KnowledgeSkillCompetence,http://data.europa.eu/esco/skill/90f9dc0c-f9c0-45a7-9fb4-20a7e4ca4632,αναβαθμίσεις τμημάτων συστήματος εναέριου χώρου,released,knowledge,occupation-specific,,Οι αναβαθμίσεις τμημάτων συστήματος εναέριου χώρου (ASBU) ορίζει μια δέσμη μέτρων που μπορούν να εφαρμοστούν για τη βελτίωση της λειτουργικότητας του συστήματος ΑΤΜ.,http://data.europa.eu/esco/isced-f/1041,υπηρεσίες μεταφορών
KnowledgeSkillCompetence,http://data.europa.eu/esco/skill/9136cbf1-7916-4f1c-bc9a-0318ee1d6016,αλληλεπίδραση ανθρώπου-υπολογιστή,released,knowledge,sector-specific,διάδραση ανθρώπου-υπολογιστή | αλληλεπίδραση μεταξύ χρήστη και ηλεκτρονικού υπολογιστή | διάδραση μεταξύ ανθρώπου και υπολογιστή | διαδράσεις μεταξύ χρηστών και υπολογιστών | αλληλεπίδραση μεταξύ ανθρώπου και υπολογιστή,Μελέτη της συμπεριφοράς και της αλληλεπίδρασης μεταξύ ψηφιακών συσκευών και ανθρώπων.,http://data.europa.eu/esco/isced-f/0611,χρήση υπολογιστών
KnowledgeSkillCompetence,http://data.europa.eu/esco/skill/913e4f09-6b22-4f36-9a32-b4508ec824fe,συντήρηση του εξοπλισμού προβολής,released,skill/competence,occupation-specific,,"Συντήρηση, δοκιμή και επισκευή του εξοπλισμού προβολής για τη διασφάλιση της ποιότητας των εικόνων και του ήχου.",http://data.europa.eu/esco/skill/5033c2fb-ec55-4b8e-b0a4-9379593f1e1c | http://data.europa.eu/esco/skill/ec0401f1-f690-46be-934b-f6f5611085f5,"συντήρηση εξοπλισμού | συντήρηση εξοπλισμού ηλεκτρικού, ηλεκτρονικού και ακριβείας"
KnowledgeSkillCompetence,http://data.europa.eu/esco/skill/913e7e83-b8f8-4574-b1ca-1b38f3fd974a,διενέργεια δοκιμών λογισμικού,released,skill/competence,sector-specific,διενέργεια ελέγχων λογισμικού | διενέργεια δοκιμών σε εφαρμογές λογισμικού,"Διενέργεια δοκιμών για να διασφαλίζεται ότι ένα προϊόν λογισμικού θα λειτουργεί τέλεια, σύμφωνα με τις συγκεκριμένες απαιτήσεις των πελατών, και προσδιορισμός των ελαττωμάτων (σφαλμάτων κώδικα) και των δυσλειτουργιών, με τη χρήση εξειδικευμένων εργαλείων λογισμικού και τεχνικών ελέγχου.
	",http://data.europa.eu/esco/skill/465ff64a-1271-4064-8ed1-e969cb68d8b4 | http://data.europa.eu/esco/skill/ce354460-500e-4eaa-8e95-8f243fcea3db | http://data.europa.eu/esco/skill/5d74614d-32c8-4ca4-9818-6980e52424b1 | http://data.europa.eu/esco/skill/a8c3186b-c791-4d57-8f4f-4d12c7a5c6a7,διενέργεια δοκιμαστικής λειτουργίας | διεξαγωγή δοκιμών συστήματος | σχεδιασμός δοκιμών λογισμικού | προγραμματισμός συστημάτων ηλεκτρονικών υπολογιστών
KnowledgeSkillCompetence,http://data.europa.eu/esco/skill/9156104b-9bcb-4c22-aaa8-02e3e990ebc7,θαλάσσιες τηλεπικοινωνίες,released,knowledge,sector-specific,,"Γνώση της μετάδοσης, του ραδιοτηλεοπτικού εξοπλισμού και της συνολικής λειτουργίας των τηλεπικοινωνιακών συστημάτων.",http://data.europa.eu/esco/isced-f/0714,ηλεκτρονική και αυτοματισμός
KnowledgeSkillCompetence,http://data.europa.eu/esco/skill/9190d87f-9792-42e0-bb7f-64294a656bcd,παρακολούθηση των επιδόσεων του συστήματος,released,skill/competence,sector-specific,ανάλυση της αποδοτικότητας του συστήματος | έλεγχος των επιδόσεων του συστήματος | παρακολούθηση της απόδοσης συστήματος | αξιολόγηση της αποτελεσματικότητας του συστήματος,"Μέτρηση της αξιοπιστίας και των επιδόσεων του συστήματος πριν, κατά τη διάρκεια και μετά την ενσωμάτωση των εξαρτημάτων και κατά τη λειτουργία και τη συντήρηση του συστήματος. Επιλογή και χρήση εργαλείων και τεχνικών παρακολούθησης των επιδόσεων, όπως ειδικά λογισμικά.",http://data.europa.eu/esco/skill/6d0cad66-82dd-4854-a03a-68232942c68d,εγκατάσταση ξύλινων και μεταλλικών στοιχείων
KnowledgeSkillCompetence,http://data.europa.eu/esco/skill/91aade3a-9427-4e80-998b-29492dcb9ffd,χρήση συστημάτων για την επιτήρηση των ταμιευτήρων,released,skill/competence,sector-specific,,"Κατανόηση και ορθή λειτουργία του συστήματος επιτήρησης των ταμιευτήρων και της απομακρυσμένης τεχνολογίας ανίχνευσης, παρακολούθηση του επιπέδου ανίχνευσης και λήψη απόφασης σχετικά με τις μηχανολογικές παρεμβάσεις, εάν είναι απαραίτητο.",http://data.europa.eu/esco/skill/15fa3879-ac0e-46e6-ae36-609bae9c19c3,παρακολούθηση επιχειρησιακών δραστηριοτήτων
KnowledgeSkillCompetence,http://data.europa.eu/esco/skill/91ba97f5-7518-4638-b2d2-308996db3cf8,πραγματοποίηση επιμέλειας φωτογραφιών,released,skill/competence,cross-sector,,"Επεξεργασία διαφόρων ειδών εικόνων, όπως αναλογικές και ψηφιακές φωτογραφίες ή εικονογραφήσεις.",http://data.europa.eu/esco/skill/c53a55a1-8b2b-4d2c-b12d-626742a3833a,χρήση ψηφιακών εργαλείων για την επεξεργασία ήχου και εικόνας
KnowledgeSkillCompetence,http://data.europa.eu/esco/skill/925463a7-d51f-4d5b-9f79-4d28cf30acde,ολοκληρωμένο περιβάλλον ανάπτυξης λογισμικού,released,knowledge,sector-specific,σουίτα λογισμικού για την ανάπτυξη προγραμμάτων υπολογιστή | πρόγραμμα ολοκληρωμένου περιβάλλοντος ανάπτυξης | εφαρμογές ολοκληρωμένου περιβάλλοντος ανάπτυξης | σουίτα λογισμικού για την ανάπτυξη υπολογιστικών προγραμμάτων | σουίτα εφαρμογών ολοκληρωμένου περιβάλλοντος ανάπτυξης,"Το σύνολο των εργαλείων ανάπτυξης λογισμικού για τη σύνταξη προγραμμάτων, όπως μεταγλωττιστής, αποσφαλματωτής, συντάκτης κώδικα, εργαλείο επισήμανσης κώδικα, τα οποία είναι συσκευασμένα σε μια ενοποιημένη διεπαφή χρήστη, όπως το Visual Studio ή το Eclose.",http://data.europa.eu/esco/isced-f/0612,σχεδιασμός και διαχείριση βάσεων δεδομένων και δικτύων
KnowledgeSkillCompetence,http://data.europa.eu/esco/skill/9295d1c5-8d7d-423e-a6ce-dfbc1d991f88,εφαρμογή της ψηφιακής χαρτογράφησης,released,skill/competence,cross-sector,,Χαρτογράφηση μέσω μορφοποίησης συγκεντρωμένων δεδομένων σε ψηφιακή εικόνα που παρέχει ακριβή αναπαράσταση συγκεκριμένου χώρου.,http://data.europa.eu/esco/skill/5af49836-2269-46d9-87b9-0d3140c6c22e | http://data.europa.eu/esco/skill/b1115b14-fa16-4c1e-be6c-91fd49a1808b,προσαρμογή και ενσωμάτωση ψηφιακού περιεχομένου | χρήση εργαλείων σχεδιασμού και σχεδίασης με τη βοήθεια ηλεκτρονικού υπολογιστή
KnowledgeSkillCompetence,http://data.europa.eu/esco/skill/930c5458-9b5d-4438-bef6-fc69c2c08548,επίβλεψη των συστημάτων αισθητήρων και καταγραφής του αεροσκάφους,released,skill/competence,sector-specific,,"Επίβλεψη της εγκατάστασης των αισθητήρων και των συστημάτων καταγραφής του αεροσκάφους κατά τη διάρκεια των πτητικών δοκιμών, ώστε να διασφαλιστεί ότι πληρούνται οι απαιτούμενες παράμετροι δεδομένων.",http://data.europa.eu/esco/skill/6d0cad66-82dd-4854-a03a-68232942c68d,εγκατάσταση ξύλινων και μεταλλικών στοιχείων
KnowledgeSkillCompetence,http://data.europa.eu/esco/skill/933efc5f-a797-4581-8a8b-c08956ff7d58,Grovo,released,knowledge,sector-specific,,"Το σύστημα διαχείρισης της μάθησης Grovo είναι μια πλατφόρμα ηλεκτρονικής μάθησης για τη δημιουργία, τη διαχείριση, την οργάνωση, την αναφορά και την παροχή διαδικτυακών εκπαιδευτικών μαθημάτων ή προγραμμάτων κατάρτισης.",http://data.europa.eu/esco/skill/6c80d53c-d8c9-41fe-998f-091fca208834 | http://data.europa.eu/esco/isced-f/0612,συστήματα διαχείρισης μάθησης | σχεδιασμός και διαχείριση βάσεων δεδομένων και δικτύων
KnowledgeSkillCompetence,http://data.europa.eu/esco/skill/93a2f730-d5f6-4604-a25e-a2ee206ea468,εκπαίδευση καθηγητών και εκπαιδευτών σε μεθόδους ηλεκτρονικής μάθησης,released,skill/competence,occupation-specific,παρέχω κατάρτιση σε καθηγητές και εκπαιδευτές σε μεθόδους ηλεκτρονικής μάθησης· παρέχω εκπαίδευση σε καθηγητές και εκπαιδευτές σε μεθόδους ηλεκτρονικής διδασκαλίας· καταρτίζω τους ηλεκτρονικούς εκπαιδευτές· παρέχω τεχνική εκπαίδευση | εκπαιδεύω καθηγητές και εκπαιδευτές σε ηλεκτρονικές μεθόδους διδασκαλίας· εκπαιδεύω καθηγητές και εκπαιδευτές σε ηλεκτρονικές παιδαγωγικές μεθόδους,"Παροχή τεχνικής κατάρτισης, συμπεριλαμβανομένης της χρήσης της πλατφόρμας ηλεκτρονικής μάθησης, των εφαρμογών και προτύπων κατάρτισης όπως η SCORM, καθώς και των μεθόδων ηλεκτρονικής διδασκαλίας για τον εκπαιδευτικό ή τον εκπαιδευτή.",http://data.europa.eu/esco/skill/699e7c26-6502-4e78-a823-3656ff5a5b8b | http://data.europa.eu/esco/skill/caede8f1-6658-4d78-9eb4-2ad2c7ebf09b | http://data.europa.eu/esco/skill/e54ff029-1ce9-447d-a5b2-eb7283a23e6e,παροχή οδηγιών σε τρίτους | διδασκαλία και κατάρτιση | εκπαίδευση των υπαλλήλων
KnowledgeSkillCompetence,http://data.europa.eu/esco/skill/93aaf65c-5aad-4e6f-a7ba-ce9bf7c0e6e6,κατηγοριοποίηση πληροφοριών,released,knowledge,sector-specific,κατηγοριοποίηση δεδομένων· κατηγοριοποίηση στοιχείων | ταξινόμηση πληροφοριών· καταχώριση δεδομένων σε κατηγορίες· καταχώριση στοιχείων σε κατηγορίες,Η διαδικασία ταξινόμησης των πληροφοριών σε κατηγορίες και η παρουσίαση των σχέσεων μεταξύ των δεδομένων για ορισμένους σαφώς καθορισμένους σκοπούς.,http://data.europa.eu/esco/isced-f/0322,"υπηρεσίες βιβλιοθηκών,  πληροφοριών και αρχειακών μελετών"
KnowledgeSkillCompetence,http://data.europa.eu/esco/skill/93b22bbf-ece1-4e2d-8d47-0c9392c5a4fd,ανάπτυξη της τεχνολογίας αλυσίδας συστοιχιών (blockchain),released,skill/competence,cross-sector,ενσωμάτωση τεχνολογίας blockchain | ενσωματώνουν τεχνολογία blockchain | ενσωμάτωση της τεχνολογίας blockchain | ενσωματώσει την τεχνολογία blockchain | ανάπτυξη της τεχνολογίας blockchain | ενσωμάτωση  αλυσίδα συστοιχιών (blockchain),Ανάπτυξη και ενσωμάτωση του blockchain τεχνολογίας αλυσίδας συστοιχιών σε νέες ή υφιστάμενες υποδομές ΤΠΕ και κατανόηση των βασικών προκλήσεων και προσεγγίσεων λύσεων όσον αφορά την ενσωμάτωση αυτή.,http://data.europa.eu/esco/skill/f839b1da-78b6-4466-86f4-a5798821ea20,εγκατάσταση συστημάτων πληροφορικής
KnowledgeSkillCompetence,http://data.europa.eu/esco/skill/93e65de1-923c-437e-aa5b-e6002967ce71,διαδικτυακές συνεργατικές πλατφόρμες,released,knowledge,sector-specific,διαδικτυακά εργαλεία συνεργασίας,"Επιγραμμικά εργαλεία που διευκολύνουν την επικοινωνία και τη συνεργασία μεταξύ των χρηστών του διαδικτύου σε πραγματικό χρόνο. Πλατφόρμες με ευρύ φάσμα λειτουργικών δυνατοτήτων που έχουν δημιουργηθεί, μεταξύ άλλων χαρακτηριστικών, για τη διευκόλυνση της οργανωτικής ομαδικής εργασίας ή για την προώθηση της παραγωγικής ροής εργασίας.
	",http://data.europa.eu/esco/isced-f/0612,σχεδιασμός και διαχείριση βάσεων δεδομένων και δικτύων
KnowledgeSkillCompetence,http://data.europa.eu/esco/skill/945b8655-5577-4c3a-946a-842d4527afa8,επεξεργασία ψηφιακών εικόνων,released,knowledge,cross-sector,,"Οι διάφορες πτυχές και πρακτικές της επεξεργασίας και του χειρισμού εικόνων, όπως παρεμβολή εικόνας, οδόντωση εικόνας, βελτίωση εικόνας, έκταση αντίθεσης, επεξεργασία και εξίσωση ιστογράμματος, αποσύνθεση ιδιαζουσών τιμών, εξίσωση ιδιαζουσών τιμών, φιλτράρισμα κυματιδίων και πολλά άλλα.
	",http://data.europa.eu/esco/isced-f/0211,τεχνικές και παραγωγή οπτικοακουστικών μέσων
KnowledgeSkillCompetence,http://data.europa.eu/esco/skill/94758266-bb0f-4e41-bedb-349ecacfaf5c,δημιουργία βάσεων δεδομένων για τις τιμές εμπορευμάτων,released,skill/competence,occupation-specific,,"Ανάπτυξη και διατήρηση βάσεων δεδομένων για τις τιμές εμπορευμάτων προς χρήση από τις υπηρεσίες της αλυσίδας εφοδιασμού για τον καθορισμό και την υιοθέτηση των πλέον οικονομικά αποδοτικών τρόπων μεταφοράς.
	",http://data.europa.eu/esco/skill/4463a721-69f3-413d-8321-43e3af13a4f1 | http://data.europa.eu/esco/skill/0df2e216-68ae-4952-b9dc-3c2f2bc04fe3 | http://data.europa.eu/esco/skill/6a7fc30d-af16-4cc5-a957-29d174bdb61c,"χρήση βάσεων δεδομένων | τήρηση ανεξάρτητης βάσης δεδομένων (freelance) | διαχείριση, συλλογή και αποθήκευση ψηφιακών δεδομένων"
KnowledgeSkillCompetence,http://data.europa.eu/esco/skill/94dd823c-148e-4614-a6e8-99249b16357d,διαχείριση έργων ΤΠΕ,released,knowledge,sector-specific,διαχειριστικές τεχνικές έργων ΤΠΕ· διαχειριστικές μέθοδοι έργων ΤΠΕ· διαχειριστικές τακτικές έργων ΤΠΕ | διαχείριση έργου ΤΠΕ· μέθοδοι διαχείρισης έργων ΤΠΕ,"Οι μεθοδολογίες για τον σχεδιασμό, την υλοποίηση, την επανεξέταση και την παρακολούθηση των έργων ΤΠΕ, όπως η ανάπτυξη, η ενσωμάτωση, η τροποποίηση και οι πωλήσεις προϊόντων και υπηρεσιών ΤΠΕ, καθώς και τα έργα που σχετίζονται με την τεχνολογική καινοτομία στον τομέα των ΤΠΕ.",http://data.europa.eu/esco/isced-f/0413,διαχείριση και διοίκηση
KnowledgeSkillCompetence,http://data.europa.eu/esco/skill/95324ac5-69a5-419b-a877-720b1ee44236,ανακάλυψη νέων τεχνολογιών τηλεανίχνευσης,released,skill/competence,occupation-specific,,Διεξαγωγή έρευνας με σκοπό την ανάπτυξη νέων τεχνικών και εξοπλισμού τηλεανίχνευσης.,http://data.europa.eu/esco/skill/7eafec38-621a-4b6e-9298-bfe70ec0b253,διεξαγωγή ακαδημαϊκής έρευνας ή έρευνας αγοράς
KnowledgeSkillCompetence,http://data.europa.eu/esco/skill/95c35c3a-035f-47c2-90cf-7e934d20fc08,ηλεκτρονικά είδη,released,knowledge,cross-sector,,"Η λειτουργία πλακετών ηλεκτρονικών κυκλωμάτων, επεξεργαστών, μικροκυκλωμάτων και υλικού και λογισμικού ηλεκτρονικών υπολογιστών, συμπεριλαμβανομένων των προγραμμάτων και των εφαρμογών. Εφαρμογή των εν λόγω γνώσεων για την εξασφάλιση της ομαλής λειτουργίας του ηλεκτρονικού εξοπλισμού.",http://data.europa.eu/esco/isced-f/0714,ηλεκτρονική και αυτοματισμός
KnowledgeSkillCompetence,http://data.europa.eu/esco/skill/95d84b77-ba94-492f-a1e6-18be13f16cf0,μετάφραση με τη βοήθεια υπολογιστή,released,skill/competence,cross-sector,χρήση μηχανικής μετάφρασης,"Χειρισμός λογισμικού μετάφρασης με τη βοήθεια υπολογιστή (CAT) για τη διευκόλυνση των διαδικασιών γλωσσικής μετάφρασης.
	",http://data.europa.eu/esco/skill/98fb499f-9155-412d-a8a0-95ba97126fec,χρήση ψηφιακών εργαλείων για συνεργασία και παραγωγικότητα
KnowledgeSkillCompetence,http://data.europa.eu/esco/skill/966f2fd3-3de6-42da-b87c-da924c6d7960,συστήματα δημιουργίας ψηφιακών παιχνιδιών,released,knowledge,sector-specific,πλατφόρμες ανάπτυξης ψηφιακών παιχνιδιών | συστήματα ανάπτυξης ψηφιακών παιχνιδιών | παιχνίδια ενδιάμεσου λογισμικού | μηχανή ανάπτυξης βιντεοπαιχνιδιών | προγράμματα δημιουργίας τρισδιάστατων παιχνιδιών | συστήματα σχεδιασμού ψηφιακών παιχνιδιών | flanging,"Το ολοκληρωμένο περιβάλλον ανάπτυξης και τα ειδικά εργαλεία σχεδιασμού, που έχουν σχεδιαστεί για την ταχεία επανάληψη των παιχνιδιών υπολογιστών που προέρχονται από χρήστη.",http://data.europa.eu/esco/isced-f/0211,τεχνικές και παραγωγή οπτικοακουστικών μέσων
KnowledgeSkillCompetence,http://data.europa.eu/esco/skill/96eb286a-58b7-45ff-a916-5578d0b79b8c,ταχεία ανάπτυξη εφαρμογών,released,knowledge,sector-specific,,Το μοντέλο ταχείας ανάπτυξης εφαρμογών είναι μια μεθοδολογία για τον σχεδιασμό συστημάτων και εφαρμογών λογισμικού.,http://data.europa.eu/esco/skill/bec4359e-cb92-468f-a997-8fb28e32fba9 | http://data.europa.eu/esco/isced-f/0613,μεθοδολογίες διαχείρισης έργων ΤΠΕ | ανάπτυξη και ανάλυση λογισμικού και εφαρμογών
KnowledgeSkillCompetence,http://data.europa.eu/esco/skill/9707091a-323b-4240-877a-5999a19286f0,εφαρμογή πολιτικών χρήσης συστημάτων ΤΠΕ,released,skill/competence,sector-specific,υλοποίηση πολιτικών χρήσης του συστήματος ΤΠΕ,Παρακολούθηση γραπτής και δεοντολογικής νομοθεσίας και πολιτικών όσον αφορά τη σωστή χρήση και διαχείριση του συστήματος ΤΠΕ.,http://data.europa.eu/esco/skill/802deca0-b880-4d1a-b366-e13b27621baf,συμμόρφωση με επιχειρησιακές διαδικασίες
KnowledgeSkillCompetence,http://data.europa.eu/esco/skill/9710092c-f174-4e84-95bf-2064d39ad7a0,διαχείριση μεταδεδομένων περιεχομένου,released,skill/competence,cross-sector,διαχειρίζομαι συνδεδομένα περιεχομένου· διαχειρίζομαι συνοδευτικά δεδομένα περιεχομένου | χειρίζομαι μεταδεδομένα· αναλαμβάνω την οργάνωση συνδεδομένων περιεχομένου· καθορίζω το περιεχόμενο· συγκροτώ μεταδεδομένα,"Εφαρμογή μεθόδων και διαδικασιών διαχείρισης περιεχομένου για τον καθορισμό και τη χρήση εννοιών μεταδεδομένων, όπως π.χ. δεδομένων για τη δημιουργία, με σκοπό την περιγραφή, την οργάνωση και το αρχειοθέτηση περιεχομένου, όπως έγγραφα, αρχεία βίντεο και ήχου, εφαρμογές και εικόνες.",http://data.europa.eu/esco/skill/32c017fd-28ab-4051-bf68-74de952c2f77,διαχείριση πληροφοριών
KnowledgeSkillCompetence,http://data.europa.eu/esco/skill/97272b3e-d497-4420-893d-612b15d377d9,ηλεκτρονική γεωργία,released,knowledge,sector-specific,τεχνολογία πληροφοριών και επικοινωνιών στη γεωργία | έξυπνη γεωργία,"Ο σχεδιασμός και η εφαρμογή καινοτόμων λύσεων ΤΠΕ στους τομείς της γεωργίας, της κηπουρικής, της αμπελουργίας, της αλιείας, της δασοκομίας και της διαχείρισης του ζωικού κεφαλαίου.
	",http://data.europa.eu/esco/isced-f/0811,φυτική και ζωική παραγωγή
KnowledgeSkillCompetence,http://data.europa.eu/esco/skill/976455eb-5bbe-4493-ae64-ed16c3b009ea,λειτουργικά συστήματα για κινητές συσκευές,released,knowledge,sector-specific,λειτουργικό σύστημα κινητών συσκευών | λειτουργικές εφαρμογές για κινητά | λειτουργικά προγράμματα σχεδιασμένα για κινητές συσκευές | λειτουργικά προγράμματα για κινητά | λειτουργικό σύστημα κινητών,"Τα χαρακτηριστικά, οι περιορισμοί, οι αρχιτεκτονικές και άλλα χαρακτηριστικά των λειτουργικών συστημάτων που έχουν σχεδιαστεί για να λειτουργούν σε κινητές συσκευές, όπως Android ή iOS.",http://data.europa.eu/esco/skill/f9a6f35b-01a7-40c9-8b61-b6ee46f97272 | http://data.europa.eu/esco/isced-f/0613,λειτουργικά συστήματα | ανάπτυξη και ανάλυση λογισμικού και εφαρμογών
KnowledgeSkillCompetence,http://data.europa.eu/esco/skill/978db6a1-7297-4c89-819a-47605f2c3ba8,διαχείριση εκδόσεων λογισμικού,released,skill/competence,occupation-specific,εξέταση και έγκριση των εκδόσεων λογισμικού | διαχείριση της έκδοσης ανάπτυξης λογισμικού,Εξέταση και έγκριση προτεινόμενων εκδόσεων ανάπτυξης λογισμικού. Διαχείριση περαιτέρω διαδικασίας εκδόσεων.,http://data.europa.eu/esco/skill/c23e0a2f-f04b-45bc-b0dd-20571f6b502c,ανάπτυξη επιχειρησιακών πολιτικών και διαδικασιών
KnowledgeSkillCompetence,http://data.europa.eu/esco/skill/97965983-0da4-4902-9daf-d5cd2693ef73,διαμόρφωση τρισδιάστατων μοντέλων,released,knowledge,cross-sector,,"Η διαδικασία ανάπτυξης μαθηματικής αναπαράστασης κάθε τρισδιάστατης επιφάνειας αντικειμένου μέσω εξειδικευμένου λογισμικού. Το προϊόν ονομάζεται μοντέλο 3D. Μπορεί να εμφανίζεται ως δισδιάστατη εικόνα μέσω μιας διαδικασίας που ονομάζεται 3D, ή να χρησιμοποιείται σε προσομοίωση υλικών φαινομένων μέσω υπολογιστή. Το μοντέλο μπορεί επίσης να δημιουργηθεί με τη χρήση οργάνων εκτύπωσης 3D.",http://data.europa.eu/esco/isced-f/0541,μαθηματικά
KnowledgeSkillCompetence,http://data.europa.eu/esco/skill/97bd1c21-66b2-4b7e-ad0f-e3cda590e378,ανάλυση δεδομένων,released,knowledge,cross-sector,,"Η επιστήμη της ανάλυσης και της λήψης αποφάσεων με βάση μη επεξεργασμένα δεδομένα που συλλέγονται από διάφορες πηγές. Περιλαμβάνεται η γνώση τεχνικών οι οποίες χρησιμοποιούν αλγόριθμους που αντλούν συμπεράσματα ή τάσεις από τα εν λόγω δεδομένα για την υποστήριξη των διαδικασιών λήψης αποφάσεων.
	",http://data.europa.eu/esco/isced-f/0612,σχεδιασμός και διαχείριση βάσεων δεδομένων και δικτύων
KnowledgeSkillCompetence,http://data.europa.eu/esco/skill/97bdd757-29d4-4126-92a6-07608825aa3b,QlikView Expressor,released,knowledge,sector-specific,,"Το πρόγραμμα QlikView ταχείας κυκλοφορίας είναι ένα εργαλείο για την ενσωμάτωση πληροφοριών από πολλαπλές εφαρμογές, που δημιουργήθηκαν και διατηρήθηκαν από οργανισμούς, σε μια συνεκτική και διαφανή δομή δεδομένων, την οποία ανέπτυξε η εταιρεία λογισμικού Qlik.",http://data.europa.eu/esco/skill/9d0d89be-bffa-4393-b6f6-8d05bea49051 | http://data.europa.eu/esco/isced-f/0612,εργαλεία φόρτωσης μετατροπής και εξαγωγής δεδομένων | σχεδιασμός και διαχείριση βάσεων δεδομένων και δικτύων
KnowledgeSkillCompetence,http://data.europa.eu/esco/skill/97fb21db-a4e5-4b03-af21-03b9d510d872,χειρισμός συστημάτων GPS,released,skill/competence,cross-sector,χειρισμός συστημάτων παγκόσμιου συστήματος εντοπισμού,Χρήση συστημάτων GPS.,http://data.europa.eu/esco/skill/98fb499f-9155-412d-a8a0-95ba97126fec,χρήση ψηφιακών εργαλείων για συνεργασία και παραγωγικότητα
KnowledgeSkillCompetence,http://data.europa.eu/esco/skill/9889b795-d755-41b2-8afd-2e3c87a65a38,χρήση λογισμικού διαχείρισης σχέσεων με πελάτες,released,skill/competence,cross-sector,,"Χρήση εξειδικευμένου λογισμικού για τη διαχείριση της αλληλεπίδρασης της εταιρείας με υφιστάμενους και μελλοντικούς πελάτες. Οργάνωση, αυτοματισμός και συγχρονισμός των πωλήσεων, του μάρκετινγκ, της εξυπηρέτησης πελατών και της τεχνικής υποστήριξης, με στόχο την αύξηση των στοχοθετημένων πωλήσεων.",http://data.europa.eu/esco/skill/98fb499f-9155-412d-a8a0-95ba97126fec,χρήση ψηφιακών εργαλείων για συνεργασία και παραγωγικότητα
KnowledgeSkillCompetence,http://data.europa.eu/esco/skill/98a1dec3-8138-4f46-a596-5e2a83b884b9,επιχειρηματική αναλυτική,released,knowledge,sector-specific,ανάλυση επιχειρηματικών δεδομένων,"Οι επιστημονικοί κλάδοι και οι τεχνολογίες για την επίλυση επιχειρηματικών προβλημάτων με τη χρήση ποσοτικών μεθόδων, όπως η ανάλυση δεδομένων και τα στατιστικά μοντέλα.
	",http://data.europa.eu/esco/isced-f/0542,στατιστική
KnowledgeSkillCompetence,http://data.europa.eu/esco/skill/98a57799-0146-4849-a1d2-41021c4b7b8f,αρχές ασφάλειας των εφαρμογών της αλυσίδας συστοιχιών,released,knowledge,sector-specific,αρχές ασφάλειας των εφαρμογών του blockchain | έλεγχοι ασφαλείας για εφαρμογές blockchain | ελέγχους ασφαλείας για εφαρμογές blockchain | ασφάλεια blockchain,"Οι βασικές αρχές, μέθοδοι και έλεγχοι ασφάλειας για τις εφαρμογές της αλυσίδας συστοιχιών. Στο πλαίσιο των αρχών αυτών εντάσσονται η διαχείριση ταυτοτήτων και πρόσβασης, η διαχείριση κλειδιών, η προστασία των δεδομένων, η ασφαλής επικοινωνία, η έξυπνη ασφάλεια των συμβάσεων και η έγκριση συναλλαγών.
	",http://data.europa.eu/esco/isced-f/0612,σχεδιασμός και διαχείριση βάσεων δεδομένων και δικτύων
KnowledgeSkillCompetence,http://data.europa.eu/esco/skill/99207709-d076-4cce-ba38-e90d3bb28806,γλώσσα ερωτήσεων πλαισίου περιγραφής πόρων,released,knowledge,sector-specific,γλώσσα ερωτήσεων RDF | γλώσσα αναζητήσεων πλαισίου περιγραφής πόρων | γλώσσα ερωτήσεων δεδομένων RDF | ερωτηματική γλώσσα πλαισίου περιγραφής πόρων | γλώσσα ερωτημάτων πλαισίου περιγραφής πόρων,"Οι γλώσσες αναζήτησης, όπως η SPARQL, οι οποίες χρησιμοποιούνται για την ανάκτηση και χειρισμό δεδομένων που είναι αποθηκευμένα στην μορφότυπο του πλαισίου περιγραφής πόρων (RDF).",http://data.europa.eu/esco/skill/9cf681c7-89ec-470c-b651-7fe03786f586 | http://data.europa.eu/esco/isced-f/0613,γλώσσα ερωτήσεων | ανάπτυξη και ανάλυση λογισμικού και εφαρμογών
KnowledgeSkillCompetence,http://data.europa.eu/esco/skill/993b1e23-f2de-4bd8-b33f-f86dde1c8e9d,CoffeeScript,released,knowledge,sector-specific,,"Οι τεχνικές και οι αρχές ανάπτυξης λογισμικού, όπως είναι η ανάλυση, οι αλγόριθμοι, η κωδικοποίηση, οι δοκιμές και η καταγραφή των υποδειγμάτων προγραμματισμού σε coffeScript.",http://data.europa.eu/esco/skill/21d2f96d-35f7-4e3f-9745-c533d2dd6e97 | http://data.europa.eu/esco/isced-f/0613,προγραμματισμός ηλεκτρονικών υπολογιστών | ανάπτυξη και ανάλυση λογισμικού και εφαρμογών
KnowledgeSkillCompetence,http://data.europa.eu/esco/skill/9973a5a2-7822-4161-99e9-95c781eb63f8,Objective-C,released,knowledge,sector-specific,Objective-C 2.0 | Object-C | Objective C++ | Obj-C | Smalltalk and C,"Οι τεχνικές και οι αρχές ανάπτυξης λογισμικού, όπως είναι η ανάλυση, οι αλγόριθμοι, η κωδικοποίηση, οι δοκιμές και η κατάρτιση υποδειγμάτων προγραμματισμού στο πλαίσιο του Objective-C.",http://data.europa.eu/esco/skill/21d2f96d-35f7-4e3f-9745-c533d2dd6e97 | http://data.europa.eu/esco/isced-f/0613,προγραμματισμός ηλεκτρονικών υπολογιστών | ανάπτυξη και ανάλυση λογισμικού και εφαρμογών
KnowledgeSkillCompetence,http://data.europa.eu/esco/skill/99814cb0-5f6c-4663-99a4-af28b11d5d2f,συστήματα δεδομένων υγειονομικής περίθαλψης,released,knowledge,occupation-specific,,Οι τύποι συστημάτων που διαχειρίζονται και διατηρούν τα δεδομένα χρηστών της υγειονομικής περίθαλψης.,http://data.europa.eu/esco/isced-f/0914,τεχνολογία ιατρικής διάγνωσης και θεραπείας
KnowledgeSkillCompetence,http://data.europa.eu/esco/skill/9983816d-cc78-4d3f-9e3c-c7baa9ebc77a,εξοπλισμός υπολογιστών,released,knowledge,sector-specific,,"Οι προσφερόμενοι ηλεκτρονικοί υπολογιστές, ο περιφερειακός εξοπλισμός και τα προϊόντα λογισμικού, οι λειτουργίες τους, οι ιδιότητές τους και οι νομικές και κανονιστικές απαιτήσεις.",http://data.europa.eu/esco/skill/d6d3fee7-47e2-47f4-a0ec-6c75f28c6abd | http://data.europa.eu/esco/isced-f/0611,κατανόηση προϊόντων | χρήση υπολογιστών
KnowledgeSkillCompetence,http://data.europa.eu/esco/skill/9a35cb50-8106-45f9-8aba-2df99dd6f913,ABBYY FineReader,released,knowledge,sector-specific,,"Το πρόγραμμα ηλεκτρονικού υπολογιστή ABBYY FineReader είναι λογισμικό που μετατρέπει ηλεκτρονικώς εκτυπωμένες και δακτυλογραφημένες εικόνες στο κείμενο κωδικοποιημένο από μηχανή ώστε τα έγγραφα να μπορούν να αποθηκεύονται ηλεκτρονικά, να υποβάλλονται σε επεξεργασία και να εκτίθενται σε ψηφιακή μορφή.",http://data.europa.eu/esco/skill/12c82224-6394-4c3c-9831-2a8198ed1274 | http://data.europa.eu/esco/isced-f/0613,λογισμικό οπτικής αναγνώρισης χαρακτήρων | ανάπτυξη και ανάλυση λογισμικού και εφαρμογών
KnowledgeSkillCompetence,http://data.europa.eu/esco/skill/9a8f5432-fb04-498d-9ba4-a4e1444ff056,ηχογράφηση πολλαπλών μουσικών κομματιών,released,skill/competence,sector-specific,,Ηχογράφηση και μείξη ακουστικών σημάτων από διαφορετικές πηγές ήχου σε ένα σύστημα πολυδιαυλικής εγγραφής.,http://data.europa.eu/esco/skill/8ddcb295-707e-459c-ba6a-66ffb37835c5,χειρισμός οπτικοακουστικού εξοπλισμού
KnowledgeSkillCompetence,http://data.europa.eu/esco/skill/9ab0a456-e4f6-4070-a360-46e1009b6c0d,χρήση λογισμικού για τη διενέργεια μηχανολογικής ανάλυσης με τη βοήθεια υπολογιστή,released,skill/competence,sector-specific,χρήση λογισμικού CAE,"Εργασία με εργαλεία μηχανολογικής ανάλυσης με τη βοήθεια υπολογιστή (CAE) για την εκτέλεση εργασιών ανάλυσης, όπως η ανάλυση των πεπερασμένων στοιχείων και η υπολογιστική ρευστοδυναμική.",http://data.europa.eu/esco/skill/b1115b14-fa16-4c1e-be6c-91fd49a1808b,χρήση εργαλείων σχεδιασμού και σχεδίασης με τη βοήθεια ηλεκτρονικού υπολογιστή
KnowledgeSkillCompetence,http://data.europa.eu/esco/skill/9b30c8fd-6467-4d16-99e0-32899a9ceec0,καθορισμός του τρόπου παρουσίασης του ψηφιακού έγγραφου υλικού,released,skill/competence,cross-sector,,"Καθορισμός των σελίδων με την επιλογή μεγεθών, στιλ και την εισαγωγή κειμένου και γραφικών σε συστήματα υπολογιστή.",http://data.europa.eu/esco/skill/9bdf8a77-8524-43da-bac6-d15d22e1b7ed,εισαγωγή και μετατροπή πληροφοριών
KnowledgeSkillCompetence,http://data.europa.eu/esco/skill/9b9de2a4-d8af-4a7b-933a-a8334ae60067,JavaScript Framework,released,knowledge,sector-specific,,"Τα περιβάλλοντα ανάπτυξης του λογισμικού JavaScript που παρέχει ειδικά χαρακτηριστικά και κατασκευαστικά στοιχεία (όπως εργαλεία παραγωγής HTML, υποστήριξη Canvas ή Visual design) που υποστηρίζουν και κατευθύνουν την ανάπτυξη διαδικτυακών εφαρμογών JavaScript.",http://data.europa.eu/esco/skill/24c200e5-be20-4370-a137-ab53797f3a17 | http://data.europa.eu/esco/isced-f/0612,περιβάλλον ανάπτυξης λογισμικού | σχεδιασμός και διαχείριση βάσεων δεδομένων και δικτύων
KnowledgeSkillCompetence,http://data.europa.eu/esco/skill/9ba355be-f119-42b6-a7d6-52f6ce2e4a3f,σχεδιασμός κυκλωμάτων με το λογισμικό CAD,released,skill/competence,cross-sector,σχεδιασμός κυκλωμάτων με τη βοήθεια υπολογιστή,"Σχεδιασμός σκαριφημάτων και σχεδίων ηλεκτρονικών κυκλωμάτων, αξιοποίηση λογισμικού και εξοπλισμού για σχεδιασμό με χρήση υπολογιστή (CAD).",http://data.europa.eu/esco/skill/b34e2ba1-9080-48c9-9b42-ee9192a4d3f1 | http://data.europa.eu/esco/skill/39fa260c-4f85-48e3-83ce-e292e696c233,χρήση λογισμικού για σχεδιασμό με χρήση υπολογιστή | σχεδιασμός ηλεκτρικών ή ηλεκτρονικών συστημάτων ή εξοπλισμού
KnowledgeSkillCompetence,http://data.europa.eu/esco/skill/9ba8fd27-275d-4bad-8c48-f668aa99a578,εξισορρόπηση πόρων βάσεων δεδομένων,released,skill/competence,sector-specific,εξισορρόπηση του φόρτου εργασίας σε βάσεις δεδομένων | διαχείριση του φόρτου εργασίας βάσης δεδομένων,"Σταθεροποίηση του φόρτου εργασίας και των πόρων μιας βάσης δεδομένων, μέσω του ελέγχου της ζήτησης συναλλαγών, της κατανομής των χώρων των δίσκων και της διασφάλισης της αξιοπιστίας των εξυπηρετητών, ώστε να βελτιστοποιηθεί η σχέση κόστους/κινδύνου.",http://data.europa.eu/esco/skill/29fb0fb5-dfc4-4098-ac9b-3a712000f48f | http://data.europa.eu/esco/skill/4463a721-69f3-413d-8321-43e3af13a4f1 | http://data.europa.eu/esco/skill/6a7fc30d-af16-4cc5-a957-29d174bdb61c,"διαχείριση της βάσης δεδομένων | χρήση βάσεων δεδομένων | διαχείριση, συλλογή και αποθήκευση ψηφιακών δεδομένων"
KnowledgeSkillCompetence,http://data.europa.eu/esco/skill/9bb7a97a-1a16-431e-8ea6-ad0f9f59aa0a,στόχοι ελέγχου των κινδύνων βάσει των δεδομένων και της σχετικής τεχνολογίας,released,knowledge,occupation-specific,στόχοι ελέγχου των δεδομένων και των σχετικών τεχνολογιών | πλαίσιο διαχείρισης συστημάτων ΤΠ | στόχοι ελέγχου των πληροφοριών και της σχετικής τεχνολογίας,"Το πλαίσιο κινδύνων και ελέγχων, όπως οι στόχοι ελέγχου για πληροφορίες και συναφείς τεχνολογίες (COBIT), το οποίο στηρίζει τους υπεύθυνους για τη λήψη αποφάσεων στην αντιμετώπιση του χάσματος μεταξύ επιχειρηματικών κινδύνων, απαιτήσεων και τεχνικών ζητημάτων.",http://data.europa.eu/esco/isced-f/0322,"υπηρεσίες βιβλιοθηκών,  πληροφοριών και αρχειακών μελετών"
KnowledgeSkillCompetence,http://data.europa.eu/esco/skill/9bc3b9ae-50d8-4a32-857e-8cf8d9b4ba8e,τεχνολογίες της τρισδιάστατης σάρωσης του σώματος,released,knowledge,sector-specific,,Οι αρχές και η χρήση τεχνολογιών για την τρισδιάστατη σάρωση του σώματος που χρησιμοποιείται για την αποτύπωση του μεγέθους και του σχήματος του ανθρώπινου σώματος.,http://data.europa.eu/esco/isced-f/0914,τεχνολογία ιατρικής διάγνωσης και θεραπείας
KnowledgeSkillCompetence,http://data.europa.eu/esco/skill/9bfae677-2b7f-49bf-b7eb-2ade795df734,προετοιμασία ψηφιακού έργου τέχνης για τη δημιουργία κύριου φωτογραφικού αντιγράφου,released,skill/competence,sector-specific,,"Συναρμολόγηση, στοιχειοθεσία, σάρωση και παραγωγή ψηφιακού υλικού έτοιμου για φωτογράφιση ως κύριου αντιγράφου.",http://data.europa.eu/esco/skill/c53a55a1-8b2b-4d2c-b12d-626742a3833a,χρήση ψηφιακών εργαλείων για την επεξεργασία ήχου και εικόνας
KnowledgeSkillCompetence,http://data.europa.eu/esco/skill/9c48a5cc-d4a5-4cef-93f7-504902f35319,id Tech,released,knowledge,sector-specific,,"Η ταυτότητα του κινητήρα παιχνιδιού που είναι ένα πλαίσιο λογισμικού που αποτελείται από ολοκληρωμένα περιβάλλοντα ανάπτυξης και εξειδικευμένα εργαλεία σχεδιασμού, που έχουν σχεδιαστεί για την ταχεία επανάληψη των παιχνιδιών υπολογιστών που προέρχονται από χρήστη.",http://data.europa.eu/esco/skill/966f2fd3-3de6-42da-b87c-da924c6d7960 | http://data.europa.eu/esco/isced-f/0211,συστήματα δημιουργίας ψηφιακών παιχνιδιών | τεχνικές και παραγωγή οπτικοακουστικών μέσων
KnowledgeSkillCompetence,http://data.europa.eu/esco/skill/9c6e951f-aa88-4890-983d-e7a6ee49f5bb,σχεδιασμός εκστρατείας προώθησης πωλήσεων,released,skill/competence,cross-sector,,"Ανάπτυξη μεθόδου για την προώθηση ενός προϊόντος μέσω διαφόρων διαύλων, όπως οι τηλεοπτικές, ραδιοφωνικές, έντυπες και επιγραμμικές πλατφόρμες και τα μέσα κοινωνικής δικτύωσης, με στόχο την επικοινωνία και την παροχή αξίας στους πελάτες.",http://data.europa.eu/esco/skill/90398aca-82b7-4f56-8e0f-814d949162b4 | http://data.europa.eu/esco/skill/08fd2839-670c-4f16-8024-97437f2035ab | http://data.europa.eu/esco/skill/37272760-957a-4c34-b4f3-780ee285334d,"συντονισμός ενεργειών σχεδίου προώθησης πωλήσεων | σχεδιασμός στρατηγικής προώθησης πωλήσεων | ανάπτυξη σχεδίων χρηματοoικονομικών, επιχειρηματικών ή εμπορικής προώθησης"
KnowledgeSkillCompetence,http://data.europa.eu/esco/skill/9ce52938-fe28-4548-b38d-0c783933e19a,επεξεργασία ψηφιακών κινούμενων εικόνων,released,skill/competence,sector-specific,,Χρήση εξειδικευμένου λογισμικού για την επεξεργασία εικόνων βίντεο για χρήση σε καλλιτεχνική παραγωγή.,http://data.europa.eu/esco/skill/8ff314a8-57d7-4b8c-bf41-79f9572fedd0 | http://data.europa.eu/esco/skill/a556a3db-cd48-42a5-825c-f95f6f5ccbfe,χρήση ψηφιακών τεχνικών απεικόνισης | δημιουργία διατάξεων οπτικής απεικόνισης και διακοσμήσεων
KnowledgeSkillCompetence,http://data.europa.eu/esco/skill/9ce670ec-318c-4a91-9179-03437db728dc,προδιαγραφές λογισμικού ΤΠΕ,released,knowledge,sector-specific,προδιαγραφές λογισμικού της τεχνολογίας της πληροφορίας και των επικοινωνιών,"Τα χαρακτηριστικά, η χρήση και οι λειτουργίες διαφόρων λογισμικών, όπως τα προγράμματα ηλεκτρονικών υπολογιστών και το λογισμικό εφαρμογής.",http://data.europa.eu/esco/isced-f/0613,ανάπτυξη και ανάλυση λογισμικού και εφαρμογών
KnowledgeSkillCompetence,http://data.europa.eu/esco/skill/9ce7c497-a019-435b-90ca-27b6889c2cb9,εκτίμηση εξόδων εγκατάστασης τηλεπικοινωνιακών συσκευών,released,skill/competence,sector-specific,,"Εκτίμηση του συνολικού κόστους εγκατάστασης συσκευών τηλεπικοινωνίας, όπως μόντεμ, δρομολογητών, αναλογικών διακοπτών, οπτικών ινών και σταθερών τηλεφώνων.",http://data.europa.eu/esco/skill/e95058a6-e139-42e7-a470-72038a606649 | http://data.europa.eu/esco/skill/cfbde1b6-8e47-4b83-b430-3d5f7f38d69a | http://data.europa.eu/esco/skill/b917784a-d7c9-437c-be6e-0de41067fa62,αξιολόγηση οικονομικής βιωσιμότητας | εκτίμηση των λειτουργικών δαπανών | εκτίμηση των αναγκών σε πόρους
KnowledgeSkillCompetence,http://data.europa.eu/esco/skill/9cf681c7-89ec-470c-b651-7fe03786f586,γλώσσα ερωτήσεων,released,knowledge,sector-specific,τυποποιημένη υπολογιστική γλώσσα ερωτήσεων | γλώσσα αναζητήσεων | γλώσσα ερωτημάτων | γλώσσα διερεύνησης,Το πεδίο των τυποποιημένων ηλεκτρονικών γλωσσών για την ανάκτηση πληροφοριών από βάση δεδομένων και εγγράφων που περιέχουν τις απαιτούμενες πληροφορίες.,http://data.europa.eu/esco/isced-f/0613,ανάπτυξη και ανάλυση λογισμικού και εφαρμογών
KnowledgeSkillCompetence,http://data.europa.eu/esco/skill/9d0d89be-bffa-4393-b6f6-8d05bea49051,εργαλεία φόρτωσης μετατροπής και εξαγωγής δεδομένων,released,knowledge,cross-sector,διαδικασίες φόρτωσης  μετατροπής και εξαγωγής δεδομένων | εργαλεία φόρτωσης  μετατροπής και εξαγωγής πληροφοριακών στοιχείων | μέσα φόρτωσης  μετατροπής και εξαγωγής δεδομένων | εργαλεία φόρτωσης  μετατροπής και εξαγωγής στοιχείων | μέθοδοι φόρτωσης  μετατροπής και εξαγωγής δεδομένων,"Τα εργαλεία για την ενσωμάτωση πληροφοριών από πολλαπλές εφαρμογές, που δημιουργήθηκαν και διατηρήθηκαν από οργανισμούς, σε μια συνεκτική και διαφανή δομή δεδομένων.",http://data.europa.eu/esco/isced-f/0612,σχεδιασμός και διαχείριση βάσεων δεδομένων και δικτύων
KnowledgeSkillCompetence,http://data.europa.eu/esco/skill/9d1b08b3-ba1e-41f6-a466-1ac1e62eb5f0,διενέργεια επανελέγχου του κώδικα ΤΠΕ,released,skill/competence,sector-specific,διενέργεια επανεξέτασης του κώδικα ΤΠΕ | διεξαγωγή επανελέγχου του κώδικα ΤΠΕ,Συστηματική εξέταση και επανεξέταση του κώδικα πηγής για τον εντοπισμό σφαλμάτων σε οποιοδήποτε στάδιο της ανάπτυξης βελτίωση της συνολικής ποιότητας του λογισμικού.,http://data.europa.eu/esco/skill/a8c3186b-c791-4d57-8f4f-4d12c7a5c6a7,προγραμματισμός συστημάτων ηλεκτρονικών υπολογιστών
KnowledgeSkillCompetence,http://data.europa.eu/esco/skill/9d2e926f-53d9-41f5-98f3-19dfaa687f3f,εργαλεία για τη διαχείριση της παραμετροποίησης λογισμικού,released,knowledge,sector-specific,εργαλεία διαχείρισης παραμετροποίησης λογισμικού | έλεγχος πηγής | εργαλεία για έλεγχο έκδοσης λογισμικού | εργαλεία λογισμικού για έλεγχο έκδοσης | εργαλεία διαχείρισης διαμόρφωσης λογισμικού,"Τα προγράμματα λογισμικού για την εκτέλεση της αναγνώρισης της παραμετροποίησης, του ελέγχου, της λογιστικής κατάστασης και του λογιστικού ελέγχου, όπως τα CVS, ClearCase, Subversion, GIT και TortoisSVN εκτελούν τη συγκεκριμένη διαχείριση.",http://data.europa.eu/esco/isced-f/0613,ανάπτυξη και ανάλυση λογισμικού και εφαρμογών
KnowledgeSkillCompetence,http://data.europa.eu/esco/skill/9d2f77af-4307-4ac5-bc50-a9980cec7e83,ανάπτυξη λογισμικού υποβολής εκθέσεων,released,skill/competence,occupation-specific,ανάπτυξη λογισμικού δημιουργίας αναφορών δεδομένων,Δημιουργία λογισμικού υποβολής εκθέσεων και εφαρμογών που χρησιμοποιούνται για τη σύνταξη εκθέσεων σχετικά με τα δεδομένα.,http://data.europa.eu/esco/skill/a8c3186b-c791-4d57-8f4f-4d12c7a5c6a7,προγραμματισμός συστημάτων ηλεκτρονικών υπολογιστών
KnowledgeSkillCompetence,http://data.europa.eu/esco/skill/9dfab993-ecab-4292-9cb2-528a93eb3161,εφαρμογή τεχνικών μελέτης οικοτόπων,released,skill/competence,sector-specific,,"Εφαρμογή στρατηγικών δειγματοληψίας και χρησιμοποίηση διαφόρων τεχνικών έρευνας του οικοτόπου, όπως συστήματα γεωγραφικών πληροφοριών (GIS), παγκόσμια συστήματα προσδιορισμού θέσης (GPS), αεροφωτογράφηση, αρχεία και χάρτες.",http://data.europa.eu/esco/skill/d519fadd-85bf-475f-bf14-c53a0290687d,παρακολούθηση περιβαλλοντικών συνθηκών
KnowledgeSkillCompetence,http://data.europa.eu/esco/skill/9e06bac6-6b91-48ca-8b7d-c1f48cdecd7c,επίλυση προβλημάτων συστημάτων ΤΠΕ,released,skill/competence,cross-sector,πραγματοποιώ διάγνωση προβλημάτων συστήματος ΤΠΕ | εντοπίζω προβλήματα συστημάτων ΤΠΕ | επιλύω δυσλειτουργίες συστημάτων ΤΠΕ | αντιμετωπίζω προβλήματα συστημάτων ΤΠΕ | διαχειρίζομαι προβλήματα συστημάτων ΤΠΕ | επιλύω προβλήματα συστήματος ΤΠΕ,"Εντοπισμός πιθανής δυσλειτουργίας του εξαρτήματος. Παρακολούθηση, καταγραφή και επικοινωνία σχετικά με περιστατικά. Ανάπτυξη των κατάλληλων πόρων με ελάχιστες διακοπές λειτουργίες, καθώς και κατάλληλων διαγνωστικών εργαλείων.",http://data.europa.eu/esco/skill/334e3e49-fb02-4051-809a-f06adfdc1c40 | http://data.europa.eu/esco/skill/14832d87-2f2f-4895-b290-e4760ebae42a | http://data.europa.eu/esco/skill/0b9968af-72de-470a-98e1-2d19577443fb | http://data.europa.eu/esco/skill/03b9b491-fc9b-4868-914a-bf7cd47b5041,εντοπισμός και διόρθωση προβλημάτων | επίλυση τεχνικών προβλημάτων | επίλυση προβλημάτων πληροφορικής | επίλυση προβλημάτων
KnowledgeSkillCompetence,http://data.europa.eu/esco/skill/9e14c1d8-72f2-45ba-815d-0d12e12d19fa,δημιουργία θεματικών χαρτών,released,skill/competence,cross-sector,,"Χρήση διαφόρων τεχνικών όπως χωροπληθείς χάρτες και δασυμετρική χαρτογραφία με σκοπό τη δημιουργία θεματικών χαρτών με βάση γεωχωρικές πληροφορίες, με τη χρήση προγραμμάτων λογισμικού.",http://data.europa.eu/esco/skill/b1115b14-fa16-4c1e-be6c-91fd49a1808b,χρήση εργαλείων σχεδιασμού και σχεδίασης με τη βοήθεια ηλεκτρονικού υπολογιστή
KnowledgeSkillCompetence,http://data.europa.eu/esco/skill/9ecd4016-b9de-480d-8ec3-9881644f0eda,χρήση εργαλείων μέτρησης του ήχου,released,skill/competence,occupation-specific,,"Χειρισμός οργάνων όπως μορφοτροπέων και ηχομέτρων για τη μέτρηση των επιπέδων θορύβου σε ένα περιβάλλον, με σκοπό την πρόληψη της ηχορύπανσης.",http://data.europa.eu/esco/skill/c8f4aad2-ea23-49a2-9708-a6049c2d28ce | http://data.europa.eu/esco/skill/b92758d4-4591-4df1-9ceb-f907aa71ebd9,χρήση εξοπλισμού μέτρησης ακριβείας | χρήση εργαλείων μέτρησης
KnowledgeSkillCompetence,http://data.europa.eu/esco/skill/9ef0f3a0-9ce2-4ef1-a987-0366b5cb2dbe,εργαλεία ανάπτυξης βάσης δεδομένων,released,knowledge,sector-specific,μεθοδολογίες ανάπτυξης βάσης δεδομένων | εργαλεία δημιουργίας λογικής και φυσικής δομής βάσης δεδομένων | μέσα ανάπτυξης βάσης δεδομένων | εργαλεία ανάπτυξης βάσεων δεδομένων | εργαλεία σχεδιασμού βάσης δεδομένων | μέθοδοι δημιουργίας βάσης δεδομένων | μικροελεγκτές,"Οι μεθοδολογίες και τα εργαλεία που χρησιμοποιούνται για τη δημιουργία λογικής και φυσικής δομής των βάσεων δεδομένων, όπως οι λογικές δομές δεδομένων, τα διαγράμματα, οι μεθοδολογίες μοντελοποίησης και οι εταιρικές σχέσεις.",http://data.europa.eu/esco/isced-f/0612,σχεδιασμός και διαχείριση βάσεων δεδομένων και δικτύων
KnowledgeSkillCompetence,http://data.europa.eu/esco/skill/9effa3d7-c0c4-4583-ad94-b496ba5e5f2c,μέθοδοι εξόρυξης δεδομένων,released,knowledge,cross-sector,,Τεχνικές εξόρυξης δεδομένων που χρησιμοποιούνται για τον προσδιορισμό και την ανάλυση της σχέσης μεταξύ των διαφόρων στοιχείων της οικονομίας και της εμπορικής προώθησης.,http://data.europa.eu/esco/skill/25f0ea33-b4a2-4f31-b7b4-7d20e827b180 | http://data.europa.eu/esco/isced-f/0612,εξόρυξη δεδομένων | σχεδιασμός και διαχείριση βάσεων δεδομένων και δικτύων
KnowledgeSkillCompetence,http://data.europa.eu/esco/skill/9faa44df-0821-4f69-8f86-184c799cf44f,HeroEngine,released,knowledge,sector-specific,,"Η νεφοϋπολογιστική πλατφόρμα συνεργασίας σε πραγματικό χρόνο η οποία αποτελείται από ολοκληρωμένα περιβάλλοντα ανάπτυξης και εξειδικευμένα εργαλεία σχεδιασμού, που έχουν σχεδιαστεί για την ταχεία επανάληψη των παιχνιδιών υπολογιστών που προέρχονται από χρήστη. 
 ",http://data.europa.eu/esco/skill/966f2fd3-3de6-42da-b87c-da924c6d7960 | http://data.europa.eu/esco/isced-f/0211,συστήματα δημιουργίας ψηφιακών παιχνιδιών | τεχνικές και παραγωγή οπτικοακουστικών μέσων
KnowledgeSkillCompetence,http://data.europa.eu/esco/skill/9ff9db9d-d14b-426e-83f3-e7449af6c79f,διαχείριση δεδομένων,released,skill/competence,sector-specific,διευθύνω τον κύκλο ζωής δεδομένων | διαχειρίζομαι πόρους δεδομένων | χειρίζομαι πηγή δεδομένων | διαχειρίζομαι πηγές δεδομένων | χειρίζομαι εργαλεία ποιοτικών δεδομένων,"Διαχείριση όλων των τύπων πόρων δεδομένων σε όλον τον κύκλο ζωής τους, μέσω της απόδοσης χαρακτηριστικών προφίλ στα δεδομένα, της ανάλυσης, της τυποποίησης, της ανάλυσης ταυτότητας, της εκκαθάρισης, της ενίσχυσης και του ελέγχου. Διασφάλιση της καταλληλότητας των δεδομένων για τον επιδιωκόμενο σκοπό με τη χρήση ειδικών εργαλείων ΤΠΕ για την εκπλήρωση των κριτηρίων ποιότητας των δεδομένων.",http://data.europa.eu/esco/skill/32c017fd-28ab-4051-bf68-74de952c2f77,διαχείριση πληροφοριών
KnowledgeSkillCompetence,http://data.europa.eu/esco/skill/a056851d-4a8b-4007-b0f6-8224ca1ec1c2,υπολογιστική γλωσσολογία,released,knowledge,sector-specific,,"Ο κλάδος της πληροφορικής, ο οποίος εξετάζει τη μοντελοποίηση των φυσικών γλωσσών σε υπολογιστικές γλώσσες και γλώσσες προγραμματισμού.",http://data.europa.eu/esco/skill/810df100-e85a-4c13-b619-34030a75ecc2 | http://data.europa.eu/esco/isced-f/0232,γλωσσολογία | φιλολογία και γλωσσολογία
KnowledgeSkillCompetence,http://data.europa.eu/esco/skill/a06a0d41-10fa-4ba7-a988-e8b5eba966fb,η κινητικότητα ως υπηρεσία,released,knowledge,sector-specific,MaaS,"Παροχή υπηρεσιών κινητικότητας μέσω ψηφιακών τεχνολογιών που επιτρέπουν στους πελάτες να σχεδιάζουν, να κάνουν κράτηση και να πληρώνουν για το ταξίδι τους. Περιλαμβάνεται η προσφορά κοινών και βιώσιμων υπηρεσιών κινητικότητας προσαρμοσμένων στις ταξιδιωτικές ανάγκες των χρηστών και η γνώση των διαφόρων εφαρμογών που χρησιμοποιούνται για τον σκοπό αυτό.
	",http://data.europa.eu/esco/isced-f/1041,υπηρεσίες μεταφορών
KnowledgeSkillCompetence,http://data.europa.eu/esco/skill/a06aa85f-2879-4a02-a6bd-cd60cdfc3f12,αυτοματοποιημένη οπτική επιθεώρηση,released,knowledge,sector-specific,,"Κατά τη διάρκεια της αυτοματοποιημένης οπτικής επιθεώρησης (AOI), οι πλακέτες τυπωμένων κυκλωμάτων (PCB) ή οι διατάξεις επιφανειακής στήριξης (SMD) ελέγχονται με αυτόματη μηχανή οπτικής επιθεώρησης. Κατά τη διάρκεια κάθε αυτοματοποιημένης δοκιμής οπτικής επιθεώρησης, δεκάδες εικόνες λαμβάνονται με ειδική μηχανή λήψης και συγκρίνονται με τις προηγούμενες συναρμολογημένες πλακέτες για την ανίχνευση τυχόν ανωμαλιών.",http://data.europa.eu/esco/isced-f/0914,τεχνολογία ιατρικής διάγνωσης και θεραπείας
KnowledgeSkillCompetence,http://data.europa.eu/esco/skill/a0b6f2b8-0f41-420d-9d7b-942026f83b50,λογισμικό προγραμματισμού παραγωγής υδατοκαλλιεργειών,released,knowledge,sector-specific,,Οι αρχές λειτουργίας και η χρήση λογισμικού που προορίζεται ειδικά για τον προγραμματισμό της παραγωγής υδατοκαλλιεργειών.,http://data.europa.eu/esco/skill/5475343c-5e75-415f-b431-17f3c20a347e | http://data.europa.eu/esco/isced-f/0831,χρήση λογισμικού για τον σχεδιασμό της παραγωγής | αλιεία
KnowledgeSkillCompetence,http://data.europa.eu/esco/skill/a0bf9b9d-e53f-418c-a839-5d99eff718fe,διενέργεια βελτιστοποίησης ιστοσελίδων για μηχανές αναζήτησης,released,skill/competence,cross-sector,,"Εκτέλεση βέλτιστων δραστηριοτήτων εμπορικής έρευνας και στρατηγικές σχετικά με τις διαδικασίες μηχανών αναζήτησης, γνωστές επίσης ως εμπορική προώθηση μέσω μηχανών αναζήτησης (SEM), με σκοπό την αύξηση της διαδικτυακής κυκλοφορίας και της έκθεσης του ιστοτόπου.",http://data.europa.eu/esco/skill/258fea29-09db-4918-8235-0d7d529cd31c,"περιήγηση, αναζήτηση και φιλτράρισμα ψηφιακών δεδομένων"
KnowledgeSkillCompetence,http://data.europa.eu/esco/skill/a12057b4-6d11-4a12-ab8e-15a028ef0a6d,επικοινωνία μέσω ψηφιακών τεχνολογιών,released,skill/competence,cross-sector,διάδραση μέσω ψηφιακών τεχνολογιών,Αλληλεπίδραση μέσω διαφόρων ψηφιακών τεχνολογιών και κατανόηση των κατάλληλων μέσων ψηφιακής επικοινωνίας σε ένα δεδομένο πλαίσιο.,http://data.europa.eu/esco/skill/574257ea-7b64-4100-b7b6-e27c233fe143 | http://data.europa.eu/esco/skill/98fb499f-9155-412d-a8a0-95ba97126fec,ψηφιακή επικοινωνία και συνεργασία | χρήση ψηφιακών εργαλείων για συνεργασία και παραγωγικότητα
KnowledgeSkillCompetence,http://data.europa.eu/esco/skill/a1388163-462a-4b76-8649-67470ea858a1,διερεύνηση βάσεων δεδομένων,released,skill/competence,cross-sector,,Αναζήτηση πληροφοριών ή ατόμων που χρησιμοποιούν βάσεις δεδομένων.,http://data.europa.eu/esco/skill/1d6c7de4-350e-4868-a47b-333b4b0d9650 | http://data.europa.eu/esco/skill/ba93b71b-c433-4a01-8246-ed2daa85a9a2 | http://data.europa.eu/esco/skill/4463a721-69f3-413d-8321-43e3af13a4f1 | http://data.europa.eu/esco/skill/258fea29-09db-4918-8235-0d7d529cd31c,"αξιολόγηση δεδομένων, πληροφοριών και ψηφιακού περιεχομένου | πραγματοποίηση αναζητήσεων στο διαδίκτυο | χρήση βάσεων δεδομένων | περιήγηση, αναζήτηση και φιλτράρισμα ψηφιακών δεδομένων"
KnowledgeSkillCompetence,http://data.europa.eu/esco/skill/a18b1d91-f0bd-495d-ba8e-d9532f117b89,λειτουργικές δυνατότητες βιντεοπαιχνιδιών,released,knowledge,cross-sector,λειτουργικές δυνατότητες video-games,Χαρακτηριστικά και γνώσεις βιντεοπαιχνιδιών για την ανάλογη παροχή συμβουλών στους πελάτες.,http://data.europa.eu/esco/isced-f/0416,χονδρική και λιανική πώληση
KnowledgeSkillCompetence,http://data.europa.eu/esco/skill/a283db93-b160-4b6f-9855-4e79806c4674,Project Anarchy,released,knowledge,sector-specific,,"Η κινητή μηχανή παιχνιδιών, η οποία είναι ένα πλαίσιο λογισμικού το οποίο αποτελείται από ολοκληρωμένα περιβάλλοντα ανάπτυξης και εξειδικευμένα εργαλεία σχεδιασμού, που έχουν σχεδιαστεί για την ταχεία επανάληψη των παιχνιδιών υπολογιστών που προέρχονται από χρήστη. 
 ",http://data.europa.eu/esco/skill/966f2fd3-3de6-42da-b87c-da924c6d7960 | http://data.europa.eu/esco/isced-f/0211,συστήματα δημιουργίας ψηφιακών παιχνιδιών | τεχνικές και παραγωγή οπτικοακουστικών μέσων
KnowledgeSkillCompetence,http://data.europa.eu/esco/skill/a2842c30-be76-4327-9dce-ff56cf830533,διενέργεια δραστηριοτήτων παρεμβολών στα συστήματα επικοινωνίας,released,skill/competence,occupation-specific,,"Έλεγχος και παρακολούθηση του ραδιοδικτύου δυνάμεων εναέριας κυκλοφορίας και εκτέλεση δραστηριοτήτων παρεμβολών ή παρεισφρήσεων, γεγονός που σημαίνει διατάραξη της λειτουργίας των ανεπιθύμητων εκπομπών. Η κρυπτογράφηση γίνεται κυρίως σε φωνητική επικοινωνία και σήματα με τη χρήση επεξεργαστών ψηφιακών σημάτων (DSP).",http://data.europa.eu/esco/skill/0a88a13f-693a-4dde-b44c-22e6f98fabc6,χειρισμός εξοπλισμού επικοινωνίας
KnowledgeSkillCompetence,http://data.europa.eu/esco/skill/a28df07f-976c-4eb4-b29a-06161af39756,χρήση μηχανογραφικών συστημάτων διαχείρισης συντήρησης,released,skill/competence,sector-specific,,"Χρήση μηχανογραφικών συστημάτων διαχείρισης συντήρησης (CMMS), με σκοπό τη διευκόλυνση της αποτελεσματικής παρακολούθησης των εργασιών οι οποίες εκτελούνται στις εγκαταστάσεις συντήρησης.",http://data.europa.eu/esco/skill/b916d60e-38e9-4241-914a-4e2144bda711 | http://data.europa.eu/esco/skill/c5bc42be-4970-4dce-80e2-af78bae42e84 | http://data.europa.eu/esco/skill/98fb499f-9155-412d-a8a0-95ba97126fec,χειρισμός αυτοματοποιημένων συστημάτων ελέγχου | διαχείριση εργασιών συντήρησης | χρήση ψηφιακών εργαλείων για συνεργασία και παραγωγικότητα
KnowledgeSkillCompetence,http://data.europa.eu/esco/skill/a2b566b0-1070-47a4-adc8-88839942ce25,υβριδικά συστήματα ελέγχου,released,knowledge,cross-sector,,Τα συστήματα ελέγχου που περιέχουν τόσο υποσυστήματα με συνεχή δυναμική όσο και υποσυστήματα με διακριτή δυναμική.,http://data.europa.eu/esco/isced-f/0613,ανάπτυξη και ανάλυση λογισμικού και εφαρμογών
KnowledgeSkillCompetence,http://data.europa.eu/esco/skill/a2b5dcf3-5b6a-453d-876c-cff540c0faf1,λογισμικό για σχεδιασμό με χρήση υπολογιστή,released,knowledge,cross-sector,λογισμικό CAD,"Το λογισμικό σχεδιασμού με τη βοήθεια ηλεκτρονικού υπολογιστή (CAD) για τη δημιουργία, την τροποποίηση, την ανάλυση ή τη βελτιστοποίηση ενός σχεδιασμού.",http://data.europa.eu/esco/isced-f/0613,ανάπτυξη και ανάλυση λογισμικού και εφαρμογών
KnowledgeSkillCompetence,http://data.europa.eu/esco/skill/a2fef437-6719-47c2-8552-73b9fe81df86,σχεδιασμός των δυνατοτήτων ΤΠΕ,released,skill/competence,occupation-specific,σχεδιάζω τη δυναμικότητα των ΤΠΕ | δημιουργώ υποδομές ΤΠΕ | καταρτίζω προγράμματα δυνατοτήτων ΤΠΕ | προγραμματίζω χωρητικότητα ΤΠΕ,"Προγραμματισμός των πλέον μακροπρόθεσμων δυνατοτήτων υλισμικού, των υποδομών ΤΠΕ, των ανθρώπινων πόρων και άλλων πτυχών που απαιτούνται για την αντιμετώπιση των μεταβαλλόμενων απαιτήσεων για προϊόντα και υπηρεσίες ΤΠΕ.",http://data.europa.eu/esco/skill/2c5cbddf-3393-452f-abb0-8e734d1b61be | http://data.europa.eu/esco/skill/92fc9726-5b5e-439e-a33c-06a8c63fbb9a,σχεδιασμός μελλοντικών απαιτήσεων δυναμικού | κατανομή και έλεγχος των πόρων
KnowledgeSkillCompetence,http://data.europa.eu/esco/skill/a32c2a6d-02ea-42ec-b2b7-66659ce1811c,χειρισμός ηχητικού βυθομέτρου,released,skill/competence,sector-specific,,Χειρισμός τεχνολογικού εξοπλισμού για τη μέτρηση του βάθους του ωκεανού. Υπολογισμός και ερμηνεία των αποτελεσμάτων και κοινοποίησή τους στη διοίκηση.,http://data.europa.eu/esco/skill/7ca69606-5ffc-4668-ae53-713c1f1612e6,χειρισμός επιστημονικού και εργαστηριακού εξοπλισμού
KnowledgeSkillCompetence,http://data.europa.eu/esco/skill/a35b9b1c-ebfe-41ac-96be-2a7b2ea04670,ροή εργασιών που βασίζεται σε αρχεία,released,knowledge,sector-specific,,"Καταγραφή κινούμενων εικόνων χωρίς τη χρήση ταινίας, αλλά με την αποθήκευση αυτών των ψηφιακών βίντεο σε οπτικούς δίσκους, σκληρούς δίσκους και άλλες ψηφιακές συσκευές αποθήκευσης.",http://data.europa.eu/esco/isced-f/0211,τεχνικές και παραγωγή οπτικοακουστικών μέσων
KnowledgeSkillCompetence,http://data.europa.eu/esco/skill/a3882117-5ace-40b3-ad39-014d8b53c835,παραγωγή σαρωμένων εικόνων,released,skill/competence,sector-specific,,Παραγωγή σαρωμένων εικόνων οι οποίες πληρούν διάφορες κατηγορίες απαιτήσεων και δεν παρουσιάζουν πιθανά ελαττώματα.,http://data.europa.eu/esco/skill/a556a3db-cd48-42a5-825c-f95f6f5ccbfe,δημιουργία διατάξεων οπτικής απεικόνισης και διακοσμήσεων
KnowledgeSkillCompetence,http://data.europa.eu/esco/skill/a3bd38a7-06e4-4e9c-8bbc-75aa36871801,χειρισμός συστημάτων ενημέρωσης αλληλογραφίας,released,skill/competence,sector-specific,,"Χειρισμός συστημάτων πληροφοριών ηλεκτρονικού ταχυδρομείου για την καταγραφή της επεξεργασίας και του χειρισμού της αλληλογραφίας. Καταγραφή βλαβών και εντοπισμός δεμάτων που δεν παραδόθηκαν. Διασφάλιση της ιχνηλασιμότητας της αλληλογραφίας και των μικρών δεμάτων, έως την παράδοσή τους στους παραλήπτες.",http://data.europa.eu/esco/skill/1034004c-0347-4765-8794-b65d2c92b379,τεκμηρίωση και καταγραφή πληροφοριών
KnowledgeSkillCompetence,http://data.europa.eu/esco/skill/a3ce2bf7-5562-4639-9b52-fdb4850a3904,τεχνικές διαχείρισης προβλημάτων ΤΠΕ,released,knowledge,sector-specific,τεχνικές επίλυσης ζητημάτων ΤΠΕ | πρακτικές αντιμετώπισης προβλημάτων ΤΠΕ | τακτικές επιδιόρθωσης προβλημάτων ΤΠΕ | τεχνικές αντιμετώπισης προβλημάτων ΤΠΕ | μέθοδοι διαχείρισης προβλημάτων ΤΠΕ,Οι τεχνικές που σχετίζονται με τον προσδιορισμό λύσεων για τα γενεσιουργά αίτια των συμβάντων ΤΠΕ.,http://data.europa.eu/esco/isced-f/0611,χρήση υπολογιστών
KnowledgeSkillCompetence,http://data.europa.eu/esco/skill/a3e7ebba-5183-4df8-9203-35b9b9b8f4fa,συλλογή δεδομένων πελατών,released,skill/competence,sector-specific,,"Συλλογή δεδομένων πελατών όπως στοιχεία επικοινωνίας, πιστωτικών καρτών και στοιχείων τιμολόγησης, συλλογή πληροφοριών για τον εντοπισμό του ιστορικού αγορών.",http://data.europa.eu/esco/skill/29dcc31e-a8d6-4a62-b3c1-2de81e966e39,συγκέντρωση πληροφοριών από φυσικές ή ηλεκτρονικές πηγές
KnowledgeSkillCompetence,http://data.europa.eu/esco/skill/a4346013-a967-4a58-a533-6b32ad1364c5,προστασία δεδομένων,released,knowledge,sector-specific,,"Οι αρχές, τα δεοντολογικά ζητήματα, τους κανονισμούς και τα πρωτόκολλα για την προστασία των δεδομένων.",http://data.europa.eu/esco/isced-f/0612,σχεδιασμός και διαχείριση βάσεων δεδομένων και δικτύων
KnowledgeSkillCompetence,http://data.europa.eu/esco/skill/a46743b7-ff8c-49b6-99f7-7fa5bc241771,χρήση ηλεκτρονικού μητρώου υγείας στη νοσηλευτική,released,skill/competence,sector-specific,,"Χρήση των ηλεκτρονικών μητρώων υγείας για την τεκμηρίωση της νοσηλευτικής αξιολόγησης, της διάγνωσης, των παρεμβάσεων και των αποτελεσμάτων που βασίζονται σε συγκρίσιμα συστήματα ταξινόμησης νοσηλευτικής και ταξονομίας.",http://data.europa.eu/esco/skill/4463a721-69f3-413d-8321-43e3af13a4f1 | http://data.europa.eu/esco/skill/6a7fc30d-af16-4cc5-a957-29d174bdb61c,"χρήση βάσεων δεδομένων | διαχείριση, συλλογή και αποθήκευση ψηφιακών δεδομένων"
KnowledgeSkillCompetence,http://data.europa.eu/esco/skill/a47d194d-0ffd-4aaa-b695-fbbe0255000e,σχεδιασμός πληροφοριακών συστημάτων,released,skill/competence,sector-specific,σχεδιασμός πληροφορικών συστημάτων | ανάπτυξη συστημάτων πληροφοριών | σχεδιασμός συστημάτων ΤΠΕ,"Καθορισμός της αρχιτεκτονικής, της σύνθεσης, των συνιστωσών, των δομοστοιχείων, των διεπαφών και των δεδομένων για τα ολοκληρωμένα συστήματα πληροφοριών (υλισμικό, λογισμικό και δίκτυο), βάσει των απαιτήσεων και των προδιαγραφών του συστήματος.",http://data.europa.eu/esco/skill/b590d4e5-7c62-4b4a-abc2-c270b482e0ce,σχεδιασμός συστημάτων ή εφαρμογών τπε
KnowledgeSkillCompetence,http://data.europa.eu/esco/skill/a4881e54-6055-4e61-855a-0a56ced7cfa3,αξιολόγηση της στρατηγικής για το διαδίκτυο,released,knowledge,sector-specific,ανάλυση στρατηγικής ιστού | διαδικτυακή αξιολόγηση | αξιολόγηση παρουσίας στο διαδίκτυο,"Τεχνικές για τη διενέργεια διεξοδικής ανάλυσης της παρουσίας μιας εταιρείας στο διαδίκτυο.
	",http://data.europa.eu/esco/isced-f/0414,εμπορική προώθηση και διαφήμιση
KnowledgeSkillCompetence,http://data.europa.eu/esco/skill/a48e97cc-9240-46e3-b62d-a6935f132bea,εντοπισμός απολιθωμάτων,released,skill/competence,occupation-specific,,Προσδιορισμός της θέσης απολιθωμάτων με χρήση σαρωτών ραντάρ και άλλου εξοπλισμού.,http://data.europa.eu/esco/skill/7ca69606-5ffc-4668-ae53-713c1f1612e6,χειρισμός επιστημονικού και εργαστηριακού εξοπλισμού
KnowledgeSkillCompetence,http://data.europa.eu/esco/skill/a4a882a1-0263-4dd2-b29a-f0028cac2393,ορισμός στρατηγικής ολοκλήρωσης,released,skill/competence,sector-specific,ορισμός της στρατηγικής ενοποίησης | ανάπτυξη μεθόδων ενσωμάτωσης συστημάτων | καθορισμός της στρατηγικής ολοκλήρωσης | ορισμός των μεθόδων ενσωμάτωσης,"Προσδιορισμός στρατηγικών για την ολοκλήρωση συστήματος, με ενσωμάτωση του χρονοδιαγράμματος, των διαδικασιών που απαιτούνται για τον συνδυασμό συνιστωσών σε υποσυστήματα και συστήματα, των μέσων για τον τρόπο διεπαφής των συνιστωσών, καθώς και των κινδύνων που συνδέονται με την ολοκλήρωση.",http://data.europa.eu/esco/skill/248894d1-42dc-474f-af6e-2da52ac0c679 | http://data.europa.eu/esco/skill/b590d4e5-7c62-4b4a-abc2-c270b482e0ce,καθορισμός τεχνολογικής στρατηγικής | σχεδιασμός συστημάτων ή εφαρμογών τπε
KnowledgeSkillCompetence,http://data.europa.eu/esco/skill/a4bead49-86a0-4849-8b6a-77cdcc157808,οδηγίες κατασκευαστή για οπτικοακουστικό εξοπλισμό,released,knowledge,sector-specific,,"Οδηγίες του κατασκευαστή για την εγκατάσταση εξοπλισμού ήχου και εικόνας, όπως ορίζεται στο εγχειρίδιο χρήστη.",http://data.europa.eu/esco/isced-f/0211,τεχνικές και παραγωγή οπτικοακουστικών μέσων
KnowledgeSkillCompetence,http://data.europa.eu/esco/skill/a4c2aa71-086f-4a46-b481-2619673c9dfe,διενέργεια έρευνας δραστηριοτήτων χρηστών ΤΠΕ,released,skill/competence,sector-specific,πραγματοποίηση έρευνας ενεργειών χρηστών ΤΠΕ | διενέργεια έρευνας εργασιών χρήστη ΤΠΕ | διενέργεια έρευνας καθηκόντων χρήστη ΤΠΕ | διενέργεια έρευνας δράσεων χρηστών ΤΠΕ,"Εκτέλεση εργασιών έρευνας όπως η πρόσληψη συμμετεχόντων, ο προγραμματισμός καθηκόντων, η συλλογή εμπειρικών δεδομένων, η ανάλυση δεδομένων και η παραγωγή υλικών προκειμένου να αξιολογηθεί η αλληλεπίδραση των χρηστών με κάποιο σύστημα, πρόγραμμα ή εφαρμογή ΤΠΕ.",http://data.europa.eu/esco/skill/ddfe79e2-c2e3-4ba7-9bdf-3820b4f75b54 | http://data.europa.eu/esco/skill/8fde007e-ea4c-48c2-84c5-752834acd31d,"Προσδιορισμός των αναγκών χρηστών ΤΠΕ | διενέργεια μελετών, ερευνών και εξετάσεων"
KnowledgeSkillCompetence,http://data.europa.eu/esco/skill/a4d336a6-9ffd-402a-91cc-f359716ba4e0,ML (προγραμματισμός ηλεκτρονικών υπολογιστών),released,knowledge,sector-specific,,"Οι τεχνικές και οι αρχές ανάπτυξης λογισμικού, όπως είναι η ανάλυση, οι αλγόριθμοι, η κωδικοποίηση, οι δοκιμές και η κατάρτιση υποδειγμάτων μοντέλων σε πλαίσιο ML.",http://data.europa.eu/esco/skill/21d2f96d-35f7-4e3f-9745-c533d2dd6e97 | http://data.europa.eu/esco/isced-f/0613,προγραμματισμός ηλεκτρονικών υπολογιστών | ανάπτυξη και ανάλυση λογισμικού και εφαρμογών
KnowledgeSkillCompetence,http://data.europa.eu/esco/skill/a4e31589-3632-4926-91d0-15b889c90b9b,IBM WebSphere,released,knowledge,sector-specific,,Ο εξυπηρετητής της εφαρμογής της IBM WebSphere παρέχει ευέλικτα και ασφαλή περιβάλλοντα Java EE για τη στήριξη υποδομών και την ανάπτυξη εφαρμογών.,http://data.europa.eu/esco/isced-f/0613 | http://data.europa.eu/esco/skill/69bbd53f-fbb0-4476-b4b2-ef7844464e28,ανάπτυξη και ανάλυση λογισμικού και εφαρμογών | προγραμματισμός ιστού
KnowledgeSkillCompetence,http://data.europa.eu/esco/skill/a4ec696c-ac73-4bd5-8a3c-09a783cf3944,χρήση λογισμικού για τον σχεδιασμό ορυχείου,released,skill/competence,sector-specific,,"Χρήση εξειδικευμένου λογισμικού για τον σχεδιασμό, τη σχεδίαση και το μοντέλο των εξορυκτικών δραστηριοτήτων.",http://data.europa.eu/esco/skill/5475343c-5e75-415f-b431-17f3c20a347e | http://data.europa.eu/esco/skill/b1115b14-fa16-4c1e-be6c-91fd49a1808b,χρήση λογισμικού για τον σχεδιασμό της παραγωγής | χρήση εργαλείων σχεδιασμού και σχεδίασης με τη βοήθεια ηλεκτρονικού υπολογιστή
KnowledgeSkillCompetence,http://data.europa.eu/esco/skill/a50c6a0a-5171-4be6-aa2b-50fe4d025d45,δημιουργία τρισδιάστατων πρωτοτύπων υποδημάτων με το λογισμικό CAD,released,skill/competence,sector-specific,δημιουργία τρισδιάστατων πρωτοτύπων υποδημάτων με τη βοήθεια υπολογιστή,"Ικανότητα ανάγνωσης και κατανόησης των οπτικών στοιχείων και των τεχνικών προδιαγραφών σχεδιασμού από σκαριφήματα που σχεδιάστηκαν στο χέρι ή με υπολογιστή, φωτογραφίες και σχέδια. Ψηφιοποίηση ή σάρωση των καλαποδιών. Δημιουργία του σχεδιασμού με βάση το σχήμα, σύμφωνα με τις απαιτήσεις του πελάτη για τις διαστάσεις. Διενέργεια τρισδιάστατης μοντελοποίησης για τα υποδήματα, με τη χρήση διαφόρων λειτουργικών δυνατοτήτων του λογισμικού CAD, όπως η παραγωγή, ο χειρισμός και η δοκιμή εικονικών εικόνων για τρισδιάστατο καλλιτεχνικό και τεχνικό σχεδιασμό με τη βοήθεια υπολογιστή. Παραγωγή εναλλακτικών σχεδίων και ανάπτυξη εικονικών μοντέλων και σειρών συλλογής. Πραγματοποίηση παρουσιάσεων και καταλόγων.",http://data.europa.eu/esco/skill/b34e2ba1-9080-48c9-9b42-ee9192a4d3f1 | http://data.europa.eu/esco/skill/b1115b14-fa16-4c1e-be6c-91fd49a1808b,χρήση λογισμικού για σχεδιασμό με χρήση υπολογιστή | χρήση εργαλείων σχεδιασμού και σχεδίασης με τη βοήθεια ηλεκτρονικού υπολογιστή
KnowledgeSkillCompetence,http://data.europa.eu/esco/skill/a520b743-8f40-43ac-a2d5-755899120844,τεχνολογία ήχου,released,knowledge,cross-sector,ακουστική τεχνολογία,"Οι διάφορες τεχνολογίες για την παραγωγή, την καταγραφή και την αναπαραγωγή ήχου.",http://data.europa.eu/esco/isced-f/0211,τεχνικές και παραγωγή οπτικοακουστικών μέσων
KnowledgeSkillCompetence,http://data.europa.eu/esco/skill/a521903b-aa32-4954-9790-961b0df1261f,μη επανδρωμένα εναέρια συστήματα,released,knowledge,sector-specific,μη επανδρωμένα αεροσκάφη,Τα συστήματα που χρησιμοποιούνται για τον τηλεχειρισμό μη επανδρωμένων εναέριων οχημάτων από δομοστοιχείο επί του οχήματος ή από χειριστή που βρίσκεται στο έδαφος ή στον αέρα.,http://data.europa.eu/esco/isced-f/0714,ηλεκτρονική και αυτοματισμός
KnowledgeSkillCompetence,http://data.europa.eu/esco/skill/a56dec32-05ef-45de-a256-ee6741f356db,εμπιστευτικότητα πληροφοριών,released,knowledge,sector-specific,εμπιστευτικότητα δεδομένων· έλεγχος πρόσβασης δεδομένων | εμπιστευτικότητα δεδομένων | εμπιστευτικότητα στοιχείων | έλεγχος πρόσβασης δεδομένων | απόρρητο δεδομένων καταναλωτή,"Οι μηχανισμοί και οι κανονισμοί που επιτρέπουν τον επιλεκτικό έλεγχο της πρόσβασης και εγγυώνται ότι μόνο τα εξουσιοδοτημένα μέρη (άτομα, διαδικασίες, συστήματα και συσκευές) έχουν πρόσβαση στα δεδομένα, τον τρόπο συμμόρφωσής τους με εμπιστευτικές πληροφορίες και τους κινδύνους μη συμμόρφωσης.",http://data.europa.eu/esco/skill/e37d64dc-0f05-4ee8-b065-bf76f70d8f5c | http://data.europa.eu/esco/isced-f/0612,τήρηση υποχρεώσεων εμπιστευτικότητας | σχεδιασμός και διαχείριση βάσεων δεδομένων και δικτύων
KnowledgeSkillCompetence,http://data.europa.eu/esco/skill/a571ae14-3e16-4fd3-a615-5646e0b0b696,διερεύνηση δεδομένων,released,skill/competence,cross-sector,,"Ανάλυση, μετασχηματισμός και μοντελοποίηση δεδομένων για την ανακάλυψη χρήσιμων πληροφοριών και την υποστήριξη της διαδικασίας λήψης αποφάσεων.",http://data.europa.eu/esco/skill/1d6c7de4-350e-4868-a47b-333b4b0d9650 | http://data.europa.eu/esco/skill/1f2950c0-ef1e-44b4-9a55-125ccd7b78af,"αξιολόγηση δεδομένων, πληροφοριών και ψηφιακού περιεχομένου | ανάλυση και αξιολόγηση πληροφοριών και δεδομένων"
KnowledgeSkillCompetence,http://data.europa.eu/esco/skill/a572fd00-6735-428b-9fb1-fd2bf6262b21,παρακολούθηση διαδικτυακών ανταγωνιστών,released,skill/competence,occupation-specific,,Παρακολούθηση δραστηριοτήτων εταιρειών του ίδιου τομέα που προσφέρουν παρόμοιο προϊόν ή υπηρεσία σε επιγραμμικό περιβάλλον.,http://data.europa.eu/esco/skill/5c2d5780-23ed-4372-bb8d-c1846ee404ae,παρακολούθηση χρηματοοικονομικών και οικονομικών πόρων και δραστηριοτήτων
KnowledgeSkillCompetence,http://data.europa.eu/esco/skill/a57a54b6-2f2e-43e4-9621-b52f4a63cb08,LDAP,released,knowledge,sector-specific,,Η γλώσσα υπολογιστή LDAP είναι μια γλώσσα ερωτήσεων στην οποία πραγματοποιείται αναζήτηση πληροφοριών από βάση δεδομένων και εγγράφων που περιέχουν τις απαιτούμενες πληροφορίες.,http://data.europa.eu/esco/skill/9cf681c7-89ec-470c-b651-7fe03786f586 | http://data.europa.eu/esco/isced-f/0613,γλώσσα ερωτήσεων | ανάπτυξη και ανάλυση λογισμικού και εφαρμογών
KnowledgeSkillCompetence,http://data.europa.eu/esco/skill/a59708e3-e654-4e37-8b8a-741c3b756eee,συστήματα πολυμέσων,released,knowledge,cross-sector,,"Οι μέθοδοι, οι διαδικασίες και οι τεχνικές λειτουργίας των συστημάτων πολυμέσων, συνήθως συνδυασμός λογισμικού και υλικού, που παρουσιάζουν διάφορα είδη μέσων, όπως βίντεο και ήχο.",http://data.europa.eu/esco/isced-f/0211,τεχνικές και παραγωγή οπτικοακουστικών μέσων
KnowledgeSkillCompetence,http://data.europa.eu/esco/skill/a6532ae5-efc4-4ca4-b172-c11471940d09,ηλεκτρονική επιχειρηματική δραστηριότητα,released,knowledge,sector-specific,ηλεκτρονικό επιχειρείν,"Κάθε επιχειρηματική διαδικασία που υλοποιείται με τη χρήση δικτύου μέσω υπολογιστή. Αφορά κυρίως τη χρήση του Ιστού, του διαδικτύου και ενδοδικτύων για την άσκηση επιχειρηματικών δραστηριοτήτων. Διαλαμβάνει, μεταξύ άλλων, επιχειρησιακές διαδικασίες, όπως η διαχείριση των σχέσεων με τους πελάτες και η διαχείριση της αλυσίδας εφοδιασμού.
	",http://data.europa.eu/esco/isced-f/068,διεπιστημονικά προγράμματα και προσόντα που περιλαμβάνουν τεχνολογίες πληροφορικής και επικοινωνιών (τπε)
KnowledgeSkillCompetence,http://data.europa.eu/esco/skill/a71577b2-7550-4222-88ee-dcbd2d881516,λογισμικό επεξεργασίας γραφικών,released,knowledge,sector-specific,GraphicConverter | Phatch | Adobe Photoshop Elements | IrfanView | GIMPshop | sK1 | Chasys Draw IES | Corel Photo-Paint | Sodipodi | Color It! | CinePaint | PhotoPerfect | Macromedia FreeHand | Fotografix | Pixia | Tux Paint | UFRaw | PMview | FastStone Image Viewer | Apache OpenOffice Draw | PhotoScape | Paint.NET | γραφικά εργαλεία ΤΠΕ για την επεξεργασία γραφικών | TVPaint | PixBuilder Photo Editor | SVG-edit | OmniGraffle | Darktable | Autodesk SketchBook Pro | Swift 3D | Zoner Photo Studio | Photogenics | QFX | ArtRage | GimPhoto | Corel Painter Essentials | Pixlr.com | Fatpaint | λογισμικό γραφικών | Pixelmator | Iridient Developer | προγράμματα επεξεργασίας γραφικών | Rawstudio | ACD Canvas | DigiKam | KolourPaint | Xara Xtreme LX | Shotwell | Project Dogwaffle | F-Spot | GraphicsMagick | CodedColor | cosmigo Pro Motion | Unified Color HDR PhotoStudio | Inkscape | Ulead PhotoImpact | XnView | LView Pro | vector graphics editor | G'MIC | Erdas Imagine | γραφικά εργαλεία ΤΠΕ ψηφιακής επεξεργασίας γραφικών | RawTherapee | ArcSoft PhotoImpression | λογισμικό σύστημα επεξεργασίας γραφικών | LibreOffice Draw | Serif Photoplus | Picasa | Embroidermodder | NeoPaint | LazPaint | Serif DrawPlus | SAILightZone | GrafX2 | Pictor Paint | Balsamiq | Ability Photopaint | Photo Mechanic | XPaint | Xara Photo & Graphic Designer | PicMonkey | ImageMagick,"Ο τομέας των εργαλείων γραφικών των ΤΠΕ που επιτρέπουν την ψηφιακή επεξεργασία και τη σύνθεση γραφικών τεχνών, όπως τα GIMP, Adobe Photoshop και Adobe Illustrator, για την ανάπτυξη τόσο γραφικών ράστερ 2D καθώς και γραφικών διανύσματος 2D.",http://data.europa.eu/esco/skill/9ce670ec-318c-4a91-9179-03437db728dc | http://data.europa.eu/esco/skill/f058bf62-70d1-4f5e-be2a-8b26fac24a96 | http://data.europa.eu/esco/isced-f/0611,προδιαγραφές λογισμικού ΤΠΕ | σχεδιασμός γραφικών | χρήση υπολογιστών
KnowledgeSkillCompetence,http://data.europa.eu/esco/skill/a72408af-b488-4ad4-801b-bbf16f7a7b57,εγκατάσταση συστημάτων κίνησης περσίδων,released,skill/competence,sector-specific,,"Εγκατάσταση μηχανικών και ηλεκτρικών περσίδων, όπως μανιβέλες και σωληνωτοί κινητήρες. Εφόσον είναι αναγκαίο, εγκατάσταση και σύνδεση ηλεκτρονικών συστημάτων ελέγχου, όπως τηλεχειριστήρια, αισθητήρες ήλιου και ανέμου.",http://data.europa.eu/esco/skill/a7065828-10aa-4aba-b7d4-f23a30df5060,"εγκατάσταση και επισκευή εξοπλισμού ηλεκτρικού, ηλεκτρονικού και ακριβείας"
KnowledgeSkillCompetence,http://data.europa.eu/esco/skill/a7242a8d-3762-42b7-b430-3369351bbd7d,χρωματισμός των αρνητικών των φωτογραφιών με ψηφιακά μέσα,released,skill/competence,sector-specific,,Χρήση της συσκευής σάρωσης για τη σάρωση των αρνητικών του φιλμ με σκοπό την ψηφιακή τελειοποίησή τους με τη χρήση λογισμικού επεξεργασίας εικόνων.,http://data.europa.eu/esco/skill/9ce52938-fe28-4548-b38d-0c783933e19a | http://data.europa.eu/esco/skill/c53a55a1-8b2b-4d2c-b12d-626742a3833a,επεξεργασία ψηφιακών κινούμενων εικόνων | χρήση ψηφιακών εργαλείων για την επεξεργασία ήχου και εικόνας
KnowledgeSkillCompetence,http://data.europa.eu/esco/skill/a7723f06-53c3-4228-9fd0-1952ea1d7391,Havok Vision,released,knowledge,sector-specific,,"Ο κινητήρας παιχνιδιών που αποτελείται από ολοκληρωμένα περιβάλλοντα ανάπτυξης και εξειδικευμένα εργαλεία σχεδιασμού, που έχουν σχεδιαστεί για την ταχεία επανάληψη των παιχνιδιών υπολογιστών που προέρχονται από χρήστη. 
 ",http://data.europa.eu/esco/skill/966f2fd3-3de6-42da-b87c-da924c6d7960 | http://data.europa.eu/esco/isced-f/0211,συστήματα δημιουργίας ψηφιακών παιχνιδιών | τεχνικές και παραγωγή οπτικοακουστικών μέσων
KnowledgeSkillCompetence,http://data.europa.eu/esco/skill/a7a14be2-78b5-4b4a-ba77-2658285e2756,εφαρμογή ανάδρομης τεχνικής έρευνας,released,skill/competence,sector-specific,εφαρμογή αντίστροφης μηχανικής | εφαρμογή αποσυμπίλησης | εφαρμογή ανάστροφης μηχανίκευσης,"Χρήση τεχνικών για την εξαγωγή πληροφοριών ή της αποσυναρμολόγησης στοιχείου ΤΠΕ, λογισμικού ή συστήματος, για την ανάλυση, τη διόρθωση και την εκ νέου συναρμολόγηση ή την αναπαραγωγή τους.",http://data.europa.eu/esco/skill/a8c3186b-c791-4d57-8f4f-4d12c7a5c6a7,προγραμματισμός συστημάτων ηλεκτρονικών υπολογιστών
KnowledgeSkillCompetence,http://data.europa.eu/esco/skill/a7f0fbe0-c546-4f30-8e41-34a58c64567e,αποθήκευση δεδομένων,released,knowledge,sector-specific,συστήματα αποθήκευσης δεδομέν | φύλαξη δεδομένων· καταχώριση στοιχείων· καταγραφή πληροφοριών | αποθήκευση πληροφοριών· αποθήκευση στοιχείων | υπηρεσία φιλοξενίας αρχείων,"Οι φυσικές και τεχνικές έννοιες του τρόπου οργάνωσης της ψηφιακής αποθήκευσης δεδομένων σε συγκεκριμένα συστήματα τόσο σε τοπικό επίπεδο, όπως οι σκληροί δίσκοι και οι τυχαιοποιημένες μνήμες (RAM) όσο και εξ αποστάσεως, μέσω του δικτύου, του διαδικτύου ή του υπολογιστικού νέφους.",http://data.europa.eu/esco/isced-f/0612,σχεδιασμός και διαχείριση βάσεων δεδομένων και δικτύων
KnowledgeSkillCompetence,http://data.europa.eu/esco/skill/a800a15c-2d1b-4151-8bf3-b21d47f709a1,ανάπτυξη σχεδίου διαδικτυακής κοινότητας,released,skill/competence,sector-specific,ανάπτυξη σχεδίου ηλεκτρονικής κοινότητας | ανάπτυξη σχεδίου επιγραμμικής κοινότητας | ανάπτυξη προγράμματος εικονικής κοινότητας | ανάπτυξη σχεδίου online κοινότητας | κατάρτιση σχεδίου ηλεκτρονικής κοινότητας,"Δημιουργία σχεδίου της κοινότητας για την ανάπτυξη της διαδικτυακής κοινότητας, την οικοδόμηση της χρήσης, τη διατήρηση των πρόσφατων χρηστών και την αύξηση της συμμετοχής των χρηστών.",http://data.europa.eu/esco/skill/52e3507b-1cad-409f-9146-3c5e2afe7df9 | http://data.europa.eu/esco/skill/b590d4e5-7c62-4b4a-abc2-c270b482e0ce,διαχείριση διαδικτυακής επικοινωνίας | σχεδιασμός συστημάτων ή εφαρμογών τπε
KnowledgeSkillCompetence,http://data.europa.eu/esco/skill/a80fb090-63f4-4b05-83a5-2f090deb7757,διαχείριση συστημάτων συλλογής δεδομένων,released,skill/competence,sector-specific,διαχειρίζομαι συστήματα συγκέντρωσης δεδομένων | αναπτύσσω μεθόδους συλλογής δεδομένων | διαχειρίζομαι στρατηγικές συλλογής δεδομένων | δημιουργώ μεθόδους συγκέντρωσης δεδομένων | καταρτίζω στρατηγικές συλλογής δεδομένων,"Ανάπτυξη και διαχείριση μεθόδων και στρατηγικών που χρησιμοποιούνται για τη μεγιστοποίηση της ποιότητας των δεδομένων και της στατιστικής αποτελεσματικότητας κατά τη συλλογή δεδομένων, προκειμένου να διασφαλιστεί η βελτιστοποίηση των συλλεχθέντων δεδομένων για περαιτέρω επεξεργασία.",http://data.europa.eu/esco/skill/9ff9db9d-d14b-426e-83f3-e7449af6c79f | http://data.europa.eu/esco/skill/79e29b8b-47d1-470d-b7b1-32506bfe7d9a | http://data.europa.eu/esco/skill/32c017fd-28ab-4051-bf68-74de952c2f77,διαχείριση δεδομένων | συλλογή δεδομένων ΤΠΕ | διαχείριση πληροφοριών
KnowledgeSkillCompetence,http://data.europa.eu/esco/skill/a87c1c42-8927-4183-97c7-a17554c22b29,Litmos,released,knowledge,sector-specific,,"Το πρόγραμμα ηλεκτρονικού υπολογιστή Litmos είναι μια πλατφόρμα ηλεκτρονικής μάθησης για τη δημιουργία, τη διαχείριση, την οργάνωση, την αναφορά και την παροχή ηλεκτρονικών εκπαιδευτικών μαθημάτων για την εκπαίδευση και την κατάρτιση. Αναπτύσσεται από την εταιρεία λογισμικού CallidusCloud.",http://data.europa.eu/esco/skill/6c80d53c-d8c9-41fe-998f-091fca208834 | http://data.europa.eu/esco/isced-f/0612,συστήματα διαχείρισης μάθησης | σχεδιασμός και διαχείριση βάσεων δεδομένων και δικτύων
KnowledgeSkillCompetence,http://data.europa.eu/esco/skill/a88da605-095f-4a4f-be1c-d1444df8228a,ψηφιακά μέσα,released,knowledge,cross-sector,ψηφιακά μέσα ήχου | ψηφιακά μέσα βίντεο,"Το σύνολο των μέσων που μεταδίδονται μέσω ηλεκτρονικών συσκευών.
	",http://data.europa.eu/esco/isced-f/0211,τεχνικές και παραγωγή οπτικοακουστικών μέσων
KnowledgeSkillCompetence,http://data.europa.eu/esco/skill/a8d07b5a-c1a1-42c6-9d53-db9c7a2ca996,PostgreSQL,released,knowledge,sector-specific,,"Το πρόγραμμα ηλεκτρονικού υπολογιστή PostgreSQL είναι ένα εργαλείο λογισμικού ελεύθερου και ανοικτών πηγών για τη δημιουργία, την επικαιροποίηση και τη διαχείριση βάσεων δεδομένων, το οποίο αναπτύχθηκε από την Ομάδα Παγκόσμιας Ανάπτυξης (Global Development Group) PostgreSQL.",http://data.europa.eu/esco/skill/ab1e97ed-2319-4293-a8b7-072d2648822f | http://data.europa.eu/esco/isced-f/0612,συστήματα διαχείρισης βάσεων δεδομένων | σχεδιασμός και διαχείριση βάσεων δεδομένων και δικτύων
KnowledgeSkillCompetence,http://data.europa.eu/esco/skill/a91732ce-988e-4105-9570-f425c6ffdc82,καθεστώς διανοητικής ιδιοκτησίας ψηφιακού περιεχομένου,released,knowledge,cross-sector,,"Διατάξεις περί δικαιωμάτων πνευματικής ιδιοκτησίας και αδειοδότησης που ισχύουν για τα δεδομένα, τις πληροφορίες και το ψηφιακό περιεχόμενο.
	",http://data.europa.eu/esco/skill/f5369f2f-e52b-43d8-8d31-79a6c11188d8 | http://data.europa.eu/esco/isced-f/0211,δημιουργία ψηφιακού περιεχομένου | τεχνικές και παραγωγή οπτικοακουστικών μέσων
KnowledgeSkillCompetence,http://data.europa.eu/esco/skill/a9622bbb-3a6f-4819-a3fe-cd6a447a78e9,Sakai,released,knowledge,sector-specific,,"Το πρόγραμμα ηλεκτρονικού υπολογιστή Sakai είναι μια πλατφόρμα ηλεκτρονικής μάθησης για τη δημιουργία, τη διαχείριση, την οργάνωση, την αναφορά και την παροχή ηλεκτρονικών εκπαιδευτικών μαθημάτων ή εκπαιδευτικών προγραμμάτων. Αναπτύσσεται από την εταιρεία λογισμικού Apeoreo.",http://data.europa.eu/esco/skill/6c80d53c-d8c9-41fe-998f-091fca208834 | http://data.europa.eu/esco/isced-f/0612,συστήματα διαχείρισης μάθησης | σχεδιασμός και διαχείριση βάσεων δεδομένων και δικτύων
KnowledgeSkillCompetence,http://data.europa.eu/esco/skill/a96dea4e-1c76-4808-8f18-3ce662ff82cb,προσδιορισμός σκηνών ψηφιακών παιχνιδιών,released,skill/competence,occupation-specific,προσδιορίζω εικόνες ψηφιακών παιχνιδιών | περιγράφω εικόνες ψηφιακών παιχνιδιών | ορίζω τοποθεσίες ψηφιακών παιχνιδιών | προσδιορίζω τοποθεσίες ψηφιακών παιχνιδιών | περιγράφω σκηνές ψηφιακών παιχνιδιών,"Περιγραφή σκηνών των ψηφιακών παιχνιδιών, μέσω της επικοινωνίας και της συνεργασίας με την καλλιτεχνική ομάδα, τους σχεδιαστές και τους καλλιτέχνες, προκειμένου να προσδιοριστεί το πεδίο των εικονικών περιβαλλόντων του παιχνιδιού.",http://data.europa.eu/esco/skill/b590d4e5-7c62-4b4a-abc2-c270b482e0ce,σχεδιασμός συστημάτων ή εφαρμογών τπε
KnowledgeSkillCompetence,http://data.europa.eu/esco/skill/a9b68e58-766a-403d-b5fe-955b57bdad1b,χειρισμός ηλεκτρονικών οργάνων μέτρησης,released,skill/competence,sector-specific,λειτουργώ ηλεκτρονικά όργανα μέτρησης· λειτουργώ ηλεκτρονικούς μετρητές· θέτω σε λειτουργία ηλεκτρονικές συσκευές μέτρησης | χειρίζομαι ηλεκτρονικούς μετρητές· χειρίζομαι ηλεκτρονικές συσκευές μέτρησης,"Χειρισμός ευρείας ποικιλίας συσκευών για τη μέτρηση των ηλεκτρονικών χαρακτηριστικών των συστατικών στοιχείων του συστήματος, όπως μετρητής ισχύος, μετρητής ισχύος οπτικής ίνας, ψηφιακός μετρητής ισχύος και πολύμετρο.",http://data.europa.eu/esco/skill/c8f4aad2-ea23-49a2-9708-a6049c2d28ce | http://data.europa.eu/esco/skill/cb1a2fbf-242d-4a4e-a466-588378f124c1 | http://data.europa.eu/esco/skill/b92758d4-4591-4df1-9ceb-f907aa71ebd9,χρήση εξοπλισμού μέτρησης ακριβείας | χειρισμός επιστημονικού εξοπλισμού μέτρησης | χρήση εργαλείων μέτρησης
KnowledgeSkillCompetence,http://data.europa.eu/esco/skill/a9d2af37-f208-4ce8-8cc2-24de0b02b555,ανάλυση των ορίων αντοχής των υλικών,released,skill/competence,cross-sector,,"Ανάλυση της ικανότητας των υλικών να υποστούν πίεση λόγω της θερμοκρασίας, των φορτίων, της κίνησης, των κραδασμών και άλλων παραγόντων με τη χρήση μαθηματικών τύπων και προσομοιώσεων υπολογιστή.",http://data.europa.eu/esco/skill/d2e8f452-ac19-4eed-b984-8f55d2a5b763 | http://data.europa.eu/esco/skill/a93011ca-e6ab-4182-8a05-4d4b282cff27,δοκιμή και ανάλυση ουσιών | έλεγχος της ποιότητας των πρώτων υλών
KnowledgeSkillCompetence,http://data.europa.eu/esco/skill/a9dc215e-4e26-4ac0-b1e8-a721a88af813,εκτέλεση δοκιμών μετατροπής,released,skill/competence,occupation-specific,,"Σχεδιασμός, εκτέλεση και μέτρηση δοκιμών μετατροπής και πειραμάτων για τον έλεγχο της δυνατότητας μετατροπής ενός μορφότυπου δεδομένων σε άλλο.
	",http://data.europa.eu/esco/skill/913e7e83-b8f8-4574-b1ca-1b38f3fd974a | http://data.europa.eu/esco/skill/f839b1da-78b6-4466-86f4-a5798821ea20,διενέργεια δοκιμών λογισμικού | εγκατάσταση συστημάτων πληροφορικής
KnowledgeSkillCompetence,http://data.europa.eu/esco/skill/aa0d8201-5a8e-417f-81f4-c04601139582,ψηφιοποίηση,released,knowledge,cross-sector,ψηφιακή ενεργοποίηση | μετατροπή φυσικών δεδομένων σε ψηφιακή μορφή,"Η διαδικασία μετατροπής ενός αντικειμένου από την αναλογική του μορφή σε ψηφιακή μορφή. Δημιουργεί ψηφιακή αναπαράσταση του αντικειμένου χωρίς αλλαγές σε είδος.
	",http://data.europa.eu/esco/isced-f/0322,"υπηρεσίες βιβλιοθηκών,  πληροφοριών και αρχειακών μελετών"
KnowledgeSkillCompetence,http://data.europa.eu/esco/skill/ab1e97ed-2319-4293-a8b7-072d2648822f,συστήματα διαχείρισης βάσεων δεδομένων,released,knowledge,sector-specific,εργαλεία διαχείρισης βάσης δεδομένων | συστήματα διαχείρισης βάσης δεδομένων | μηχανές διαχείρισης βάσης δεδομένων,"Τα εργαλεία δημιουργίας, επικαιροποίησης και διαχείρισης βάσεων δεδομένων, όπως Oracle, MySQL και Microsoft SQL Server.",http://data.europa.eu/esco/isced-f/0612,σχεδιασμός και διαχείριση βάσεων δεδομένων και δικτύων
KnowledgeSkillCompetence,http://data.europa.eu/esco/skill/ab20726a-14dd-4536-9aa1-6166bc1a5832,αξιολόγηση κόστους προϊόντων λογισμικού,released,skill/competence,occupation-specific,εκτίμηση της συνολικής αξίας των προϊόντων λογισμικού | αποτίμηση του κόστους των προϊόντων λογισμικού | υπολογισμός του κόστους των προϊόντων λογισμικού,"Εφαρμογή μεθόδων και τεχνικών για την εκτίμηση και την αξιολόγηση του κόστους των προϊόντων λογισμικού κατά τη διάρκεια των φάσεων του κύκλου ζωής τους, συμπεριλαμβανομένων του κόστους ανάπτυξης και αγοράς, του κόστους συντήρησης, του ενσωματωμένου κόστους ποιότητας — συμμόρφωσης και του κόστους που συνδέεται με τη μη συμμόρφωση.",http://data.europa.eu/esco/skill/19ba11f3-9c99-41fd-a7c9-f77e6a026186 | http://data.europa.eu/esco/skill/f2cf57fe-d4cb-4b4a-831d-73171cc73909,"εκτέλεση υπολογισμών | αξιολόγηση συστημάτων, προγραμμάτων, εξοπλισμού και προϊόντων"
KnowledgeSkillCompetence,http://data.europa.eu/esco/skill/ab49f767-296b-47d5-af56-0b4a69515b03,Μέριμνα για τη διαχείριση ταυτότητας σε συστήματα ΤΠΕ,released,skill/competence,sector-specific,διατηρώ τη διαχείριση ταυτότητας συστημάτων ΤΠΕ | διαχειρίζομαι την ταυτότητα πόρων ΤΠΕ | διαχειρίζομαι την επαλήθευση ταυτότητας συστημάτων ΤΠΕ | διατηρώ τη διαχείριση ταυτότητας δικτύων ΤΠΕ | διαχειρίζομαι την εξουσιοδότηση συστημάτων ΤΠΕ,"Διαχείριση της ταυτοποίησης, της επαλήθευσης ταυτότητας και της έγκρισης ατόμων εντός ενός συστήματος, και έλεγχος της πρόσβασής τους σε πόρους, μέσω της αντιστοίχισης των δικαιωμάτων και των περιορισμών του χρήστη με την εξακριβωθείσα ταυτότητα.",http://data.europa.eu/esco/skill/e67fd42d-25f1-4124-b0be-3b1e3bfdd70c,επαλήθευση ταυτότητας και εγγράφων τεκμηρίωσης
KnowledgeSkillCompetence,http://data.europa.eu/esco/skill/ab67fbfb-0ca7-4345-8bf6-af8f59480212,σχεδιασμός προδιαγραφών αντιγράφων ασφαλείας βάσεων δεδομένων,released,skill/competence,sector-specific,προσδιορισμός των προϋποθέσεων εφεδρικών αντιγράφων βάσης δεδομένων | προσδιορισμός των προδιαγραφών αντιγράφων ασφαλείας βάσης δεδομένων | καθορισμός των χαρακτηριστικών εφεδρικών αντιγράφων ασφαλείας βάσης δεδομένων | προσδιορισμός των απαιτήσεων αντιγράφων ασφαλείας βάσης δεδομένων | καθορισμός των προδιαγραφών εφεδρικών αντιγράφων ασφαλείας βάσης δεδομένων | ορισμός των προδιαγραφών αντιγράφων ασφαλείας βάσης δεδομένων,Προσδιορισμός των διαδικασιών που πρέπει να ακολουθούνται σε βάσεις δεδομένων για να διασφαλίζεται η αντιγραφή και η αρχειοθέτηση των δεδομένων με σκοπό την ενδεχόμενη αποκατάσταση σε περίπτωση απώλειας δεδομένων.,http://data.europa.eu/esco/skill/b590d4e5-7c62-4b4a-abc2-c270b482e0ce,σχεδιασμός συστημάτων ή εφαρμογών τπε
KnowledgeSkillCompetence,http://data.europa.eu/esco/skill/aba363e7-07ec-4eb2-a89e-bcba397c25ab,χειρισμός των ψηφιακών εκτυπωτών,released,skill/competence,sector-specific,,"Χειρισμός εκτυπωτών με εκτόξευση μελάνης και εκτυπωτών λέιζερ, οι οποίοι επιτρέπουν στον χειριστή να εκτυπώνει έγγραφα «με ένα πέρασμα». Τηλεφόρτωση ή εκτύπωση των ψηφιακών αρχείων στο μηχάνημα ψηφιακής εκτύπωσης με τη χρήση των σωστών ρυθμίσεων για την μηχανή και την τηλεφόρτωση/εκτύπωση, έτσι ώστε να χρησιμοποιούνται οι σωστές γραμματοσειρές και υποστρώματα, και το προϊόν να ανταποκρίνεται στις προδιαγραφές και τα απαιτούμενα πρότυπα ποιότητας.",http://data.europa.eu/esco/skill/b769f524-0f25-44d7-8538-5c46710a040e | http://data.europa.eu/esco/skill/6b2f8802-0cbf-436e-a37f-ca55ede41bbc | http://data.europa.eu/esco/skill/494b8057-daf5-46a0-b33b-416e0115c30a,διαχείριση ψηφιακών εγγράφων | χειρισμός ψηφιακού υλισμικού | χρήση ψηφιακών εργαλείων για τον έλεγχο μηχανημάτων
KnowledgeSkillCompetence,http://data.europa.eu/esco/skill/abdc7ac8-151f-40c6-bc1a-1e9b4b073290,επαυξημένη πραγματικότητα,released,knowledge,cross-sector,,"Η διαδικασία προσθήκης ποικίλου ψηφιακού περιεχομένου (όπως εικόνες, τρισδιάστατα αντικείμενα κ.λπ.) σε επιφάνειες που υπάρχουν στον πραγματικό κόσμο. Ο χρήστης μπορεί να αλληλεπιδρά σε πραγματικό χρόνο με την τεχνολογία χρησιμοποιώντας συσκευές όπως κινητά τηλέφωνα.
	",http://data.europa.eu/esco/isced-f/0619,τεχνολογίες πληροφορικής και επικοινωνιών που δεν ταξινομούνται αλλού
KnowledgeSkillCompetence,http://data.europa.eu/esco/skill/ac516e9b-8bfa-4b72-8e3e-340b0a3a51d5,διαχείριση έργων ανάπτυξης περιεχομένου,released,skill/competence,sector-specific,υλοποιώ στρατηγική περιεχομένου | διαχειρίζομαι συστήματα ανάπτυξης περιεχομένου | εφαρμόζω προγράμματα ανάπτυξης περιεχομένου | διαχειρίζομαι προγράμματα ανάπτυξης περιεχομένου | θέτω σε εφαρμογή προγράμματα ανάπτυξης περιεχομένου,"Σχεδιασμός και υλοποίηση της δημιουργίας, της υλοποίησης και της διαχείρισης ψηφιακού ή έντυπου περιεχομένου, ανάπτυξη συστήματος που περιγράφει ολόκληρη τη διαδικασία ανάπτυξης συντακτικού περιεχομένου και δημοσίευσης και χρησιμοποιεί εργαλεία ΤΠΕ για την υποστήριξη της διαδικασίας.",http://data.europa.eu/esco/skill/190f64e1-b7b6-4c53-b20b-80f9215ef6ca,"διοίκηση, εποπτεία και συντονισμός έργων"
KnowledgeSkillCompetence,http://data.europa.eu/esco/skill/acf0a78c-f4e3-4bd9-a5cc-9cf4791b3b95,υλοποίηση ενός εικονικού ιδιωτικού δικτύου (VPN),released,skill/competence,sector-specific,υλοποίηση εικονικού ιδιωτικού δικτύου,"Δημιουργία κρυπτοθετημένης σύνδεσης μεταξύ ιδιωτικών δικτύων, όπως διαφορετικά τοπικά δίκτυα μιας εταιρείας, μέσω του διαδικτύου, ώστε να διασφαλίζεται ότι η πρόσβαση είναι δυνατή μόνο για εξουσιοδοτημένους χρήστες και ότι δεν είναι δυνατή η παρακολούθηση των δεδομένων.",http://data.europa.eu/esco/skill/185c56ee-098f-46a1-af87-56337085da6f,προστασία συσκευών τπε
KnowledgeSkillCompetence,http://data.europa.eu/esco/skill/ad008df3-dcaf-45ee-8892-2319a3b66c98,εποπτεία των δραστηριοτήτων του συστήματος κλινικών πληροφοριών,released,skill/competence,occupation-specific,,"Επίβλεψη και εποπτεία των καθημερινών δραστηριοτήτων του συστήματος πληροφοριών και των συστημάτων κλινικών πληροφοριών, όπως τα CIS, τα οποία χρησιμοποιούνται για τη συλλογή και αποθήκευση κλινικών πληροφοριών σχετικά με τη διαδικασία παροχής υγειονομικής περίθαλψης.",http://data.europa.eu/esco/skill/75d8e5d9-bef3-418b-9011-01bff9f27207 | http://data.europa.eu/esco/skill/32c017fd-28ab-4051-bf68-74de952c2f77,καθοδήγηση άλλων ατόμων | διαχείριση πληροφοριών
KnowledgeSkillCompetence,http://data.europa.eu/esco/skill/ad59afe4-6f8a-4bc4-acfd-0f228277508a,λογισμικό σύστημα στατιστικών αναλύσεων,released,knowledge,cross-sector,,"Ειδικό σύστημα λογισμικού (SAS) που χρησιμοποιείται για την προηγμένη ανάλυση, τη συλλογή πληροφοριών για τις επιχειρήσεις, τη διαχείριση δεδομένων και την προγνωστική αναλυτική.",http://data.europa.eu/esco/isced-f/0542,στατιστική
KnowledgeSkillCompetence,http://data.europa.eu/esco/skill/adcca622-b933-4ba3-bc43-bf371879edc3,αρχές ασφάλειας δεδομένων,released,knowledge,sector-specific,αρχές ασφάλειας πληροφοριών | μέθοδοι ασφαλείας δεδομένων | αρχές ασφάλειας των πληροφοριών,"Οι αρχές της ασφάλειας των πληροφοριών και των δεδομένων. Περιλαμβάνουν, μεταξύ άλλων, την εμπιστευτικότητα, την ακεραιότητα και τη διαθεσιμότητα.
	",http://data.europa.eu/esco/isced-f/0612,σχεδιασμός και διαχείριση βάσεων δεδομένων και δικτύων
KnowledgeSkillCompetence,http://data.europa.eu/esco/skill/ae4f0cc6-e0b9-47f5-bdca-2fc2e6316dce,διαχείριση περιβαλλόντων εικονικής παρουσίασης ΤΠΕ,released,skill/competence,sector-specific,διαχείριση μηχανών εικονικοποίησης ΤΠΕ | διαχείριση μηχανών εικονικοποίησης ICT | διαχείριση της εικονικοποίησης διακομιστών και σταθμών εργασίας | διαχειριστείτε το containerization,"Επίβλεψη εργαλείων, όπως VMware, kvm, Xen, Docker, Kubernetes κ.λπ. που χρησιμοποιούνται για τη δημιουργία εικονικών περιβαλλόντων για διάφορους σκοπούς, όπως λειτουργία αναπαράστασης υλισμικού, λειτουργία αναπαράστασης επιτραπέζιων υπολογιστών και λειτουργία αναπαράστασης σε επίπεδο λειτουργικού συστήματος.
	",http://data.europa.eu/esco/skill/f5ac9226-0ace-4d34-a1c3-7b3845834a98 | http://data.europa.eu/esco/skill/f839b1da-78b6-4466-86f4-a5798821ea20,συντήρηση του διακομιστή των ΤΠΕ | εγκατάσταση συστημάτων πληροφορικής
KnowledgeSkillCompetence,http://data.europa.eu/esco/skill/ae57a9c3-f761-4b03-be2b-99a781704c73,χρήση λογισμικών για την πρόβλεψη πωλήσεων,released,skill/competence,cross-sector,,"Χειρισμός λογισμικού πρόβλεψης των πωλήσεων, ώστε να διευκολυνθεί ο προσδιορισμός των επιπέδων ζήτησης για προϊόντα με υψηλότερα επίπεδα ακρίβειας.",http://data.europa.eu/esco/skill/4d6a48ae-352e-4823-bc3a-3f3e9e2cae86,πρόσβαση και ανάλυση ψηφιακών δεδομένων
KnowledgeSkillCompetence,http://data.europa.eu/esco/skill/ae6c1227-dd33-4df0-a64e-439cfdf948ea,ανάπτυξη συσκευών σάρωσης τροφίμων,released,skill/competence,sector-specific,σχεδιασμός αισθητήρων σάρωσης τροφίμων | ανάπτυξη σαρωτών τροφίμων | σχεδιασμός σαρωτών τροφίμων | ανάπτυξη αισθητήρων σάρωσης τροφίμων | ανάπτυξη συσκευών αισθητήρων τροφίμων,"Σχεδιασμός και ανάπτυξη τεχνολογιών σάρωσης τροφίμων που παρέχουν πληροφορίες σχετικά με το επίπεδο των αλλεργιογόνων, των χημικών ουσιών, των θρεπτικών ουσιών, των θερμίδων, καθώς και σχετικά με τα συστατικά στα τρόφιμα.
	",http://data.europa.eu/esco/skill/b590d4e5-7c62-4b4a-abc2-c270b482e0ce,σχεδιασμός συστημάτων ή εφαρμογών τπε
KnowledgeSkillCompetence,http://data.europa.eu/esco/skill/aee24c19-7dfd-4011-ae95-7a2fe2f7e369,συντήρηση εξοπλισμού ραδιοεπικοινωνιών,released,skill/competence,sector-specific,διατηρώ εξοπλισμό ραδιοεπικοινωνιών· φυλάσσω συσκευές ασύρµατης επικοινωνίας· τηρώ εξοπλισμό ραδιοεπικοινωνίας σε καλή κατάσταση | συντηρώ συσκευές ασύρµατης επικοινωνίας· συντηρώ συσκευές ραδιοεπικοινωνίας,"Εκτέλεση δοκιμών ή δραστηριοτήτων επισκευής σε εξοπλισμό εκπομπής και λήψης ραδιοφωνικών σημάτων, όπως δοκιμές σε κυκλώματα ελέγχου.",http://data.europa.eu/esco/skill/7373abdb-ee5a-4949-b4ae-dee60ab37914 | http://data.europa.eu/esco/skill/ec0401f1-f690-46be-934b-f6f5611085f5,"χρήση εξοπλισμού επικοινωνίας | συντήρηση εξοπλισμού ηλεκτρικού, ηλεκτρονικού και ακριβείας"
KnowledgeSkillCompetence,http://data.europa.eu/esco/skill/af1d906a-c13d-4de1-a362-6980e6dc9937,σχεδιασμός αμαξώματος,released,skill/competence,occupation-specific,σχεδιασμός σασί,"Σχεδιασμός και κατασκευή σειράς εξατομικευμένων αμαξωμάτων με χρήση λογισμικού σχεδιασμού. Εφαρμογή του σχεδίου, των δημιουργιών και του αναλυτικού σχεδίου σας.",http://data.europa.eu/esco/skill/883eab8c-d8a6-4e8b-9b11-7d9001e172ab,σχεδιασμός συστημάτων και προϊόντων
KnowledgeSkillCompetence,http://data.europa.eu/esco/skill/af313ba1-a39e-49ac-99ec-94630fbe4f7f,ανάπτυξη κώδικα εκμετάλλευσης αδυναμιών λογισμικού,released,skill/competence,sector-specific,ανάπτυξη κώδικα εκμετάλλευσης ηλεκτρονικών σφαλμάτων | ανάπτυξη κώδικα εκμετάλλευσης υπολογιστικών δυσλειτουργιών,Δημιουργία και δοκιμή λογισμικού εκμετάλλευσης σε ελεγχόμενο περιβάλλον για την αποκάλυψη και τον έλεγχο σφαλμάτων προγραμματισμού συστημάτων ή αδυναμιών του συστήματος.,http://data.europa.eu/esco/skill/a8c3186b-c791-4d57-8f4f-4d12c7a5c6a7,προγραμματισμός συστημάτων ηλεκτρονικών υπολογιστών
KnowledgeSkillCompetence,http://data.europa.eu/esco/skill/af529b5d-a055-4dfa-a386-1b1c1c8670e3,χειρισμός εξοπλισμού εκπομπής,released,skill/competence,sector-specific,,"Χειρισμός εξοπλισμού εκπομπής για την παραγωγή, την αλλαγή, την υποδοχή, την καταγραφή, την επεξεργασία και την αναπαραγωγή τηλεοπτικών και ραδιοφωνικών σημάτων.",http://data.europa.eu/esco/skill/0a88a13f-693a-4dde-b44c-22e6f98fabc6,χειρισμός εξοπλισμού επικοινωνίας
KnowledgeSkillCompetence,http://data.europa.eu/esco/skill/af6ea157-8c10-4c5b-8015-0e184946127a,περιγραφή της διαχείρισης ψηφιακών ταυτοτήτων που βασίζονται σε τεχνολογία αλυσίδας συστοιχιών (blockchain),released,skill/competence,cross-sector,αποτύπωση της διαχείρισης ψηφιακών ταυτοτήτων που βασίζονται σε τεχνολογία αλυσίδας συστοιχιών (blockchain),"Περιγραφή της διαχείρισης ψηφιακών ταυτοτήτων με βάση την τεχνολογία αλυσίδας συστοιχιών (blockchain) και τον έλεγχο πρόσβασης όσον αφορά τον τρόπο λειτουργίας τους, τα οφέλη τους σε σύγκριση με τις υφιστάμενες λύσεις και τον τρόπο με τον οποίο μπορούν να χρησιμοποιηθούν στην πράξη για συγκεκριμένες εφαρμογές.",http://data.europa.eu/esco/skill/258fea29-09db-4918-8235-0d7d529cd31c,"περιήγηση, αναζήτηση και φιλτράρισμα ψηφιακών δεδομένων"
KnowledgeSkillCompetence,http://data.europa.eu/esco/skill/af7ae54f-4649-4c16-87c7-59ba41d4d57f,SPARK,released,knowledge,sector-specific,,Το περιβάλλον ανάπτυξης λογισμικού Java το οποίο παρέχει ειδικά χαρακτηριστικά και στοιχεία που υποστηρίζουν και καθοδηγούν την ανάπτυξη διαδικτυακών εφαρμογών.,http://data.europa.eu/esco/skill/24c200e5-be20-4370-a137-ab53797f3a17 | http://data.europa.eu/esco/isced-f/0613,περιβάλλον ανάπτυξης λογισμικού | ανάπτυξη και ανάλυση λογισμικού και εφαρμογών
KnowledgeSkillCompetence,http://data.europa.eu/esco/skill/af8ca5cf-7fd1-4275-a886-e951c335d497,υποστήριξη του διαχειριστή πολυμέσων,released,skill/competence,sector-specific,,Ανάληψη καθηκόντων από τον διαχειριστή πολυμέσων σύμφωνα με τις απαιτήσεις. Ακολουθείτε τις υποδείξεις του διαχειριστή πολυμέσων ή χειρίζεστε ο ίδιος τον εξοπλισμό πολυμέσων.,http://data.europa.eu/esco/skill/8ddcb295-707e-459c-ba6a-66ffb37835c5,χειρισμός οπτικοακουστικού εξοπλισμού
KnowledgeSkillCompetence,http://data.europa.eu/esco/skill/afa14e38-5973-4cce-a077-f796c1ced2cc,αλυσίδα συστοιχιών (blockchain),released,knowledge,sector-specific,τεχνολογία blockchain,"Αποκεντρωμένο, δημόσιο και κατανεμημένο ψηφιακό καθολικό που χρησιμοποιείται για την καταγραφή συναλλαγών μεταξύ πολλών υπολογιστών. Εγγυάται ότι δεν είναι δυνατή η αναδρομική τροποποίηση των αρχείων χωρίς τη συναίνεση ολόκληρου του δικτύου, και συγκεκριμένα όλων των μεταγενέστερων τμημάτων της αλυσίδας.
	",http://data.europa.eu/esco/isced-f/0619,τεχνολογίες πληροφορικής και επικοινωνιών που δεν ταξινομούνται αλλού
KnowledgeSkillCompetence,http://data.europa.eu/esco/skill/afd63e8c-a4e7-42d3-86c9-3b2dd549a353,Parrot Security OS,released,knowledge,sector-specific,,"Το λειτουργικό σύστημα Parrot Security είναι μια διανομή Linux η οποία πραγματοποιεί δοκιμές διείσδυσης σε τεχνολογίες νέφους, αναλύοντας τις αδυναμίες ασφάλειας σε περιπτώσεις ενδεχόμενης μη εξουσιοδοτημένης πρόσβασης.",http://data.europa.eu/esco/isced-f/0613 | http://data.europa.eu/esco/skill/de586dcf-d7e5-4340-bf5b-d59026f1b436,ανάπτυξη και ανάλυση λογισμικού και εφαρμογών | εργαλείο δοκιμής διείσδυσης
KnowledgeSkillCompetence,http://data.europa.eu/esco/skill/afda6ca0-7aa8-41ef-ba5e-8dc607839daf,γραφικά υπολογιστών,released,knowledge,cross-sector,διαδραστικά γραφικά υπολογιστών | διανυσματικά γραφικά | διαδραστικά γραφικά υπολογιστή | ψηφιακά γραφικά | υπολογιστικά γραφικά,"Το πεδίο που συνδυάζει προσεγγίσεις από την επιστήμη και τον σχεδιασμό των υπολογιστών. Περιλαμβάνει τη διαδικασία δημιουργίας εικόνων, παραγωγής τρισδιάστατων μοντέλων, καθώς και την απόδοση, τη διαμόρφωση της υφής και τον φωτισμό τους. Οι εφαρμογές του ποικίλλουν από την ψηφιακή φωτογραφία, τις ταινίες και τα βιντεοπαιχνίδια μέχρι την προβολή εικόνων σε ηλεκτρονικές συσκευές.
	",http://data.europa.eu/esco/isced-f/068,διεπιστημονικά προγράμματα και προσόντα που περιλαμβάνουν τεχνολογίες πληροφορικής και επικοινωνιών (τπε)
KnowledgeSkillCompetence,http://data.europa.eu/esco/skill/aff205d0-b338-4020-9c19-45044b545835,χρήση ψηφιακών μέσων,released,skill/competence,occupation-specific,,Χρήση ηλεκτρονικών υπολογιστών ή συνθεσιοποιητών για τη σύνθεση και την ενορχήστρωση μουσικής.,http://data.europa.eu/esco/skill/d12a1be6-d916-436d-8274-ad97b5f24415,σύνθεση μουσικής
KnowledgeSkillCompetence,http://data.europa.eu/esco/skill/b0096dc5-2e2d-4bc1-8172-05bf486c3968,σχεδιασμός διεπαφής εφαρμογών,released,skill/competence,sector-specific,σχεδιασμός διασυνδέσεων εφαρμογής | δημιουργία διεπαφών εφαρμογής | ανάπτυξη διεπαφών εφαρμογής,"Δημιουργία και προγραμματισμός διεπαφών εφαρμογών, των λειτουργιών τους, των εισόδων και των εξόδων και των υποκείμενων τύπων τους.",http://data.europa.eu/esco/skill/b590d4e5-7c62-4b4a-abc2-c270b482e0ce,σχεδιασμός συστημάτων ή εφαρμογών τπε
KnowledgeSkillCompetence,http://data.europa.eu/esco/skill/b0288eea-74b3-460a-8ac5-edc4ba70b75c,διαχείριση συστήματος κλειστού κυκλώματος τηλεόρασης,released,skill/competence,cross-sector,χρησιμοποιώ συστήματα επιτήρησης με τηλεόραση κλειστού | διαχειρίζομαι σύστημα επιτήρησης με βίντεο | λειτουργώ σύστημα κλειστού κυκλώματος τηλεόρασης | διαχειρίζομαι συστήματα CCTV | χειρίζομαι τηλεοπτικά συστήματα κλειστού κυκλώματος,Επίβλεψη συστήματος με συσκευές λήψης το οποίο βρίσκεται στο εσωτερικό εγκατάστασης και μεταδίδει σήμα σε συγκεκριμένο σύνολο μονάδων απεικόνισης.,http://data.europa.eu/esco/skill/4d6a48ae-352e-4823-bc3a-3f3e9e2cae86,πρόσβαση και ανάλυση ψηφιακών δεδομένων
KnowledgeSkillCompetence,http://data.europa.eu/esco/skill/b04c4965-4fd7-4dfa-a8d4-0cec5c5f5d0c,Unreal Engine,released,knowledge,sector-specific,,"Η παιχνιδομηχανή Unreal Engine, η οποία είναι ένα περιβάλλον ανάπτυξης λογισμικού που αποτελείται από ολοκληρωμένα περιβάλλοντα ανάπτυξης και εξειδικευμένα εργαλεία σχεδιασμού, και έχει σχεδιαστεί για την ταχεία επανάληψη ηλεκτρονικών παιχνιδιών που προέρχονται από χρήστες.",http://data.europa.eu/esco/skill/966f2fd3-3de6-42da-b87c-da924c6d7960 | http://data.europa.eu/esco/isced-f/0211,συστήματα δημιουργίας ψηφιακών παιχνιδιών | τεχνικές και παραγωγή οπτικοακουστικών μέσων
KnowledgeSkillCompetence,http://data.europa.eu/esco/skill/b080a008-a35d-4bd0-92e9-edf3773bb2b7,χρήση λογισμικού επικοινωνίας και συνεργασίας,released,skill/competence,transversal,επικοινωνία σε ψηφιακά περιβάλλοντα | επικοινωνία on-line | αλληλεπίδραση μέσω των ΤΠΕ | Διαδικτυακή απικοινωνία | χρήση λογισμικού και υπηρεσιών ηλεκτρονικού ταχυδρομείου,"Χρήση απλών ψηφιακών εργαλείων και τεχνολογιών για την επικοινωνία, την αλληλεπίδραση και τη συνεργασία με άλλους.
	",http://data.europa.eu/esco/skill/3399045f-8078-4066-8b46-475b49b260ab,Εργασία με ψηφιακές συσκευές και εφαρμογές
KnowledgeSkillCompetence,http://data.europa.eu/esco/skill/b0a3bb25-a02f-43ed-ab1f-994fa66a424a,ηλεκτρονική αναλυτική επεξεργασία,released,knowledge,sector-specific,ηλεκτρονική διαδικασία ανάλυσης | online αναλυτική επεξεργασία | διαδικτυακή αναλυτική επεξεργασία | διαδικτυακά εργαλεία ανάλυσης | επιγραμμική αναλυτική επεξεργασία | διαδικτυακά μέσα ανάλυσης,"Τα επιγραμμικά εργαλεία που αναλύουν, συγκεντρώνουν και παρουσιάζουν πολυδιάστατα δεδομένα, επιτρέποντας στους χρήστες να εξάγουν διαδραστικά και επιλεκτικά δεδομένα και να εξετάζουν τα δεδομένα από συγκεκριμένες οπτικές.",http://data.europa.eu/esco/isced-f/0612,σχεδιασμός και διαχείριση βάσεων δεδομένων και δικτύων
KnowledgeSkillCompetence,http://data.europa.eu/esco/skill/b0ac313d-de44-4344-ada6-76d2177b6d92,Synfig,released,knowledge,sector-specific,,"Το λογισμικό Synfig είναι ένα γραφικό εργαλείο των ΤΠΕ το οποίο επιτρέπει την ψηφιακή επεξεργασία και σύνθεση γραφικών, ώστε να δημιουργηθούν δισδιάστατα raster και δισδιάστατα διανυσματικά γραφικά. Αναπτύσσεται από τον Robert Quattlebaum.",http://data.europa.eu/esco/isced-f/0611 | http://data.europa.eu/esco/skill/a71577b2-7550-4222-88ee-dcbd2d881516,χρήση υπολογιστών | λογισμικό επεξεργασίας γραφικών
KnowledgeSkillCompetence,http://data.europa.eu/esco/skill/b105ec9b-0857-41d6-8d07-a83e58b73d90,προγραμματισμός συστημάτων ΤΠΕ,released,knowledge,sector-specific,προγραμματισμός εφαρμογών ΤΠΕ | προγραμματισμός δικτύων ΤΠΕ | μέσα προγραμματισμού με μικροεντολές | μέθοδοι προγραμματισμού συστημάτων ΤΠΕ | εργαλεία προγραμματισμού δικτύων ΤΠΕ,"Οι μέθοδοι και τα εργαλεία που απαιτούνται για την ανάπτυξη λογισμικού συστημάτων, προδιαγραφών της αρχιτεκτονικής των συστημάτων και τεχνικών διασύνδεσης μεταξύ των συστατικών στοιχείων και εξαρτημάτων του δικτύου και του συστήματος.",http://data.europa.eu/esco/isced-f/0613,ανάπτυξη και ανάλυση λογισμικού και εφαρμογών
KnowledgeSkillCompetence,http://data.europa.eu/esco/skill/b11fe9a5-4e80-4cb8-a902-7d53a6b28b47,χειρισμός της μηχανής κοπής με λέιζερ που ελέγχεται ψηφιακά μέσω ηλεκτρονικού υπολογιστή,released,skill/competence,cross-sector,,Παρακολούθηση και χειρισμός μηχανής κοπής με λέιζερ που ελέγχεται ψηφιακά μέσω ηλεκτρονικού υπολογιστή (CNC) σύμφωνα με τους κανονισμούς.,http://data.europa.eu/esco/skill/45bef06d-dba9-4192-9805-2f7d27523638 | http://data.europa.eu/esco/skill/494b8057-daf5-46a0-b33b-416e0115c30a,χειρισμός εξοπλισμού κοπής με ακτίνες λέιζερ | χρήση ψηφιακών εργαλείων για τον έλεγχο μηχανημάτων
KnowledgeSkillCompetence,http://data.europa.eu/esco/skill/b1272de4-1f5f-408b-8b26-061f2550fc72,συστήματα ηλεκτρονικού εμπορίου,released,knowledge,sector-specific,,"Βασική ψηφιακή αρχιτεκτονική και εμπορικές συναλλαγές για εμπορία προϊόντων ή υπηρεσιών μέσω διαδικτύου, ηλεκτρονικού ταχυδρομείου, κινητών συσκευών, μέσων κοινωνικής δικτύωσης κ.λπ.",http://data.europa.eu/esco/isced-f/0611,χρήση υπολογιστών
KnowledgeSkillCompetence,http://data.europa.eu/esco/skill/b13e0689-636d-42d0-86c3-df9d6f85a882,διαχείριση του συστήματος περιβαλλοντικής διαχείρισης,released,skill/competence,cross-sector,,Ανάπτυξη και εφαρμογή συστήματος περιβαλλοντικής διαχείρισης.,http://data.europa.eu/esco/skill/4c3ab565-747c-4db3-8c47-79e8d6f98cf4 | http://data.europa.eu/esco/skill/8064ae65-5d1b-44e1-9aaf-246a4285a9a6,υιοθέτηση τρόπων μείωσης των αρνητικών επιπτώσεων της κατανάλωσης | τήρηση των νόμων και προτύπων περιβαλλοντικής προστασίας
KnowledgeSkillCompetence,http://data.europa.eu/esco/skill/b1604a2d-c26a-427d-bda9-b8073a319fe9,προσαρμογή της ικανότητας του συστήματος ΤΠΕ,released,skill/competence,sector-specific,αναπροσαρμογή της δυνατότητας δικτύων ΤΠΕ | προσαρμογή της δυναμικότητας των συστημάτων ΤΠΕ,"Αλλαγή του πεδίου εφαρμογής ενός συστήματος ΤΠΕ με την προσθήκη ή την ανακατανομή πρόσθετων συνιστωσών του συστήματος ΤΠΕ, όπως συνιστώσες δικτύου, εξυπηρετητές ή χώρο αποθήκευσης, ώστε να ανταποκρίνεται στις απαιτήσεις ικανότητας ή όγκου.",http://data.europa.eu/esco/skill/f839b1da-78b6-4466-86f4-a5798821ea20,εγκατάσταση συστημάτων πληροφορικής
KnowledgeSkillCompetence,http://data.europa.eu/esco/skill/b16200f4-4f39-4b8b-aa9d-3568054d6bdb,μοντέλο λογισμικού ανοικτής πηγής,released,knowledge,sector-specific,μοντέλο λογισμικού ανοικτού κώδικα,"Το μοντέλο λογισμικού ανοικτής πηγής αποτελείται από βασικές και θεμελιώδεις αρχές ανάπτυξης μοντέλων προσανατολισμένων προς την παροχή υπηρεσιών για συστήματα επιχειρήσεων και λογισμικού, τα οποία επιτρέπουν τον σχεδιασμό και τον προσδιορισμό επιχειρηματικών συστημάτων προσανατολισμένων προς την παροχή υπηρεσιών στο πλαίσιο διαφόρων αρχιτεκτονικών μορφών, όπως η αρχιτεκτονική επιχειρήσεων.",http://data.europa.eu/esco/skill/83218cac-3599-417e-93d2-26013cdccd98 | http://data.europa.eu/esco/isced-f/0612,μοντελοποίηση προσανατολισμένη στις υπηρεσίες | σχεδιασμός και διαχείριση βάσεων δεδομένων και δικτύων
KnowledgeSkillCompetence,http://data.europa.eu/esco/skill/b16bcbcb-1d3f-42b3-a6a5-b91348a72b70,WildFly,released,knowledge,sector-specific,,"Ο διακομιστής εφαρμογής ανοικτής πηγής JBoss είναι μια πλατφόρμα που βασίζεται στο Linux, η οποία υποστηρίζει εφαρμογές Java και μεγάλους δικτυακούς τόπους.",http://data.europa.eu/esco/isced-f/0613 | http://data.europa.eu/esco/skill/69bbd53f-fbb0-4476-b4b2-ef7844464e28,ανάπτυξη και ανάλυση λογισμικού και εφαρμογών | προγραμματισμός ιστού
KnowledgeSkillCompetence,http://data.europa.eu/esco/skill/b21e2984-c6b2-4352-bbe8-8f3b03bd50f6,ιατρική πληροφορική,released,knowledge,cross-sector,,Οι διαδικασίες και τα εργαλεία που χρησιμοποιούνται για την ανάλυση και τη διάδοση ιατρικών δεδομένων μέσω ηλεκτρονικών συστημάτων.,http://data.europa.eu/esco/isced-f/0914,τεχνολογία ιατρικής διάγνωσης και θεραπείας
KnowledgeSkillCompetence,http://data.europa.eu/esco/skill/b2bdd9ad-4ecb-4ced-80c3-623686ef5328,αποτύπωση της εμπορικής ονομασίας της εταιρείας στο χάπι,released,skill/competence,sector-specific,,Εκτέλεση της αποτύπωσης της ταυτότητας του ιδρύματος σε χάπια με τη χρήση ειδικού υπολογιστή για την αποτύπωση της εμπορικής ονομασίας της εταιρείας στο χάπι.,http://data.europa.eu/esco/skill/dcb9c446-bb08-44de-89b6-851ac2903eaf,χειρισμός εξοπλισμού παραγωγής φωτογραφικού και τυπογραφικού υλικού
KnowledgeSkillCompetence,http://data.europa.eu/esco/skill/b2f9eb81-eda4-49a9-8453-3ba345da2d98,μετατροπή αντικειμένων σε κινούμενα σχέδια,released,skill/competence,sector-specific,,"Μετατροπή πραγματικών αντικειμένων σε οπτικά στοιχεία κινούμενων εικόνων με τη χρήση τεχνικών κινουμένων σχεδίων, όπως η οπτική σάρωση.",http://data.europa.eu/esco/skill/5f782745-6382-4873-b415-8fb91c705b03 | http://data.europa.eu/esco/skill/a556a3db-cd48-42a5-825c-f95f6f5ccbfe,δημιουργία ψηφιακών εικόνων | δημιουργία διατάξεων οπτικής απεικόνισης και διακοσμήσεων
KnowledgeSkillCompetence,http://data.europa.eu/esco/skill/b34e2ba1-9080-48c9-9b42-ee9192a4d3f1,χρήση λογισμικού για σχεδιασμό με χρήση υπολογιστή,released,skill/competence,cross-sector,χρήση λογισμικού CAD,"Χρήση συστημάτων σχεδιασμού με τη βοήθεια ηλεκτρονικού υπολογιστή (CAD) για την υποβοήθηση της δημιουργίας, τροποποίησης, ανάλυσης ή βελτιστοποίησης ενός σχεδίου.",http://data.europa.eu/esco/skill/b1115b14-fa16-4c1e-be6c-91fd49a1808b,χρήση εργαλείων σχεδιασμού και σχεδίασης με τη βοήθεια ηλεκτρονικού υπολογιστή
KnowledgeSkillCompetence,http://data.europa.eu/esco/skill/b36176ec-3499-4235-a15c-cb485a386dc6,συγκέντρωση πλάνων στη βιντεοταινία,released,skill/competence,sector-specific,,"Συγκέντρωση όλου του ακατέργαστου βιντεοσκοπημένου υλικού, με πλάνα από συσκευές λήψης τα οποία έχουν καταγραφεί ή μεταφερθεί σε βιντεοταινία για προετοιμασία για εισαγωγή σε υπολογιστή.",http://data.europa.eu/esco/skill/c53a55a1-8b2b-4d2c-b12d-626742a3833a,χρήση ψηφιακών εργαλείων για την επεξεργασία ήχου και εικόνας
KnowledgeSkillCompetence,http://data.europa.eu/esco/skill/b363bb5f-2c79-40af-94da-33e06f9dee9f,εφαρμογή μεικτής μάθησης,released,skill/competence,cross-sector,,"Εξοικείωση με τα εργαλεία μεικτής μάθησης μέσω του συνδυασμού της παραδοσιακής διά ζώσης μάθησης και της επιγραμμικής μάθησης με τη χρήση ψηφιακών εργαλείων, επιγραμμικών τεχνολογιών και μεθόδων ηλεκτρονικής μάθησης.
	",http://data.europa.eu/esco/skill/caede8f1-6658-4d78-9eb4-2ad2c7ebf09b,διδασκαλία και κατάρτιση
KnowledgeSkillCompetence,http://data.europa.eu/esco/skill/b3a186be-5f1b-45d3-a468-41183e9780f3,διάταξη του εξοπλισμού στην αίθουσα διεξαγωγής αμοιβαίου στοιχήματος,released,knowledge,occupation-specific,,"Οι λειτουργίες διαφόρων εξαρτημάτων στην αίθουσα διεξαγωγής αμοιβαίου στοιχήματος, ρυθμίσεις και περιπτώσεις χρήσης τους.",http://data.europa.eu/esco/isced-f/0619,τεχνολογίες πληροφορικής και επικοινωνιών που δεν ταξινομούνται αλλού
KnowledgeSkillCompetence,http://data.europa.eu/esco/skill/b3a75400-103f-42c7-b742-be11d161d05b,διαχείριση συστημάτων παραγωγής,released,skill/competence,sector-specific,,"Οργάνωση, διαχείριση και διατήρηση όλων των πτυχών της παραγωγής, συμπεριλαμβανομένου του σχεδιασμού των προϊόντων, του σχεδιασμού της παραγωγής και των συστημάτων ελέγχου της παραγωγής (για παράδειγμα με τη χρήση του προγράμματος ηλεκτρονικού υπολογιστή WFM).",http://data.europa.eu/esco/skill/75d8e5d9-bef3-418b-9011-01bff9f27207 | http://data.europa.eu/esco/skill/feceacee-d425-4e73-821a-02dfb85084db | http://data.europa.eu/esco/skill/1d4be2e3-ac64-426f-838d-1e7cb8600927,καθοδήγηση άλλων ατόμων | έλεγχος της παραγωγής | διοικητικές δεξιότητες
KnowledgeSkillCompetence,http://data.europa.eu/esco/skill/b3c8eada-b0a8-4b61-968b-b354fbfb6874,ρύθμιση του συστήματος ΤΠΕ,released,skill/competence,sector-specific,ρύθμιση των προγραμμάτων ΤΠΕ | διαμόρφωση των προγραμμάτων ΤΠΕ | προσαρμογή του συστήματος ΤΠΕ,"Ρύθμιση και εξατομίκευση συστήματος ΤΠΕ ώστε να ανταποκρίνεται στις απαιτήσεις κατά τη διάρκεια της αρχικής εφαρμογής, καθώς και όποτε προκύπτουν νέες επιχειρηματικές ανάγκες.",http://data.europa.eu/esco/skill/1e7ed56a-6d6b-422f-962e-38543d150755 | http://data.europa.eu/esco/skill/f839b1da-78b6-4466-86f4-a5798821ea20,διαχείριση αλλαγών σε σύστημα ΤΠΕ | εγκατάσταση συστημάτων πληροφορικής
KnowledgeSkillCompetence,http://data.europa.eu/esco/skill/b3f971b2-6c11-43d3-b5ce-8ba7f5a223c7,είδη δορυφόρων,released,knowledge,sector-specific,κατηγορίες δορυφόρων | ταξινόμηση δορυφόρων | τύπους δορυφόρων | ταξινομήσεις δορυφόρων | τύποι δορυφόρων | κατηγορίες τροχιακών δορυφόρων,"Οι διάφοροι τύποι δορυφόρων που χρησιμοποιούνται για τις επικοινωνίες, τις υπηρεσίες συνεχούς ροής, την επιτήρηση και την επιστημονική έρευνα.",http://data.europa.eu/esco/isced-f/0533,φυσική
KnowledgeSkillCompetence,http://data.europa.eu/esco/skill/b3fc5018-ff7b-46fd-be18-dd4148e9b241,παροχή συμβουλών σε πελάτες σχετικά με είδη εξοπλισμού ηλεκτρονικού υπολογιστή,released,skill/competence,sector-specific,,Παροχή επαγγελματικών συμβουλών σε πελάτες σχετικά με ηλεκτρονικούς υπολογιστές και λογισμικό.,http://data.europa.eu/esco/skill/045f71e6-0699-4169-8a54-9c6b96f3174d | http://data.europa.eu/esco/skill/62afcfdd-a2a6-4143-bafb-59c77e15a01c | http://data.europa.eu/esco/skill/00ff06cc-103f-4c85-b5df-6f75acff6abf | http://data.europa.eu/esco/skill/8a6c6fe0-bbd1-4225-b8cb-246ddde8e73d,παροχή συμβουλών σε άλλους | παροχή συμβουλών σχετικά με προϊόντα και υπηρεσίες | παροχή συμβουλών σχετικά με τους τελωνειακούς κανονισμούς | παροχή συμβουλών σε πελάτες σχετικά με καινούριο εξοπλισμό
KnowledgeSkillCompetence,http://data.europa.eu/esco/skill/b4057ecb-06d6-45db-a352-ce73e3fd991d,ιστορικό της αλυσίδας συστοιχιών,released,knowledge,sector-specific,ιστορία του blockchain | ιστορία της τεχνολογίας blockchain | ιστορία τεχνολογίας blockchain,"Βασικά ιστορικά στοιχεία και ορόσημα στην τεχνολογία της αλυσίδας συστοιχιών, καθώς και οι υλοποιήσεις και οι εφαρμογές που έχουν προκύψει επιπλέον αυτής.
	",http://data.europa.eu/esco/isced-f/068,διεπιστημονικά προγράμματα και προσόντα που περιλαμβάνουν τεχνολογίες πληροφορικής και επικοινωνιών (τπε)
KnowledgeSkillCompetence,http://data.europa.eu/esco/skill/b4877620-c375-45f3-a678-2ddb4dae6a29,επισκευή συσκευών ΤΠΕ,released,skill/competence,sector-specific,επισκευάζω εξοπλισμό ΤΠΕ· επισκευάζω εξοπλισμό ΤΟ | επιδιορθώνω συσκευές ΤΠΕ· αποκαθιστώ βλάβες εξοπλισμού ΤΠΕ· επαναφέρω εξοπλισμό ΤΠ στην αρχική του κατάσταση,"Συντήρηση και επισκευή εξοπλισμού που σχετίζεται με τις ΤΠΕ, όπως φορητοί υπολογιστές, επιτραπέζιοι υπολογιστές, τάμπλετ, κινητές συσκευές, εξοπλισμός επικοινωνιών, εκτυπωτές και οποιοδήποτε είδος περιφερειακού σχετικού με υπολογιστές. Εντοπισμός σφαλμάτων, δυσλειτουργιών και αντικατάσταση εξαρτημάτων, εφόσον είναι απαραίτητο.",http://data.europa.eu/esco/skill/a7065828-10aa-4aba-b7d4-f23a30df5060,"εγκατάσταση και επισκευή εξοπλισμού ηλεκτρικού, ηλεκτρονικού και ακριβείας"
KnowledgeSkillCompetence,http://data.europa.eu/esco/skill/b4dc6e4f-dc7d-445f-8ce2-d7b9d225e282,AJAX,released,knowledge,sector-specific,Asynchronous Javascript and XML,"Οι τεχνικές και οι αρχές ανάπτυξης λογισμικού, όπως η ανάλυση, οι αλγόριθμοι, η κωδικοποίηση, οι δοκιμές και η καταγραφή υποδειγμάτων προγραμματισμού, σε AJAX.",http://data.europa.eu/esco/skill/21d2f96d-35f7-4e3f-9745-c533d2dd6e97 | http://data.europa.eu/esco/isced-f/0613 | http://data.europa.eu/esco/skill/69bbd53f-fbb0-4476-b4b2-ef7844464e28,προγραμματισμός ηλεκτρονικών υπολογιστών | ανάπτυξη και ανάλυση λογισμικού και εφαρμογών | προγραμματισμός ιστού
KnowledgeSkillCompetence,http://data.europa.eu/esco/skill/b5b09dac-5b28-40a5-b671-5f9aa31f65d8,χειρισμός ακουστικού εξοπλισμού,released,skill/competence,sector-specific,λειτουργώ ακουστικό εξοπλισμό· λειτουργώ ακουστική τεχνολογία· θέτω σε λειτουργία ακουστικά μέσα | χειρίζομαι εξοπλισμό ήχου· χειρίζομαι ακουστικά μέσα,"Εφαρμογή τεχνολογιών για την αναπαράσταση ή καταγραφή ήχων, όπως η ομιλία, ο ήχος των οργάνων σε ηλεκτρική ή μηχανική μορφή.",http://data.europa.eu/esco/skill/8ddcb295-707e-459c-ba6a-66ffb37835c5,χειρισμός οπτικοακουστικού εξοπλισμού
KnowledgeSkillCompetence,http://data.europa.eu/esco/skill/b5c7e0dc-dda3-4790-a7d1-d6d8023b3089,πρότυπα ποιότητας βάσης δεδομένων,released,knowledge,sector-specific,,"Τεχνικές και μέθοδοι εκτίμησης και αξιολόγησης της ποιότητας του συστήματος και της ποιότητας της συνολικής βάσης δεδομένων, καθώς και τα προκαθορισμένα πρότυπα και οι κανονισμοί για την ποιότητα.",http://data.europa.eu/esco/isced-f/0612,σχεδιασμός και διαχείριση βάσεων δεδομένων και δικτύων
KnowledgeSkillCompetence,http://data.europa.eu/esco/skill/b633eb55-8f1f-4ae6-ab4c-2022ffe2cb7f,C++,released,knowledge,sector-specific,,"Οι τεχνικές και οι αρχές ανάπτυξης λογισμικού, όπως η ανάλυση, οι αλγόριθμοι, η κωδικοποίηση, οι δοκιμές και η καταγραφή υποδειγμάτων προγραμματισμού, σε C + +.",http://data.europa.eu/esco/skill/21d2f96d-35f7-4e3f-9745-c533d2dd6e97 | http://data.europa.eu/esco/isced-f/0613,προγραμματισμός ηλεκτρονικών υπολογιστών | ανάπτυξη και ανάλυση λογισμικού και εφαρμογών
KnowledgeSkillCompetence,http://data.europa.eu/esco/skill/b63ba4e4-ebf4-4e17-b0d6-662244022a4f,παροχή κατευθυντήριων γραμμών για την ανάπτυξη περιεχομένου,released,skill/competence,sector-specific,παρέχω δομές και πρότυπα για την ανάπτυξη περιεχομένου | παρέχω οδηγίες και πρότυπα για την ανάπτυξη περιεχομένου | παρέχω δομές και υποδείγματα για την ανάπτυξη περιεχομένου | προσφέρω καθοδήγηση για την ανάπτυξη περιεχομένου | προσφέρω οδηγίες για την ανάπτυξη περιεχομένου,"Ανάπτυξη προτύπων και δομών για την ανάπτυξη περιεχομένου, όπως μορφότυπος, μορφή, εμφάνιση, διάρθρωση, είδος περιεχομένου, ορολογία, XML και DITA. Εφαρμογή τους στους ορισμούς του τύπων εγγράφου και κατά τη διάρκεια της διαδικασίας εργασίας και αξιολόγηση των αποτελεσμάτων βάσει των καθιερωμένων προτύπων.",http://data.europa.eu/esco/skill/c23e0a2f-f04b-45bc-b0dd-20571f6b502c,ανάπτυξη επιχειρησιακών πολιτικών και διαδικασιών
KnowledgeSkillCompetence,http://data.europa.eu/esco/skill/b6d14ab8-3441-4cbe-8a0e-5b4f7f994730,ανάπτυξη ψηφιακού εκπαιδευτικού υλικού,released,skill/competence,cross-sector,ανάπτυξη ψηφιοποιημένου εκπαιδευτικού υλικού | δημιουργία ψηφιακού διδακτικού υλικού | ανάπτυξη εκπαιδευτικού υλικού με ψηφιακή επεξεργασία,"Δημιουργία πηγών και εκπαιδευτικού υλικού (υλικό ηλεκτρονικής μάθησης, εκπαιδευτικό οπτικοακουστικό και ακουστικό υλικό, εκπαιδευτικό λογισμικό παρουσίασης - prezi), με τη χρήση ψηφιακών τεχνολογιών για τη μεταφορά γνώσεων και ευαισθητοποίησης προκειμένου για τη βελτίωση της εμπειρογνωσίας των εκπαιδευομένων.",http://data.europa.eu/esco/skill/3a5b7435-c262-4a9d-893d-ee6c19bd9d92 | http://data.europa.eu/esco/skill/d1815c8a-7755-4fe3-bacf-68bb0b6a0b55,ανάπτυξη εκπαιδευτικών πόρων | ανάπτυξη διδακτικού ή διαφημιστικού υλικού
KnowledgeSkillCompetence,http://data.europa.eu/esco/skill/b769f524-0f25-44d7-8538-5c46710a040e,διαχείριση ψηφιακών εγγράφων,released,skill/competence,cross-sector,,"Διαχείριση διαφόρων μορφοτύπων και αρχείων δεδομένων, μέσω της ονοματοδοσίας, της δημοσίευσης, της μετατροπής και της κοινής χρήσης αρχείων και εγγράφων, καθώς και μέσω της μετατροπής των μορφοτύπων των αρχείων.",http://data.europa.eu/esco/skill/6a7fc30d-af16-4cc5-a957-29d174bdb61c,"διαχείριση, συλλογή και αποθήκευση ψηφιακών δεδομένων"
KnowledgeSkillCompetence,http://data.europa.eu/esco/skill/b78f324d-e16c-43f8-97d2-50d3a7cd1fb3,εργασία με εικονικά περιβάλλοντα μάθησης,released,skill/competence,cross-sector,,Ενσωμάτωση της χρήσης διαδικτυακών εκπαιδευτικών περιβαλλόντων και πλατφορμών στη διαδικασία διδασκαλίας.,http://data.europa.eu/esco/skill/59eb177a-2f30-4943-8b30-5f87dd51a80d | http://data.europa.eu/esco/skill/a44c0ed6-68b1-457a-9c6d-ea8487bdfeb2 | http://data.europa.eu/esco/skill/98fb499f-9155-412d-a8a0-95ba97126fec,εφαρμογή στρατηγικών διδασκαλίας | χρήση στρατηγικών μάθησης | χρήση ψηφιακών εργαλείων για συνεργασία και παραγωγικότητα
KnowledgeSkillCompetence,http://data.europa.eu/esco/skill/b7b381f5-7de2-4f91-9a8f-524041cb47d9,μηχανολογία συσκευών,released,knowledge,cross-sector,,Ο επιστημονικός και μηχανικός κλάδος που επιχειρεί να ελέγξει τις μεταβλητές της παραγωγής και της μεταποίησης. Επικεντρώνεται επίσης στον σχεδιασμό συστημάτων με επιθυμητές συμπεριφορές. Αυτά τα συστήματα χρησιμοποιούν αισθητήρες για τη μέτρηση της απόδοσης της συσκευής που ελέγχεται.,http://data.europa.eu/esco/isced-f/0714,ηλεκτρονική και αυτοματισμός
KnowledgeSkillCompetence,http://data.europa.eu/esco/skill/b820c9de-4d00-4e79-9af9-33f26044ff42,διδασκαλία επιστήμης υπολογιστών,released,skill/competence,sector-specific,,"Εκπαίδευση των σπουδαστών στη θεωρία και πρακτική της επιστήμης των υπολογιστών, ειδικότερα στην ανάπτυξη συστημάτων λογισμικού, τις γλώσσες προγραμματισμού, την τεχνητή νοημοσύνη και την ασφάλεια λογισμικού.",http://data.europa.eu/esco/skill/335be43a-3267-400e-b5cb-c9e234dc7544,διδασκαλία ακαδημαϊκών ή επαγγελματικών θεμάτων
KnowledgeSkillCompetence,http://data.europa.eu/esco/skill/b8271c8a-cba6-4baa-80f5-6361af3f07e3,διασφάλιση της τήρησης των οργανωτικών προτύπων ΤΠΕ,released,skill/competence,sector-specific,εξασφαλίζω την τήρηση των οργανωτικών προτύπων ΤΠΕ | επιβεβαιώνω τη συμμόρφωση των οργανωτικών προτύπων ΤΠΕ | διασφαλίζω τη δέουσα προσαρμογή των οργανωτικών προτύπων ΤΠΕ | διασφαλίζω τη συμμόρφωση των οργανωτικών προτύπων ΤΠΕ | πιστοποιώ τη συμμόρφωση των προτύπων οργάνωσης,"Εγγύηση της συμμόρφωσης της κατάστασης των γεγονότων με τους οργανωσιακούς κανόνες και διαδικασίες ΤΠΕ που αφορούν τα προϊόντα, τις υπηρεσίες και τις λύσεις του οργανισμού.",http://data.europa.eu/esco/skill/802deca0-b880-4d1a-b366-e13b27621baf | http://data.europa.eu/esco/skill/aa238394-8126-4ada-be2f-9dfe065cf314,συμμόρφωση με επιχειρησιακές διαδικασίες | τήρηση οργανωτικών κατευθυντήριων γραμμών
KnowledgeSkillCompetence,http://data.europa.eu/esco/skill/b8b2a035-38f0-4c0e-94ee-edefc266c643,μικροηλεκτρομηχανικά συστήματα,released,knowledge,sector-specific,,"Τα μικροηλεκτρομηχανικά συστήματα (MEMS) είναι μικροσκοπικά ηλεκτρομηχανικά συστήματα που παράγονται με τη διαδικασία της μικροκατασκευής. Τα MEMS αποτελούνται από μικροαισθητήρες, μικροενεργοποιητές, μικροκατασκευές και μικροηλεκτρονικά προϊόντα. Τα MEMS μπορεί να χρησιμοποιηθούν σε διάφορες συσκευές, όπως κεφαλές εκτυπωτών με έγχυση μελάνης, επεξεργαστές ψηφιακού φωτός, γυροσκόπια έξυπνων τηλεφώνων, επιταχυνσιόμετρα για αερόσακους και μικροσκοπικά μικρόφωνα.",http://data.europa.eu/esco/isced-f/0715,μηχανολογία και μεταλλουργικά επαγγέλματα
KnowledgeSkillCompetence,http://data.europa.eu/esco/skill/b8c01891-e3df-4a4b-948d-95b45e1788f5,πλαίσια λογισμικού κινητών συσκευών,released,knowledge,sector-specific,πλαίσιο λογισμικού κινητών συσκευών | διατάξεις λογισμικού κινητών συσκευών | πλαίσια λογισμικών προγραμμάτων κινητών συσκευών,"Τα API (διεπαφές προγραμματιστικών εφαρμογών), όπως Android, iOS, τηλέφωνα Windows, που επιτρέπουν στους προγραμματιστές να αναπτύξουν εφαρμογές για φορητές συσκευές γρήγορα και εύκολα.",http://data.europa.eu/esco/isced-f/0613,ανάπτυξη και ανάλυση λογισμικού και εφαρμογών
KnowledgeSkillCompetence,http://data.europa.eu/esco/skill/b8df1689-6763-437d-bfca-fe03d43f36c3,Εκμάθηση γλωσσών με τη βοήθεια υπολογιστή,released,knowledge,occupation-specific,υποβοηθούμενη από υπολογιστή εκμάθηση γλωσσών | εκμάθηση γλωσσών μέσω υπολογιστή | CALL | υποβοηθούμενη εκμάθηση γλωσσών με υπολογιστή,"Προσέγγιση διδασκαλίας και εκμάθησης γλωσσών, στο πλαίσιο της οποίας τόσο οι τεχνολογίες των πληροφοριών όσο και οι πόροι μέσω υπολογιστή χρησιμοποιούνται για την ενίσχυση, την παρουσίαση, τη διαδραστικότητα και την αξιολόγηση δεύτερων ή ξένων γλωσσών που πρέπει να διδαχθούν.
	",http://data.europa.eu/esco/isced-f/0113,κατάρτιση των εκπαιδευτικών χωρίς εξειδίκευση αντικειμένου
KnowledgeSkillCompetence,http://data.europa.eu/esco/skill/b8eb2517-37d8-43e6-9856-9c29d5c51fde,FileMaker (συστήματα διαχείρισης βάσεων δεδομένων),released,knowledge,sector-specific,,"Το λογισμικό FileMaker είναι ένα εργαλείο για τη δημιουργία, την επικαιροποίηση και τη διαχείριση βάσεων δεδομένων που αναπτύχθηκε από την εταιρεία λογισμικού FileMaker Inc.",http://data.europa.eu/esco/skill/ab1e97ed-2319-4293-a8b7-072d2648822f | http://data.europa.eu/esco/isced-f/0612,συστήματα διαχείρισης βάσεων δεδομένων | σχεδιασμός και διαχείριση βάσεων δεδομένων και δικτύων
KnowledgeSkillCompetence,http://data.europa.eu/esco/skill/b916d60e-38e9-4241-914a-4e2144bda711,χειρισμός αυτοματοποιημένων συστημάτων ελέγχου,released,skill/competence,cross-sector,,"Χειρισμός ηλεκτρονικών ή αυτοματοποιημένων πινάκων ελέγχου για την παρακολούθηση και βελτιστοποίηση των διαδικασιών, καθώς και για τον έλεγχο της εκκίνησης και παύσης των διαδικασιών.
	",http://data.europa.eu/esco/skill/494b8057-daf5-46a0-b33b-416e0115c30a,χρήση ψηφιακών εργαλείων για τον έλεγχο μηχανημάτων
KnowledgeSkillCompetence,http://data.europa.eu/esco/skill/b928ae44-b19f-49c7-a823-b09094de1063,επισκευή εξοπλισμού επί τόπου,released,skill/competence,cross-sector,,"Εντοπισμός δυσλειτουργιών και επιτόπια επισκευή ή αντικατάσταση πολυμεσικών, οπτικοακουστικών και ηλεκτρονικών συστημάτων, υλισμικού και εξοπλισμού.",http://data.europa.eu/esco/skill/c0fc7d2d-d013-40d7-bc58-75cf3771153f | http://data.europa.eu/esco/skill/1de6b87b-2c7d-49aa-bcc0-3b2ef75f064f | http://data.europa.eu/esco/skill/a7065828-10aa-4aba-b7d4-f23a30df5060,"διενέργεια μικρών επισκευών στον εξοπλισμό | διόρθωση των δυσλειτουργιών του εξοπλισμού | εγκατάσταση και επισκευή εξοπλισμού ηλεκτρικού, ηλεκτρονικού και ακριβείας"
KnowledgeSkillCompetence,http://data.europa.eu/esco/skill/b997afc1-19a7-4208-8010-fa0ffef15799,διαχείριση κατευθυντήριων οδηγιών για τους χρήστες αρχείου,released,skill/competence,sector-specific,,Θέσπιση κατευθυντήριων οδηγιών σχετικά με την πολιτική πρόσβασης του κοινού σε (ψηφιακό) αρχείο και την προσεκτική χρήση του υφιστάμενου υλικού. Κοινοποίηση των κατευθυντήριων οδηγιών στους επισκέπτες του αρχείου.,http://data.europa.eu/esco/skill/fa3e5cec-703e-4d46-b3bb-e8a89540ab54 | http://data.europa.eu/esco/skill/c23e0a2f-f04b-45bc-b0dd-20571f6b502c,διαχείριση ψηφιακών αρχείων | ανάπτυξη επιχειρησιακών πολιτικών και διαδικασιών
KnowledgeSkillCompetence,http://data.europa.eu/esco/skill/b99c9b86-b16f-4592-8505-de3d9c99e25b,ψηφιακές τέχνες,released,knowledge,occupation-specific,ψηφιακή εικοτεχνία | ψηφιακή καλλιτεχνική φωτογραφία | pixel art | γεννημένα-ψηφιακά έργα τέχνης,"Η παραγωγή έργων τέχνης μέσω ψηφιακών εργαλείων, λογισμικού, υπολογιστών ή άλλων ηλεκτρονικών συσκευών. Περιλαμβάνει τη χρήση διαφόρων μέσων καλλιτεχνικής έκφρασης, όπως η ψηφιακή φωτογραφία ή τα γραφικά υπολογιστή, καθώς και η τέχνη εικονοστοιχείων.
	",http://data.europa.eu/esco/isced-f/0211,τεχνικές και παραγωγή οπτικοακουστικών μέσων
KnowledgeSkillCompetence,http://data.europa.eu/esco/skill/b9a57803-7f3d-42a7-a652-03c96de1d42f,μοντελοποίηση και προσομοίωση οπτικών συστημάτων,released,skill/competence,sector-specific,,"Μοντελοποίηση και προσομοίωση οπτικών συστημάτων, προϊόντων και εξαρτημάτων με τη χρήση λογισμικού τεχνικής σχεδίασης. Αξιολόγηση της βιωσιμότητας του προϊόντος και εξέταση των φυσικών παραμέτρων για την διασφάλιση της επιτυχίας της διεργασίας παραγωγής.",http://data.europa.eu/esco/skill/c34b06c4-d164-4e49-a784-89d47de42ec2,"σχεδιασμός βιομηχανικών υλικών, συστημάτων ή προϊόντων"
KnowledgeSkillCompetence,http://data.europa.eu/esco/skill/b9aad733-959a-4178-984f-53e4bd05b420,τήρηση ρύθμισης πρωτοκόλλου διαδικτύου,released,skill/competence,sector-specific,τηρώ ρύθμιση πρωτοκόλλου ίντερνετ | χρησιμοποιώ πρωτόκολλο διαδικτύου | τηρώ ρύθμιση πρωτοκόλλου IP | τηρώ ρύθμιση ιντερνετικού πρωτοκόλλου | εφαρμόζω ρύθμιση πρωτοκόλλου διαδικτύου,Εφαρμογή της ρύθμισης πρωτοκόλλου διαδικτύου (ipconfig) για τη συλλογή δεδομένων σχετικά με τις τιμές ρύθμισης του πρωτοκόλλου για τον έλεγχο της μετάδοσης/πρωτοκόλλου για το Διαδίκτυο (TCP/IP) με σκοπό τον εντοπισμό των συσκευών και των διευθύνσεων IP τους.,http://data.europa.eu/esco/skill/6a7fc30d-af16-4cc5-a957-29d174bdb61c,"διαχείριση, συλλογή και αποθήκευση ψηφιακών δεδομένων"
KnowledgeSkillCompetence,http://data.europa.eu/esco/skill/b9e451f5-a62f-4a16-a229-255fa5c222a5,εκτέλεση εικονικής προσομοίωσης,released,skill/competence,sector-specific,,"Εκτέλεση όλων των σταδίων μιας εικονικής προσομοίωσης, συμπεριλαμβανομένης της ορθής τοποθέτησης και ακινητοποίησης του ασθενούς, της λήψης των απαραίτητων εικόνων και της καταγραφής σημείων αναφοράς και άλλων σημάτων.
	",http://data.europa.eu/esco/skill/73e602a0-f80f-4f56-8e21-3db4fd08709d,"παροχή ιατρικής, οδοντιατρικής και νοσηλευτικής περίθαλψης"
KnowledgeSkillCompetence,http://data.europa.eu/esco/skill/ba04b19b-0b18-4d5c-b799-4db31a98e58d,BlackBerry,released,knowledge,sector-specific,Research In Motion BlackBerry | RIM BlackBerry | CrackBerry,"Το λογισμικό συστήματος BlackBerry αποτελείται από χαρακτηριστικά, περιορισμούς, αρχιτεκτονικές και άλλα στοιχεία των λειτουργικών συστημάτων που έχουν σχεδιαστεί για κινητές συσκευές.",http://data.europa.eu/esco/isced-f/0613 | http://data.europa.eu/esco/skill/976455eb-5bbe-4493-ae64-ed16c3b009ea,ανάπτυξη και ανάλυση λογισμικού και εφαρμογών | λειτουργικά συστήματα για κινητές συσκευές
KnowledgeSkillCompetence,http://data.europa.eu/esco/skill/ba1b0441-a6b8-4e57-8ccc-871012f63e42,λογισμικό εμπορικών συναλλαγών,released,knowledge,sector-specific,εφαρμογή συναλλαγών,"Η χρηματοδότηση και εμπορία ολοκληρωμένων λύσεων λογισμικού.
	",http://data.europa.eu/esco/isced-f/0611,χρήση υπολογιστών
KnowledgeSkillCompetence,http://data.europa.eu/esco/skill/ba93b71b-c433-4a01-8246-ed2daa85a9a2,πραγματοποίηση αναζητήσεων στο διαδίκτυο,released,skill/competence,transversal,χρήση μηχανής αναζήτησης | χρήση του αναζήτηση google | χρήση του yahoo! αναζήτηση | αναζήτηση πληροφοριών στο διαδίκτυο | χρήση του bing,"Αναζήτηση δεδομένων, πληροφοριών και περιεχομένου μέσω απλών αναζητήσεων σε ψηφιακά περιβάλλοντα.
	",http://data.europa.eu/esco/skill/3399045f-8078-4066-8b46-475b49b260ab,Εργασία με ψηφιακές συσκευές και εφαρμογές
KnowledgeSkillCompetence,http://data.europa.eu/esco/skill/bac209e9-d337-4312-9041-17c2e75fa4df,βιομηχανία υλικών,released,knowledge,cross-sector,,"Τα διαφορετικά εργαλεία και μάρκες στη βιομηχανία υλικών, όπως ηλεκτρικά εργαλεία.",http://data.europa.eu/esco/isced-f/0613,ανάπτυξη και ανάλυση λογισμικού και εφαρμογών
KnowledgeSkillCompetence,http://data.europa.eu/esco/skill/bad66a63-4e3f-41f9-9e5d-a4d5f12f8d36,δημιουργία εκθέσεων με τη βοήθεια του συστήματος γεωγραφικών πληροφοριών,released,skill/competence,cross-sector,,"Χρήση των σχετικών συστημάτων γεωγραφικών πληροφοριών για τη δημιουργία αναφορών και χαρτών με βάση τις γεωχωρικές πληροφορίες, με τη χρήση προγραμμάτων λογισμικού GIS.",http://data.europa.eu/esco/skill/95bf4552-6d5b-41dc-b990-53ace372f705,"τεκμηρίωση τεχνικών σχεδίων, διαδικασιών, προβλημάτων ή δραστηριοτήτων"
KnowledgeSkillCompetence,http://data.europa.eu/esco/skill/baf1fadb-975a-42be-9744-d8ba02304d09,Samurai Web Testing Framework,released,knowledge,sector-specific,,"Το Samurai Web Testing Framework σε περιβάλλον Linux είναι ένα εξειδικευμένο εργαλείο δοκιμών διείσδυσης, το οποίο δοκιμάζει τις αδυναμίες ασφαλείας των διαδικτυακών τόπων σε περιπτώσεις ενδεχόμενης μη εξουσιοδοτημένης πρόσβασης.",http://data.europa.eu/esco/isced-f/0613 | http://data.europa.eu/esco/skill/de586dcf-d7e5-4340-bf5b-d59026f1b436,ανάπτυξη και ανάλυση λογισμικού και εφαρμογών | εργαλείο δοκιμής διείσδυσης
KnowledgeSkillCompetence,http://data.europa.eu/esco/skill/bb165899-d95f-4433-95f2-173fefd716d2,ανάπτυξη στατιστικού λογισμικού,released,skill/competence,cross-sector,,"Συμμετοχή στα διάφορα στάδια ανάπτυξης των προγραμμάτων ηλεκτρονικού υπολογιστή για οικονομετρικές και στατιστικές αναλύσεις, όπως η έρευνα, η ανάπτυξη νέων προϊόντων, η κατασκευή πρωτοτύπων και η συντήρηση.",http://data.europa.eu/esco/skill/a8c3186b-c791-4d57-8f4f-4d12c7a5c6a7,προγραμματισμός συστημάτων ηλεκτρονικών υπολογιστών
KnowledgeSkillCompetence,http://data.europa.eu/esco/skill/bb2a71c4-ff2e-47cf-ab44-684797a1ee5d,υπολογιστική μηχανική,released,knowledge,sector-specific,μηχανική υπολογιστική,"Η χρήση μοντελοποίησης και προσομοίωσης για την πρόβλεψη πολύπλοκων φυσικών συμπεριφορών στην επιστήμη και τη μηχανική. Αλληλεπιδρά με άλλους τομείς της μηχανικής, συμπεριλαμβανομένων της μηχανικής των στερεών και της μηχανικής των ρευστών, αλλά και με την επιστήμη των υλικών, τα μαθηματικά και τις αριθμητικές μεθόδους.
	",http://data.europa.eu/esco/isced-f/058,"διεπιστημονικά προγράμματα και προσόντα που περιλαμβάνουν φυσικές επιστήμες, μαθηματικά και στατιστική"
KnowledgeSkillCompetence,http://data.europa.eu/esco/skill/bb2b4485-2bad-402f-8517-44bf7d9afff4,χρήση λογισμικού προστασίας από ιούς,released,skill/competence,sector-specific,,"Λήψη, εγκατάσταση και επικαιροποίηση λογισμικού για την πρόληψη, ανίχνευση και αφαίρεση κακόβουλου λογισμικού, όπως ιοί υπολογιστών.",http://data.europa.eu/esco/skill/185c56ee-098f-46a1-af87-56337085da6f,προστασία συσκευών τπε
KnowledgeSkillCompetence,http://data.europa.eu/esco/skill/bb562019-5222-45db-a16c-730edbb1d27c,ορισμός πολιτικών σχεδιασμού δικτύου ΤΠΕ,released,skill/competence,occupation-specific,προσδιορισμός των κριτηρίων σχεδιασμού δικτύων ΤΠΕ | καθορισμός των αρχών σχεδιασμού δικτύων ΤΠΕ | καθορισμός των κανόνων σχεδιασμού δικτύων ΤΠΕ | θέσπιση των διαδικασιών σχεδιασμού δικτύων ΤΠΕ | καθορισμός των πολιτικών σχεδιασμού δικτύων ΤΠΕ,"Προσδιορισμός των πολιτικών, των αρχών, των κανόνων, των διαδικασιών και των κριτηρίων για τον σχεδιασμό, τον προγραμματισμό και την υλοποίηση των δικτύων ΤΠΕ.",http://data.europa.eu/esco/skill/b590d4e5-7c62-4b4a-abc2-c270b482e0ce,σχεδιασμός συστημάτων ή εφαρμογών τπε
KnowledgeSkillCompetence,http://data.europa.eu/esco/skill/bb979b3b-8292-409f-8c27-b17e13bab8bb,ανάμειξη ζωντανών εικόνων,released,skill/competence,sector-specific,,Παρακολούθηση διάφορων ροών βίντεο μιας ζωντανής εκδήλωσης και ανάμειξή τους με εξειδικευμένο εξοπλισμό και λογισμικό.,http://data.europa.eu/esco/skill/a556a3db-cd48-42a5-825c-f95f6f5ccbfe,δημιουργία διατάξεων οπτικής απεικόνισης και διακοσμήσεων
KnowledgeSkillCompetence,http://data.europa.eu/esco/skill/bb99af26-71ff-4dca-bde7-1eb1f6194426,SAP R3,released,knowledge,sector-specific,,"Οι τεχνικές και οι αρχές ανάπτυξης λογισμικού, όπως η ανάλυση, οι αλγόριθμοι, η κωδικοποίηση, οι δοκιμές και η καταγραφή υποδειγμάτων προγραμματισμού, σε SAP R3.",http://data.europa.eu/esco/skill/21d2f96d-35f7-4e3f-9745-c533d2dd6e97 | http://data.europa.eu/esco/isced-f/0613,προγραμματισμός ηλεκτρονικών υπολογιστών | ανάπτυξη και ανάλυση λογισμικού και εφαρμογών
KnowledgeSkillCompetence,http://data.europa.eu/esco/skill/bbbd263e-affb-4ec8-84fb-3e5d9e62306b,μοντελοποίηση και προσομοίωση υλισμικού,released,skill/competence,sector-specific,,Μοντελοποίηση και προσομοίωση υλισμικού με τη χρήση λογισμικού τεχνικού σχεδιασμού. Αξιολόγηση της βιωσιμότητας του προϊόντος και εξέταση των φυσικών παραμέτρων για την διασφάλιση της επιτυχίας της διεργασίας παραγωγής.,http://data.europa.eu/esco/skill/b590d4e5-7c62-4b4a-abc2-c270b482e0ce,σχεδιασμός συστημάτων ή εφαρμογών τπε
KnowledgeSkillCompetence,http://data.europa.eu/esco/skill/bc067d2e-e151-408f-8e34-24effd2b7fd6,χρήση ηλεκτρονικών δημόσιων συμβάσεων,released,skill/competence,sector-specific,,"Χρήση ψηφιακών τεχνολογιών δημόσιων συμβάσεων και εφαρμογών και εργαλείων ηλεκτρονικών δημόσιων συμβάσεων με σκοπό τη μείωση του διοικητικού φόρτου, τη βελτίωση της αποδοτικότητας και την ενίσχυση της διαφάνειας και της λογοδοσίας για τις διαδικασίες σύναψης δημόσιων συμβάσεων.
	",http://data.europa.eu/esco/skill/16a00c69-9c74-4c37-96d7-6301d285e5ce | http://data.europa.eu/esco/skill/98fb499f-9155-412d-a8a0-95ba97126fec,χρήση ηλεκτρονικών υπηρεσιών | χρήση ψηφιακών εργαλείων για συνεργασία και παραγωγικότητα
KnowledgeSkillCompetence,http://data.europa.eu/esco/skill/bc0b0b5d-f6be-405a-b224-b6902a4dbe97,διαχείριση ψηφιακής ταυτότητας,released,skill/competence,cross-sector,διαχείριση ψηφιακών ταυτοτήτων | δημιουργία ψηφιακών ταυτοτήτων,"Δημιουργία και διαχείριση μίας ή πολλαπλών ψηφιακών ταυτοτήτων, ικανότητα προστασίας της προσωπικής φήμης, χειρισμός των δεδομένων που παράγονται μέσω διαφόρων ψηφιακών εργαλείων, περιβαλλόντων και υπηρεσιών.",http://data.europa.eu/esco/skill/574257ea-7b64-4100-b7b6-e27c233fe143 | http://data.europa.eu/esco/skill/3399045f-8078-4066-8b46-475b49b260ab,ψηφιακή επικοινωνία και συνεργασία | Εργασία με ψηφιακές συσκευές και εφαρμογές
KnowledgeSkillCompetence,http://data.europa.eu/esco/skill/bcc0db5f-c1e8-4f08-b68b-020396ef07b9,χρήση λογισμικού αναπαραγωγής ήχου,released,skill/competence,sector-specific,εκτελώ λογισμικό αναπαραγωγής ήχου | χειρίζομαι εξοπλισμό ηχητικής αναπαραγωγής | χρησιμοποιώ λογισμικό αναπαραγωγής ψηφιακού και αναλογικού ήχου | λειτουργώ λογισμικό ηχητικής αναπαραγωγής | χρησιμοποιώ εξοπλισμό αναπαραγωγής ηχητικών κυμάτων,"Χειρισμός λογισμικού και εξοπλισμού που μετασχηματίζουν και αναπαράγουν ψηφιακούς, αναλογικούς ήχους και ηχητικά κύματα στον επιθυμητό αντιληπτό ήχο για απευθείας μετάδοση.",http://data.europa.eu/esco/skill/b5b09dac-5b28-40a5-b671-5f9aa31f65d8 | http://data.europa.eu/esco/skill/c53a55a1-8b2b-4d2c-b12d-626742a3833a,χειρισμός ακουστικού εξοπλισμού | χρήση ψηφιακών εργαλείων για την επεξεργασία ήχου και εικόνας
KnowledgeSkillCompetence,http://data.europa.eu/esco/skill/bd08f332-a295-4a59-a13a-05b08ca3761b,εγκατάσταση οθονών για τον έλεγχο διαδικασιών,released,skill/competence,cross-sector,εγκαθιστώ σύστημα παρακολούθησης διαδικασιών· εγκαθιστώ οθόνες επίβλεψης διαδικασιών | τοποθετώ οθόνες για τον έλεγχο διαδικασιών· πραγματοποιώ εγκατάσταση συστήματος για την εποπτεία διαδικασιών· τοποθετώ σύστημα παρακολούθησης διαδικασιών· εγκαθιστώ οθόνες επιτήρησης,Σχεδιασμός και ανάπτυξη συστήματος οθονών για τον έλεγχο συγκεκριμένων διαδικασιών σε έναν οργανισμό ή σύστημα.,http://data.europa.eu/esco/skill/a7065828-10aa-4aba-b7d4-f23a30df5060,"εγκατάσταση και επισκευή εξοπλισμού ηλεκτρικού, ηλεκτρονικού και ακριβείας"
KnowledgeSkillCompetence,http://data.europa.eu/esco/skill/bd14968e-e409-45af-b362-3495ed7b10e0,τεχνολογίες νέφους,released,knowledge,sector-specific,τεχνολογία υπολογιστικού νέφους· τεχνολογία νέφους | υπολογισμός ακμών | τεχνολογίες υπολογιστικού νέφους | τεχνολογικά συστήματα νέφους· ηλεκτρονικά προγράμματα υπολογιστικού νέφους· λύσεις υπολογιστικού νέφους,"Οι τεχνολογίες που επιτρέπουν την πρόσβαση σε υλικό, λογισμικό, δεδομένα και υπηρεσίες μέσω απομακρυσμένων εξυπηρετητών και δικτύων λογισμικού, ανεξάρτητα από την τοποθεσία και την αρχιτεκτονική τους.",http://data.europa.eu/esco/isced-f/0612,σχεδιασμός και διαχείριση βάσεων δεδομένων και δικτύων
KnowledgeSkillCompetence,http://data.europa.eu/esco/skill/bdb4f02e-72d5-41ca-a662-0498dc3fb070,αξιολόγηση των τεχνολογιών υγείας,released,knowledge,occupation-specific,,"Η αξιολόγηση των ιδιοτήτων, των επιδόσεων και των επιπτώσεων των τεχνολογιών υγείας με στόχο τον εντοπισμό των άμεσων και έμμεσων επιπτώσεων των τεχνολογιών υγείας και των επιθυμητών και ανεπιθύμητων συνεπειών τους.
	",http://data.europa.eu/esco/isced-f/0914,τεχνολογία ιατρικής διάγνωσης και θεραπείας
KnowledgeSkillCompetence,http://data.europa.eu/esco/skill/be0ff6d8-5e61-4021-9c89-e40cf0b75cc6,υπολογισμός της χρηστικότητας του λογισμικού,released,skill/competence,sector-specific,εκτίμηση της δυνατότητας χρήσης λογισμικού | διενέργεια δοκιμών χρηστικότητας λογισμικού | αξιολόγηση της λειτουργικότητας του λογισμικού | αξιολόγηση χρηστικότητας λογισμικού,Έλεγχος της ευκολίας του προϊόντος λογισμικού για τον τελικό χρήστη. Εντοπισμός των προβλημάτων των χρηστών και πραγματοποίηση προσαρμογών για τη βελτίωση της πρακτικής χρηστικότητας. Συλλογή εισερχόμενων δεδομένων σχετικά με τον τρόπο με τον οποίο οι χρήστες αξιολογούν τα προϊόντα λογισμικού.,http://data.europa.eu/esco/skill/6d0cad66-82dd-4854-a03a-68232942c68d,εγκατάσταση ξύλινων και μεταλλικών στοιχείων
KnowledgeSkillCompetence,http://data.europa.eu/esco/skill/be149bed-a789-48ee-832b-620ccf776af9,Frostbite (συστήματα δημιουργίας ψηφιακών παιχνιδιών),released,knowledge,sector-specific,,"Παιχνιδομηχανή Frostbite, η οποία είναι ένα πλαίσιο λογισμικού που αποτελείται από ολοκληρωμένα περιβάλλοντα ανάπτυξης και εξειδικευμένα εργαλεία σχεδιασμού, και έχει σχεδιαστεί για την ταχεία επανάληψη των ηλεκτρονικών παιχνιδιών που προέρχονται από χρήστες.",http://data.europa.eu/esco/skill/966f2fd3-3de6-42da-b87c-da924c6d7960 | http://data.europa.eu/esco/isced-f/0211,συστήματα δημιουργίας ψηφιακών παιχνιδιών | τεχνικές και παραγωγή οπτικοακουστικών μέσων
KnowledgeSkillCompetence,http://data.europa.eu/esco/skill/be457a1c-5973-4781-9bb8-809703931f43,τύποι οπτικοακουστικών μέσων,released,knowledge,cross-sector,,"Διάφοροι τύποι ήχου και βίντεο, συμπεριλαμβανομένων των ψηφιακών.",http://data.europa.eu/esco/isced-f/0211,τεχνικές και παραγωγή οπτικοακουστικών μέσων
KnowledgeSkillCompetence,http://data.europa.eu/esco/skill/be59c6bd-0e88-4ffe-bc81-50b86be815e6,δημιουργία τρισδιάστατου χάρτη αφής,released,skill/competence,occupation-specific,προσθήκη υφής σε τρισδιάστατο μοντέλο ή γραφικό | δημιουργία χάρτη αφής τριών διαστάσεων | δημιουργία χάρτη αφής 3Δ | σχεδιασμός τρισδιάστατου χάρτη αφής,"Προσθήκη λεπτομερειών, χρώματος ή επιφανειακής υφής σε τρισδιάστατο μοντέλο ή γραφικό που βασίζεται σε ηλεκτρονικό υπολογιστή.",http://data.europa.eu/esco/skill/c34b06c4-d164-4e49-a784-89d47de42ec2,"σχεδιασμός βιομηχανικών υλικών, συστημάτων ή προϊόντων"
KnowledgeSkillCompetence,http://data.europa.eu/esco/skill/be64bb4c-84ac-4c83-8cc7-fc8593e15136,έλεγχος της προσβασιμότητας συστήματος για τους χρήστες με ειδικές ανάγκες,released,skill/competence,sector-specific,εξακριβώνω τη δυνατότητα πρόσβασης στο σύστημα για τους χρήστες με ειδικές ανάγκες | ελέγχω την πρόσβαση στο σύστημα για τους χρήστες με αναπηρίες | διαπιστώνω τη συμμόρφωση του συστήματος με τις απαιτήσεις πρόσβασης των χρηστών με ειδικές ανάγκες | διενεργώ ελέγχους όσον αφορά τη δυνατότητα πρόσβασης των χρηστών με αναπηρίες στο σύστημα | ελέγχω τη δυνατότητα πρόσβασης στο σύστημα για τους χρήστες με αναπηρίες,"Εξέταση του κατά πόσον η διεπαφή λογισμικού συμμορφώνεται με τα πρότυπα και τους κανονισμούς, έτσι ώστε το σύστημα να μπορεί να χρησιμοποιείται από άτομα με ειδικές ανάγκες.",http://data.europa.eu/esco/skill/ddfe79e2-c2e3-4ba7-9bdf-3820b4f75b54 | http://data.europa.eu/esco/skill/15fa3879-ac0e-46e6-ae36-609bae9c19c3,Προσδιορισμός των αναγκών χρηστών ΤΠΕ | παρακολούθηση επιχειρησιακών δραστηριοτήτων
KnowledgeSkillCompetence,http://data.europa.eu/esco/skill/be80acfc-b6f2-4411-9b8d-b19d9cd2556a,Swift (προγραμματισμός ηλεκτρονικών υπολογιστών),released,knowledge,sector-specific,,"Οι τεχνικές και οι αρχές ανάπτυξης λογισμικού, όπως η ανάλυση, οι αλγόριθμοι, η κωδικοποίηση, οι δοκιμές και η καταγραφή υποδειγμάτων προγραμματισμού, σε Swift.",http://data.europa.eu/esco/skill/21d2f96d-35f7-4e3f-9745-c533d2dd6e97 | http://data.europa.eu/esco/isced-f/0613,προγραμματισμός ηλεκτρονικών υπολογιστών | ανάπτυξη και ανάλυση λογισμικού και εφαρμογών
KnowledgeSkillCompetence,http://data.europa.eu/esco/skill/bec4359e-cb92-468f-a997-8fb28e32fba9,μεθοδολογίες διαχείρισης έργων ΤΠΕ,released,knowledge,sector-specific,πρακτικές διαχείρισης έργων του τομέα ΤΠΕ | δομημένη μεθοδολογία | μεθοδολογίες διαχείρισης έργων πληροφορικής | μέθοδοι διαχείρισης έργων πληροφορικής | μεθοδολογίες χειρισμού έργων ΤΠΕ | μεθοδολογίες ανάπτυξης λογισμικού,"Οι μεθοδολογίες ή τα πρότυπα για τον σχεδιασμό, τη διαχείριση και την επίβλεψη πόρων των ΤΠΕ για την επίτευξη συγκεκριμένων στόχων, όπως οι μεθοδολογίες Waterfall, Incremental, V-Model, Scrum ή Agile, με τη χρήση εργαλείων διαχείρισης έργων ΤΠΕ.",http://data.europa.eu/esco/isced-f/0413,διαχείριση και διοίκηση
KnowledgeSkillCompetence,http://data.europa.eu/esco/skill/bedd8fa7-5a64-4134-9095-58f5709e25e4,Moodle,released,knowledge,sector-specific,,"Το λογισμικό Moodle είναι μια πλατφόρμα ηλεκτρονικής μάθησης για τη δημιουργία, τη διαχείριση, την οργάνωση, την αναφορά και την παροχή εκπαιδευτικών μαθημάτων και προγραμμάτων κατάρτισης μέσω υπολογιστή.",http://data.europa.eu/esco/skill/6c80d53c-d8c9-41fe-998f-091fca208834 | http://data.europa.eu/esco/isced-f/0612,συστήματα διαχείρισης μάθησης | σχεδιασμός και διαχείριση βάσεων δεδομένων και δικτύων
KnowledgeSkillCompetence,http://data.europa.eu/esco/skill/bee296bc-48f7-4df6-bd2c-8616c8a6c8de,σχεδιασμός υλισμικού,released,skill/competence,sector-specific,,Σχεδιασμός και ανάπτυξη νέων συστημάτων και στοιχείων υλισμικού υπολογιστών. Κατάρτιση σχεδίων εγκατάστασης και σχεδίων συναρμολόγησης που διευκρινίζουν τον τρόπο με τον οποίο θα πρέπει να κατασκευαστεί ο εξοπλισμός υπολογιστή.,http://data.europa.eu/esco/skill/39fa260c-4f85-48e3-83ce-e292e696c233,σχεδιασμός ηλεκτρικών ή ηλεκτρονικών συστημάτων ή εξοπλισμού
KnowledgeSkillCompetence,http://data.europa.eu/esco/skill/bf1f763e-c505-46e7-8af3-e48f13ec5f44,μηχανολογία συστημάτων ελέγχου,released,knowledge,cross-sector,,Υποκλάδος της μηχανικής που επικεντρώνεται στον έλεγχο της συμπεριφοράς των συστημάτων με τη χρήση αισθητήρων και ενεργοποιητών.,http://data.europa.eu/esco/isced-f/0714,ηλεκτρονική και αυτοματισμός
KnowledgeSkillCompetence,http://data.europa.eu/esco/skill/bf298db2-b90e-4739-85ca-9c3003103fab,διαχείριση της τοπικής προσαρμογής λογισμικού,released,skill/competence,occupation-specific,διαχείριση της τοπικοποίησης λογισμικού | διαχείριση προσαρμογής λογισμικού σε τοπικό επίπεδο,"Οργάνωση της διαδικασίας μεταφοράς συγκεκριμένου λογισμικού από ένα σύνολο τοπικών ρυθμίσεων σε κάποιο άλλο, προκειμένου για την αύξηση του αριθμού των χρηστών, με τροποποίηση του περιεχομένου μέσω της χρήσης της μετάφρασης της διεπαφής χρήστη, λαμβάνοντας παράλληλα υπόψη τις ιδιότητες της μελλοντικής χώρας στην οποία θα λανσαριστεί το λογισμικό.",http://data.europa.eu/esco/skill/87dff904-fb74-4d59-972e-1c2387579d94,καθοδήγηση των επιχειρησιακών δραστηριοτήτων
KnowledgeSkillCompetence,http://data.europa.eu/esco/skill/bf4d884f-c848-402a-b130-69c266b04164,εφαρμογή βασικών δεξιοτήτων προγραμματισμού,released,skill/competence,transversal,χρήση βασικών δεξιοτήτων κωδικοποίησης | χρήση γλωσσών καταγραφής ερωτημάτων,"Παράθεση απλών οδηγιών για ένα υπολογιστικό σύστημα για την επίλυση προβλημάτων ή την εκτέλεση εργασιών σε βασικό επίπεδο και με κατάλληλη καθοδήγηση όπου χρειάζεται.
	",http://data.europa.eu/esco/skill/3399045f-8078-4066-8b46-475b49b260ab,Εργασία με ψηφιακές συσκευές και εφαρμογές
KnowledgeSkillCompetence,http://data.europa.eu/esco/skill/bf675dff-ce7b-4f88-8a93-683a06e6617e,χρήση προγραμμάτων έγχρωμης εκτύπωσης,released,skill/competence,sector-specific,,Χρήση προγραμμάτων έγχρωμης εκτύπωσης όπως το μοντέλο χρώματος CMYK (μελάνη) για διάφορα εκτυπωτικά μηχανήματα.,http://data.europa.eu/esco/skill/dcb9c446-bb08-44de-89b6-851ac2903eaf,χειρισμός εξοπλισμού παραγωγής φωτογραφικού και τυπογραφικού υλικού
KnowledgeSkillCompetence,http://data.europa.eu/esco/skill/bf6c5ed4-84af-440f-abcc-7fa5ba19c738,υπολογισμός πραγματικού χρόνου,released,knowledge,occupation-specific,υπολογιστικές εφαρμογές πραγματικού χρόνου | υπολογιστικά συστήματα πραγματικού χρόνου | υπολογισμός άμεσης ανταπόκρισης | συστήματα υλισμικού και λογισμικού ΤΠΕ πραγματικού χρόνου | αντιδραστικό υπολογιστικό σύστημα,Τα συστήματα πληροφορικής και λογισμικού ΤΠΕ τα οποία πρέπει να ανταποκρίνονται σε εισερχόμενες πληροφορίες εντός πολύ αυστηρών χρονικών περιορισμών,http://data.europa.eu/esco/isced-f/0612,σχεδιασμός και διαχείριση βάσεων δεδομένων και δικτύων
KnowledgeSkillCompetence,http://data.europa.eu/esco/skill/bf7ea00f-db77-4a95-9b9f-2d12b6d9fcb4,χρησιμοποίηση διαγνωστικών εργαλείων δικτύων ΤΠΕ,released,skill/competence,sector-specific,χρησιμοποιώ μέσα ελέγχου δικτύων ΤΠΕ | κάνω χρήση διαγνωστικών εργαλείων συστημάτων ΤΠΕ | χρησιμοποιώ εργαλεία διάγνωσης δικτύων ΤΠΕ | εκτελώ διαγνωστικούς ελέγχους σε δίκτυα ΤΠΕ | εφαρμόζω εργαλεία λογισμικού για τον έλεγχο δικτύων ΤΠΕ,"Χρησιμοποίηση εργαλείων ή κατασκευαστικών στοιχείων λογισμικού που παρακολουθούν τις παραμέτρους του δικτύου ΤΠΕ, όπως η απόδοση και διαμεταγωγή, παροχή δεδομένων και στατιστικών, διάγνωση σφαλμάτων, αστοχιών ή σημείων συμφόρησης και υποστήριξη της διαδικασίας λήψης αποφάσεων.",http://data.europa.eu/esco/skill/f839b1da-78b6-4466-86f4-a5798821ea20,εγκατάσταση συστημάτων πληροφορικής
KnowledgeSkillCompetence,http://data.europa.eu/esco/skill/bf942c60-8539-4951-83ee-63f770da1cb8,προγραμματισμός της συσκευής ελέγχου της μηχανής που ελέγχεται ψηφιακά μέσω ηλεκτρονικού υπολογιστή,released,skill/competence,cross-sector,,Ρύθμιση του επιθυμητού σχεδιασμού προϊόντος στη συσκευή ελέγχου της μηχανής που ελέγχεται ψηφιακά μέσω ηλεκτρονικού υπολογιστή (CNC) για την παραγωγή προϊόντων.,http://data.europa.eu/esco/skill/5fc0d7d8-bb81-4c1e-b420-e0f1ef8c2743 | http://data.europa.eu/esco/skill/494b8057-daf5-46a0-b33b-416e0115c30a,ρύθμιση των οργάνων χειρισμού του εξοπλισμού | χρήση ψηφιακών εργαλείων για τον έλεγχο μηχανημάτων
KnowledgeSkillCompetence,http://data.europa.eu/esco/skill/c022ff1b-7783-4e64-89ef-0422c81ff51f,σχεδιασμός μικροηλεκτρομηχανικών συστημάτων,released,skill/competence,cross-sector,,"Σχεδιασμός και ανάπτυξη μικροηλεκτρομηχανικών συστημάτων (MEMS), όπως συσκευές μικροανίχνευσης. Δημιουργία ενός μοντέλου και μιας προσομοίωσης με τη χρήση λογισμικού τεχνικής σχεδίασης για την αξιολόγηση της βιωσιμότητας του προϊόντος και την εξέταση των φυσικών παραμέτρων για την διασφάλιση της επιτυχίας της διεργασίας παραγωγής.",http://data.europa.eu/esco/skill/39fa260c-4f85-48e3-83ce-e292e696c233,σχεδιασμός ηλεκτρικών ή ηλεκτρονικών συστημάτων ή εξοπλισμού
KnowledgeSkillCompetence,http://data.europa.eu/esco/skill/c0326e27-5fa8-4dca-aecb-ed89ab491513,προετοιμασία οπτικών δεδομένων,released,skill/competence,cross-sector,,Προετοιμασία διαγραμμάτων και γραφημάτων για την παρουσίαση των δεδομένων με οπτικό τρόπο.,http://data.europa.eu/esco/skill/446a36a5-2376-439f-b46b-4a214ba0acdf,"χρήση λογισμικού επεξεργασίας κειμένου, έκδοσης και παρουσίασης"
KnowledgeSkillCompetence,http://data.europa.eu/esco/skill/c0502e2a-1e12-422e-994e-cf9bf814e3b2,καθοδήγηση των εκπαιδευόμενων στη χρήση υποστηρικτικών τεχνολογιών,released,skill/competence,sector-specific,καθοδηγούν τους εκπαιδευόμενους στη χρήση υποστηρικτικών τεχνολογιών,"Παροχή οδηγιών και καθοδήγηση των εκπαιδευόμενων σχετικά με τον τρόπο χρήσης υποστηρικτικών τεχνολογιών κατάλληλων για τη μαθησιακή πρόκληση που αντιμετωπίζουν: όπως η πρόβλεψη λέξεων, η μετατροπή κειμένου σε ομιλία ή η αναγνώριση ομιλίας. Επεξήγηση των χαρακτηριστικών της τεχνολογίας και των οφελών της για τον εκπαιδευόμενο.
	",http://data.europa.eu/esco/skill/6c4fa8c8-e9e1-49b5-897f-6b61fe649488,κατάρτιση σχετικά με επιχειρησιακές διαδικασίες
KnowledgeSkillCompetence,http://data.europa.eu/esco/skill/c062bab3-3ea0-4291-9220-a2d8fef4bead,SQL Server,released,knowledge,sector-specific,,"Το λογισμικό SQL Server είναι ένα εργαλείο για τη δημιουργία, την επικαιροποίηση και τη διαχείριση βάσεων δεδομένων που αναπτύχθηκε από την εταιρεία λογισμικού Microsoft.",http://data.europa.eu/esco/skill/ab1e97ed-2319-4293-a8b7-072d2648822f | http://data.europa.eu/esco/isced-f/0612,συστήματα διαχείρισης βάσεων δεδομένων | σχεδιασμός και διαχείριση βάσεων δεδομένων και δικτύων
KnowledgeSkillCompetence,http://data.europa.eu/esco/skill/c0e2f74c-51f0-4020-9756-d190848cf181,ενσωμάτωση περιεχομένου σε μέσα εξόδου,released,skill/competence,sector-specific,προσθέτω περιεχόμενο σε ηλεκτρονικά και μη ηλεκτρονικά προγράμματα | εντάσσω περιεχόμενο σε διαδικτυακά και μη διαδικτυακά συστήματα | ενσωματώνω περιεχόμενο σε προγράμματα διαδικτύου και εκτός διαδικτύου | ενσωματώνω περιεχόμενο σε συστήματα διαδικτύου και εκτός διαδικτύου | προσθέτω περιεχόμενο σε μέσα εξαγωγής,"Συγκέντρωση και ενσωμάτωση περιεχομένου πολυμέσων και κειμένου σε επιγραμμικά και απογραμμικά συστήματα, όπως δικτυακούς τόπους, πλατφόρμες, εφαρμογές και μέσα κοινωνικής δικτύωσης, για δημοσίευση και διανομή.",http://data.europa.eu/esco/skill/b769f524-0f25-44d7-8538-5c46710a040e | http://data.europa.eu/esco/skill/6a7fc30d-af16-4cc5-a957-29d174bdb61c,"διαχείριση ψηφιακών εγγράφων | διαχείριση, συλλογή και αποθήκευση ψηφιακών δεδομένων"
KnowledgeSkillCompetence,http://data.europa.eu/esco/skill/c13fb093-5ffb-491a-b8b7-fa2d42a57e2e,εφαρμογή της ασφάλειας και συμμόρφωσης του υπολογιστικού νέφους,released,skill/competence,sector-specific,ασφάλεια και συμμόρφωση στο cloud,"Εφαρμογή και διαχείριση πολιτικών ασφάλειας και ελέγχων πρόσβασης στο υπολογιστικό νέφος. Διάκριση μεταξύ ρόλων και αρμοδιοτήτων στο πλαίσιο του μοντέλου συνυπευθυνότητας.
	",http://data.europa.eu/esco/skill/69cfc5ed-6569-4aca-a4cc-fd782ba51d9c | http://data.europa.eu/esco/skill/7e153e1d-2b12-43ad-89f3-0cf82ebc4a30,εφαρμογή συστήματος διαχείρισης κινδύνου ΤΠΕ | διενέργεια ανάλυσης και διαχείρισης κινδύνων
KnowledgeSkillCompetence,http://data.europa.eu/esco/skill/c1b4aa1e-bc42-49e4-952a-0cbd45f1d57b,βάσεις δεδομένων μουσείων,released,knowledge,sector-specific,,Τα εργαλεία και οι διαδικασίες που χρησιμοποιούνται σε εργασίες με βάσεις δεδομένων μουσείων.,http://data.europa.eu/esco/skill/4463a721-69f3-413d-8321-43e3af13a4f1 | http://data.europa.eu/esco/skill/43ae58b9-5e56-4524-b45a-b422777a0576 | http://data.europa.eu/esco/isced-f/0322,"χρήση βάσεων δεδομένων | βάση δεδομένων | υπηρεσίες βιβλιοθηκών,  πληροφοριών και αρχειακών μελετών"
KnowledgeSkillCompetence,http://data.europa.eu/esco/skill/c1f29568-f2bb-49d2-b6c2-28748bd1629b,διαχείριση περιεχομένου ιστοτόπων,released,skill/competence,sector-specific,συντονισμός επιγραμμικού περιεχομένου | διαχείριση επιγραμμικού περιεχομένου | διαχείριση ηλεκτρονικού περιεχομένου | διαχείριση διαδικτυακού περιεχομένου,"Φροντίδα ώστε το περιεχόμενο ενός δικτυακού τόπου να είναι επικαιροποιημένο, οργανωμένο, ελκυστικό και να ανταποκρίνεται στις ανάγκες του κοινού-στόχος, τις απαιτήσεις της εταιρείας και τα διεθνή πρότυπα μέσω του ελέγχου των συνδέσμων, του καθορισμού του χρονικού πλαισίου και της εντολής δημοσίευσης.",http://data.europa.eu/esco/skill/6a7fc30d-af16-4cc5-a957-29d174bdb61c,"διαχείριση, συλλογή και αποθήκευση ψηφιακών δεδομένων"
KnowledgeSkillCompetence,http://data.europa.eu/esco/skill/c216b67a-7462-4f6a-ba14-db02f6e91b68,κατάρτιση δεδομένων για δημοσιεύσεις πλοήγησης,released,skill/competence,sector-specific,κατάρτιση δεδομένων για δημοσιεύσεις ναυσιπλοΐας,Κατάρτιση δεδομένων για δημοσιεύσεις πλοήγησης. Συλλογή και επεξεργασία γνήσιων και έγκυρων δεδομένων.,http://data.europa.eu/esco/skill/f2d57f41-43b4-4f5b-8100-3df5c21eda50 | http://data.europa.eu/esco/skill/0d6714c6-720e-4985-9791-5ab85d28da79 | http://data.europa.eu/esco/skill/29dcc31e-a8d6-4a62-b3c1-2de81e966e39 | http://data.europa.eu/esco/skill/89db623e-e1fc-4ec2-9a0f-7b72b4c35303,επεξεργασία δεδομένων | συλλογή δεδομένων | συγκέντρωση πληροφοριών από φυσικές ή ηλεκτρονικές πηγές | συλλογή εμπειρικών δεδομένων
KnowledgeSkillCompetence,http://data.europa.eu/esco/skill/c2218533-3e2a-4f50-b4fd-afde71dcf442,επεξεργασία ηχογράφησης,released,skill/competence,sector-specific,,"Επεξεργασία οπτικοακουστικού υλικού με χρήση διάφορων τύπων λογισμικού, εργαλείων και τεχνικών, όπως η βαθμιαία εξασθένηση, τα εφέ ταχύτητας και η αφαίρεση των ανεπιθύμητων θορύβων.",http://data.europa.eu/esco/skill/c53a55a1-8b2b-4d2c-b12d-626742a3833a,χρήση ψηφιακών εργαλείων για την επεξεργασία ήχου και εικόνας
KnowledgeSkillCompetence,http://data.europa.eu/esco/skill/c2296e2e-5fef-4f24-a24f-e5b3792268be,παροχή υποστήριξης στον τομέα ΤΠΕ,released,skill/competence,cross-sector,παροχή υποστήριξης στον τομέα της τεχνολογίας πληροφοριών και επικοινωνιών,"Επίλυση συμβάντων και αιτημάτων παροχής υπηρεσιών συντήρησης που σχετίζονται με ΤΠΕ από καταναλωτές, πελάτες ή συναδέλφους, συμπεριλαμβανομένης της επαναφοράς των κωδικών πρόσβασης και της επικαιροποίησης των βάσεων δεδομένων όπως το ηλεκτρονικό ταχυδρομείο Microsoft Exchange.",http://data.europa.eu/esco/skill/0b9968af-72de-470a-98e1-2d19577443fb,επίλυση προβλημάτων πληροφορικής
KnowledgeSkillCompetence,http://data.europa.eu/esco/skill/c2999f0c-eb37-4cdf-b9b0-82107b628794,γλώσσες μορφοποίησης σελίδων,released,knowledge,cross-sector,αλληλουχία φύλλων στυλ | διαδοχικά φύλλα στυλ | γλώσσες φύλλων στυλ | στοιβαγμένα φύλλα στυλ | γλώσσα φύλλων στυλ | υπολογιστικές γλώσσες φύλλων στυλ,"Ο τομέας των γλωσσών προγραμματισμού που ελέγχει την εμφάνιση δομημένων εγγράφων, όπως τα Cascading Style Sheets (CSS). Τα έγγραφα αυτά πρέπει να συμμορφώνονται με τα φύλλα ύφους, ένα σύνολο υφολογικών κανόνων, όπως η γραμματοσειρά, το χρώμα και η διάταξη.",http://data.europa.eu/esco/isced-f/0612,σχεδιασμός και διαχείριση βάσεων δεδομένων και δικτύων
KnowledgeSkillCompetence,http://data.europa.eu/esco/skill/c2c1b595-20f5-4a13-885a-bcc1b7760e3e,σχεδιασμός κούκλων,released,skill/competence,occupation-specific,,Δημιουργία μοντέλου κούκλας με τη χρήση δεξιοτήτων δημιουργικότητας και πληροφορικής.,http://data.europa.eu/esco/skill/883eab8c-d8a6-4e8b-9b11-7d9001e172ab,σχεδιασμός συστημάτων και προϊόντων
KnowledgeSkillCompetence,http://data.europa.eu/esco/skill/c2cbbccf-4ffd-4626-86e7-505b39c872a0,χρήση λογισμικού για την προστασία από ανεπίκλητα ηλεκτρονικά μηνύματα εμπορικού χαρακτήρα,released,skill/competence,sector-specific,,Εγκατάσταση και ρύθμιση λογισμικού το οποίο υποστηρίζει χρήστες ηλεκτρονικού ταχυδρομείου για τη διήθηση μηνυμάτων τα οποία περιέχουν κακόβουλο λογισμικό ή είναι ανεπίκλητα.,http://data.europa.eu/esco/skill/f4346299-e22a-4686-8e61-2c9b0cd51c7d | http://data.europa.eu/esco/skill/185c56ee-098f-46a1-af87-56337085da6f,εφαρμογή μέτρων ψηφιακής ασφάλειας | προστασία συσκευών τπε
KnowledgeSkillCompetence,http://data.europa.eu/esco/skill/c2ce7fe9-203b-492a-961e-9698dce7de19,διενέργεια ανάλυσης ασφάλειας δεδομένων,released,skill/competence,cross-sector,,Χρήση διαφορετικών βάσεων δεδομένων ασφαλείας για την ανάλυση πληροφοριών σχετικά με πραγματικές ή δυνητικές απειλές κατά της ασφάλειας.,http://data.europa.eu/esco/skill/7dd94ad3-13d6-43fe-8b94-51fcbf67ced9 | http://data.europa.eu/esco/skill/6a7fc30d-af16-4cc5-a957-29d174bdb61c | http://data.europa.eu/esco/skill/1dd23dba-dd00-45ab-abf4-642902538317,"κριτική σκέψη | διαχείριση, συλλογή και αποθήκευση ψηφιακών δεδομένων | διενέργεια ανάλυσης κινδύνου"
KnowledgeSkillCompetence,http://data.europa.eu/esco/skill/c31a222b-de0b-490c-82b8-472167cb0ba5,εξειδικευμένο λογισμικό αστρολογίας,released,knowledge,occupation-specific,,Το λογισμικό που χρησιμοποιείται για τη συλλογή και την ερμηνεία δεδομένων σχετικά με τη συγκεκριμένη θέση των ουράνιων αντικειμένων με σκοπό την αφαίρεση της επιρροής τους στην ανθρώπινη ζωή.,http://data.europa.eu/esco/isced-f/0611,χρήση υπολογιστών
KnowledgeSkillCompetence,http://data.europa.eu/esco/skill/c330db31-7fa9-4a8c-8ad6-baa957bcfed1,εγκατάσταση λειτουργικού συστήματος,released,skill/competence,cross-sector,,"Εγκατάσταση του λειτουργικού συστήματος (OS) ή του λογισμικού που διαχειρίζεται τους πόρους λογισμικού και το υλισμικό του υπολογιστή σε σύστημα πληροφορικής. Το λειτουργικό σύστημα αποτελεί ουσιώδες στοιχείο κάθε συστήματος πληροφορικής και μεσολαβεί μεταξύ του υλισμικού, των προγραμμάτων εφαρμογών και του τελικού χρήστη. Διάσημα παραδείγματα λειτουργικών συστημάτων αποτελούν τα Windows της Microsoft, το Linux και το Mac OS.",http://data.europa.eu/esco/skill/f839b1da-78b6-4466-86f4-a5798821ea20,εγκατάσταση συστημάτων πληροφορικής
KnowledgeSkillCompetence,http://data.europa.eu/esco/skill/c3a03c5a-c260-4c26-9b9a-873abb396f4d,MATLAB,released,knowledge,sector-specific,,"Οι τεχνικές και οι αρχές ανάπτυξης λογισμικού, όπως η ανάλυση, οι αλγόριθμοι, η κωδικοποίηση, οι δοκιμές και η καταγραφή υποδειγμάτων προγραμματισμού, σε MATLAB.",http://data.europa.eu/esco/skill/21d2f96d-35f7-4e3f-9745-c533d2dd6e97 | http://data.europa.eu/esco/isced-f/0613,προγραμματισμός ηλεκτρονικών υπολογιστών | ανάπτυξη και ανάλυση λογισμικού και εφαρμογών
KnowledgeSkillCompetence,http://data.europa.eu/esco/skill/c3e36d05-8ae8-447f-bb2b-6f9409f85389,παροχή παρουσίασης απεικόνισης δεδομένων,released,skill/competence,cross-sector,παροχή οπτικοποίησης δεδομένων | παροχή οπτικής παρουσίασης δεδομένων | παρουσίαση δεδομένων με οπτικά μέσα | δημιουργία οπτικής παράστασης δεδομένων | παροχή οπτικών αναπαραστάσεων δεδομένων | οπτικοποίηση δεδομένων,"Δημιουργία παρουσιάσεων απεικόνισης δεδομένων, όπως διαγράμματα ή γραφικές απεικονίσεις, για ευκολότερη κατανόηση.",http://data.europa.eu/esco/skill/8f9f8b20-ff26-4392-b04f-695dcde5b90a,παρουσίαση ερευνητικών ή τεχνικών πληροφοριών
KnowledgeSkillCompetence,http://data.europa.eu/esco/skill/c415ce6e-24f5-4130-add4-645b9d455c71,κατασκευή σωματότυπων τρισδιάστατων χαρακτήρων,released,skill/competence,cross-sector,κατασκευάζω σώματα τρισδιάστατων χαρακτήρων | κατασκευάζω τρισδιάστατους χαρακτήρες | δημιουργώ χαρακτήρες τριών διαστάσεων | σχεδιάζω σωματότυπους τρισδιάστατων χαρακτήρων | δημιουργώ τρισδιάστατους χαρακτήρες,"Δημιουργία σκελετού ο οποίος είναι συνδεδεμένος στο τρισδιάστατο πλέγμα, κατασκευασμένος από οστά και αρθρώσεις, και ο οποίος επιτρέπει στον τρισδιάστατο χαρακτήρα να κυρτώνει στην επιθυμητή θέση με τη χρήση εξειδικευμένων εργαλείων ΤΠΕ.",http://data.europa.eu/esco/skill/f5b33464-4df9-4cf3-b468-b0a2d6b3ee85 | http://data.europa.eu/esco/skill/6b21150f-e704-4758-b102-63fd3412543c | http://data.europa.eu/esco/skill/b1115b14-fa16-4c1e-be6c-91fd49a1808b,χειρισμός λογισμικού υπολογιστή τρισδιάστατων γραφικών | δημιουργία τρισδιάστατων χαρακτήρων | χρήση εργαλείων σχεδιασμού και σχεδίασης με τη βοήθεια ηλεκτρονικού υπολογιστή
KnowledgeSkillCompetence,http://data.europa.eu/esco/skill/c453cf81-6197-428e-84c6-70c773b63f27,αρχιτεκτονικά πλαίσια ΤΠΕ,released,knowledge,sector-specific,,Το σύνολο απαιτήσεων που περιγράφουν την αρχιτεκτονική ενός συστήματος πληροφοριών.,http://data.europa.eu/esco/isced-f/0613,ανάπτυξη και ανάλυση λογισμικού και εφαρμογών
KnowledgeSkillCompetence,http://data.europa.eu/esco/skill/c46cf6f9-8b1e-44b9-a529-f5774c9167dd,επιτραπέζιο εκδοτικό σύστημα,released,knowledge,cross-sector,εκδόσεις με τη βοήθεια υπολογιστή | desktop publishing,Η δημιουργία εγγράφων σε υπολογιστή με τη χρήση δεξιοτήτων σελιδοποίησης. Τα επιτραπέζια εκδοτικά λογισμικά μπορούν να δημιουργήσουν υποδείγματα και να παράγουν ποιοτικά τυπογραφικά κείμενα και εικόνες.,http://data.europa.eu/esco/isced-f/0611,χρήση υπολογιστών
KnowledgeSkillCompetence,http://data.europa.eu/esco/skill/c46f9312-e414-42f0-9c8b-1c1886af7b8d,λογισμικό σχεδιασμού υποδημάτων με τη βοήθεια υπολογιστή,released,knowledge,sector-specific,λογισμικό CAD για υποδήματα,Η αρχιτεκτονική και η λειτουργικότητα των συστημάτων λογισμικού υποβοηθούμενου δισδιάστατου και τρισδιάστατου σχεδιασμού για υποδήματα.,http://data.europa.eu/esco/skill/a2b5dcf3-5b6a-453d-876c-cff540c0faf1 | http://data.europa.eu/esco/isced-f/0723,"λογισμικό για σχεδιασμό με χρήση υπολογιστή | κλωστοϋφαντουργικά προϊόντα (ενδύματα, υποδήματα και δέρματα)"
KnowledgeSkillCompetence,http://data.europa.eu/esco/skill/c4949dcf-bbcc-40f2-8584-6c6299beb7fb,χειρισμός της μηχανής τόρνευσης που ελέγχεται ψηφιακά μέσω υπολογιστή,released,skill/competence,cross-sector,,"Χειρισμός της μηχανής τόρνευσης που ελέγχεται ψηφιακά μέσω υπολογιστή, η οποία είναι σχεδιασμένη με σκοπό την κοπή μεταλλικών, ξύλινων, πλαστικών και άλλων υλικών κατά τις διαδικασίες παραγωγής. Παρακολούθηση και χειρισμός της σύμφωνα με τους κανονισμούς.",http://data.europa.eu/esco/skill/e4a9ec84-4eb3-494b-8a70-0fcf0d687f03 | http://data.europa.eu/esco/skill/494b8057-daf5-46a0-b33b-416e0115c30a,χειρισμός της μηχανής τόρνευσης | χρήση ψηφιακών εργαλείων για τον έλεγχο μηχανημάτων
KnowledgeSkillCompetence,http://data.europa.eu/esco/skill/c4b1f326-224a-420a-b8b3-814a8f13b6cb,σχεδιασμός διεπαφής δικτυακού τόπου,released,skill/competence,sector-specific,εφαρμογή σχεδιασμού ιστοσελίδας περιβάλλοντος χρήστη | υλοποίηση σχεδιασμού ιστοσελίδας περιβάλλοντος χρήστη | σχεδιασμός δικτυακού τόπου μετωπιαίου άκρου | σχεδιασμός ιστοσελίδας προσκηνίου,"Ανάπτυξη διάταξης του δικτυακού τόπου και ενίσχυση της εμπειρίας χρήστη, βάσει των παρεχόμενων αντιλήψεων σχεδιασμού.",http://data.europa.eu/esco/skill/f839b1da-78b6-4466-86f4-a5798821ea20,εγκατάσταση συστημάτων πληροφορικής
KnowledgeSkillCompetence,http://data.europa.eu/esco/skill/c4b626c1-e71c-44ec-9f88-042766f37fcc,χρησιμότητα εφαρμογής,released,knowledge,sector-specific,χρησιμότητα λογισμικού | χρηστικότητα εφαρμογής,"Η διαδικασία μέσω της οποίας μπορεί να προσδιοριστεί και να μετρηθεί η ικανότητα μάθησης, η αποτελεσματικότητα, η χρησιμότητα και η ευκολία χρήσης μιας εφαρμογής λογισμικού.",http://data.europa.eu/esco/isced-f/0613,ανάπτυξη και ανάλυση λογισμικού και εφαρμογών
KnowledgeSkillCompetence,http://data.europa.eu/esco/skill/c4ba12d1-4698-42fa-8abb-789462ea2586,προστασία του περιβάλλοντος από τον αντίκτυπο των ψηφιακών τεχνολογιών,released,skill/competence,occupation-specific,προστασία του περιβάλλοντος από τις επιπτώσεις των ψηφιακών τεχνολογιών,Επίγνωση των περιβαλλοντικών επιπτώσεων των ψηφιακών τεχνολογιών και της χρήσης τους.,http://data.europa.eu/esco/skill/2aaad52d-599e-4e77-a681-bbc236825821 | http://data.europa.eu/esco/skill/426ceaba-6867-481c-bb6b-aee3933da7d2 | http://data.europa.eu/esco/skill/8064ae65-5d1b-44e1-9aaf-246a4285a9a6,αξιολόγηση των περιβαλλοντικών επιπτώσεων της προσωπικής συμπεριφοράς | ασφάλεια της τεχνολογίας πληροφοριών και επικοινωνιών | τήρηση των νόμων και προτύπων περιβαλλοντικής προστασίας
KnowledgeSkillCompetence,http://data.europa.eu/esco/skill/c4ba511c-dc24-44bc-8bc5-10b2d4a191fb,μοτίβα σχεδιασμού της αλυσίδας συστοιχιών,released,knowledge,sector-specific,σχεδιαστικά μοτίβα του blockchain,"Επαναχρησιμοποιήσιμες προσεγγίσεις όσον αφορά τις λύσεις της αλυσίδας συστοιχιών, συμπεριλαμβανομένων του σχεδιασμού διεπαφής μη αποκλειόμενου χρήστη, του ασύγχρονου σχεδιασμού API, του ασφαλούς συγχρονισμού, της χρονοσήμανσης, της επιχειρηματικής ολοκλήρωσης, των απλών περιουσιακών στοιχείων και των περιουσιακών στοιχείων με κανόνες.
	",http://data.europa.eu/esco/isced-f/0613,ανάπτυξη και ανάλυση λογισμικού και εφαρμογών
KnowledgeSkillCompetence,http://data.europa.eu/esco/skill/c5422318-3218-4ce9-9bdd-f38b93ff63a3,σχεδιασμός ηλεκτρομηχανικών συστημάτων,released,skill/competence,cross-sector,,"Προσχέδια και σχέδια ηλεκτρομηχανικών συστημάτων, προϊόντων και κατασκευαστικών στοιχείων με τη χρήση λογισμικού σχεδιασμού με χρήση υπολογιστή (CAD).",http://data.europa.eu/esco/skill/39fa260c-4f85-48e3-83ce-e292e696c233,σχεδιασμός ηλεκτρικών ή ηλεκτρονικών συστημάτων ή εξοπλισμού
KnowledgeSkillCompetence,http://data.europa.eu/esco/skill/c5e8abde-d2ba-4e8e-a65e-720b71180666,αδόμητα δεδομένα,released,knowledge,sector-specific,μη προκαθορισμένο μοντέλο δεδομένων | ανοργάνωτα δεδομένα | ανάλυση μη επεξεργασμένων δεδομένων | αδόμητες πληροφορίες | μη επεξεργασμένα δεδομένα | αδόμητα στοιχεία,Οι πληροφορίες που δεν είναι δομημένες με προκαθορισμένο τρόπο ή δεν έχουν προκαθορισμένο μοντέλο δεδομένων και είναι δύσκολο να κατανοηθούν και να βρεθούν μοτίβα χωρίς τη χρήση τεχνικών όπως η εξόρυξη δεδομένων.,http://data.europa.eu/esco/isced-f/0612,σχεδιασμός και διαχείριση βάσεων δεδομένων και δικτύων
KnowledgeSkillCompetence,http://data.europa.eu/esco/skill/c5ed451b-ef39-47a3-aee7-8f5be0aa8431,CA Datacom/DB,released,knowledge,sector-specific,,"Το λογισμικό CA Datacom/DB είναι ένα εργαλείο για τη δημιουργία, την επικαιροποίηση και τη διαχείριση βάσεων δεδομένων που αναπτύσσεται από την εταιρεία λογισμικού CA Technologies.",http://data.europa.eu/esco/skill/ab1e97ed-2319-4293-a8b7-072d2648822f | http://data.europa.eu/esco/isced-f/0612,συστήματα διαχείρισης βάσεων δεδομένων | σχεδιασμός και διαχείριση βάσεων δεδομένων και δικτύων
KnowledgeSkillCompetence,http://data.europa.eu/esco/skill/c6c23b4b-c9c9-42c8-86d2-3646631bdbd4,τεμαχισμός αμοντάριστου υλικού με ψηφιακά μέσα,released,skill/competence,sector-specific,,Τεμαχισμός υλικού βίντεο με ψηφιακά μέσα για το συνδυασμό των σεκάνς της ταινίας και απόφαση σχετικά με τα τεμάχια που μπορούν να χρησιμοποιηθούν.,http://data.europa.eu/esco/skill/8ddcb295-707e-459c-ba6a-66ffb37835c5,χειρισμός οπτικοακουστικού εξοπλισμού
KnowledgeSkillCompetence,http://data.europa.eu/esco/skill/c6c37f68-190e-4482-905c-93007a64ed61,χειρισμός εξοπλισμού ραντάρ,released,skill/competence,cross-sector,εκτελεί δραστηριότητες αεροναυτιλίας με χρήση εξοπλισμού ραντάρ | διεξαγωγή δραστηριοτήτων αεροναυτιλίας μέσω της χρήσης εξοπλισμού ραντάρ | εκτέλεση δραστηριοτήτων αεροναυτιλίας μέσω της χρήσης εξοπλισμού ραντάρ | διεξαγωγή δραστηριοτήτων αεροναυτιλίας με χρήση εξοπλισμού ραντάρ | χρησιμοποιήστε εξοπλισμό ραντάρ για να εξασφαλίσετε την ασφάλεια της αεροπορίας | χρησιμοποιούν εξοπλισμό ραντάρ για τη διασφάλιση της ασφάλειας της αεροπορίας | χειρισμός συσκευών ραντάρ | χρησιμοποιούν συσκευές ραντάρ | χειρίζονται συσκευές ραντάρ | χειρισμός εξοπλισμού και συσκευών ραντάρ | διασφαλίζει την ασφάλεια του αεροσκάφους με τη χρήση εξοπλισμού ραντάρ | χρησιμοποιούν ραντάρ αεροπορίας | χειρίζονται εξοπλισμό και συσκευές ραντάρ | χρησιμοποιήστε συσκευές ραντάρ | διασφαλίζει την ασφάλεια της αεροπορίας μέσω της χρήσης εξοπλισμού ραντάρ | χρήση ραντάρ αεροπορίας | διασφάλιση της ασφάλειας της αεροπορίας μέσω της χρήσης εξοπλισμού ραντάρ | χρήση εξοπλισμού ραντάρ | χειρίζονται εξοπλισμό ραντάρ | χρήση συσκευών ραντάρ | διασφάλιση της ασφάλειας των αεροσκαφών μέσω της χρήσης εξοπλισμού ραντάρ | εκτελούν λειτουργίες ραντάρ για να διασφαλίσουν την ασφάλεια της αεροπορίας | χρησιμοποιούν εξοπλισμό ραντάρ | εκτέλεση λειτουργιών ραντάρ για την εξασφάλιση της ασφάλειας της αεροπορίας | χρησιμοποιήστε εξοπλισμό ραντάρ,"Χειρισμός οθονών και λοιπού εξοπλισμού ραντάρ, διασφάλιση της πτήσης των αεροσκαφών σε ασφαλή απόσταση μεταξύ τους.",http://data.europa.eu/esco/skill/0a88a13f-693a-4dde-b44c-22e6f98fabc6,χειρισμός εξοπλισμού επικοινωνίας
KnowledgeSkillCompetence,http://data.europa.eu/esco/skill/c7282ec3-9153-4b4b-b7de-777e3207b04e,ηλεκτρονικά συστήματα τροφοδοσίας ζώων,released,knowledge,sector-specific,μηχανογραφημένα συστήματα τροφοδοσίας ζώων,Η λειτουργία συστημάτων τα οποία ελέγχονται από υπολογιστικά συστήματα και παρέχουν τροφή σε ζώα.,http://data.europa.eu/esco/isced-f/0811,φυτική και ζωική παραγωγή
KnowledgeSkillCompetence,http://data.europa.eu/esco/skill/c741be10-1d34-42ed-94fc-3e78791e4bd5,παροχή συμβουλών σχετικά με διαδικτυακές γνωριμίες,released,skill/competence,occupation-specific,,"Παροχή βοήθειας σε πελάτες για τη δημιουργία διαδικτυακού προφίλ στα μέσα κοινωνικής δικτύωσης ή τις ιστοσελίδες γνωριμιών, το οποίο να παρουσιάζει μια θετική αλλά και ειλικρινή εικόνα τους. Παροχή συμβουλών σχετικά με τον τρόπο αποστολής μηνυμάτων και τη δημιουργία επαφών.",http://data.europa.eu/esco/skill/045f71e6-0699-4169-8a54-9c6b96f3174d | http://data.europa.eu/esco/skill/62afcfdd-a2a6-4143-bafb-59c77e15a01c | http://data.europa.eu/esco/skill/fcea2d0a-76ff-41ec-960d-ffc44dda252a,παροχή συμβουλών σε άλλους | παροχή συμβουλών σχετικά με προϊόντα και υπηρεσίες | παροχή καθοδήγησης για συναντήσεις γνωριμιών
KnowledgeSkillCompetence,http://data.europa.eu/esco/skill/c7451027-8249-405a-bb1b-342ff0f3fb3b,Salt (εργαλεία για τη διαχείριση της παραμετροποίησης λογισμικού),released,knowledge,sector-specific,,"Το εργαλείο Salt είναι ένα λογισμικό που εκτελεί παραμετροποίηση ταυτοποίησης, εσωτερικού ελέγχου, λογιστικής κατάστασης και ελέγχου.",http://data.europa.eu/esco/skill/9d2e926f-53d9-41f5-98f3-19dfaa687f3f | http://data.europa.eu/esco/isced-f/0613,εργαλεία για τη διαχείριση της παραμετροποίησης λογισμικού | ανάπτυξη και ανάλυση λογισμικού και εφαρμογών
KnowledgeSkillCompetence,http://data.europa.eu/esco/skill/c779cf40-506b-44b6-a366-b3bff0a5e11a,χρήση εσωτερικού δικτύου,released,skill/competence,occupation-specific,χρήση συστημάτων intranet | χρήση συστημάτων ενδοδικτύου,"Χρήση ιδιωτικού δικτύου εντός ενός οργανισμού για την αποθήκευση πληροφοριών και τη βελτίωση της επικοινωνίας και της συνεργασίας μεταξύ των εργαζομένων.
	",http://data.europa.eu/esco/skill/98fb499f-9155-412d-a8a0-95ba97126fec,χρήση ψηφιακών εργαλείων για συνεργασία και παραγωγικότητα
KnowledgeSkillCompetence,http://data.europa.eu/esco/skill/c77db25e-bb51-4a10-b2ad-99b48b1b4a37,συντήρηση υλισμικού υπολογιστών,released,skill/competence,cross-sector,,"Διάγνωση και ανίχνευση δυσλειτουργιών σε στοιχεία και συστήματα υλισμικού υπολογιστών και αφαίρεση, αντικατάσταση ή επισκευή των εν λόγω εξαρτημάτων, όταν απαιτείται. Εκτέλεση καθηκόντων συντήρησης του εξοπλισμού πρόληψης, όπως η αποθήκευση εξαρτημάτων υλισμικού υπολογιστών σε καθαρούς χώρους, χωρίς σκόνη και υγρασία.",http://data.europa.eu/esco/skill/ec0401f1-f690-46be-934b-f6f5611085f5,"συντήρηση εξοπλισμού ηλεκτρικού, ηλεκτρονικού και ακριβείας"
KnowledgeSkillCompetence,http://data.europa.eu/esco/skill/c7d24594-0c11-4b27-9039-fe0bb903da8e,LINQ,released,knowledge,sector-specific,,Η γλώσσα προγραμματισμού LINQ είναι γλώσσα αναζήτησης για την ανάκτηση πληροφοριών από βάση δεδομένων και εγγράφων που περιέχουν τις απαιτούμενες πληροφορίες. Αναπτύσσεται από την εταιρεία λογισμικού Microsoft.,http://data.europa.eu/esco/skill/9cf681c7-89ec-470c-b651-7fe03786f586 | http://data.europa.eu/esco/isced-f/0613 | http://data.europa.eu/esco/skill/99207709-d076-4cce-ba38-e90d3bb28806,γλώσσα ερωτήσεων | ανάπτυξη και ανάλυση λογισμικού και εφαρμογών | γλώσσα ερωτήσεων πλαισίου περιγραφής πόρων
KnowledgeSkillCompetence,http://data.europa.eu/esco/skill/c8ca84c8-7eb7-493f-9178-729f46b7591a,εγκατάσταση πίνακα πληροφοριών αμοιβαίου ιπποδρομιακού στοιχήματος,released,skill/competence,occupation-specific,,Εγκατάσταση πίνακα πληροφοριών αμοιβαίου ιπποδρομιακού στοιχήματος ο οποίος χρησιμοποιείται για την εμφάνιση πληροφοριών σχετικά με τα ιπποδρομιακά στοιχήματα στους αγώνες ιπποδρόμου.,http://data.europa.eu/esco/skill/f839b1da-78b6-4466-86f4-a5798821ea20,εγκατάσταση συστημάτων πληροφορικής
KnowledgeSkillCompetence,http://data.europa.eu/esco/skill/c8d53d69-d900-4092-af80-c5d0422bcdb3,Source (συστήματα δημιουργίας ψηφιακών παιχνιδιών),released,knowledge,sector-specific,,"Παιχνιδομηχανή Source, η οποία είναι ένα πλαίσιο λογισμικού που αποτελείται από ολοκληρωμένα περιβάλλοντα ανάπτυξης και εξειδικευμένα εργαλεία σχεδιασμού, και έχει σχεδιαστεί για την ταχεία επανάληψη των ηλεκτρονικών παιχνιδιών που προέρχονται από χρήστες.",http://data.europa.eu/esco/skill/966f2fd3-3de6-42da-b87c-da924c6d7960 | http://data.europa.eu/esco/isced-f/0211,συστήματα δημιουργίας ψηφιακών παιχνιδιών | τεχνικές και παραγωγή οπτικοακουστικών μέσων
KnowledgeSkillCompetence,http://data.europa.eu/esco/skill/c8de8023-ab8a-402b-a828-b2b57cd3b2f7,εγκατάσταση λογισμικού,released,skill/competence,cross-sector,,"Εγκατάσταση οδηγιών αναγνώσιμων από μηχανή, όπως προγράμματα ηλεκτρονικών υπολογιστών, προκειμένου ο επεξεργαστής του υπολογιστή να καθοδηγηθεί στην εκτέλεση μιας σειράς ενεργειών.",http://data.europa.eu/esco/skill/f839b1da-78b6-4466-86f4-a5798821ea20,εγκατάσταση συστημάτων πληροφορικής
KnowledgeSkillCompetence,http://data.europa.eu/esco/skill/c8fa4313-80b0-4f37-8b1b-1739707bc362,διδασκαλία ψηφιακών δεξιοτήτων,released,skill/competence,cross-sector,,"Εκπαίδευση σπουδαστών στη θεωρία και την πρακτική των (βασικών) ψηφιακών και ηλεκτρονικών δεξιοτήτων, όπως η αποτελεσματική δακτυλογράφηση, η εργασία με βασικές διαδικτυακές τεχνολογίες, και ο έλεγχος του ηλεκτρονικού ταχυδρομείου. Περιλαμβάνεται επίσης η παροχή συμβουλών στους σπουδαστές για την ορθή χρήση εξοπλισμού Η/Υ και προγραμμάτων λογισμικού.",http://data.europa.eu/esco/skill/238343b1-7b51-42b3-a9ed-cf24d3a236e7 | http://data.europa.eu/esco/skill/6c4fa8c8-e9e1-49b5-897f-6b61fe649488,εντοπισμός ελλείψεων όσον αφορά την ψηφιακή ικανότητα | κατάρτιση σχετικά με επιχειρησιακές διαδικασίες
KnowledgeSkillCompetence,http://data.europa.eu/esco/skill/c900bdb8-0ed1-4d39-80f8-6e0a05a575f4,διαχείριση ηλεκτρονικών υπηρεσιών που διατίθενται σε πολίτες,released,skill/competence,occupation-specific,,"Χρήση, διαχείριση και εργασία με δημόσιες και ιδιωτικές διαδικτυακές υπηρεσίες, όπως το ηλεκτρονικό εμπόριο, η ηλεκτρονική διακυβέρνηση, η ηλεκτρονική τραπεζική (e-banking), οι υπηρεσίες ηλεκτρονικής υγείας (e-health).
	",http://data.europa.eu/esco/skill/16a00c69-9c74-4c37-96d7-6301d285e5ce | http://data.europa.eu/esco/skill/258fea29-09db-4918-8235-0d7d529cd31c,"χρήση ηλεκτρονικών υπηρεσιών | περιήγηση, αναζήτηση και φιλτράρισμα ψηφιακών δεδομένων"
KnowledgeSkillCompetence,http://data.europa.eu/esco/skill/c95c29fe-3971-46b7-80e9-1f7e75ba99b3,χρήση ειδικού λογισμικού για την ανάλυση δεδομένων,released,skill/competence,occupation-specific,,"Χρήση ειδικού λογισμικού για την ανάλυση δεδομένων, συμπεριλαμβανομένων στατιστικών, λογιστικών φύλλων και βάσεων δεδομένων. Διερεύνηση δυνατοτήτων για την υποβολή εκθέσεων σε διαχειριστές, προϊσταμένους ή πελάτες.",http://data.europa.eu/esco/skill/2b92a5b2-6758-4ee3-9fb4-b6387a55cc8f | http://data.europa.eu/esco/skill/6a7fc30d-af16-4cc5-a957-29d174bdb61c,"διενέργεια ανάλυσης δεδομένων | διαχείριση, συλλογή και αποθήκευση ψηφιακών δεδομένων"
KnowledgeSkillCompetence,http://data.europa.eu/esco/skill/c9b6aa32-6c42-4903-8e5a-23e43edf03fc,τεχνικές ηλεκτρονικής επιτήρησης,released,knowledge,sector-specific,στρατηγικής διαδικτυακής εποπτείας | μέθοδοι επιγραμμικής επιτήρησης | τεχνικές επιγραμμικής εποπτείας | τεχνικές ηλεκτρονικού ελέγχου | μέθοδοι ηλεκτρονικής αλληλεπίδρασης,Οι στρατηγικές και οι μέθοδοι που χρησιμοποιούνται για τη ηλεκτρονική αλληλεπίδραση και επιτήρηση χρηστών και ομάδων.,http://data.europa.eu/esco/isced-f/0413 | http://data.europa.eu/esco/skill/5b46f572-7ced-4efd-b270-a81a164d521c,διαχείριση και διοίκηση | συντονισμός συζητήσεων
KnowledgeSkillCompetence,http://data.europa.eu/esco/skill/c9e96450-421d-48af-9ee6-d9c50e29afc2,τεχνικές ανάκτησης των ΤΠΕ,released,knowledge,sector-specific,πρακτικές ανάκτησης των ΤΠΕ | μέθοδοι ανάκτησης συστημάτων πληροφορικής | τεχνική ανάκτησης συστήματος ΤΠΕ | τεχνικές ανάκτησης συστημάτων ΤΠΕ | μέθοδοι ανάκτησης στοιχείων υλισμικού και λογισμικού,"Οι τεχνικές ανάκτησης στοιχείων και δεδομένων υλισμικού ή λογισμικού, μετά από βλάβη, αλλοίωση ή φθορά.",http://data.europa.eu/esco/isced-f/0613,ανάπτυξη και ανάλυση λογισμικού και εφαρμογών
KnowledgeSkillCompetence,http://data.europa.eu/esco/skill/ca71c597-51c2-4ead-a7b0-b108bce89caf,γνωστική πληροφορική,released,knowledge,sector-specific,τεχνολογία γνωστικής υπολογιστικής,"Το διεπιστημονικό πεδίο μεταξύ της γνωστικής επιστήμης και της επιστήμης των υπολογιστών που περιλαμβάνει την προσομοίωση των διεργασιών της ανθρώπινης σκέψης με τη χρήση μιας προσέγγισης μέσω ηλεκτρονικού υπολογιστή. Χρησιμοποιεί αλγόριθμους για την εξόρυξη δεδομένων και την επεξεργασία φυσικής γλώσσας με στόχο την απομίμηση της λειτουργίας του ανθρώπινου εγκεφάλου.
	",http://data.europa.eu/esco/isced-f/0688,διεπιστημονικά προγράμματα και προσόντα που περιλαμβάνουν τεχνολογίες πληροφορικής και επικοινωνιών (τπε)
KnowledgeSkillCompetence,http://data.europa.eu/esco/skill/ca73ac82-867a-4afa-9732-834aebe896ff,απαιτήσεις χρήστη συστήματος ΤΠΕ,released,knowledge,sector-specific,απαιτήσεις χρήστη συστημάτων ΤΠΕ· απαιτήσεις χρηστών συστημάτων ΤΠΕ | υποχρεωτικές προδιαγραφές χρήστη συστήματος ΤΠΕ· υποχρεωτικά πρότυπα χρηστών ΤΠΕ· υποχρεωτικές προϋποθέσεις χρηστών ΤΠΕ,"Η διαδικασία που αποσκοπεί στην αντιστοίχιση των αναγκών των χρηστών και των οργανισμών με τα εξαρτήματα και τις υπηρεσίες του συστήματος, λαμβάνοντας υπόψη τις διαθέσιμες τεχνολογίες και τις τεχνικές που απαιτούνται για τη συγκέντρωση και τον προσδιορισμό των απαιτήσεων, ζητώντας από τους χρήστες την αναγνώριση των συμπτωμάτων των προβλημάτων, και αναλύοντας τα συμπτώματα.",http://data.europa.eu/esco/isced-f/0613,ανάπτυξη και ανάλυση λογισμικού και εφαρμογών
KnowledgeSkillCompetence,http://data.europa.eu/esco/skill/ca8fae74-46ff-4e1b-94ef-ce22393e02e7,μεταγραφή κειμένων,released,skill/competence,occupation-specific,,"Χρήση συσκευών εισόδου, όπως ποντίκι, πληκτρολόγιο και σαρωτής, για τη μεταγραφή κειμένων σε υπολογιστή.",http://data.europa.eu/esco/skill/9bdf8a77-8524-43da-bac6-d15d22e1b7ed,εισαγωγή και μετατροπή πληροφοριών
KnowledgeSkillCompetence,http://data.europa.eu/esco/skill/cae4c053-05d1-413d-8499-f37793aad56e,λογισμικό επεξεργασίας ήχου,released,knowledge,cross-sector,,"Τα διάφορα λογισμικά για την επεξεργασία και την παραγωγή ήχου, όπως το Adobe Audition, το Soundforge, και το Power Sound Editor.",http://data.europa.eu/esco/isced-f/0611,χρήση υπολογιστών
KnowledgeSkillCompetence,http://data.europa.eu/esco/skill/cb5cccc9-abe4-4b11-abe6-d27e5cd85fb1,καθορισμός προτύπων για ανταλλαγή δεδομένων,released,skill/competence,sector-specific,καθορισμός απαιτήσεων για ανταλλαγή δεδομένων | καθορισμός προδιαγραφών για ανταλλαγή δεδομένων,Καθορισμός και διατήρηση προτύπων για τη μετατροπή των δεδομένων από τα σχεδιαγράμματα πηγής στην απαραίτητη δομή δεδομένων σχεδιαγράμματος που προκύπτει.,http://data.europa.eu/esco/skill/c23e0a2f-f04b-45bc-b0dd-20571f6b502c,ανάπτυξη επιχειρησιακών πολιτικών και διαδικασιών
KnowledgeSkillCompetence,http://data.europa.eu/esco/skill/cb886ee9-c4e4-4d3b-9961-228e9f283a69,χρήση εξοπλισμού ελέγχου με υπερήχους,released,skill/competence,occupation-specific,,Χρήση τεχνικών και εξοπλισμού ελέγχου με υπερήχους για την ανίχνευση ελαττωμάτων σε στερεά υλικά.,http://data.europa.eu/esco/skill/7ca69606-5ffc-4668-ae53-713c1f1612e6,χειρισμός επιστημονικού και εργαστηριακού εξοπλισμού
KnowledgeSkillCompetence,http://data.europa.eu/esco/skill/cbe2c304-1e7d-489a-97d9-a7d3e37a9db6,εφαρμογή θεωρίας συστημάτων ΤΠΕ,released,skill/competence,sector-specific,εφαρμογή των αρχών της θεωρίας των συστημάτων ΤΠΕ,"Εφαρμογή των αρχών της θεωρίας συστημάτων ΤΠΕ, προκειμένου να εξηγούνται και να τεκμηριώνονται τα χαρακτηριστικά του συστήματος που μπορούν να εφαρμόζονται καθολικά σε άλλα συστήματα",http://data.europa.eu/esco/skill/f839b1da-78b6-4466-86f4-a5798821ea20,εγκατάσταση συστημάτων πληροφορικής
KnowledgeSkillCompetence,http://data.europa.eu/esco/skill/cbeb1221-10ed-4676-a2a1-576718977001,χειρισμός επεξεργαστών ακουστικού σήματος,released,skill/competence,cross-sector,,Χειρισμός επεξεργαστών ακουστικού σήματος για την τροποποίηση ακουστικών σημάτων.,http://data.europa.eu/esco/skill/bcc0db5f-c1e8-4f08-b68b-020396ef07b9 | http://data.europa.eu/esco/skill/8ddcb295-707e-459c-ba6a-66ffb37835c5,χρήση λογισμικού αναπαραγωγής ήχου | χειρισμός οπτικοακουστικού εξοπλισμού
KnowledgeSkillCompetence,http://data.europa.eu/esco/skill/cc608319-716f-4940-b80d-79e76d8a2cad,εξοπλισμός προβολής,released,knowledge,occupation-specific,,"Οι διάφοροι τύποι εξοπλισμού προβολής, οι ιδιότητες και οι χρήσεις του.",http://data.europa.eu/esco/isced-f/0211,τεχνικές και παραγωγή οπτικοακουστικών μέσων
KnowledgeSkillCompetence,http://data.europa.eu/esco/skill/cc716f65-a0d0-4fba-95d9-64c358f697c0,παρακολούθηση έρευνας στον τομέα των ΤΠΕ,released,skill/competence,sector-specific,επιτήρηση έρευνας στον τομέα των ΤΠΕ | εποπτεία έρευνας στον τομέα των ΤΠΕ,Έρευνα και παρακολούθηση των πρόσφατων τάσεων και εξελίξεων στην έρευνα στον τομέα των ΤΠΕ. Παρακολούθηση και πρόβλεψη εξέλιξης τεχνογνωσίας.,http://data.europa.eu/esco/skill/e2a5e046-3357-493e-bbdc-8d0ef82005cc | http://data.europa.eu/esco/skill/7a17d7ce-01a2-4746-bbcc-22ffe22fa16e,παρακολούθηση των εξελίξεων στον τομέα της εμπειρογνωμοσύνης | παρακολούθηση των τάσεων της τεχνολογίας
KnowledgeSkillCompetence,http://data.europa.eu/esco/skill/cc7370dd-69fa-4c67-a96f-d4d135d38700,αξιολόγηση της ποιότητας των δεδομένων,released,knowledge,sector-specific,εκτίμηση της ποιότητας των δεδομένων,"Η διαδικασία αποκάλυψης προβλημάτων σε δεδομένα με τη χρήση δεικτών, μέτρων και παραμέτρων μέτρησης, για τον σχεδιασμό καθαρισμού δεδομένων και στρατηγικών εμπλουτισμού δεδομένων, σύμφωνα με τα κριτήρια ποιότητας των δεδομένων.",http://data.europa.eu/esco/isced-f/0417 | http://data.europa.eu/esco/skill/c7cc6dc5-d56b-4323-8e5c-47c4022f615f,επαγγελματικές δεξιότητες | μεθοδολογίες για τη διασφάλιση της ποιότητας
KnowledgeSkillCompetence,http://data.europa.eu/esco/skill/ccd0a1d9-afda-43d9-b901-96344886e14d,Python (προγραμματισμός ηλεκτρονικών υπολογιστών),released,knowledge,sector-specific,Python3000 | Pyston | Python 3k | Python prog | Python2 | Python3 | Py3K,"Οι τεχνικές και οι αρχές ανάπτυξης λογισμικού, όπως η ανάλυση, οι αλγόριθμοι, η κωδικοποίηση, οι δοκιμές και η καταγραφή υποδειγμάτων προγραμματισμού, σε Python.",http://data.europa.eu/esco/skill/21d2f96d-35f7-4e3f-9745-c533d2dd6e97 | http://data.europa.eu/esco/isced-f/0613,προγραμματισμός ηλεκτρονικών υπολογιστών | ανάπτυξη και ανάλυση λογισμικού και εφαρμογών
KnowledgeSkillCompetence,http://data.europa.eu/esco/skill/ccdbd9bb-4faf-403c-a968-e8bf487f8a53,επιχειρησιακά συστήματα ΤΠΕ,released,knowledge,sector-specific,επιχειρησιακά προγράμματα πληροφορικής | επιχειρηματικά συστήματα ΤΠΕ | επιχειρηματικά προγράμματα πληροφορικής,"Πακέτα λογισμικού, συσκευές υλισμικού και νέες τεχνολογίες που χρησιμοποιούνται για την υποστήριξη επιχειρηματικών διαδικασιών, όπως ο σχεδιασμός επιχειρηματικών πόρων (ERP), η διαχείριση των σχέσεων με τους πελάτες (CRM), οι κινητές συσκευές και οι λύσεις δικτύου.",http://data.europa.eu/esco/isced-f/0611,χρήση υπολογιστών
KnowledgeSkillCompetence,http://data.europa.eu/esco/skill/cd56a093-3400-4635-80bd-b9611dcf1542,Gamemaker Studio,released,knowledge,sector-specific,,"Παιχνιδομηχανή πολλαπλών πλατφορμών με κώδικα σε γλώσσα προγραμματισμού της Delphi, που αποτελείται από ολοκληρωμένα περιβάλλοντα ανάπτυξης και εξειδικευμένα εργαλεία σχεδιασμού, και έχει σχεδιαστεί για την ταχεία επανάληψη των ηλεκτρονικών παιχνιδιών που προέρχονται από χρήστες.",http://data.europa.eu/esco/skill/966f2fd3-3de6-42da-b87c-da924c6d7960 | http://data.europa.eu/esco/isced-f/0211,συστήματα δημιουργίας ψηφιακών παιχνιδιών | τεχνικές και παραγωγή οπτικοακουστικών μέσων
KnowledgeSkillCompetence,http://data.europa.eu/esco/skill/cd733651-f332-422e-a9a1-1b19b5e98449,χρήση αισθητήρων ανίχνευσης επιβλαβών οργανισμών,released,skill/competence,sector-specific,,"Χρήση ασύρματων τεχνολογιών δικτύωσης αισθητήρων, όπως αισθητήρες εικόνας χαμηλής ισχύος, ακουστικοί αισθητήρες ή αισθητήρες για τη μέτρηση του δείκτη της φυλλικής επιφάνειας για την παρακολούθηση και την ανίχνευση της εμφάνισης επιβλαβών εντόμων στις καλλιέργειες.
	",http://data.europa.eu/esco/skill/c8f4aad2-ea23-49a2-9708-a6049c2d28ce,χρήση εξοπλισμού μέτρησης ακριβείας
KnowledgeSkillCompetence,http://data.europa.eu/esco/skill/cdaf66a1-eaf3-4fef-af6e-2e9bbe2c326c,τρωτά σημεία των τεχνολογιών κατανεμημένου καθολικού,released,knowledge,sector-specific,ασφάλεια στην τεχνολογία κατανεμημένου καθολικού,"Η γνώση των βασικών τρωτών σημείων του κατανεμημένου καθολικού, συμπεριλαμβανομένων της δικτυοπαραβίασης ανταλλακτηρίων, της επίθεσης 51 %, της απάτης εξόδου (exitscam), της εκβίασης, της αποκεντρωμένης χρηματοδότησης (DeFi), του ηλεκτρονικού ψαρέματος, και το συμπέρασμα.
	",http://data.europa.eu/esco/isced-f/0612,σχεδιασμός και διαχείριση βάσεων δεδομένων και δικτύων
KnowledgeSkillCompetence,http://data.europa.eu/esco/skill/cdd8b6b2-2fd9-453c-8d62-8a1dc6efcd49,θεωρία συστημάτων,released,knowledge,sector-specific,συστημική θεωρία· συστημική επιστήμη· επιστήμη συστημάτων | θεωρία μεθοδολογικών πλαισίων· θεωρία μεθοδολογικών μηχανισμών,"Οι αρχές που μπορούν να εφαρμοστούν σε όλους τους τύπους συστημάτων σε όλα τα ιεραρχικά επίπεδα, οι οποίες περιγράφουν την εσωτερική οργάνωση του συστήματος, τους μηχανισμούς του για τη διατήρηση της ταυτότητας και της σταθερότητας και την επίτευξη προσαρμογής και αυτορρύθμισης, καθώς και την εξάρτηση και αλληλεπίδρασή του με το περιβάλλον.",http://data.europa.eu/esco/isced-f/0613,ανάπτυξη και ανάλυση λογισμικού και εφαρμογών
KnowledgeSkillCompetence,http://data.europa.eu/esco/skill/cdfb75ab-adc3-4143-a453-b91949dcfa1f,σχεδίαση σκίτσων για τη δημιουργία υφαντουργικών ειδών με τη βοήθεια λογισμικών,released,skill/competence,sector-specific,,"Σχεδίαση σκίτσων για τη δημιουργία υφαντουργικών ειδών ή ειδών ένδυσης, με τη βοήθεια λογισμικού. Τα σκίτσα δημιουργούν απεικονίσεις των μοτίβων, των μοντέλων ή των προϊόντων προκειμένου για την κατασκευή τους.",http://data.europa.eu/esco/skill/50373f03-3e81-4d2e-99c6-d0f2ff42b138 | http://data.europa.eu/esco/skill/541561bc-510c-4a99-881c-2d8bf5a85462 | http://data.europa.eu/esco/skill/d65e43ec-236d-4774-9ee6-f7f88e715bc4 | http://data.europa.eu/esco/skill/b1115b14-fa16-4c1e-be6c-91fd49a1808b,δημιουργία σκίτσων | χρήση λογισμικού για τη δημιουργία τεχνικών σχεδίων | σχεδιασμός ενδύματος | χρήση εργαλείων σχεδιασμού και σχεδίασης με τη βοήθεια ηλεκτρονικού υπολογιστή
KnowledgeSkillCompetence,http://data.europa.eu/esco/skill/ce26e71f-2d47-474e-89b6-7920931ac4fc,iOS,released,knowledge,sector-specific,IPad OS | Iphone os | Mac OS X | AppleiOS | OS X iPhone | IPod Touch OS | Apple iOS,"Το λογισμικό συστήματος iOS αποτελείται από χαρακτηριστικά, περιορισμούς, αρχιτεκτονικές και άλλα στοιχεία των λειτουργικών συστημάτων που έχουν σχεδιαστεί για κινητές συσκευές.",http://data.europa.eu/esco/isced-f/0613 | http://data.europa.eu/esco/skill/976455eb-5bbe-4493-ae64-ed16c3b009ea,ανάπτυξη και ανάλυση λογισμικού και εφαρμογών | λειτουργικά συστήματα για κινητές συσκευές
KnowledgeSkillCompetence,http://data.europa.eu/esco/skill/ce2dcc4b-d0a4-4aa4-b84a-a08da3c31d7d,επεξήγηση των αρχών των τεχνολογιών κατανεμημένου καθολικού (DLT),released,skill/competence,cross-sector,ερμηνεία των ιδιοτήτων των τεχνολογιών κατανεμημένου καθολικού (DLT) | εξήγηση/επεξήγηση των ιδιοτήτων των τεχνολογιών κατανεμημένου καθολικού,"Επεξήγηση των αρχών της αρχιτεκτονικής του συστήματος στην οποία βασίζονται οι τεχνολογίες κατανεμημένου καθολικού (DLT), ιδίως της αλυσίδας συστοιχιών (blockchain). Κατανόηση της αρχιτεκτονικής του συστήματος DLT όσον αφορά τα λειτουργικά στοιχεία στο βασικό επίπεδο και στο επίπεδο εξυπηρέτησης, την πλατφόρμα υπηρεσιών εφαρμογών, τις υπηρεσίες DLT και τις εξωτερικές υπηρεσίες. Κατανόηση της αλληλεπίδρασης των συνιστωσών αυτών για την παροχή λειτουργιών βάσει της τεχνολογίας DLT, όπως λειτουργίες μηχανισμού συναίνεσης, λειτουργίες διαχείρισης καθολικού, λειτουργίες μηχανισμού έξυπνων συμβάσεων και λειτουργίες διαχείρισης κατανεμημένων εφαρμογών.",http://data.europa.eu/esco/skill/a8c3186b-c791-4d57-8f4f-4d12c7a5c6a7,προγραμματισμός συστημάτων ηλεκτρονικών υπολογιστών
KnowledgeSkillCompetence,http://data.europa.eu/esco/skill/ce354460-500e-4eaa-8e95-8f243fcea3db,διεξαγωγή δοκιμών συστήματος,released,skill/competence,sector-specific,διενέργεια δοκιμών συστήματος | διεξαγωγή ελέγχου συστήματος | εκτέλεση δοκιμής συστήματος,"Επιλογή, διεξαγωγή και παρακολούθηση δοκιμών του λογισμικού ή του εξοπλισμού Η/Υ για την ανίχνευση ελαττωμάτων του συστήματος, τόσο εντός των ενσωματωμένων μονάδων συστήματος όσο και εντός των διασυνδεδεμένων εξαρτημάτων και του συστήματος στο σύνολό του. Οργάνωση δοκιμών, όπως δοκιμές εγκατάστασης, ασφάλειας και γραφικού περιβάλλοντος διεπαφής χρήστη.",http://data.europa.eu/esco/skill/6d0cad66-82dd-4854-a03a-68232942c68d,εγκατάσταση ξύλινων και μεταλλικών στοιχείων
KnowledgeSkillCompetence,http://data.europa.eu/esco/skill/ce6242a1-a2d9-43e6-a481-ae89b9ec0460,μοντελοποίηση και προσομοίωση μικροηλεκτρονικών συστημάτων,released,skill/competence,sector-specific,,"Μοντελοποίηση και προσομοίωση μικροηλεκτρονικών συστημάτων, προϊόντων και εξαρτημάτων με τη χρήση λογισμικού τεχνικής σχεδίασης. Αξιολόγηση της βιωσιμότητας του προϊόντος και εξέταση των φυσικών παραμέτρων για την εξασφάλιση επιτυχούς διαδικασίας παραγωγής.",http://data.europa.eu/esco/skill/74b7938e-f667-48ff-a26d-faed294ac6c9,κατασκευή μοντέλων
KnowledgeSkillCompetence,http://data.europa.eu/esco/skill/ce8ae6ca-61d8-4174-b457-641de96cbff4,αυτοματοποίηση εργασιών στο υπολογιστικό νέφος,released,skill/competence,sector-specific,αυτοματοποίηση εργασιών cloud,"Αυτοματοποίηση χειρωνακτικών ή επαναλήψιμων διαδικασιών για την ελαχιστοποίηση των εξόδων διαχείρισης. Αξιολόγηση εναλλακτικών λύσεων αυτοματισμού υπολογιστικού νέφους για την εγκατάσταση δικτύου και εναλλακτικών λύσεων βάσει εργαλείων για τις λειτουργίες και τη διαχείριση δικτύου.
	",http://data.europa.eu/esco/skill/aca5081a-ceb0-4028-9cc5-1daafd4f86f9,ανάπτυξη λύσεων
KnowledgeSkillCompetence,http://data.europa.eu/esco/skill/cf200547-25b5-47c8-9eda-bca4aedc13fb,προγραμματισμός υλικολογισμικού,released,skill/competence,cross-sector,,"Πρόγραμμα μόνιμου λογισμικού με μνήμη μόνο για ανάγνωση (ROM) σε συσκευή εξοπλισμού Η/Υ, όπως ενσωματωμένο κύκλωμα.",http://data.europa.eu/esco/skill/a8c3186b-c791-4d57-8f4f-4d12c7a5c6a7,προγραμματισμός συστημάτων ηλεκτρονικών υπολογιστών
KnowledgeSkillCompetence,http://data.europa.eu/esco/skill/cf310cff-0d28-4dbc-9dbb-cc500a3196c2,λογισμικό γραφείου,released,knowledge,cross-sector,,"Τα χαρακτηριστικά και η λειτουργία των προγραμμάτων λογισμικού για εργασίες γραφείου, όπως επεξεργασία κειμένου, λογιστικά φύλλα, παρουσιάσεις, ηλεκτρονικό ταχυδρομείο και βάση δεδομένων.",http://data.europa.eu/esco/isced-f/0611,χρήση υπολογιστών
KnowledgeSkillCompetence,http://data.europa.eu/esco/skill/cf3e976d-2c3e-495c-a874-f9e8a66d3b48,δημιουργία αντιγράφων ασφαλείας,released,skill/competence,sector-specific,εκτελώ διαδικασίες αντιγράφων ασφαλείας· εκτελώ διαδικασίες εφεδρικών αντιγράφων | πραγματοποιώ διαδικασίες αντιγράφων ασφαλείας· διενεργώ διαδικασίες εφεδρικών αντιγράφων· δημιουργώ αντίγραφα ασφαλείας,"Εφαρμογή διαδικασιών αντιγράφων ασφαλείας για εφεδρικά δεδομένα και συστήματα, για τη διασφάλιση της μόνιμης και αξιόπιστης λειτουργίας του συστήματος. Εκτέλεση αντιγράφων ασφαλείας για την απόκτηση πληροφοριών μέσω αντιγραφής και αρχειοθέτησης, ώστε να διασφαλίζεται η ακεραιότητα κατά τη διάρκεια της ενσωμάτωσης του συστήματος και μετά την εμφάνιση της απώλειας δεδομένων.",http://data.europa.eu/esco/skill/611ed16b-99bf-4840-9cab-f55d1d286e0a | http://data.europa.eu/esco/skill/185c56ee-098f-46a1-af87-56337085da6f,αποθήκευση ψηφιακών δεδομένων και συστημάτων | προστασία συσκευών τπε
KnowledgeSkillCompetence,http://data.europa.eu/esco/skill/cf532795-a1fd-43bd-8407-6e43f877e6e3,διαχείριση κινητών συσκευών,released,knowledge,sector-specific,διαχείριση φορητού εξοπλισμού | πολιτική διαχείρισης φορητών συσκευών | επιχειρησιακή διακίνηση κινητών συσκευών | διαχείρηση και ασφάλεια κινητών συσκευών | διαχείριση της χρήσης φορητών συσκευών | μέθοδοι διαχείρισης κινητών συσκευών | ανάπτυξη πολιτικής «Φέρε τη Δική Σου Συσκευή» | κινητά τερματικά,"Οι μέθοδοι για τη διαχείριση της χρήσης των κινητών συσκευών στο εσωτερικό ενός οργανισμού, διασφαλίζοντας παράλληλα την ασφάλεια.",http://data.europa.eu/esco/isced-f/0612,σχεδιασμός και διαχείριση βάσεων δεδομένων και δικτύων
KnowledgeSkillCompetence,http://data.europa.eu/esco/skill/cfa2be0d-96d5-4017-a866-962efb9c5070,επεξεργασία σημάτων,released,knowledge,sector-specific,επεξεργασία αναλογικών σημάτων | επεξεργασία σήματος | ψηφιακή επεξεργασία σημάτων | ψηφιακή μετάδοση | αναλογική μετάδοση,"Οι αλγόριθμοι, οι εφαρμογές και η υλοποίηση που σχετίζονται με την επεξεργασία και τη μεταφορά πληροφοριών μέσω αναλογικών και ψηφιακών συχνοτήτων.",http://data.europa.eu/esco/isced-f/0714,ηλεκτρονική και αυτοματισμός
KnowledgeSkillCompetence,http://data.europa.eu/esco/skill/cfb8d64c-f8d7-4894-a02e-2551ab33f1d0,Canvas (συστήματα διαχείρισης μάθησης),released,knowledge,sector-specific,,"Το δίκτυο Canvas είναι μια πλατφόρμα ηλεκτρονικής μάθησης για τη δημιουργία, τη διαχείριση, την οργάνωση, την αναφορά και την παροχή εκπαιδευτικών μαθημάτων και προγραμμάτων κατάρτισης μέσω υπολογιστή.",http://data.europa.eu/esco/skill/6c80d53c-d8c9-41fe-998f-091fca208834 | http://data.europa.eu/esco/isced-f/0612,συστήματα διαχείρισης μάθησης | σχεδιασμός και διαχείριση βάσεων δεδομένων και δικτύων
KnowledgeSkillCompetence,http://data.europa.eu/esco/skill/d04ee340-5378-4601-8181-19da6d5cbfe0,διαχείριση ιστοτόπου,released,skill/competence,cross-sector,,"Παροχή διαφόρων υπηρεσιών που σχετίζονται με τη διαχείριση δικτυακών τόπων, όπως η παρακολούθηση της διαδικτυακής κίνησης, η διαχείριση περιεχομένου, η παροχή υποστήριξης δικτυακού τόπου και η πραγματοποίηση εκτιμήσεων και βελτιώσεων σε δικτυακούς τόπους.
	",http://data.europa.eu/esco/skill/6a7fc30d-af16-4cc5-a957-29d174bdb61c,"διαχείριση, συλλογή και αποθήκευση ψηφιακών δεδομένων"
KnowledgeSkillCompetence,http://data.europa.eu/esco/skill/d0a7144b-ba91-4489-acb8-a055c6b7e968,σάρωση των αρνητικών,released,skill/competence,sector-specific,,"Σάρωση επεξεργασμένων αρνητικών, έτσι ώστε να μπορούν να αποθηκεύονται σε ψηφιακή μορφή, να υποβάλλονται σε επεξεργασία και να εκτυπώνονται.",http://data.europa.eu/esco/skill/dcb9c446-bb08-44de-89b6-851ac2903eaf,χειρισμός εξοπλισμού παραγωγής φωτογραφικού και τυπογραφικού υλικού
KnowledgeSkillCompetence,http://data.europa.eu/esco/skill/d0c6d77e-cb25-4770-bf77-2073fc5f7523,υποδομές ΤΠΕ,released,knowledge,sector-specific,υποδομή συστημάτων πληροφορικής | εφαρμογές υλισμικού και λογισμικού ΤΠΕ | υλισμικό και λογισμικό ΤΠΕ | υποδομές δικτύων ΤΠΕ | συνιστώσες υλισμικού και λογισμικού ΤΠΕ,"Εφαρμογές και εξαρτήματα του συστήματος, του δικτύου, του υλισμικού και του λογισμικού, καθώς και οι συσκευές και διαδικασίες που χρησιμοποιούνται για την ανάπτυξη, τη δοκιμή, την παράδοση, την παρακολούθηση, τον έλεγχο ή την υποστήριξη των υπηρεσιών ΤΠΕ.",http://data.europa.eu/esco/isced-f/0714,ηλεκτρονική και αυτοματισμός
KnowledgeSkillCompetence,http://data.europa.eu/esco/skill/d0e438df-18fb-4d70-b661-09a4e879e0db,χειρισμός του εξοπλισμού σωστικών μέσων,released,skill/competence,sector-specific,,"Χειρισμός των σωστικών σκαφών και των συσκευών και ρυθμίσεων εκκίνησής τους. Λειτουργία σωστικών μέσων, όπως είναι οι συσκευές διάσωσης μέσω ασυρμάτου, τα δορυφορικά EPIRB, τα SARTS, οι στολές κατάδυσης και τα μέσα θερμικής προστασίας.",http://data.europa.eu/esco/skill/872c0ddb-f056-4f51-afac-fc3d6fae0f5b,χειρισμός ιατρικού εξοπλισμού
KnowledgeSkillCompetence,http://data.europa.eu/esco/skill/d12e9d68-84c5-444e-aa98-d36533bf03f6,εφαρμογή λειτουργιών περιβάλλοντος ITIL,released,skill/competence,occupation-specific,,Ορθή λειτουργία ITIL (Βιβλιοθήκη Υποδομών Τεχνολογίας Πληροφοριών) βάσει διαδικασιών ομάδας εξυπηρέτησης.,http://data.europa.eu/esco/skill/802deca0-b880-4d1a-b366-e13b27621baf,συμμόρφωση με επιχειρησιακές διαδικασίες
KnowledgeSkillCompetence,http://data.europa.eu/esco/skill/d1455e46-2d0d-4661-86ab-3cb7a0c46d02,ηλεκτρονική καταχώριση πληροφοριών κλήσεων έκτακτης ανάγκης,released,skill/competence,occupation-specific,,Καταχώριση πληροφοριών που λαμβάνονται από τις κλήσεις έκτακτης ανάγκης σε υπολογιστή για περαιτέρω επεξεργασία ή σκοπούς τήρησης αρχείων.,http://data.europa.eu/esco/skill/1034004c-0347-4765-8794-b65d2c92b379,τεκμηρίωση και καταγραφή πληροφοριών
KnowledgeSkillCompetence,http://data.europa.eu/esco/skill/d15ce60f-ddab-41ce-ba56-398451b77b60,κατοχή ψηφιακών δεξιοτήτων,released,skill/competence,cross-sector,,"Αποτελεσματική χρήση υπολογιστών, εξοπλισμού πληροφορικής και των σύγχρονων τεχνολογιών.",http://data.europa.eu/esco/skill/4d6a48ae-352e-4823-bc3a-3f3e9e2cae86,πρόσβαση και ανάλυση ψηφιακών δεδομένων
KnowledgeSkillCompetence,http://data.europa.eu/esco/skill/d181042e-c531-4461-af7c-4071c53418fe,δακτυλογράφηση σε ηλεκτρονικές συσκευές,released,skill/competence,cross-sector,,"Γρήγορη και άψογη πληκτρολόγηση σε ηλεκτρονικές συσκευές, όπως υπολογιστές, προκειμένου να εξασφαλίζεται ταχεία και ακριβής καταχώριση δεδομένων.",http://data.europa.eu/esco/skill/9bdf8a77-8524-43da-bac6-d15d22e1b7ed,εισαγωγή και μετατροπή πληροφοριών
KnowledgeSkillCompetence,http://data.europa.eu/esco/skill/d1a86399-24d8-415f-98b9-e8cbb6b04a26,Unity (συστήματα δημιουργίας ψηφιακών παιχνιδιών),released,knowledge,sector-specific,,"Παιχνιδομηχανή Unity, η οποία είναι ένα πλαίσιο λογισμικού που αποτελείται από ολοκληρωμένα περιβάλλοντα ανάπτυξης και εξειδικευμένα εργαλεία σχεδιασμού, και έχει σχεδιαστεί για την ταχεία επανάληψη των ηλεκτρονικών παιχνιδιών που προέρχονται από χρήστες.",http://data.europa.eu/esco/skill/966f2fd3-3de6-42da-b87c-da924c6d7960 | http://data.europa.eu/esco/isced-f/0211,συστήματα δημιουργίας ψηφιακών παιχνιδιών | τεχνικές και παραγωγή οπτικοακουστικών μέσων
KnowledgeSkillCompetence,http://data.europa.eu/esco/skill/d1e954cd-d290-4d80-97c0-7969960d2928,κατανεμημένες υπηρεσίες πληροφοριών καταλόγου,released,knowledge,sector-specific,διανεμημένες υπηρεσίες καταλόγου | κατανεμημένες υπηρεσίες ενεργού καταλόγου | υπηρεσίες ενεργού καταλόγου | ταξινομημένες υπηρεσίες καταλόγου | κατανεμημένοι πόροι,"Οι υπηρεσίες καταλόγου που αυτοματοποιούν τη δικτυακή διαχείριση της ασφάλειας, των δεδομένων χρηστών και των κατανεμημένων πόρων, και καθιστούν δυνατή την πρόσβαση σε πληροφορίες στον κατάλογο του συστήματος ενός ηλεκτρονικού υπολογιστή.",http://data.europa.eu/esco/isced-f/0612,σχεδιασμός και διαχείριση βάσεων δεδομένων και δικτύων
KnowledgeSkillCompetence,http://data.europa.eu/esco/skill/d1ed5b3a-cab5-4c5d-baf8-0214998b58fb,προστασία της υγείας και της ευεξίας κατά την εργασία με ψηφιακές τεχνολογίες,released,skill/competence,cross-sector,προστασία της υγείας και της ευεξίας κατά τη χρήση ψηφιακών τεχνολογιών,Ικανότητα αποφυγής των κινδύνων για την υγεία και των απειλών κατά της σωματικής και ψυχολογικής ευεξίας κατά τη χρήση ψηφιακών τεχνολογιών. Ικανότητα προστασίας του εαυτού σας και των άλλων από πιθανούς κινδύνους στο ψηφιακό περιβάλλον (π.χ. διαδικτυακό εκφοβισμό). Κατοχή γνώσεων σχετικά με τις ψηφιακές τεχνολογίες για την κοινωνική ευημερία και την κοινωνική ένταξη.,http://data.europa.eu/esco/skill/426ceaba-6867-481c-bb6b-aee3933da7d2 | http://data.europa.eu/esco/skill/5bcec244-3efe-45ac-8891-0ab4a91e9c48,ασφάλεια της τεχνολογίας πληροφοριών και επικοινωνιών | τήρηση των διαδικασιών υγείας και ασφάλειας
KnowledgeSkillCompetence,http://data.europa.eu/esco/skill/d1fa702c-9ea8-4a60-bb76-5ca07c32b68c,επιτήρηση της ποιότητας βίντεο,released,skill/competence,occupation-specific,,Επίβλεψη ποιότητας και προόδου της μηχανικής και της επεξεργασίας ήχου και εικόνας.,http://data.europa.eu/esco/skill/35ebe444-9ece-4fbc-a55d-e99ea37267ae | http://data.europa.eu/esco/skill/5d34adde-0b78-42b4-9d3d-69e9388d8398 | http://data.europa.eu/esco/skill/8ddcb295-707e-459c-ba6a-66ffb37835c5,διαχείριση ποιότητας | εποπτεία της ποιότητας ελέγχου | χειρισμός οπτικοακουστικού εξοπλισμού
KnowledgeSkillCompetence,http://data.europa.eu/esco/skill/d2309723-3472-46d2-865a-db81db2269b6,αναγνώριση των κινδύνων της αλυσίδας συστοιχιών (blockchain),released,skill/competence,sector-specific,πρόβλεψη κινδύνων στην τεχνολογία blockchain | προβλέπουν κινδύνους στην τεχνολογία blockchain | εντοπισμός κινδύνων στην τεχνολογία αλυσίδας συστοιχιών blockchain | εντοπισμός κινδύνων στην τεχνολογία blockchain | να εντοπίσει κινδύνους στην τεχνολογία blockchain,"Αναγνώριση των κινδύνων που συνδέονται με την τεχνολογία της αλυσίδας συστοιχιών (blockchain) και των κρυπτονομισμάτων. Εκτός από τους συνήθεις κινδύνους που συνδέονται με τις επιχειρησιακές διαδικασίες που προωθούν, οι αλυσίδες συστοιχιών ενέχουν κινδύνους μεταβίβασης αξίας που συνδέονται με τον τύπο μεταβίβασης αξίας από ομότιμο σε ομότιμο (peer-to-peer). Οι κίνδυνοι συνδέονται επίσης με έξυπνα συμβόλαια ως ψηφιακές αναπαραστάσεις περισσότερο ή λιγότερο σύνθετων επιχειρηματικών σχέσεων.",http://data.europa.eu/esco/skill/7e153e1d-2b12-43ad-89f3-0cf82ebc4a30,διενέργεια ανάλυσης και διαχείρισης κινδύνων
KnowledgeSkillCompetence,http://data.europa.eu/esco/skill/d2adb565-a865-424d-aeb5-9fbcbf2afe2a,Joomla,released,knowledge,sector-specific,,"Το σύστημα λογισμικού ανοικτής πηγής που έχει γραφτεί με κώδικα PHP, το οποίο χρησιμοποιείται για τη δημιουργία, την επεξεργασία, τη δημοσίευση και την αρχειοθέτηση ιστολογίων, άρθρων, ιστοτόπων μεγάλων ή μικρών επιχειρήσεων, ιστοτόπων κοινωνικής δικτύωσης ή δελτίων Τύπου.",http://data.europa.eu/esco/skill/5c66ce3a-658d-43b1-9d8d-0f39be6c0f2e | http://data.europa.eu/esco/isced-f/0613,WebCMS | ανάπτυξη και ανάλυση λογισμικού και εφαρμογών
KnowledgeSkillCompetence,http://data.europa.eu/esco/skill/d31fab87-2a7d-485c-b699-2901ca294b15,χρήση λειτουργικού προγραμματισμού,released,skill/competence,sector-specific,χρήση λειτουργικών προγραμμάτων | χρήση λειτουργικών συστημάτων | εφαρμογή λειτουργικού προγραμματισμού | εκτέλεση λειτουργικού προγραμματισμού | εκτέλεση λειτουργικών εφαρμογών,"Χρήση εξειδικευμένων εργαλείων ΤΠΕ για τη δημιουργία κωδικού υπολογιστή που επεξεργάζεται τον υπολογισμό ως την αξιολόγηση των μαθηματικών λειτουργιών και αποσκοπεί στην αποφυγή των σταθερών και μεταβλητών δεδομένων. Χρήση γλωσσών προγραμματισμού που υποστηρίζουν αυτή τη μέθοδο όπως LISP, PROLOG και Hasell.",http://data.europa.eu/esco/skill/a8c3186b-c791-4d57-8f4f-4d12c7a5c6a7,προγραμματισμός συστημάτων ηλεκτρονικών υπολογιστών
KnowledgeSkillCompetence,http://data.europa.eu/esco/skill/d3286405-49f8-4e8a-8046-a4376b4e7963,διαχείριση δεδομένων υπολογιστικού νέφους και αποθήκευσης,released,skill/competence,sector-specific,αποθήκευση cloud και διαχείριση δεδομένων,"Δημιουργία και διαχείριση της διατήρησης δεδομένων υπολογιστικού νέφους. Προσδιορισμός και κάλυψη των αναγκών προστασίας δεδομένων, κρυπτογράφησης και σχεδιασμού ικανότητας.
	",http://data.europa.eu/esco/skill/29fb0fb5-dfc4-4098-ac9b-3a712000f48f | http://data.europa.eu/esco/skill/32c017fd-28ab-4051-bf68-74de952c2f77,διαχείριση της βάσης δεδομένων | διαχείριση πληροφοριών
KnowledgeSkillCompetence,http://data.europa.eu/esco/skill/d32db06e-bd06-4415-a7ab-1b0ee68caa9a,κρυπτογράφηση ΤΠΕ,released,knowledge,sector-specific,κρυπτογραφία ΤΠΕ | ασφαλές στρώμα υποδοχών | κρυπτογράφηση συστημάτων ΤΠΕ | ασύµµετρη κρυπτογράφηση | κρυπτοσύστημα με δημόσιο κλειδί | κρυπτογράφηση συστημάτων πληροφορικής,"Η μετατροπή των ηλεκτρονικών δεδομένων σε μορφή αναγνώσιμη μόνο από εξουσιοδοτημένα μέρη που χρησιμοποιούν βασικές τεχνικές κρυπτογράφησης, όπως υποδομή δημόσιου κλειδιού (PKI) και ασφαλές στρώμα υποδοχών (SSL).",http://data.europa.eu/esco/isced-f/0612,σχεδιασμός και διαχείριση βάσεων δεδομένων και δικτύων
KnowledgeSkillCompetence,http://data.europa.eu/esco/skill/d38055cc-7c76-4e5e-90e7-5bb5d5851a92,συντονισμός της εκχώρησης των ραντάρ τρόπου λειτουργίας S σε κωδικούς ερωτηματοθέτησης,released,skill/competence,sector-specific,,Διασφάλιση ορθής και ασφαλούς λειτουργίας των δευτερευόντων ραντάρ επιτήρησης τρόπου λειτουργίας S. Διασφάλιση της εκχώρησής τους σε μοναδικούς για κάθε ραντάρ κωδικούς ερωτηματοθέτησης.,http://data.europa.eu/esco/skill/c6c37f68-190e-4482-905c-93007a64ed61 | http://data.europa.eu/esco/skill/0a88a13f-693a-4dde-b44c-22e6f98fabc6,χειρισμός εξοπλισμού ραντάρ | χειρισμός εξοπλισμού επικοινωνίας
KnowledgeSkillCompetence,http://data.europa.eu/esco/skill/d3e36164-79aa-4f14-9a8c-d88d38f84ea0,ερμηνεία δεδομένων αυτόματης κατανομής κλήσεων,released,skill/competence,cross-sector,,"Ερμηνεία πληροφοριών σχετικά με το σύστημα κατανομής κλήσεων, ένα ιατροτεχνολογικό προϊόν που μεταδίδει εισερχόμενες κλήσεις προς συγκεκριμένες ομάδες τερματικών.",http://data.europa.eu/esco/skill/f2cf57fe-d4cb-4b4a-831d-73171cc73909 | http://data.europa.eu/esco/skill/1e77e42a-181f-4b48-8e74-201ce50ffc29,"αξιολόγηση συστημάτων, προγραμμάτων, εξοπλισμού και προϊόντων | ερμηνεία τρεχόντων δεδομένων"
KnowledgeSkillCompetence,http://data.europa.eu/esco/skill/d3e9b00a-0891-4fa8-836d-8240ec3d2758,Γενικός Κανονισμός  για την Προστασία Δεδομένων (ΓΚΠΔ),released,knowledge,sector-specific,Προστασία δεδομένων της ΕΕ | Γενικός Κανονισμός Προστασίας Δεδομένων,"Ο γενικός κανονισμός για την προστασία δεδομένων είναι ένας κανονισμός της ΕΕ σχετικά με την προστασία των φυσικών προσώπων έναντι της επεξεργασίας δεδομένων προσωπικού χαρακτήρα και την ελεύθερη κυκλοφορία των δεδομένων αυτών.
	",http://data.europa.eu/esco/skill/fbf53f87-9192-4a7f-b3c9-92a8c395c719 | http://data.europa.eu/esco/isced-f/0421,δίκαιο της Ευρωπαϊκής Ένωσης | δίκαιο
KnowledgeSkillCompetence,http://data.europa.eu/esco/skill/d4789070-2ff7-4bbb-94ca-8bb1739826a9,λογισμικό συγγραφής,released,knowledge,cross-sector,συγγραφικό λογισμικό | προγράμματα συγγραφής | λογισμικά συγγραφής | λογισμικά συστήματα συγγραφής,"Το λογισμικό που παρέχει προπρογραμματισμένα στοιχεία που επιτρέπουν την ανάπτυξη διαδραστικών εφαρμογών πολυμέσων για την επεξεργασία, τη δομή και την κατάρτιση περιεχομένου που προορίζεται για δημοσίευση.",http://data.europa.eu/esco/isced-f/0611,χρήση υπολογιστών
KnowledgeSkillCompetence,http://data.europa.eu/esco/skill/d4ae4774-a81d-4255-8491-cade3580685a,Adobe Photoshop Lightroom,released,knowledge,sector-specific,,"Το λογισμικό Adobe Photoshop Lightroom είναι ένα γραφικό εργαλείο των ΤΠΕ το οποίο επιτρέπει την ψηφιακή επεξεργασία και σύνθεση γραφικών, για τη δημιουργία δισδιάστατων raster και δισδιάστατων διανυσματικών γραφικών. Αναπτύσσεται από την εταιρεία λογισμικού Adobe.",http://data.europa.eu/esco/isced-f/0611 | http://data.europa.eu/esco/skill/a71577b2-7550-4222-88ee-dcbd2d881516,χρήση υπολογιστών | λογισμικό επεξεργασίας γραφικών
KnowledgeSkillCompetence,http://data.europa.eu/esco/skill/d503a629-9ac7-475f-8fd9-4cdcc14711cd,χρήση εξοπλισμού ΤΠΕ σε δραστηριότητες συντήρησης,released,skill/competence,occupation-specific,χρήση εξοπλισμού της τεχνολογίας πληροφοριών και επικοινωνιών σε δραστηριότητες συντήρησης,"Συντήρηση ή ρύθμιση του εξοπλισμού με τη χρήση εξοπλισμού ΤΠΕ, όπως οι οθόνες υπολογιστών, τα ποντίκια, τα πληκτρολόγια, οι συσκευές αποθήκευσης, οι εκτυπωτές ή οι σαρωτές.",http://data.europa.eu/esco/skill/0b9968af-72de-470a-98e1-2d19577443fb,επίλυση προβλημάτων πληροφορικής
KnowledgeSkillCompetence,http://data.europa.eu/esco/skill/d52426a8-e84f-4652-a655-7a6195381fcd,εντοπισμός προβλημάτων του συστήματος γεωγραφικών πληροφοριών,released,skill/competence,cross-sector,,Επισήμανση θεμάτων του συστήματος γεωγραφικών πληροφοριών που απαιτούν ιδιαίτερη προσοχή. Έκθεση για τα εν λόγω θέματα και την ανάπτυξή τους σε τακτική βάση.,http://data.europa.eu/esco/skill/0b9968af-72de-470a-98e1-2d19577443fb,επίλυση προβλημάτων πληροφορικής
KnowledgeSkillCompetence,http://data.europa.eu/esco/skill/d5464c09-f8b7-44b1-b216-db2bdc80dc17,χειρισμός συστήματος διαχείρισης αντιπροσωπείας,released,skill/competence,sector-specific,,"Χειρισμός και συντήρηση συστήματος πληροφοριών διαχείρισης που καλύπτει τις ανάγκες χρηματοδότησης, τις πωλήσεις, τα εξαρτήματα, το απόθεμα και τις διοικητικές πτυχές της λειτουργίας της επιχείρησης.",http://data.europa.eu/esco/skill/32c017fd-28ab-4051-bf68-74de952c2f77,διαχείριση πληροφοριών
KnowledgeSkillCompetence,http://data.europa.eu/esco/skill/d560df46-dda4-4407-bab2-b87353a96814,σχεδιασμός συστημάτων ελέγχου,released,skill/competence,cross-sector,,Ανάπτυξη συσκευών οι οποίες ελέγχουν και διαχειρίζονται τη συμπεριφορά άλλων συσκευών και συστημάτων με τη χρήση των αρχών της μηχανικής και της ηλεκτρονικής.,http://data.europa.eu/esco/skill/39fa260c-4f85-48e3-83ce-e292e696c233,σχεδιασμός ηλεκτρικών ή ηλεκτρονικών συστημάτων ή εξοπλισμού
KnowledgeSkillCompetence,http://data.europa.eu/esco/skill/d56358e4-3bcc-4b5d-981d-ea15b2743e9e,συστήματα ελέγχου ποιότητας,released,knowledge,sector-specific,,"Κατανόηση και πείρα σε ποιοτικά συστήματα ή εργαλεία ανάπτυξης προϊόντων, όπως το FMEA, το DOE, το PPAP και το APQP.",http://data.europa.eu/esco/skill/35ebe444-9ece-4fbc-a55d-e99ea37267ae | http://data.europa.eu/esco/skill/4ff549c3-daa5-4def-9916-301c7bdf13b8 | http://data.europa.eu/esco/isced-f/0714,διαχείριση ποιότητας | συστήματα ελέγχου | ηλεκτρονική και αυτοματισμός
KnowledgeSkillCompetence,http://data.europa.eu/esco/skill/d56fc2b5-4b0a-4e7e-9bde-a33736f6ff18,Scratch (προγραμματισμός ηλεκτρονικών υπολογιστών),released,knowledge,sector-specific,,"Οι τεχνικές και οι αρχές ανάπτυξης λογισμικού, όπως η ανάλυση, οι αλγόριθμοι, η κωδικοποίηση, οι δοκιμές και η καταγραφή υποδειγμάτων προγραμματισμού, σε Scratch.",http://data.europa.eu/esco/skill/21d2f96d-35f7-4e3f-9745-c533d2dd6e97 | http://data.europa.eu/esco/isced-f/0613,προγραμματισμός ηλεκτρονικών υπολογιστών | ανάπτυξη και ανάλυση λογισμικού και εφαρμογών
KnowledgeSkillCompetence,http://data.europa.eu/esco/skill/d5a59ca8-2e91-472e-8571-d12ce4478679,διαχείριση με βάση τις διαδικασίες,released,knowledge,sector-specific,,"Η διαχείριση με βάση τις διαδικασίες είναι μια μεθοδολογία για τον σχεδιασμό, τη διαχείριση και την επίβλεψη των πόρων των ΤΠΕ για την επίτευξη συγκεκριμένων στόχων, με τη χρήση εργαλείων διαχείρισης έργων των ΤΠΕ.",http://data.europa.eu/esco/isced-f/0413 | http://data.europa.eu/esco/skill/bec4359e-cb92-468f-a997-8fb28e32fba9,διαχείριση και διοίκηση | μεθοδολογίες διαχείρισης έργων ΤΠΕ
KnowledgeSkillCompetence,http://data.europa.eu/esco/skill/d5bcc417-a004-4165-b7f1-ab739eadd2f4,χαρακτηριστικά έξυπνων πόλεων,released,knowledge,sector-specific,,"Χρήση τεχνολογιών μαζικών δεδομένων στο πλαίσιο έξυπνων πόλεων με σκοπό την ανάπτυξη καινοτόμων οικοσυστημάτων λογισμικού στα οποία μπορούν να δημιουργηθούν προηγμένες λειτουργίες κινητικότητας.
	",http://data.europa.eu/esco/isced-f/0619,τεχνολογίες πληροφορικής και επικοινωνιών που δεν ταξινομούνται αλλού
KnowledgeSkillCompetence,http://data.europa.eu/esco/skill/d663e407-33c6-4397-b40e-dced5ebe20b5,υπολογιστική χημεία,released,knowledge,sector-specific,χημικός υπολογισμός | χημική υπολογιστική | υπολογιστικές μεθόδοι στη χημεία,"Ο κλάδος της χημείας που αποσκοπεί στην αντιμετώπιση σύνθετων χημικών προβλημάτων μέσω υπολογιστικών προσομοιώσεων.
	",http://data.europa.eu/esco/isced-f/0531,χημεία
KnowledgeSkillCompetence,http://data.europa.eu/esco/skill/d686f015-5568-4288-9135-74936cd7b655,επιχειρηματικά μοντέλα βάσει της αλυσίδας συστοιχιών,released,knowledge,sector-specific,μοντέλα για επιχειρήσεις που βασίζονται σε blockchain,"Η μελέτη ποικίλων επιχειρηματικών μοντέλων αλυσίδας συστοιχιών, όπως τα προϊόντα λογισμικού βάσει της τεχνολογίας αλυσίδας συστοιχιών, οι πλατφόρμες ανάπτυξης αλυσίδας συστοιχιών, το επιχειρηματικό μοντέλο «Token Economy-Utility Token», το επιχειρηματικό μοντέλο «Blockchain P2P», καθώς και το επιχειρηματικό μοντέλο «Blockchain as a Service» (BaaS).
	",http://data.europa.eu/esco/isced-f/0612,σχεδιασμός και διαχείριση βάσεων δεδομένων και δικτύων
KnowledgeSkillCompetence,http://data.europa.eu/esco/skill/d68e8a54-7456-4f13-98d3-7aa0787fc6e2,χειρισμός της μηχανής ταξινόμησης,released,skill/competence,sector-specific,,Εγκατάσταση και παρακολούθηση της μηχανής αυτόνομης ταξινόμησης διαφόρων σελίδων και εγγράφων.,http://data.europa.eu/esco/skill/dcb9c446-bb08-44de-89b6-851ac2903eaf,χειρισμός εξοπλισμού παραγωγής φωτογραφικού και τυπογραφικού υλικού
KnowledgeSkillCompetence,http://data.europa.eu/esco/skill/d6b31d8d-2f47-425a-a2b2-a6dddb3d2b19,τύποι ψηφιακών διακριτικών,released,knowledge,cross-sector,ψηφιακά διαπιστευτήρια | μικροδιαπιστευτήρια | ανοιχτά κονκάρδες | ψηφιακά σήματα,"Οι τύποι και τα χαρακτηριστικά των ψηφιακών διακριτικών, όπως τα ανοικτά διακριτικά, τα οποία αποθηκεύουν πληροφορίες σχετικά με τα επιτεύγματα και τις δεξιότητες των εκπαιδευόμενων, διευκολύνοντας την επαλήθευση και την αναγνώριση αυτών των πληροφοριών από πολλαπλούς ενδιαφερόμενους φορείς.
	",http://data.europa.eu/esco/isced-f/0188,διεπιστημονικά προγράμματα και προσόντα που αφορούν την εκπαίδευση
KnowledgeSkillCompetence,http://data.europa.eu/esco/skill/d6c29154-9cc1-48a4-a2de-3d1d0d7f0831,στρατηγική δημοσίευσης περιεχομένου,released,knowledge,sector-specific,μέθοδος δημοσίευσης περιεχομένου | τακτικές δημοσίευσης | τακτική δημοσίευσης περιεχομένου | μέθοδος δημοσίευσης περιεχομένου σε μέσα στρατηγικής,"Οι μέθοδοι, οι κανόνες, τα μέσα ενημέρωσης και τα εργαλεία δημοσίευσης περιεχομένου από συστήματα διαχείρισης περιεχομένου σε μεμονωμένες πηγές ή πολυμέσα.",http://data.europa.eu/esco/skill/e74f4f21-8d45-412c-b5c3-652e6167ee32 | http://data.europa.eu/esco/isced-f/0211,διεργασίες ανάπτυξης περιεχομένου | τεχνικές και παραγωγή οπτικοακουστικών μέσων
KnowledgeSkillCompetence,http://data.europa.eu/esco/skill/d6cdef49-b669-4507-91d1-3f959cf98e47,διατήρηση των επιδόσεων της βάσης δεδομένων,released,skill/competence,sector-specific,συντηρώ τις επιδόσεις της βάσης δεδομένων· διασφαλίζω την αποδοτικότητα της βάσης δεδομένων· διασφαλίζω την αποδοτικότητα της βάσης δεδομένων | διατηρώ την απόδοση της βάσης δεδομένων· διατηρώ την επίδοση της βάσης δεδομένων,"Υπολογισμός τιμών για τις παραμέτρους της βάσης δεδομένων. Εφαρμογή νέων εκδόσεων και εκτέλεση τακτικής συντήρησης, όπως κατάρτιση εφεδρικών στρατηγικών και εξάλειψη του κατακερματισμού του δείκτη.
	",http://data.europa.eu/esco/skill/29fb0fb5-dfc4-4098-ac9b-3a712000f48f | http://data.europa.eu/esco/skill/6a7fc30d-af16-4cc5-a957-29d174bdb61c,"διαχείριση της βάσης δεδομένων | διαχείριση, συλλογή και αποθήκευση ψηφιακών δεδομένων"
KnowledgeSkillCompetence,http://data.europa.eu/esco/skill/d6e3395b-5ab6-4fba-969a-3df634e904c5,περιορισμοί καλωδίων δικτύου ΤΠΕ,released,knowledge,sector-specific,όρια καλωδίων δικτύου ΤΠΕ· όρια καλωδίωσης δικτύου ΤΠΕ· οριοθέτηση γραμμών δικτύου ΤΠΕ | περιορισμοί καλωδίωσης δικτύων ΤΠΕ· περιορισμοί γραμμών δικτύου ΤΠΕ,"Οι περιορισμοί, όπως οι περιορισμοί λόγω αποστάσεων και η ανθεκτικότητα των τύπων καλωδίων, όπως τα καλώδια ινών, τα καλώδια coax και τα καλώδια ethernet που χρησιμοποιούνται για την κατασκευή δικτύων.",http://data.europa.eu/esco/isced-f/0612,σχεδιασμός και διαχείριση βάσεων δεδομένων και δικτύων
KnowledgeSkillCompetence,http://data.europa.eu/esco/skill/d70701ca-d3be-44cb-963e-8e7142555144,μεταφορά ιατρικών πληροφοριών,released,skill/competence,sector-specific,,Εξαγωγή πληροφοριών από τις σημειώσεις των ασθενών και καταχώρησή τους σε πρόγραμμα ηλεκτρονικού υπολογιστή.,http://data.europa.eu/esco/skill/7dd94ad3-13d6-43fe-8b94-51fcbf67ced9 | http://data.europa.eu/esco/skill/9bdf8a77-8524-43da-bac6-d15d22e1b7ed,κριτική σκέψη | εισαγωγή και μετατροπή πληροφοριών
KnowledgeSkillCompetence,http://data.europa.eu/esco/skill/d70cab7b-ad8c-4be8-84f0-c5f3f9501818,συντήρηση εξοπλισμού ενσωμάτωσης μέσων,released,skill/competence,occupation-specific,,"Έλεγχος και επισκευή εξοπλισμού ενσωμάτωσης μέσων και συντήρηση του λογισμικού του.
	",http://data.europa.eu/esco/skill/ec0401f1-f690-46be-934b-f6f5611085f5,"συντήρηση εξοπλισμού ηλεκτρικού, ηλεκτρονικού και ακριβείας"
KnowledgeSkillCompetence,http://data.europa.eu/esco/skill/d78dedfc-21d2-45fd-ba05-e56b7a8865e6,πρότυπα δικτύου,released,knowledge,sector-specific,τεχνικά πρότυπα δικτύου | προδιαγραφές δικτύου | κατευθυντήριες γραμμές δικτύου | πρωτόκολλα δικτύου,"Ρυθμιζόμενα πρότυπα που παρέχουν τις τεχνικές κατευθυντήριες γραμμές, τις προδιαγραφές και τις απαιτήσεις για τη διασφάλιση της ασφαλούς και αποτελεσματικής διαλειτουργικότητας μεταξύ των συσκευών, του λογισμικού, του εξοπλισμού και των οργανισμών. Τα πρότυπα δικτύωσης διέπουν το λογισμικό και το υλισμικό που τα χρησιμοποιεί.
	",http://data.europa.eu/esco/isced-f/0612,σχεδιασμός και διαχείριση βάσεων δεδομένων και δικτύων
KnowledgeSkillCompetence,http://data.europa.eu/esco/skill/d7e4a9fa-cfc2-45f9-96eb-13dc6e48c86c,εργαλείο βιντεοδιάσκεψης,released,knowledge,sector-specific,λογισμικό τηλεδιάσκεψης,"Το λογισμικό που χρησιμοποιείται για τη διευκόλυνση εικονικών συσκέψεων μεταξύ ατόμων μέσω του διαδικτύου, με μετάδοση συνεχούς ροής εικόνας και ήχου πολλαπλών κατευθύνσεων σε πραγματικό χρόνο.
	",http://data.europa.eu/esco/isced-f/0211,τεχνικές και παραγωγή οπτικοακουστικών μέσων
KnowledgeSkillCompetence,http://data.europa.eu/esco/skill/d81b58ba-52e4-45fa-9f7c-f59b87fa6041,συστήματα οικιακού αυτοματισμού,released,knowledge,sector-specific,,"Έξυπνες εγκαταστάσεις για φωτισμό, θέρμανση, ασφάλεια κ.λπ. σε κατοικίες, οι οποίες μπορούν να ελέγχονται εξ αποστάσεως. Τα συστήματα οικιακού αυτοματισμού αποσκοπούν στη βελτίωση της ποιότητας ζωής εντός των κατοικιών και των κτιρίων, συμπεριλαμβανομένης της ενίσχυσης της ανεξαρτησίας των ατόμων με αναπηρία και της συμβολής στην εξοικονόμηση ενέργειας.
	",http://data.europa.eu/esco/isced-f/0714,ηλεκτρονική και αυτοματισμός
KnowledgeSkillCompetence,http://data.europa.eu/esco/skill/d822b4b2-26c7-4bd9-970d-229c6504f615,δημιουργία ψηφιακού περιεχομένου,released,skill/competence,transversal,,"Δημιουργία και επεξεργασία απλών στοιχείων ψηφιακού περιεχομένου, όπου χρειάζεται με καθοδήγηση.
  ",http://data.europa.eu/esco/skill/3399045f-8078-4066-8b46-475b49b260ab,Εργασία με ψηφιακές συσκευές και εφαρμογές
KnowledgeSkillCompetence,http://data.europa.eu/esco/skill/d83e8dbd-257b-4aa9-abb5-e65924eb1797,ηθική της κοινοποίησης έργων σε μέσα κοινωνικής δικτύωσης,released,knowledge,sector-specific,αρχές του διαμοιρασμού της εργασίας μέσω των μέσων κοινωνικής δικτύωσης | αρχές κοινής χρήσης εργασίας μέσω των μέσων κοινωνικής δικτύωσης | ηθική της κοινής χρήσης εργασίας μέσω των μέσων κοινωνικής δικτύωσης | ηθική της ανταλλαγής εργασίας μέσω των μέσων κοινωνικής δικτύωσης,Η δεοντολογία σχετικά με την κατάλληλη χρήση των κοινωνικών δικτύων και των διαύλων των μέσων ενημέρωσης μέσω των οποίων μπορείτε να κοινοποιήσετε το έργο σας.,http://data.europa.eu/esco/skill/5303169c-75d6-4751-9136-a4b88343388c | http://data.europa.eu/esco/isced-f/0223,διαχείριση μέσων κοινωνικής δικτύωσης | φιλοσοφία και ηθική
KnowledgeSkillCompetence,http://data.europa.eu/esco/skill/d86595cb-0c68-4d98-aea8-32269da7eef5,χειρισμός του σαρωτή,released,skill/competence,sector-specific,,Εγκατάσταση και λειτουργία του σαρωτή και του εξοπλισμού και του λογισμικού του.,http://data.europa.eu/esco/skill/dcb9c446-bb08-44de-89b6-851ac2903eaf | http://data.europa.eu/esco/skill/84f73180-4a45-49f4-9140-cb49bbc29531,χειρισμός εξοπλισμού παραγωγής φωτογραφικού και τυπογραφικού υλικού | ρύθμιση των οργάνων χειρισμού του σαρωτή
KnowledgeSkillCompetence,http://data.europa.eu/esco/skill/d8726a5a-0614-4dc6-ad03-cf5e3b3caaa5,εφαρμογή ορολογίας ΤΠΕ,released,skill/competence,sector-specific,χρήση της ειδικής ορολογίας ΤΠΕ,Χρήση συγκεκριμένης ορολογίας και λεξιλογίου ΤΠΕ με συστηματικό και συνεπή τρόπο για σκοπούς τεκμηρίωσης και επικοινωνίας.,http://data.europa.eu/esco/skill/6e62e776-fbfa-486c-a6df-58cd239c86fe,τεχνική ή επιστημονική συγγραφή
KnowledgeSkillCompetence,http://data.europa.eu/esco/skill/d87fe0be-9055-4a76-a444-e98b5bfad9d8,Taleo,released,knowledge,sector-specific,,"Το λογισμικό Taleo είναι μια πλατφόρμα ηλεκτρονικής μάθησης για τη δημιουργία, τη διαχείριση, την οργάνωση, την αναφορά και την παροχή εκπαιδευτικών μαθημάτων και προγραμμάτων κατάρτισης μέσω υπολογιστή.",http://data.europa.eu/esco/skill/6c80d53c-d8c9-41fe-998f-091fca208834 | http://data.europa.eu/esco/isced-f/0612,συστήματα διαχείρισης μάθησης | σχεδιασμός και διαχείριση βάσεων δεδομένων και δικτύων
KnowledgeSkillCompetence,http://data.europa.eu/esco/skill/d8829a1d-dbde-435b-b921-29d6462f35c9,Android (λειτουργικά συστήματα για κινητές συσκευές),released,knowledge,sector-specific,,"Το λογισμικό συστήματος Android αποτελείται από χαρακτηριστικά, περιορισμούς, αρχιτεκτονικές και άλλα στοιχεία των λειτουργικών συστημάτων που έχουν σχεδιαστεί για κινητές συσκευές.",http://data.europa.eu/esco/isced-f/0613 | http://data.europa.eu/esco/skill/976455eb-5bbe-4493-ae64-ed16c3b009ea,ανάπτυξη και ανάλυση λογισμικού και εφαρμογών | λειτουργικά συστήματα για κινητές συσκευές
KnowledgeSkillCompetence,http://data.europa.eu/esco/skill/d89b9a3f-19bf-4b9b-9664-ed35924eb399,συλλογή δεδομένων με GPS,released,skill/competence,cross-sector,συλλογή δεδομένων με το παγκόσμιο σύστημα προσδιορισμού θέσης,Συλλογή δεδομένων πεδίου με τη χρήση συσκευών συστημάτων γεωγραφικού εντοπισμού (GPS).,http://data.europa.eu/esco/skill/97fb21db-a4e5-4b03-af21-03b9d510d872 | http://data.europa.eu/esco/skill/0d6714c6-720e-4985-9791-5ab85d28da79 | http://data.europa.eu/esco/skill/29dcc31e-a8d6-4a62-b3c1-2de81e966e39,χειρισμός συστημάτων GPS | συλλογή δεδομένων | συγκέντρωση πληροφοριών από φυσικές ή ηλεκτρονικές πηγές
KnowledgeSkillCompetence,http://data.europa.eu/esco/skill/d8ee0b01-3d33-4a32-a07c-6a107400cac0,λογισμικό σχεδιασμού ενδυμάτων με τη βοήθεια υπολογιστή,released,knowledge,sector-specific,λογισμικό CAD για την κατασκευή ενδυμάτων,Λογισμικό που χρησιμοποιείται για τον σχεδιασμό ενδυμάτων με τη βοήθεια υπολογιστή που επιτρέπει τη δημιουργία δισδιάστατων ή τρισδιάστατων σχεδίων.,http://data.europa.eu/esco/isced-f/0723,"κλωστοϋφαντουργικά προϊόντα (ενδύματα, υποδήματα και δέρματα)"
KnowledgeSkillCompetence,http://data.europa.eu/esco/skill/d90bad2f-7fcc-4e85-a02f-ba4837732892,μετεπεξεργασία φωτογραφιών,released,knowledge,cross-sector,εκ των υστέρων επεξεργασία φωτογραφιών,Τα χαρακτηριστικά του λογισμικού και των τεχνικών που χρησιμοποιούνται στη μετεπεξεργασία φωτογραφιών.,http://data.europa.eu/esco/isced-f/0211,τεχνικές και παραγωγή οπτικοακουστικών μέσων
KnowledgeSkillCompetence,http://data.europa.eu/esco/skill/d96078b0-12f4-47d3-a260-61d22050a840,τεχνολογίες επικοινωνίας των οχημάτων με τα πάντα,released,knowledge,sector-specific,Τεχνολογίες V2X | V2X,"Τεχνολογία που επιτρέπει στα οχήματα να επικοινωνούν με άλλα οχήματα και υποδομές του συστήματος κυκλοφορίας γύρω από αυτά. Η τεχνολογία αυτή αποτελείται από δύο στοιχεία: όχημα προς όχημα (V2V) που επιτρέπει στα οχήματα να επικοινωνούν μεταξύ τους και όχημα προς υποδομή (V2I) που επιτρέπει στα οχήματα να επικοινωνούν με εξωτερικά συστήματα, όπως κολώνες φωτισμού, κτίρια και ποδηλάτες ή πεζούς.
	",http://data.europa.eu/esco/isced-f/0619,τεχνολογίες πληροφορικής και επικοινωνιών που δεν ταξινομούνται αλλού
KnowledgeSkillCompetence,http://data.europa.eu/esco/skill/d9818afc-1dec-4944-8c9c-e3ae8fad176d,προετοιμασία των οργάνων ελέγχου των μηχανών,released,skill/competence,cross-sector,,Προετοιμασία και παροχή εντολών σε μηχανή με την αποστολή των κατάλληλων δεδομένων και πληροφοριών σε όργανο ελέγχου (υπολογιστή) που αντιστοιχεί στο επιθυμητό μεταποιημένο προϊόν.,http://data.europa.eu/esco/skill/494b8057-daf5-46a0-b33b-416e0115c30a,χρήση ψηφιακών εργαλείων για τον έλεγχο μηχανημάτων
KnowledgeSkillCompetence,http://data.europa.eu/esco/skill/d9eaf831-9348-4330-a83e-b7c099cdc8f6,Teradata Database,released,knowledge,sector-specific,,"Το λογισμικό Teradata Database είναι ένα εργαλείο για τη δημιουργία, την επικαιροποίηση και τη διαχείριση βάσεων δεδομένων που αναπτύχθηκε από την εταιρεία λογισμικού Teradata Corporation.",http://data.europa.eu/esco/skill/ab1e97ed-2319-4293-a8b7-072d2648822f | http://data.europa.eu/esco/isced-f/0612,συστήματα διαχείρισης βάσεων δεδομένων | σχεδιασμός και διαχείριση βάσεων δεδομένων και δικτύων
KnowledgeSkillCompetence,http://data.europa.eu/esco/skill/da042121-959d-451b-b4d0-3bbf07c1bc67,ανάλυση απαιτήσεων εύρους ζώνης δικτύου,released,skill/competence,sector-specific,,Μελέτη των απαιτήσεων σχετικά με την ικανότητα μεταφοράς ενός δικτύου ΤΠΕ ή άλλου τηλεπικοινωνιακού συστήματος.,http://data.europa.eu/esco/skill/f839b1da-78b6-4466-86f4-a5798821ea20,εγκατάσταση συστημάτων πληροφορικής
KnowledgeSkillCompetence,http://data.europa.eu/esco/skill/da6393d5-a53c-4863-abc7-51f36281d74e,λιτή διαχείριση έργου,released,knowledge,sector-specific,,"Η λιτή διαχείριση έργου είναι μια μεθοδολογία για τον σχεδιασμό, τη διαχείριση και την επίβλεψη των πόρων των ΤΠΕ για την επίτευξη συγκεκριμένων στόχων, με τη χρήση εργαλείων διαχείρισης έργων των ΤΠΕ.",http://data.europa.eu/esco/isced-f/0413 | http://data.europa.eu/esco/skill/bec4359e-cb92-468f-a997-8fb28e32fba9,διαχείριση και διοίκηση | μεθοδολογίες διαχείρισης έργων ΤΠΕ
KnowledgeSkillCompetence,http://data.europa.eu/esco/skill/da930e2f-6047-4616-a598-bba8ecef3039,διαχείριση ανοικτών δημοσιεύσεων,released,skill/competence,cross-sector,,"Εξοικείωση με τις στρατηγικές ανοικτών δημοσιεύσεων, με τη χρήση της τεχνολογίας των πληροφοριών για την υποστήριξη της έρευνας, καθώς και με την ανάπτυξη και τη διαχείριση των CRIS (τρέχοντα συστήματα πληροφοριών για την έρευνα) και των θεσμικών αποθετηρίων. Παροχή συμβουλών για τη χορήγηση αδειών και τα δικαιώματα πνευματικής ιδιοκτησίας, χρήση βιβλιομετρικών δεικτών και μέτρηση και αναφορά του αντίκτυπου της έρευνας.
	",http://data.europa.eu/esco/skill/98fb499f-9155-412d-a8a0-95ba97126fec,χρήση ψηφιακών εργαλείων για συνεργασία και παραγωγικότητα
KnowledgeSkillCompetence,http://data.europa.eu/esco/skill/dad18fbb-7053-46ed-8a7e-817a10b26ab8,προγραμματισμός οικιακών συστημάτων συναγερμού,released,skill/competence,occupation-specific,,Επιλογή των κατάλληλων ρυθμίσεων για την ειδική κατάσταση όπου θα λειτουργεί το σύστημα συναγερμού. Δημιουργία ζωνών με διαφορετικές πολιτικές εάν απαιτείται. Καθορισμός του τρόπου με τον οποίο το σύστημα θα είναι ενεργοποιημένο και απενεργοποιημένο. Επιλογή των ενεργειών που πρέπει να γίνουν εάν ενεργοποιηθεί το σύστημα και επιλογή διάφορων άλλων ρυθμίσεων.,http://data.europa.eu/esco/skill/18ab25a5-ce2d-4cd5-b7b0-3890f595f77d | http://data.europa.eu/esco/skill/494b8057-daf5-46a0-b33b-416e0115c30a,χειρισμός συστήματος συναγερμού | χρήση ψηφιακών εργαλείων για τον έλεγχο μηχανημάτων
KnowledgeSkillCompetence,http://data.europa.eu/esco/skill/dad7e408-162f-46a4-8567-db560e19e2fc,εντοπισμός αδύναμων σημείων συστημάτων ΤΠΕ,released,skill/competence,sector-specific,εντοπισμός τρωτών σημείων στις υποδομές του κυβερνοχώρου | να εντοπίζει τα τρωτά σημεία μιας υποδομής στον κυβερνοχώρο,"Ανάλυση του συστήματος και της αρχιτεκτονικής του δικτύου, των στοιχείων υλικού και λογισμικού και των δεδομένων, προκειμένου να εντοπίζονται τα αδύναμα σημεία και η ευαλωτότητα σε παρεισφρήσεις ή επιθέσεις. Εκτέλεση διαγνωστικών εργασιών σε υποδομές στον κυβερνοχώρο, συμπεριλαμβανομένης της έρευνας, του εντοπισμού, της ερμηνείας και της κατηγοριοποίησης των τρωτών σημείων, των συναφών επιθέσεων και του κακόβουλου κώδικα (π.χ. εγκληματολογική έρευνα κακόβουλου λογισμικού και κακόβουλη δραστηριότητα δικτύου). Σύγκριση δεικτών ή παρατηρήσιμων στοιχείων με τις απαιτήσεις και επανεξέταση των αρχείων καταγραφής για τον εντοπισμό στοιχείων παρελθουσών παρεισφρήσεων.
	",http://data.europa.eu/esco/skill/7adb8473-bcc6-4ff8-9850-76d945d40092 | http://data.europa.eu/esco/skill/185c56ee-098f-46a1-af87-56337085da6f,ανάλυση συστήματος ΤΠΕ | προστασία συσκευών τπε
KnowledgeSkillCompetence,http://data.europa.eu/esco/skill/db36f7f1-5900-45bd-9ffb-f2b19c4362ac,παροχή υποστήριξης σε χρήστες συστήματος ΤΠΕ,released,skill/competence,sector-specific,παρέχω βοήθεια σε χρήστες συστημάτων ΤΠΕ | εξυπηρετώ τους χρήστες συστημάτων ΤΠΕ | παρέχω εξυπηρέτηση στο προσωπικό | παρέχω οδηγίες στους χρήστες σχετικά με τη χρήση | παρέχω εξυπηρέτηση στους χρήστες,"Επικοινωνία με τελικούς χρήστες, καθοδήγησή τους σχετικά με τον τρόπο με τον οποίο θα προχωρήσουν με εργασίες, χρήση εργαλείων και μεθόδων υποστήριξης ΤΠΕ για την επίλυση προβλημάτων και να εντοπισμός πιθανών ανεπιθύμητων ενεργειών και παροχή λύσεων.",http://data.europa.eu/esco/skill/699e7c26-6502-4e78-a823-3656ff5a5b8b | http://data.europa.eu/esco/skill/c2296e2e-5fef-4f24-a24f-e5b3792268be | http://data.europa.eu/esco/skill/6c4fa8c8-e9e1-49b5-897f-6b61fe649488,παροχή οδηγιών σε τρίτους | παροχή υποστήριξης στον τομέα ΤΠΕ | κατάρτιση σχετικά με επιχειρησιακές διαδικασίες
KnowledgeSkillCompetence,http://data.europa.eu/esco/skill/db77825e-0f3e-47d0-abdb-356794484272,χρήση μαθηματικών εργαλείων και συσκευών,released,skill/competence,cross-sector,,Χρήση φορητής ηλεκτρονικής συσκευής για την εκτέλεση τόσο των βασικών όσο και των σύνθετων λειτουργιών αριθμητικής.,http://data.europa.eu/esco/skill/19ba11f3-9c99-41fd-a7c9-f77e6a026186 | http://data.europa.eu/esco/skill/f5f15f9c-6334-4728-8dc5-3a20a00dfc37,εκτέλεση υπολογισμών
KnowledgeSkillCompetence,http://data.europa.eu/esco/skill/dba46f87-0831-49cd-a1c7-340a653c0221,ευέλικτη ανάπτυξη,released,knowledge,sector-specific,,Το μοντέλο ευέλικτης ανάπτυξης είναι μια μεθοδολογία για τον σχεδιασμό συστημάτων και εφαρμογών λογισμικού.,http://data.europa.eu/esco/skill/bec4359e-cb92-468f-a997-8fb28e32fba9 | http://data.europa.eu/esco/isced-f/0613,μεθοδολογίες διαχείρισης έργων ΤΠΕ | ανάπτυξη και ανάλυση λογισμικού και εφαρμογών
KnowledgeSkillCompetence,http://data.europa.eu/esco/skill/dbab7fdd-b99b-4233-bc81-75563eee51a4,συναρμολόγηση συσκευών τηλεπικοινωνίας,released,skill/competence,occupation-specific,,Συγκέντρωση εξαρτημάτων και συστατικών στοιχείων των συσκευών με χρήση τεχνολογικών μεθόδων για τη μετάδοση και τη λήψη πληροφοριών.,http://data.europa.eu/esco/skill/592525ab-b517-4c55-8c65-17e0f5d99205,συναρμολόγηση ηλεκτρικών και ηλεκτρονικών προϊόντων
KnowledgeSkillCompetence,http://data.europa.eu/esco/skill/dc298fac-7ab4-4feb-9b43-33d947d7703e,πρότυπα ηλεκτρονικής μάθησης μέσω του διαδικτύου,released,knowledge,sector-specific,όροι και προϋποθέσεις ηλεκτρονικής μάθησης | προδιαγραφές μάθησης μέσω διαδικτύου | απαιτήσεις διαδικτυακής μάθησης | πρότυπα ηλεκτρονικής μάθησης με τη βοήθεια του διαδικτύου | πρότυπα διαδικτυακής μάθησης,"Τα πρότυπα και οι προδιαγραφές που χρησιμοποιούνται για την ηλεκτρονική μάθηση μέσω του διαδικτύου, όπως το Sharable Content Object Reference Model (SCORM), που καθορίζει τις επικοινωνίες μεταξύ επιμέρους περιεχομένου του πελάτη και συστήματος υποδοχής, το οποίο υποστηρίζεται από σύστημα διαχείρισης της μάθησης.",http://data.europa.eu/esco/isced-f/0612,σχεδιασμός και διαχείριση βάσεων δεδομένων και δικτύων
KnowledgeSkillCompetence,http://data.europa.eu/esco/skill/dcdd5ddf-82a6-4ac3-8edc-d4b23cae9a88,VBScript,released,knowledge,sector-specific,,"Οι τεχνικές και οι αρχές ανάπτυξης λογισμικού, όπως η ανάλυση, οι αλγόριθμοι, η κωδικοποίηση, οι δοκιμές και η καταγραφή υποδειγμάτων προγραμματισμού, σε VBScript.",http://data.europa.eu/esco/skill/21d2f96d-35f7-4e3f-9745-c533d2dd6e97 | http://data.europa.eu/esco/isced-f/0613,προγραμματισμός ηλεκτρονικών υπολογιστών | ανάπτυξη και ανάλυση λογισμικού και εφαρμογών
KnowledgeSkillCompetence,http://data.europa.eu/esco/skill/dd0e44b9-b285-4563-8ffc-1d4d96bf548c,ανιχνευτές εσωτερικής ρηγμάτωσης,released,knowledge,occupation-specific,,"Οι αισθητήρες που ανιχνεύουν τον διαχωρισμό πολλαπλών μαγνητικών εξαρτημάτων, τα οποία χρησιμοποιούνται συχνά για την ανίχνευση του ανοίγματος θυρών και παραθύρων για την πρόληψη των διαρρήξεων.",http://data.europa.eu/esco/isced-f/0714,ηλεκτρονική και αυτοματισμός
KnowledgeSkillCompetence,http://data.europa.eu/esco/skill/dd1e0bc8-d54a-435a-bc43-586bac0b8c02,ανάπτυξη πληροφοριών ασφάλειας ΤΠΕ,released,skill/competence,occupation-specific,δημιουργία πληροφοριών ασφάλειας ΤΠΕ | ανάπτυξη προειδοποιητικών μηνυμάτων ασφάλειας ΤΠΕ,"Δημιουργία προειδοποιητικών μηνυμάτων, όπως πλαισίων διαλόγου, επιτόπιου μηνύματος, κοινοποίησης ή πλαισίου που προειδοποιεί τον χρήστη για μια κατάσταση που θα μπορούσε να δημιουργήσει πρόβλημα στο μέλλον και να παρέχει πληροφορίες σχετικά με την ασφάλεια σύμφωνα με πρότυπα που χρησιμοποιούνται με χρήση διεθνών προειδοποιητικών λέξεων.",http://data.europa.eu/esco/skill/df329d70-87b0-466b-a214-3431f36e2a5e | http://data.europa.eu/esco/skill/185c56ee-098f-46a1-af87-56337085da6f,προστασία συσκευών ΤΠΕ | προστασία συσκευών τπε
KnowledgeSkillCompetence,http://data.europa.eu/esco/skill/dd276faa-ef0a-4ad0-8744-37b883a79b64,ευθυγράμμιση κεραιών με δορυφορικά πιάτα,released,skill/competence,occupation-specific,,Ευθυγράμμιση κεραιών με δορυφορικά πιάτα για την επίτευξη του ευκρινέστερου σήματος για τη μετάδοση εκπομπών από θέσεις ανάπτυξης.,http://data.europa.eu/esco/skill/0a88a13f-693a-4dde-b44c-22e6f98fabc6,χειρισμός εξοπλισμού επικοινωνίας
KnowledgeSkillCompetence,http://data.europa.eu/esco/skill/dda69c90-2355-4ab5-b0ef-6ada47f74cc1,δοκιμή υλισμικού υπολογιστών,released,skill/competence,occupation-specific,,"Δοκιμή συστημάτων υλισμικού και δομικών στοιχείων υπολογιστών με χρήση του κατάλληλου εξοπλισμού. Συλλογή και ανάλυση δεδομένων. Παρακολούθηση και αξιολόγηση των επιδόσεων του συστήματος και λήψη μέτρων, εφόσον απαιτείται.",http://data.europa.eu/esco/skill/7dd94ad3-13d6-43fe-8b94-51fcbf67ced9 | http://data.europa.eu/esco/skill/52b38e90-3d05-4042-a9e2-d19dec8dd7c1 | http://data.europa.eu/esco/skill/6d0cad66-82dd-4854-a03a-68232942c68d,κριτική σκέψη | δοκιμή υλισμικού | εγκατάσταση ξύλινων και μεταλλικών στοιχείων
KnowledgeSkillCompetence,http://data.europa.eu/esco/skill/ddb65832-91a7-4157-9488-719a0e2ad87b,συντονισμός των ασκήσεων ετοιμότητας αποκατάστασης μετά από καταστροφή,released,skill/competence,sector-specific,επικεφαλής των εργασιών αποκατάστασης μετά από καταστροφή | επικεφαλής των ασκήσεων ετοιμότητας αποκατάστασης μετά από καταστροφή | οργάνωση των εργασιών αποκατάστασης μετά από καταστροφή,"Συντονισμός ασκήσεων που εκπαιδεύουν τα άτομα σχετικά με το τι πρέπει να κάνουν σε περίπτωση απρόβλεπτου καταστροφικού συμβάντος στη λειτουργία ή την ασφάλεια των συστημάτων ΤΠΕ, όπως ανάκτηση δεδομένων, προστασία της ταυτότητας και των πληροφοριών και τα μέτρα που πρέπει να ληφθούν για την πρόληψη περαιτέρω προβλημάτων.",http://data.europa.eu/esco/skill/75d8e5d9-bef3-418b-9011-01bff9f27207 | http://data.europa.eu/esco/skill/699e7c26-6502-4e78-a823-3656ff5a5b8b | http://data.europa.eu/esco/skill/b7e752ec-7b2e-46e6-ac24-8b1233609c31,καθοδήγηση άλλων ατόμων | παροχή οδηγιών σε τρίτους | καθοδήγηση και παροχή κινήτρων
KnowledgeSkillCompetence,http://data.europa.eu/esco/skill/ddc3119d-1d6e-4324-9125-a3380d299ac5,τεχνολογία υπολογιστών,released,knowledge,cross-sector,,"Υπολογιστές, δίκτυα υπολογιστών και άλλες τεχνολογίες και εξοπλισμός της πληροφορικής που μπορούν να αποθηκεύουν, να ανακτούν, να διαβιβάζουν και να χειρίζονται δεδομένα.",http://data.europa.eu/esco/isced-f/0714,ηλεκτρονική και αυτοματισμός
KnowledgeSkillCompetence,http://data.europa.eu/esco/skill/ddfd922f-a4f7-47a7-bf1c-cf9124e5bf40,δημιουργία καιρικών χαρτών,released,skill/competence,cross-sector,,"Δημιουργία γραφικών καιρικών χαρτών για συγκεκριμένες περιοχές, οι οποίοι περιέχουν πληροφορίες όπως θερμοκρασία, πίεση αέρα και ζώνες βροχής.",http://data.europa.eu/esco/skill/8f9f8b20-ff26-4392-b04f-695dcde5b90a,παρουσίαση ερευνητικών ή τεχνικών πληροφοριών
KnowledgeSkillCompetence,http://data.europa.eu/esco/skill/ddfe79e2-c2e3-4ba7-9bdf-3820b4f75b54,Προσδιορισμός των αναγκών χρηστών ΤΠΕ,released,skill/competence,sector-specific,προσδιορίζω τις ανάγκες χρήστη ΤΠΕ | καθορίζω τις απαιτήσεις χρηστών ΤΠΕ | αναγνωρίζω τις ανάγκες χρηστών ΤΠΕ | εντοπίζω τα προαπαιτούμενα χρηστών ΤΠΕ | προσδιορίζω τις απαιτήσεις χρηστών ΤΠΕ,"Προσδιορισμός των αναγκών και απαιτήσεων των χρηστών ΤΠΕ συγκεκριμένου συστήματος με την εφαρμογή αναλυτικών μεθόδων, όπως ανάλυση ομάδας-στόχου.",http://data.europa.eu/esco/skill/42fcf80d-7b45-40f3-bd2f-5411c4c0dfa0 | http://data.europa.eu/esco/skill/ec528c47-65f4-4187-9dc1-5a8889f84a06 | http://data.europa.eu/esco/skill/db36f7f1-5900-45bd-9ffb-f2b19c4362ac | http://data.europa.eu/esco/skill/31c83903-8fc8-4bd8-9ca4-7a98a9c31eae,προσδιορισμός τεχνολογικών αναγκών | ανάλυση επιχειρηματικών δραστηριοτήτων | παροχή υποστήριξης σε χρήστες συστήματος ΤΠΕ | διενέργεια ανάλυσης αναγκών πελατών
KnowledgeSkillCompetence,http://data.europa.eu/esco/skill/de0be6e8-644c-4cc9-9c8d-925dd98dda56,σχεδιασμός αλληλεπίδρασης λογισμικού,released,knowledge,sector-specific,σχεδιασμός διάδρασης λογισμικού· σχεδιασμός αλληλεπίδρασης προγραμμάτων | προγραμματισμός αλληλεπίδρασης· μεθοδολογίες σχεδιασμού αλληλεπίδρασης· προγραμματισμός διάδρασης,"Οι μεθοδολογίες για τον σχεδιασμό της αλληλεπίδρασης μεταξύ των χρηστών και ενός προϊόντος ή μιας υπηρεσίας λογισμικού για την ικανοποίηση των αναγκών και των προτιμήσεων των περισσότερων ατόμων που θα έρθουν σε επαφή με το προϊόν και για την απλούστευση της επικοινωνίας μεταξύ του προϊόντος και του χρήστη, όπως ο σχεδιασμός με γνώμονα τους στόχους.",http://data.europa.eu/esco/isced-f/0611,χρήση υπολογιστών
KnowledgeSkillCompetence,http://data.europa.eu/esco/skill/de586dcf-d7e5-4340-bf5b-d59026f1b436,εργαλείο δοκιμής διείσδυσης,released,knowledge,sector-specific,εργαλείο δοκιμών διείσδυσης· εργαλείο ελέγχου διείσδυσης | λογισμικό δοκιμής διείσδυσης· πρόγραμμα ελέγχου διείσδυσης· ειδικό λογισμικό δοκιμών διείσδυσης,"Τα εξειδικευμένα εργαλεία ΤΠΕ που δοκιμάζουν τις αδυναμίες ασφάλειας του συστήματος σε περίπτωση ενδεχόμενης μη εξουσιοδοτημένης πρόσβασης σε πληροφορίες του συστήματος, όπως το Metasloit, η σουίτα Burp και το Webinspect.",http://data.europa.eu/esco/isced-f/0613 | http://data.europa.eu/esco/skill/f4a85869-1855-45d5-a43c-7ee8cd451996,ανάπτυξη και ανάλυση λογισμικού και εφαρμογών | διενέργεια δοκιμών ασφάλειας ΤΠΕ
KnowledgeSkillCompetence,http://data.europa.eu/esco/skill/de804504-bd5c-465d-b54f-9da299d8ee90,συντήρηση συστημάτων ελέγχου αποθεμάτων,released,skill/competence,cross-sector,,Επικαιροποίηση των συστημάτων ελέγχου των αποθεμάτων και εξασφάλιση της ακρίβειας της απογραφής.,http://data.europa.eu/esco/skill/7a6f50a7-d876-461a-8336-f85a01af4c5f | http://data.europa.eu/esco/skill/e963cf1f-dc3c-48b2-a0fa-274f5e7f50f6,εποπτεία του ελέγχου ποιότητας αποθεμάτων | αποθήκευση εμπορευμάτων και υλικών
KnowledgeSkillCompetence,http://data.europa.eu/esco/skill/de9f85ba-e77f-48fd-8c66-f5ebaf32d655,Oracle Relational Database,released,knowledge,sector-specific,,"Το λογισμικό Oracle Rdb είναι ένα εργαλείο για τη δημιουργία, την επικαιροποίηση και τη διαχείριση βάσεων δεδομένων που αναπτύχθηκε από την εταιρεία λογισμικού Oracle.",http://data.europa.eu/esco/skill/ab1e97ed-2319-4293-a8b7-072d2648822f | http://data.europa.eu/esco/isced-f/0612,συστήματα διαχείρισης βάσεων δεδομένων | σχεδιασμός και διαχείριση βάσεων δεδομένων και δικτύων
KnowledgeSkillCompetence,http://data.europa.eu/esco/skill/debef2fc-7af4-4bff-ac92-4d0317915a84,ηλεκτρονική επικοινωνία,released,knowledge,cross-sector,,"Η επικοινωνία δεδομένων πραγματοποιείται μέσω ψηφιακών μέσων, όπως υπολογιστή, τηλέφωνο ή ηλεκτρονικό ταχυδρομείο.",http://data.europa.eu/esco/isced-f/0714,ηλεκτρονική και αυτοματισμός
KnowledgeSkillCompetence,http://data.europa.eu/esco/skill/def007fa-5fed-4a5f-91a2-b0d7e3db1be1,COBOL,released,knowledge,sector-specific,,"Οι τεχνικές και οι αρχές ανάπτυξης λογισμικού, όπως η ανάλυση, οι αλγόριθμοι, η κωδικοποίηση, οι δοκιμές και η καταγραφή υποδειγμάτων προγραμματισμού, σε COBOL.",http://data.europa.eu/esco/skill/21d2f96d-35f7-4e3f-9745-c533d2dd6e97 | http://data.europa.eu/esco/isced-f/0613,προγραμματισμός ηλεκτρονικών υπολογιστών | ανάπτυξη και ανάλυση λογισμικού και εφαρμογών
KnowledgeSkillCompetence,http://data.europa.eu/esco/skill/df0612db-366c-4ff5-b106-40b9e385195c,χρήση συστημάτων υποστήριξης της λήψης αποφάσεων,released,skill/competence,sector-specific,,Χρήση των διαθέσιμων συστημάτων ΤΠΕ που μπορούν να χρησιμοποιηθούν για την υποστήριξη της διαδικασίας λήψης αποφάσεων σε επιχειρήσεις ή σε οργανωτικό επίπεδο.,http://data.europa.eu/esco/skill/6dc2dfac-3e21-44dd-a71c-9a1c8fe2514c | http://data.europa.eu/esco/skill/98fb499f-9155-412d-a8a0-95ba97126fec,λήψη ανεξάρτητων λειτουργικών αποφάσεων | χρήση ψηφιακών εργαλείων για συνεργασία και παραγωγικότητα
KnowledgeSkillCompetence,http://data.europa.eu/esco/skill/df11ab22-3c40-4dc8-ab0c-e9f41e62449e,επεξεργασία φωτογραφιών,released,skill/competence,sector-specific,,"Αλλαγή μεγέθους, ενίσχυση και ρετουσάρισμα φωτογραφιών με χρήση αερογράφου, λογισμικού επεξεργασίας και άλλες τεχνικές.",http://data.europa.eu/esco/skill/91ba97f5-7518-4638-b2d2-308996db3cf8 | http://data.europa.eu/esco/skill/c53a55a1-8b2b-4d2c-b12d-626742a3833a,πραγματοποίηση επιμέλειας φωτογραφιών | χρήση ψηφιακών εργαλείων για την επεξεργασία ήχου και εικόνας
KnowledgeSkillCompetence,http://data.europa.eu/esco/skill/df12fd50-55dc-4cfd-a021-818880668789,συντήρηση συστημάτων ελέγχου για τον αυτοματοποιημένο εξοπλισμό,released,skill/competence,sector-specific,,"Έλεγχος, συντήρηση και επισκευή ηλεκτρικών και ηλεκτρονικών στοιχείων. Έλεγχος και επικαιροποίηση λογισμικού αυτοματοποιημένου εξοπλισμού.",http://data.europa.eu/esco/skill/ec0401f1-f690-46be-934b-f6f5611085f5,"συντήρηση εξοπλισμού ηλεκτρικού, ηλεκτρονικού και ακριβείας"
KnowledgeSkillCompetence,http://data.europa.eu/esco/skill/df329d70-87b0-466b-a214-3431f36e2a5e,προστασία συσκευών ΤΠΕ,released,skill/competence,cross-sector,προστασία συσκευών της τεχνολογίας πληροφοριών και επικοινωνιών,"Προστασία συσκευών και ψηφιακού περιεχομένου, καθώς και κατανόηση των κινδύνων και των απειλών στα ψηφιακά περιβάλλοντα. Γνώση των μέτρων ασφαλείας και προστασίας και να λήψη δεόντως υπόψη της αξιοπιστίας και της ιδιωτικότητας. Χρήση εργαλείων και μεθόδων που μεγιστοποιούν την ασφάλεια των συσκευών ΤΠΕ και των πληροφοριών με έλεγχο της πρόσβασης, όπως συνθηματικών, ψηφιακών υπογραφών, βιομετρίας και προστασίας συστημάτων όπως τείχος προστασίας (firewall), αντιικά και φίλτρα ανεπιθύμητων μηνυμάτων (spam).",http://data.europa.eu/esco/skill/426ceaba-6867-481c-bb6b-aee3933da7d2 | http://data.europa.eu/esco/skill/185c56ee-098f-46a1-af87-56337085da6f,ασφάλεια της τεχνολογίας πληροφοριών και επικοινωνιών | προστασία συσκευών τπε
KnowledgeSkillCompetence,http://data.europa.eu/esco/skill/df538078-0ccb-4125-a61d-ebaa648b39f2,διενέργεια ραδιοθεραπείας με τη βοήθεια ηλεκτρονικού υπολογιστή,released,skill/competence,sector-specific,,Εκπόνηση τρισδιάστατου σχεδίου για την κατανομή της ακτινοβολίας διαμέσου της ανατομικής περιοχής που πρόκειται να θεραπευθεί.,http://data.europa.eu/esco/skill/98fb499f-9155-412d-a8a0-95ba97126fec,χρήση ψηφιακών εργαλείων για συνεργασία και παραγωγικότητα
KnowledgeSkillCompetence,http://data.europa.eu/esco/skill/dfb9cec6-3ae3-408a-9d57-c44361bf7aaf,παροχή περιεχομένου πολυμέσων,released,skill/competence,sector-specific,παρέχω περιεχόμενα πολυμέσων· παρέχω υλικό πολυμέσων | αναπτύσσω περιεχόμενο πολυμέσων· σχεδιάζω υλικό πολυμέσων· αναπτύσσω περιεχόμενα πολυμέσων,"Ανάπτυξη υλικών πολυμέσων, όπως στιγμιότυπα οθόνης, γραφικά, παρουσιάσεις με διαφάνειες, κινούμενα σχέδια και βίντεο για χρήση τους ως περιεχόμενο ενσωματωμένο σε ευρύτερο πληροφοριακό πλαίσιο.",http://data.europa.eu/esco/skill/96a67da1-881f-4d09-927e-ac75fcff4d93 | http://data.europa.eu/esco/skill/c53a55a1-8b2b-4d2c-b12d-626742a3833a,κατάρτιση περιεχομένου | χρήση ψηφιακών εργαλείων για την επεξεργασία ήχου και εικόνας
KnowledgeSkillCompetence,http://data.europa.eu/esco/skill/dfff95c6-9758-4c04-a228-7eaa88dec6cd,σχεδιασμός για την πολυπλοκότητα σε επίπεδο οργανισμού,released,skill/competence,sector-specific,σχεδιασμός περιβάλλοντος σύννεφων για πολύπλοκους οργανισμούς,"Καθορισμός της επαλήθευσης ταυτότητας μεταξύ λογαριασμών και της στρατηγικής πρόσβασης για πολύπλοκους οργανισμούς (για παράδειγμα, για έναν οργανισμό με ποικίλες απαιτήσεις συμμόρφωσης, πολλαπλές επιχειρηματικές μονάδες και διαφορετικές απαιτήσεις όσον αφορά τη δυνατότητα κλιμάκωσης). Σχεδιασμός δικτύων και περιβαλλόντων υπολογιστικού νέφους πολλαπλών λογαριασμών για πολύπλοκους οργανισμούς.
	",http://data.europa.eu/esco/skill/aca5081a-ceb0-4028-9cc5-1daafd4f86f9,ανάπτυξη λύσεων
KnowledgeSkillCompetence,http://data.europa.eu/esco/skill/e043aeeb-78f5-4049-afbf-12bba52225bc,αρχιτεκτονικές υλικού,released,knowledge,sector-specific,αρχιτεκτονικά πλαίσια υλικού· αρχιτεκτονικά πλαίσια υλισμικού· αρχιτεκτονικά πλαίσια ΤΠΕ | αρχιτεκτονική υλικού· αρχιτεκτονική υλισμικού,Τα σχέδια που περιλαμβάνουν τα φυσικά εξαρτήματα υλισμικού και τις διασυνδέσεις τους.,http://data.europa.eu/esco/skill/d0c6d77e-cb25-4770-bf77-2073fc5f7523 | http://data.europa.eu/esco/isced-f/0714,υποδομές ΤΠΕ | ηλεκτρονική και αυτοματισμός
KnowledgeSkillCompetence,http://data.europa.eu/esco/skill/e06ec50c-68f9-470f-8dc2-7488109c2dfd,ανάλυση δεδομένων τυχερών παιχνιδιών,released,skill/competence,sector-specific,,"Ανάλυση των σχετικών σημείων δεδομένων που συλλέγονται κατά τη διάρκεια δραστηριοτήτων τυχερών παιχνιδιών, στοιχημάτων ή λαχείων. Επεξεργασία των δεδομένων για την εξαγωγή συμπερασμάτων χρήσιμων για την αποτελεσματική διεξαγωγή της επιχείρησης στοιχημάτων ή λαχείων.",http://data.europa.eu/esco/skill/1d6c7de4-350e-4868-a47b-333b4b0d9650 | http://data.europa.eu/esco/skill/ec528c47-65f4-4187-9dc1-5a8889f84a06 | http://data.europa.eu/esco/skill/57231a22-4da7-49c8-97b8-75672feadf1e | http://data.europa.eu/esco/skill/a571ae14-3e16-4fd3-a615-5646e0b0b696,"αξιολόγηση δεδομένων, πληροφοριών και ψηφιακού περιεχομένου | ανάλυση επιχειρηματικών δραστηριοτήτων | διαχείριση ποσοτικών δεδομένων | διερεύνηση δεδομένων"
KnowledgeSkillCompetence,http://data.europa.eu/esco/skill/e08821b5-d6dd-4db9-a0f1-43185653c244,παρακολούθηση των επιδόσεων των διαύλων επικοινωνίας,released,skill/competence,sector-specific,έλεγχος της επίδοσης των επικοινωνιακών διαύλων | παρακολούθηση της απόδοσης των καναλιών επικοινωνίας | εποπτεία των επιδόσεων των διαύλων επικοινωνίας | επίβλεψη των επιδόσεων των διαύλων επικοινωνίας,Αναζήτηση πιθανών σφαλμάτων. Διενέργεια οπτικών ελέγχων. Ανάλυση των δεικτών του συστήματος και να χρήση των διαγνωστικών συσκευών.,http://data.europa.eu/esco/skill/f7fc7bf8-f41d-44af-81e3-09b88e9779e6,δοκιμές ηλεκτρικών και μηχανικών συστημάτων ή εξοπλισμού
KnowledgeSkillCompetence,http://data.europa.eu/esco/skill/e0ae0101-ab8f-47a2-938b-ab0cc367b3b5,τήρηση βάσης δεδομένων αποθηκών,released,skill/competence,sector-specific,,Επικαιροποίηση της βάσης δεδομένων της ψηφιακής αποθήκης και διατήρηση πολλαπλής πρόσβασης.,http://data.europa.eu/esco/skill/4463a721-69f3-413d-8321-43e3af13a4f1 | http://data.europa.eu/esco/skill/6a7fc30d-af16-4cc5-a957-29d174bdb61c,"χρήση βάσεων δεδομένων | διαχείριση, συλλογή και αποθήκευση ψηφιακών δεδομένων"
KnowledgeSkillCompetence,http://data.europa.eu/esco/skill/e13b734a-218c-434a-a7cc-febac6d24ef3,τεχνολογίες κέντρων κλήσεων,released,knowledge,cross-sector,,"Το ευρύ φάσμα του υλισμικού και λογισμικού των τηλεπικοινωνιών, όπως τα αυτόματα συστήματα τηλεφωνίας και οι συσκευές επικοινωνίας.",http://data.europa.eu/esco/isced-f/0612,σχεδιασμός και διαχείριση βάσεων δεδομένων και δικτύων
KnowledgeSkillCompetence,http://data.europa.eu/esco/skill/e1e99428-b91b-45e1-8ede-ed0cbf161930,καθιέρωση διαδικασίας υποστήριξης πελατών ΤΠΕ,released,skill/competence,sector-specific,,"Δημιουργία μιας σειράς δραστηριοτήτων παροχής υπηρεσιών ΤΠΕ για τον πελάτη πριν, κατά τη διάρκεια και μετά από ένα αίτημα. Διασφάλιση επαρκούς ανταπόκρισης ή δράσης, ενίσχυση του επιπέδου ικανοποίησης των πελατών και συγκέντρωση ανάδρασης για τα προϊόντα ή τις υπηρεσίες ΤΠΕ.",http://data.europa.eu/esco/skill/c2296e2e-5fef-4f24-a24f-e5b3792268be | http://data.europa.eu/esco/skill/db36f7f1-5900-45bd-9ffb-f2b19c4362ac | http://data.europa.eu/esco/skill/c23e0a2f-f04b-45bc-b0dd-20571f6b502c,παροχή υποστήριξης στον τομέα ΤΠΕ | παροχή υποστήριξης σε χρήστες συστήματος ΤΠΕ | ανάπτυξη επιχειρησιακών πολιτικών και διαδικασιών
KnowledgeSkillCompetence,http://data.europa.eu/esco/skill/e23e81f5-18db-49aa-ad9b-b3d0fdcad1d2,ανίχνευση προβλημάτων ιστοτόπου,released,skill/competence,occupation-specific,διορθώνω σφάλματα δικτυακού τόπου | ανιχνεύω βλάβες ιστότοπου | αποκαθιστώ προβλήματα δικτυακού τόπου | ανιχνεύω σφάλματα | εντοπίζω βλάβες ιστοτόπου,"Εντοπισμός των αδυναμιών και δυσλειτουργιών ενός ιστοτόπου. Εφαρμογή τεχνικών για την ανίχνευση προβλημάτων όσον αφορά το περιεχόμενο, τη δομή, τη διασύνδεση και τις αλληλεπιδράσεις, με σκοπό την εξεύρεση των αιτίων και την επίλυση των δυσλειτουργιών.",http://data.europa.eu/esco/skill/334e3e49-fb02-4051-809a-f06adfdc1c40 | http://data.europa.eu/esco/skill/d04ee340-5378-4601-8181-19da6d5cbfe0 | http://data.europa.eu/esco/skill/744442ac-c157-4350-8be0-ce454df4f5c5 | http://data.europa.eu/esco/skill/0b9968af-72de-470a-98e1-2d19577443fb,εντοπισμός και διόρθωση προβλημάτων | διαχείριση ιστοτόπου | εντοπισμός και επιδιόρθωση βλαβών σε συσκευές ΤΠΕ | επίλυση προβλημάτων πληροφορικής
KnowledgeSkillCompetence,http://data.europa.eu/esco/skill/e2b05bcb-b60e-45b5-baa6-3a67ebe77538,προηγμένα συστήματα υποβοήθησης του οδηγού,released,knowledge,sector-specific,,"Έξυπνα συστήματα ασφάλειας σε οχήματα, τα οποία θα μπορούσαν να βελτιώσουν την οδική ασφάλεια όσον αφορά την αποφυγή σύγκρουσης, τον μετριασμό της σοβαρότητας των συγκρούσεων και την προστασία από συγκρούσεις, καθώς και την αυτόματη ειδοποίηση μετά από σύγκρουση. Ενσωματωμένα σε συστήματα οχημάτων ή υποδομών που συμβάλλουν σε ορισμένες ή σε όλες αυτές τις φάσεις σύγκρουσης. Γενικότερα, ορισμένα συστήματα υποστήριξης του οδηγού αποσκοπούν στη βελτίωση της ασφάλειας, ενώ άλλα επιτελούν λειτουργίες ευκολίας.
	",http://data.europa.eu/esco/isced-f/0619,τεχνολογίες πληροφορικής και επικοινωνιών που δεν ταξινομούνται αλλού
KnowledgeSkillCompetence,http://data.europa.eu/esco/skill/e2b82b00-f07f-4fc8-a7bb-c8febf65efe5,σύγκριση των υπολογισμών των μελετών,released,skill/competence,sector-specific,,Προσδιορισμός της ακρίβειας των δεδομένων με σύγκριση των υπολογισμών με τα ισχύοντα πρότυπα.,http://data.europa.eu/esco/skill/ba1f6201-b206-4459-b178-706db34a851d,ανάλυση επιστημονικών και ιατρικών δεδομένων
KnowledgeSkillCompetence,http://data.europa.eu/esco/skill/e2d0daae-2aa1-40cc-99e2-b340b02f97d3,διαχείριση δεδομένων προϊόντος,released,knowledge,cross-sector,,"Η χρήση λογισμικού για την παρακολούθηση όλων των πληροφοριών που αφορούν ένα προϊόν, όπως οι τεχνικές προδιαγραφές, τα σχέδια, οι προδιαγραφές σχεδιασμού και το κόστος παραγωγής.",http://data.europa.eu/esco/isced-f/0413,διαχείριση και διοίκηση
KnowledgeSkillCompetence,http://data.europa.eu/esco/skill/e2fb1ee4-fbf9-4690-b677-3e6ff7cfdc48,έλεγχος αιτημάτων ΤΠΕ,released,skill/competence,occupation-specific,επαληθεύω τα ερωτήματα στον τομέα των ΤΠΕ· επαληθεύω τις ερωτήσεις στον τομέα των ΤΠΕ· διευκρινίζω τις ερωτήσεις στον τομέα των ΤΠΕ | ελέγχω ερωτήσεις στον τομέα των ΤΠΕ· ελέγχω την υποβολή ερωτημάτων στον τομέα των ΤΠΕ,Εξέταση των υποβληθέντων αιτημάτων σχετικά με την επιστροφή και εκτέλεση των σωστών ενεργειών και δεδομένων.,http://data.europa.eu/esco/skill/6d0cad66-82dd-4854-a03a-68232942c68d,εγκατάσταση ξύλινων και μεταλλικών στοιχείων
KnowledgeSkillCompetence,http://data.europa.eu/esco/skill/e3201e73-ef4d-447d-ac9b-b18e45f35eea,παρακολούθηση δορυφόρων,released,skill/competence,occupation-specific,,Ανάλυση των επίγειων συστημάτων και διερεύνηση τυχόν μη φυσιολογικής συμπεριφοράς των δορυφόρων. Ανάπτυξη των κατάλληλων διορθωτικών μέτρων και εφαρμογή τους όπου είναι αναγκαίο.,http://data.europa.eu/esco/skill/6d0cad66-82dd-4854-a03a-68232942c68d,εγκατάσταση ξύλινων και μεταλλικών στοιχείων
KnowledgeSkillCompetence,http://data.europa.eu/esco/skill/e36c1f47-3913-4d35-a6ae-fd9a7243483f,σχεδιασμός του δικτύου εξαερισμού,released,skill/competence,sector-specific,,"Σχεδιασμός του δικτύου εξαερισμού. Προετοιμασία και σχεδιασμός της διάταξης του εξαερισμού με χρήση εξειδικευμένου λογισμικού. Σχεδιασμός συστημάτων θέρμανσης ή ψύξης, ανάλογα με τις ανάγκες. Βελτίωση της απόδοσης του δικτύου εξαερισμού, ώστε να μειωθεί η κατανάλωση ενέργειας, συμπεριλαμβανομένης της αλληλεπίδρασης μεταξύ ενός κτιρίου σχεδόν μηδενικής κατανάλωσης ενέργειας (nZEB), της χρήσης του και της σωστής στρατηγικής εξαερισμού.
	",http://data.europa.eu/esco/skill/6caa915b-b80d-4b43-8bbc-54914e0d5032 | http://data.europa.eu/esco/skill/b2c688b0-9106-466d-8b88-eafdfe608e7d,διαχείριση του αερισμού του ορυχείου | σχεδιασμός δομών ή εγκαταστάσεων
KnowledgeSkillCompetence,http://data.europa.eu/esco/skill/e3840f20-1928-4d07-944c-d2dd2ae5cbba,αξιολόγηση μουσικών ιδεών,released,skill/competence,sector-specific,,"Πειραματισμός με διάφορες πηγές ήχου, χρήση συνθεσάιζερ και λογισμικού υπολογιστών, διερεύνηση και αξιολόγηση μουσικών ιδεών και θεμάτων.",http://data.europa.eu/esco/skill/d12a1be6-d916-436d-8274-ad97b5f24415,σύνθεση μουσικής
KnowledgeSkillCompetence,http://data.europa.eu/esco/skill/e3eb64db-bc0b-4cc0-bd31-5feb94b2ef50,παρακολούθηση αλλαγών στην επεξεργασία κειμένου,released,skill/competence,cross-sector,,"Παρακολούθηση αλλαγών όπως γραμματικές και ορθογραφικές διορθώσεις, οι προσθήκες στοιχείων και άλλες τροποποιήσεις κατά την επεξεργασία (ψηφιακών) κειμένων.",http://data.europa.eu/esco/skill/6e62e776-fbfa-486c-a6df-58cd239c86fe,τεχνική ή επιστημονική συγγραφή
KnowledgeSkillCompetence,http://data.europa.eu/esco/skill/e43084e8-6e3d-4649-93e9-2455ff53bc84,εκπόνηση φύλλων εργασίας με δεδομένα της γεώτρησης,released,skill/competence,occupation-specific,,"Κατάρτιση φύλλων δεδομένων, απαριθμώντας όλες τις σχετικές πληροφορίες σχετικά με μια γεώτρηση, συμπεριλαμβανομένης της γεωγραφικής θέσης, των γεωλογικών ιδιοτήτων της γεώτρησης, του τύπου των πόρων, της θερμοκρασίας και διαφόρων αναλύσεων σε αντιπαραβολή με το βάθος.",http://data.europa.eu/esco/skill/9bdf8a77-8524-43da-bac6-d15d22e1b7ed,εισαγωγή και μετατροπή πληροφοριών
KnowledgeSkillCompetence,http://data.europa.eu/esco/skill/e439742d-558d-4f52-885e-afdc740b48cf,"διερεύνηση, αναζήτηση και φιλτράρισμα δεδομένων, πληροφοριών και ψηφιακού περιεχομένου",released,skill/competence,cross-sector,,"Διατύπωση των αναγκών πληροφόρησης, αναζήτηση δεδομένων, πληροφοριών και περιεχομένου σε ψηφιακά περιβάλλοντα, πρόσβαση σε αυτά και πλοήγηση μεταξύ τους. Δημιουργία και επικαιροποίηση προσωπικών στρατηγικών αναζήτησης.",http://data.europa.eu/esco/skill/629685b8-5f9e-4522-8cff-b3e2c4ec625a | http://data.europa.eu/esco/skill/258fea29-09db-4918-8235-0d7d529cd31c,"ψηφιακή επεξεργασία δεδομένων | περιήγηση, αναζήτηση και φιλτράρισμα ψηφιακών δεδομένων"
KnowledgeSkillCompetence,http://data.europa.eu/esco/skill/e46291c7-52b9-4174-bd59-178884861038,Hadoop,released,knowledge,sector-specific,,"Το πλαίσιο αποθήκευσης, ανάλυσης και επεξεργασίας δεδομένων ανοικτής πηγής, το οποίο υπάρχει κυρίως στα εξαρτήματα των συστημάτων διανομής αρχείων MapReduce και Hadoop (HDFS) και χρησιμοποιείται για την παροχή υποστήριξης για τη διαχείριση και την ανάλυση μεγάλων συνόλων δεδομένων.",http://data.europa.eu/esco/skill/24c200e5-be20-4370-a137-ab53797f3a17 | http://data.europa.eu/esco/isced-f/0613,περιβάλλον ανάπτυξης λογισμικού | ανάπτυξη και ανάλυση λογισμικού και εφαρμογών
KnowledgeSkillCompetence,http://data.europa.eu/esco/skill/e464363b-8346-421d-9035-52118b76d8c8,υπολογιστική βιολογία,released,knowledge,sector-specific,βιολογικών υπολογιστών | βιολογική υπολογιστική,"Το διεπιστημονικό πεδίο που επικεντρώνεται στην αξιοποίηση της ανάλυσης δεδομένων και θεωριών για τη διερεύνηση βιολογικών συστημάτων που λαμβάνονται μέσω πειραμάτων.
	",http://data.europa.eu/esco/isced-f/058,"διεπιστημονικά προγράμματα και προσόντα που περιλαμβάνουν φυσικές επιστήμες, μαθηματικά και στατιστική"
KnowledgeSkillCompetence,http://data.europa.eu/esco/skill/e465a154-93f7-4973-9ce1-31659fe16dd2,αρχές τεχνητής νοημοσύνης,released,knowledge,sector-specific,αρχές ΤΝ· εφαρμοσμένες αρχές ΤΝ | βασικές έννοιες τεχνητής νοημοσύνης· θεωρίες τεχνητής νοημοσύνης· θεμελιώδεις αρχές τεχνητής νοημοσύνης,"Οι θεωρίες, οι εφαρμοσμένες αρχές, οι αρχιτεκτονικές και τα συστήματα τεχνητής νοημοσύνης, όπως οι ευφυείς πράκτορες, τα συστήματα πολλαπλών πρακτόρων, τα εξειδικευμένα συστήματα, τα συστήματα που βασίζονται σε κανόνες, τα νευρωνικά δίκτυα, οι οντολογίες και οι γνωστικές θεωρίες.",http://data.europa.eu/esco/isced-f/0619,τεχνολογίες πληροφορικής και επικοινωνιών που δεν ταξινομούνται αλλού
KnowledgeSkillCompetence,http://data.europa.eu/esco/skill/e4d34eaf-742e-4bba-801d-e8d617f1f419,χειρισμός μηχανών δεματοποίησης,released,skill/competence,occupation-specific,,"Εκκίνηση, χειρισμός και παρακολούθηση μηχανών δεματοποίησης.",http://data.europa.eu/esco/skill/7ec00c15-c9bb-4b74-9b8b-681424e9ea2c,χειρισμός μηχανημάτων συσκευασίας
KnowledgeSkillCompetence,http://data.europa.eu/esco/skill/e4d90d50-bd28-4a0c-a3a7-d4963e2a307a,μελέτη εικόνων ραντάρ,released,skill/competence,cross-sector,,Ανάλυση εικόνων ραντάρ για τη μελέτη φαινομένων στην επιφάνεια της γης.,http://data.europa.eu/esco/skill/77e167dc-70e6-4408-9718-019a4b9e96d9 | http://data.europa.eu/esco/skill/c4376e35-add7-43a0-8b2e-f5741f0df8fe,ανάλυση εικόνων | διενέργεια εγκληματολογικών και αστυνομικών ερευνών
KnowledgeSkillCompetence,http://data.europa.eu/esco/skill/e5609f89-0daf-40bb-bd6b-94f5d7498131,αγορά ΤΠΕ,released,knowledge,sector-specific,αγορές ΤΠΕ | τομέας αγοράς συστημάτων πληροφορικής | αγορά συστημάτων ΤΠΕ | τομέας αγοράς ΤΠΕ | αγορά συστημάτων πληροφορικής,"Οι διαδικασίες, τα ενδιαφερόμενα μέρη και η δυναμική της αλυσίδας των αγαθών και των υπηρεσιών στον τομέα των ΤΠΕ.",http://data.europa.eu/esco/isced-f/0414,εμπορική προώθηση και διαφήμιση
KnowledgeSkillCompetence,http://data.europa.eu/esco/skill/e5a6e1e0-1b07-4432-83ba-77d593b2cb47,SAS Data Management,released,knowledge,sector-specific,,"Το λογισμικό SAS Data Management (SAS Data Management) είναι ένα εργαλείο για την ενσωμάτωση πληροφοριών από πολλαπλές εφαρμογές, που έχουν δημιουργηθεί και συντηρούνται από οργανισμούς, σε μια συνεκτική και διαφανή δομή δεδομένων, που αναπτύχθηκε από την εταιρεία λογισμικού SAS.",http://data.europa.eu/esco/skill/9d0d89be-bffa-4393-b6f6-8d05bea49051 | http://data.europa.eu/esco/isced-f/0612,εργαλεία φόρτωσης μετατροπής και εξαγωγής δεδομένων | σχεδιασμός και διαχείριση βάσεων δεδομένων και δικτύων
KnowledgeSkillCompetence,http://data.europa.eu/esco/skill/e5b5053e-0ef6-4c4e-a3f2-42f955f4322c,χρησιμοποίηση τείχους προστασίας,released,skill/competence,sector-specific,,"Τηλεφόρτωση, εγκατάσταση και επικαιροποίηση συστήματος ασφάλειας δικτύου που έχει σχεδιαστεί για την αποτροπή μη εξουσιοδοτημένης πρόσβασης σε ιδιωτικό δίκτυο.",http://data.europa.eu/esco/skill/f4346299-e22a-4686-8e61-2c9b0cd51c7d | http://data.europa.eu/esco/skill/185c56ee-098f-46a1-af87-56337085da6f,εφαρμογή μέτρων ψηφιακής ασφάλειας | προστασία συσκευών τπε
KnowledgeSkillCompetence,http://data.europa.eu/esco/skill/e5beeff8-7c98-490a-ae2c-16fbb6a87305,διαχείριση κλειδιών για την προστασία δεδομένων,released,skill/competence,sector-specific,προστασία δεδομένων | προστασία δεδομένων και διαχείριση κλειδιών | διαχείριση της προστασίας δεδομένων | βασική διαχείριση | κλειδιά προστασίας δεδομένων,"Επιλογή κατάλληλων μηχανισμών επαλήθευσης ταυτότητας και αδειοδότησης. Σχεδιασμός, εφαρμογή και επίλυση προβλημάτων στη διαχείριση και χρήση κλειδιών. Σχεδιασμός και εφαρμογή λύσης κρυπτογράφησης δεδομένων για δεδομένα σε αδράνεια και δεδομένα υπό διαβίβαση.
	",http://data.europa.eu/esco/skill/2a3a96a3-709e-4d60-81f6-d247d6933f13 | http://data.europa.eu/esco/skill/185c56ee-098f-46a1-af87-56337085da6f,διαχείριση της ασφάλειας συστήματος | προστασία συσκευών τπε
KnowledgeSkillCompetence,http://data.europa.eu/esco/skill/e5d1f825-60ed-4bdd-872a-e748c387f777,CSS,released,knowledge,sector-specific,,"Η γλώσσα προγραμματισμού CSS είναι γλώσσα φύλλων ύφους που ελέγχει την εμφάνιση δομημένων εγγράφων. Τα έγγραφα αυτά πρέπει να συμμορφώνονται με τα φύλλα ύφους, ένα σύνολο υφολογικών κανόνων, όπως η γραμματοσειρά, το χρώμα και η διάταξη.",http://data.europa.eu/esco/skill/c2999f0c-eb37-4cdf-b9b0-82107b628794 | http://data.europa.eu/esco/isced-f/0612,γλώσσες μορφοποίησης σελίδων | σχεδιασμός και διαχείριση βάσεων δεδομένων και δικτύων
KnowledgeSkillCompetence,http://data.europa.eu/esco/skill/e6262391-ffda-4b8e-9f5c-89cf1a0e7384,οπτικοακουστικός εξοπλισμός,released,knowledge,sector-specific,,Τα χαρακτηριστικά και η χρήση διαφόρων εργαλείων για τη διέγερση των αισθήσεων της όρασης και της ακοής.,http://data.europa.eu/esco/isced-f/0211,τεχνικές και παραγωγή οπτικοακουστικών μέσων
KnowledgeSkillCompetence,http://data.europa.eu/esco/skill/e63da991-d405-4463-9874-3555c80082d9,δημιουργία δισδιάστατου σχεδίου,released,skill/competence,cross-sector,δημιουργία σχεδίων δύο διαστάσεων | δημιουργία εικόνων δύο διαστάσεων,Καταρτίστε ένα σχέδιο χρησιμοποιώντας ένα φάσμα ψηφιακών εργαλείων.,http://data.europa.eu/esco/skill/ab99d9a7-62eb-407b-92f2-bf7992a82004,δημιουργία καλλιτεχνικών σχεδίων ή παραστάσεων
KnowledgeSkillCompetence,http://data.europa.eu/esco/skill/e665d919-f28d-4ac4-adf0-8903ac66540e,κατάρτιση διαγραμμάτων σχεδιασμού,released,skill/competence,cross-sector,,Κατάρτιση διαγραμμάτων σχεδιασμού με χρήση σχεδιασμού με τη βοήθεια υπολογιστή. Εργασία σύμφωνα με τις εκτιμήσεις του προϋπολογισμού. Οργάνωση και πραγματοποίηση συναντήσεων με πελάτες.,http://data.europa.eu/esco/skill/b2c688b0-9106-466d-8b88-eafdfe608e7d,σχεδιασμός δομών ή εγκαταστάσεων
KnowledgeSkillCompetence,http://data.europa.eu/esco/skill/e6b8f934-7f35-4dc6-9a64-f6c43acdc00b,προμηθευτές συνιστωσών λογισμικού,released,knowledge,sector-specific,πάροχοι τμημάτων λογισμικού· πάροχοι συνιστωσών λογισμικού· πάροχοι επί μέρους στοιχείων λογισμικού | προμηθευτές συνιστωσών λογισμικού· προμηθευτές επί μέρους στοιχείων λογισμικού,Προμηθευτές που μπορούν να παρέχουν τις απαιτούμενες συνιστώσες λογισμικού.,http://data.europa.eu/esco/isced-f/0613,ανάπτυξη και ανάλυση λογισμικού και εφαρμογών
KnowledgeSkillCompetence,http://data.europa.eu/esco/skill/e743a3f3-ba4a-4dab-99a6-6321dba6b502,επικαιροποίηση υπηρεσιών διαχείρισης αεροναυτικών πληροφοριών,released,skill/competence,occupation-specific,,"Επικαιροποίηση υπηρεσιών διαχείρισης αεροναυτικών πληροφοριών (ΑΙΜ), όπως σύνολα αεροναυτικών δεδομένων, διαγράμματα και δημοσιεύσεις.",http://data.europa.eu/esco/skill/f698f8df-b473-40aa-a5c9-033cd892467a | http://data.europa.eu/esco/skill/2579f843-87e8-4a9f-83ce-1284b2218b56 | http://data.europa.eu/esco/skill/32c017fd-28ab-4051-bf68-74de952c2f77,συνεχής ενημέρωση για τους κανονισμούς | εποπτεία υπηρεσιών διαχείρισης αεροναυτικών πληροφοριών | διαχείριση πληροφοριών
KnowledgeSkillCompetence,http://data.europa.eu/esco/skill/e74f4f21-8d45-412c-b5c3-652e6167ee32,διεργασίες ανάπτυξης περιεχομένου,released,knowledge,cross-sector,ειδικές διεργασίες οργάνωσης περιεχομένου | διεργασίες δημιουργίας περιεχομένου | διαδικασίες ανάπτυξης περιεχομένου | ειδικές μέθοδοι επεξεργασίας περιεχομένου | τεχνικές δόμησης περιεχομένου,"Οι εξειδικευμένες τεχνικές που χρησιμοποιούνται για τον σχεδιασμό, τη συγγραφή, την κατάρτιση, την επεξεργασία και την οργάνωση ψηφιακού περιεχομένου, όπως κείμενα, γραφικά και βίντεο για εκδοτικούς σκοπούς.",http://data.europa.eu/esco/isced-f/0211,τεχνικές και παραγωγή οπτικοακουστικών μέσων
KnowledgeSkillCompetence,http://data.europa.eu/esco/skill/e79dab00-fe87-48f2-b8cc-f48b68bc7f35,WhiteHat Sentinel,released,knowledge,sector-specific,,"Το λογισμικό WhiteHat Sentinel είναι ένα εξειδικευμένο εργαλείο ΤΠΕ το οποίο δοκιμάζει τις αδυναμίες ασφαλείας σε περίπτωση ενδεχόμενης μη εξουσιοδοτημένης πρόσβασης σε πληροφορίες του συστήματος, και έχει αναπτυχθεί από την εταιρεία λογισμικού WhiteHat Security.",http://data.europa.eu/esco/isced-f/0613 | http://data.europa.eu/esco/skill/de586dcf-d7e5-4340-bf5b-d59026f1b436,ανάπτυξη και ανάλυση λογισμικού και εφαρμογών | εργαλείο δοκιμής διείσδυσης
KnowledgeSkillCompetence,http://data.europa.eu/esco/skill/e8171178-9a60-40a6-ad3b-510e10cfebad,δημιουργία τρισδιάστατων εικόνων,released,skill/competence,cross-sector,παρουσιάζω εικόνες σε τρισδιάστατο περιβάλλον· παρουσιάζω τρισδιάστατες αναπαραστάσεις· παρουσιάζω τρισδιάστατες απεικονίσεις | δημιουργώ εικόνες τριών διαστάσεων· δημιουργώ εικόνες 3Δ,Χρήση εξειδικευμένων εργαλείων για τη μετατροπή τρισδιάστατων πλαισιωμένων μοντέλων σε δισδιάστατες εικόνες με τρισδιάστατα φωτορεαλιστικά εφέ ή μη φωτορεαλιστική παραγωγή σε ηλεκτρονικό υπολογιστή.,http://data.europa.eu/esco/skill/1859883d-c047-4fe1-8e74-7bb4385d6ad2 | http://data.europa.eu/esco/skill/5f782745-6382-4873-b415-8fb91c705b03 | http://data.europa.eu/esco/skill/f5b33464-4df9-4cf3-b468-b0a2d6b3ee85 | http://data.europa.eu/esco/skill/a556a3db-cd48-42a5-825c-f95f6f5ccbfe,εφαρμογή τεχνικών 3D imaging | δημιουργία ψηφιακών εικόνων | χειρισμός λογισμικού υπολογιστή τρισδιάστατων γραφικών | δημιουργία διατάξεων οπτικής απεικόνισης και διακοσμήσεων
KnowledgeSkillCompetence,http://data.europa.eu/esco/skill/e819cc1e-09d9-47f2-b418-93972852daef,MarkLogic,released,knowledge,sector-specific,,"Η μη σχεσιακή βάση δεδομένων NoSQL, η οποία χρησιμοποιείται για τη δημιουργία, την επικαιροποίηση και τη διαχείριση μεγάλων όγκων μη δομημένων δεδομένων που είναι αποθηκευμένα σε υπολογιστικό νέφος, και η οποία παρέχει χαρακτηριστικά όπως η σημασιολογία, τα εύκαμπτα μοντέλα δεδομένων και η ενσωμάτωση Hadoop.",http://data.europa.eu/esco/skill/ab1e97ed-2319-4293-a8b7-072d2648822f | http://data.europa.eu/esco/isced-f/0612,συστήματα διαχείρισης βάσεων δεδομένων | σχεδιασμός και διαχείριση βάσεων δεδομένων και δικτύων
KnowledgeSkillCompetence,http://data.europa.eu/esco/skill/e81d7bed-b7c7-41bf-a30a-e3201e8f09b3,δημιουργία τελικού ακουστικού προϊόντος,released,knowledge,sector-specific,audio mastering,"Τα στάδια μετά την παραγωγή, κατά τα οποία το τελικό ηχογραφημένο ακουστικό προϊόν μεταφέρεται σε συσκευή αποθήκευσης δεδομένων από την οποία θα αντιγραφεί.",http://data.europa.eu/esco/skill/5ad2c837-d032-4803-aa4a-322a54936636 | http://data.europa.eu/esco/isced-f/0211,κατασκευή του αρχικού κύριου δίσκου | τεχνικές και παραγωγή οπτικοακουστικών μέσων
KnowledgeSkillCompetence,http://data.europa.eu/esco/skill/e842ed4c-23c1-4c29-b1b1-b490889db735,χάραξη θαλάσσιων διαδρομών πλοήγησης,released,skill/competence,sector-specific,,Χάραξη διαδρομής πλoήγησης ενός σκάφους υπό τον έλεγχο ανώτερου αξιωματικού καταστρώματος. Χειρισμός ραντάρ πλοίου ή ηλεκτρονικών χαρτών και αυτόματου συστήματος αναγνώρισης.,http://data.europa.eu/esco/skill/e46186e4-c784-4122-9828-4881c01bfae0 | http://data.europa.eu/esco/skill/36c9717b-e53a-4d16-b7df-b6555eff43f8,προετοιμασία δρομολογίων μεταφοράς | λειτουργία σκαφών
KnowledgeSkillCompetence,http://data.europa.eu/esco/skill/e87ec79a-c9ff-46f5-84fa-7a0f394cdf40,ρομποτική,released,knowledge,cross-sector,,"Ο κλάδος της μηχανικής που περιλαμβάνει τον σχεδιασμό, τη λειτουργία, την κατασκευή και τη χρήση των ρομπότ. Η ρομποτική αποτελεί μέρος της μηχανολογίας, της ηλεκτρολογίας και της πληροφορικής και αλληλοεπικαλύπτεται με τη μηχανοηλεκτρονική και τη μηχανική της αυτοματοποίησης.",http://data.europa.eu/esco/isced-f/0714,ηλεκτρονική και αυτοματισμός
KnowledgeSkillCompetence,http://data.europa.eu/esco/skill/e8b89eb6-51e8-4c3a-babb-88b2e110376b,Pascal (προγραμματισμός ηλεκτρονικών υπολογιστών),released,knowledge,sector-specific,,"Οι τεχνικές και οι αρχές ανάπτυξης λογισμικού, όπως η ανάλυση, οι αλγόριθμοι, η κωδικοποίηση, οι δοκιμές και η καταγραφή υποδειγμάτων προγραμματισμού, σε Pascal.",http://data.europa.eu/esco/skill/21d2f96d-35f7-4e3f-9745-c533d2dd6e97 | http://data.europa.eu/esco/isced-f/0613,προγραμματισμός ηλεκτρονικών υπολογιστών | ανάπτυξη και ανάλυση λογισμικού και εφαρμογών
KnowledgeSkillCompetence,http://data.europa.eu/esco/skill/e8bae3fe-6d8d-457e-a20b-6f8eea4d5402,χειρισμός ήχου σε ζωντανές εκδηλώσεις,released,skill/competence,sector-specific,,Χειρισμός ηχητικών συστημάτων και ηχητικών συσκευών κατά τη διάρκεια των προβών ή σε ζωντανές εκδηλώσεις.,http://data.europa.eu/esco/skill/8ddcb295-707e-459c-ba6a-66ffb37835c5,χειρισμός οπτικοακουστικού εξοπλισμού
KnowledgeSkillCompetence,http://data.europa.eu/esco/skill/e8dd9cc1-c83d-45ec-a7b0-e3727ab90336,δημιουργία κινούμενων εικόνων,released,skill/competence,sector-specific,,Δημιουργία και ανάπτυξη δισδιάστατων και τρισδιάστατων εικόνων σε κίνηση και κινούμενα σχέδια.,http://data.europa.eu/esco/skill/5f782745-6382-4873-b415-8fb91c705b03 | http://data.europa.eu/esco/skill/a556a3db-cd48-42a5-825c-f95f6f5ccbfe,δημιουργία ψηφιακών εικόνων | δημιουργία διατάξεων οπτικής απεικόνισης και διακοσμήσεων
KnowledgeSkillCompetence,http://data.europa.eu/esco/skill/e975b791-b488-4935-be44-06f2f9a443bb,προετοιμασία του αυτοκινούμενου ρομπότ,released,skill/competence,cross-sector,,"Προετοιμασία και προγραμματισμός αυτοκινούμενου ρομπότ, το οποίο ασχολείται με μηχανικές διαδικασίες και αντικαθιστά ή συνεργάζεται με σκοπό την υποστήριξη του ανθρώπινου δυναμικού, όπως είναι το αυτοκινούμενο ρομπότ έξι αξόνων.",http://data.europa.eu/esco/skill/494b8057-daf5-46a0-b33b-416e0115c30a,χρήση ψηφιακών εργαλείων για τον έλεγχο μηχανημάτων
KnowledgeSkillCompetence,http://data.europa.eu/esco/skill/e9ac6d35-0219-44c3-b488-bfd14923d09f,χρήση λογισμικών για την κοπή πατρόν,released,skill/competence,sector-specific,χρήση λογισμικών για την κοπή πρωτοτύπων,"Χρήση λογισμικού κοπής πατρόν για τη δημιουργία προτύπων κατασκευής ένδυσης, επινοημένων κλωστοϋφαντουργικών ειδών και κλωστοϋφαντουργικών προϊόντων. Καθορισμός επαρκών πατρόν στο λογισμικό για τη δυνατότητα αναπαραγωγής των προϊόντων, λαμβάνοντας υπόψη τα μεγέθη και τα σχήματα.",http://data.europa.eu/esco/skill/2ac79be0-1f66-48da-84a6-2d294179927f | http://data.europa.eu/esco/skill/494b8057-daf5-46a0-b33b-416e0115c30a,δημιουργία προτύπων για ρούχα | χρήση ψηφιακών εργαλείων για τον έλεγχο μηχανημάτων
KnowledgeSkillCompetence,http://data.europa.eu/esco/skill/ea412de3-9d7a-4943-8d8c-c6d3c7495d0e,εκτέλεση δοκιμής ολοκλήρωσης,released,skill/competence,sector-specific,εκτελώ δοκιμή ενοποίησης | διεξάγω δοκιμή ολοκλήρωσης | πραγματοποιώ δοκιμές ενοποίησης | εκτελώ δοκιμή εφαρμογής | διενεργώ ελέγχους ενσωμάτωσης | ελέγχω τη σύνδεση των διεπαφών μεταξύ συνιστωσών του λογισμικού,"Εκτέλεση δοκιμής των στοιχείων του συστήματος ή του λογισμικού που ομαδοποιούνται με πολλαπλούς τρόπους για την αξιολόγηση της ικανότητάς τους να διασυνδέονται, της διεπαφής τους και της ικανότητάς τους να παρέχουν καθολική λειτουργικότητα.",http://data.europa.eu/esco/skill/913e7e83-b8f8-4574-b1ca-1b38f3fd974a | http://data.europa.eu/esco/skill/f839b1da-78b6-4466-86f4-a5798821ea20,διενέργεια δοκιμών λογισμικού | εγκατάσταση συστημάτων πληροφορικής
KnowledgeSkillCompetence,http://data.europa.eu/esco/skill/ea99e1f2-ad03-4bb3-8960-1227fc76bb2a,ερμηνεία διεπαφών επικοινωνίας με γραφικά,released,skill/competence,cross-sector,,Επίδειξη ικανότητας κατανόησης των διάφορων σχημάτων και παραστάσεων που χρησιμοποιούνται στα διαγράμματα και το ισομετρικό μοντέλο 3D που παρουσιάζεται στα προγράμματα επικοινωνίας.,http://data.europa.eu/esco/skill/1f403e44-7a79-4b91-b86a-e406208be161 | http://data.europa.eu/esco/skill/316df5b7-31c4-4f4e-ae69-aad1b873b995,ερμηνεία οπτικών γνώσεων | ερμηνεία τεχνικών εγγράφων και διαγραμμάτων
KnowledgeSkillCompetence,http://data.europa.eu/esco/skill/eabc06f6-2daf-45bb-b525-7fc078e2eadf,σχεδιασμός οπτικών πρωτοτύπων,released,skill/competence,sector-specific,,Σχεδιασμός και ανάπτυξη πρωτοτύπων οπτικών προϊόντων και στοιχείων με τη χρήση λογισμικού τεχνικής σχεδίασης.,http://data.europa.eu/esco/skill/bacbfc27-4b5d-47de-8bfd-af5fa27562a2 | http://data.europa.eu/esco/skill/c34b06c4-d164-4e49-a784-89d47de42ec2,"σχεδιασμός πρωτοτύπων | σχεδιασμός βιομηχανικών υλικών, συστημάτων ή προϊόντων"
KnowledgeSkillCompetence,http://data.europa.eu/esco/skill/eb0e5615-1575-4a86-a1a2-7d39595033c5,ABAP,released,knowledge,sector-specific,,"Οι τεχνικές και οι αρχές ανάπτυξης λογισμικού, όπως η ανάλυση, οι αλγόριθμοι, η κωδικοποίηση, οι δοκιμές και η καταγραφή υποδειγμάτων προγραμματισμού, σε ABAP.",http://data.europa.eu/esco/skill/21d2f96d-35f7-4e3f-9745-c533d2dd6e97 | http://data.europa.eu/esco/isced-f/0613,προγραμματισμός ηλεκτρονικών υπολογιστών | ανάπτυξη και ανάλυση λογισμικού και εφαρμογών
KnowledgeSkillCompetence,http://data.europa.eu/esco/skill/eb275d0d-64bb-49cb-a501-72aff776088f,χρησιμοποιώ ελεγκτή ορίου περιόδου λειτουργίας,released,skill/competence,sector-specific,χρησιμοποιώ συσκευή ελέγχου ορίου περιόδου λειτουργίας· χρησιμοποιώ SBC | χειρίζομαι ελεγκτή ορίου περιόδου λειτουργίας· λειτουργώ ελεγκτή ορίου περιόδου λειτουργίας· θέτω σε λειτουργία ελεγκτή ορίου περιόδου λειτουργίας,Διαχείριση κλήσεων κατά τη διάρκεια συγκεκριμένης συνόδου VoIP και διασφάλιση της ασφάλειας και της ποιότητας των υπηρεσιών με χειρισμό ενός οριακού ελεγκτή συνόδου (SBC).,http://data.europa.eu/esco/skill/185c56ee-098f-46a1-af87-56337085da6f,προστασία συσκευών τπε
KnowledgeSkillCompetence,http://data.europa.eu/esco/skill/eb2ae1c7-ba57-4695-8f29-9dd41c26e01e,εκπόνηση επιχειρηματικού σχεδίου ηλεκτρονικών πωλήσεων,released,skill/competence,cross-sector,,"Συλλογή σχετικών πληροφοριών και σύνταξη ενός καλά δομημένου εγγράφου για την πορεία ενός επιχειρηματικού σχεδίου, προσαρμοσμένου σε επιγραμμικό περιβάλλον.",http://data.europa.eu/esco/skill/37272760-957a-4c34-b4f3-780ee285334d,"ανάπτυξη σχεδίων χρηματοoικονομικών, επιχειρηματικών ή εμπορικής προώθησης"
KnowledgeSkillCompetence,http://data.europa.eu/esco/skill/eb3aa8c1-fb14-47b4-a352-b7975abd2480,αναπαραγωγή προβλημάτων λογισμικού πελάτη,released,skill/competence,sector-specific,αναπαράγω τις βλάβες του λογισμικού πελάτη | προκαλώ παρόμοιες βλάβες με τις βλάβες του λογισμικού πελάτη | επαναλαμβάνω τα σφάλματα του λογισμικού πελάτη | αναπαράγω τα σφάλματα του λογισμικού πελάτη | επαναλαμβάνω τις βλάβες του λογισμικού πελάτη,"Χρήση εξειδικευμένων εργαλείων για την αναπαραγωγή και την ανάλυση των συνθηκών που προκάλεσαν το πακέτο των καταστάσεων ή των αποτελεσμάτων λογισμικού που αναφέρονται από τον πελάτη, προκειμένου να παρέχονται οι κατάλληλες λύσεις.",http://data.europa.eu/esco/skill/0b9968af-72de-470a-98e1-2d19577443fb,επίλυση προβλημάτων πληροφορικής
KnowledgeSkillCompetence,http://data.europa.eu/esco/skill/ec0bbf39-0edd-4015-a2c3-82ad563ce3a8,σύνταξη εταιρικών μηνυμάτων ηλεκτρονικού ταχυδρομείου,released,skill/competence,cross-sector,,"Προετοιμασία, συγκέντρωση και σύνταξη μηνυμάτων με τις κατάλληλες πληροφορίες και στην κατάλληλη γλώσσα για εσωτερική ή εξωτερική επικοινωνία.",http://data.europa.eu/esco/skill/6e62e776-fbfa-486c-a6df-58cd239c86fe,τεχνική ή επιστημονική συγγραφή
KnowledgeSkillCompetence,http://data.europa.eu/esco/skill/ec0d2580-ee2f-45e6-a423-c69dd3f03868,προσαρμογή των ακουστικών βαρηκοΐας,released,skill/competence,sector-specific,,"Προγραμματισμός των ακουστικών βαρηκοΐας με χρήση υπολογιστή, εφαρμογή και διάθεση ακουστικών βαρηκοΐας ή κοχλιωτών εμφυτευμάτων, ηλεκτρονικών συσκευών που χρησιμοποιούνται για τη βελτίωση της ακοής ενός ατόμου.",http://data.europa.eu/esco/skill/872c0ddb-f056-4f51-afac-fc3d6fae0f5b,χειρισμός ιατρικού εξοπλισμού
KnowledgeSkillCompetence,http://data.europa.eu/esco/skill/ec25e825-8c5b-4b46-950b-dcb87dd410e7,προετοιμασία βασικού συστήματος ηχογράφησης,released,skill/competence,sector-specific,,Δημιουργία ενός βασικού στερεοφωνικού συστήματος ηχογράφησης.,http://data.europa.eu/esco/skill/8ddcb295-707e-459c-ba6a-66ffb37835c5,χειρισμός οπτικοακουστικού εξοπλισμού
KnowledgeSkillCompetence,http://data.europa.eu/esco/skill/ec85cc63-4e24-4631-bf92-8789db2605c0,διατήρηση της ασφάλειας της βάσης δεδομένων,released,skill/competence,sector-specific,τηρώ προγράμματα προστασίας βάσης δεδομένων· τηρώ συστήματα προστασίας βάσης δεδομένων· εφαρμόζω ελέγχους ασφαλείας βάσης δεδομένων | διατηρώ συστήματα ασφάλειας βάσης δεδομένων· διατηρώ προγράμματα ασφάλειας βάσης δεδομένων,Άριστη γνώση ευρέος φάσματος συστημάτων ελέγχου ασφάλειας πληροφοριών με σκοπό την επίτευξη της μέγιστης προστασίας των βάσεων δεδομένων.,http://data.europa.eu/esco/skill/0df2e216-68ae-4952-b9dc-3c2f2bc04fe3 | http://data.europa.eu/esco/skill/185c56ee-098f-46a1-af87-56337085da6f,τήρηση ανεξάρτητης βάσης δεδομένων (freelance) | προστασία συσκευών τπε
KnowledgeSkillCompetence,http://data.europa.eu/esco/skill/ec95d0a4-886e-4eb1-aa4c-2d5f2549df7d,χρήση λογισμικού μεταφραστικής μνήμης,released,skill/competence,cross-sector,,"Διευκόλυνση αποδοτικής γλωσσικής μετάφρασης με χρήση λογισμικού μεταφραστικής μνήμης.
	",http://data.europa.eu/esco/skill/95d84b77-ba94-492f-a1e6-18be13f16cf0 | http://data.europa.eu/esco/skill/98fb499f-9155-412d-a8a0-95ba97126fec,μετάφραση με τη βοήθεια υπολογιστή | χρήση ψηφιακών εργαλείων για συνεργασία και παραγωγικότητα
KnowledgeSkillCompetence,http://data.europa.eu/esco/skill/ed1d8bd4-cd2a-4c64-b665-56d70651026c,ανάπτυξη μοντέλων πρωτοτυποποίησης,released,knowledge,sector-specific,,Η ανάπτυξη μοντέλων πρωτοτυποποίησης είναι μια μεθοδολογία για τον σχεδιασμό συστημάτων και εφαρμογών λογισμικού.,http://data.europa.eu/esco/skill/bec4359e-cb92-468f-a997-8fb28e32fba9 | http://data.europa.eu/esco/isced-f/0613,μεθοδολογίες διαχείρισης έργων ΤΠΕ | ανάπτυξη και ανάλυση λογισμικού και εφαρμογών
KnowledgeSkillCompetence,http://data.europa.eu/esco/skill/ed392b45-1087-44a7-89a9-d514224639ff,διενέργεια προώθησης πωλήσεων με κινητές συσκευές,released,skill/competence,cross-sector,,"Διενέργεια κινητής εμπορίας με τη χρήση κινητής συσκευής, π.χ. ταμπλέτα (tablet) ή έξυπνο τηλέφωνο (smartphone). Συλλογή εξατομικευμένων πληροφοριών και μεταφορά τους στους πελάτες με σκοπό την προώθηση υπηρεσιών ή αγαθών.",http://data.europa.eu/esco/skill/efb60300-0d55-4b2c-8038-8409587a4727,"προώθηση προϊόντων, υπηρεσιών ή προγραμμάτων"
KnowledgeSkillCompetence,http://data.europa.eu/esco/skill/ed39edd3-44d0-4a16-9796-bfb99f92baf3,μέθοδοι ανάλυσης επιδόσεων των ΤΠΕ,released,knowledge,sector-specific,τεχνικές ανάλυσης επιδόσεων των ΤΠΕ | πρακτικές ανάλυσης επιδόσεων των ΤΠΕ | μεθοδολογίες εκτίμησης απόδοσης των ΤΠΕ | μέθοδοι αξιολόγησης επιδόσεων των συστημάτων ΤΠΕ | μέθοδοι ελέγχου απόδοσης των ΤΠΕ,"Οι μέθοδοι που χρησιμοποιούνται για την ανάλυση των επιδόσεων του λογισμικού, του συστήματος ΤΠΕ και του δικτύου, η οποία παρέχει καθοδήγηση σχετικά με τα βαθύτερα αίτια των προβλημάτων που ανακύπτουν σε πληροφοριακά συστήματα. Οι μέθοδοι μπορούν να αναλύουν σημεία συμφόρησης πόρων, χρόνους εφαρμογής, καθυστέρηση στην αναμονή και αποτελέσματα συγκριτικής αξιολόγησης.",http://data.europa.eu/esco/isced-f/0613,ανάπτυξη και ανάλυση λογισμικού και εφαρμογών
KnowledgeSkillCompetence,http://data.europa.eu/esco/skill/ed5bbc64-7017-4e2e-b44e-65df88013a84,ανάλυση πληροφοριακών συστημάτων,released,skill/competence,occupation-specific,,"Διενέργεια ανάλυσης πληροφοριακών συστημάτων, όπως αρχεία, βιβλιοθήκες και κέντρα τεκμηρίωσης, για την επαλήθευση της αποτελεσματικότητάς τους. Ανάπτυξη ειδικών τεχνικών επίλυσης προβλημάτων προκειμένου να βελτιωθούν οι επιδόσεις των συστημάτων.",http://data.europa.eu/esco/skill/f2cf57fe-d4cb-4b4a-831d-73171cc73909 | http://data.europa.eu/esco/skill/57231a22-4da7-49c8-97b8-75672feadf1e | http://data.europa.eu/esco/skill/9af1bd12-01bd-4d6a-947b-69e64f23150a,"αξιολόγηση συστημάτων, προγραμμάτων, εξοπλισμού και προϊόντων | διαχείριση ποσοτικών δεδομένων | επεξεργασία ποιοτικών πληροφοριών"
KnowledgeSkillCompetence,http://data.europa.eu/esco/skill/ed8de897-adbe-4f0e-b4d2-534953e64c72,ενσωμάτωση συνιστωσών συστήματος,released,skill/competence,sector-specific,ενσωματώνω συνιστώσες λογισμικού και υλισμικού | ρυθμίζω το σύστημα | συναρμολογώ το σύστημα | ενσωματώνω υλισμικό και λογισμικό | εντάσσω συνιστώσες στο σύστημα,"Επιλογή και χρήση τεχνικών και εργαλείων ενσωμάτωσης για τον σχεδιασμό και την εφαρμογή της ενσωμάτωσης μονάδων υλικού και λογισμικού και στοιχείων σε ένα σύστημα.
	",http://data.europa.eu/esco/skill/f839b1da-78b6-4466-86f4-a5798821ea20,εγκατάσταση συστημάτων πληροφορικής
KnowledgeSkillCompetence,http://data.europa.eu/esco/skill/eda4d727-4374-49af-ace4-118c7c906835,βελτιστοποίηση μηχανής αναζήτησης,released,knowledge,sector-specific,εμπορική προώθηση της μηχανής αναζήτησης· εμπορική προώθηση αναζήτησης· διαφημιστική προώθηση μηχανής αναζήτησης | βελτιστοποίηση μηχανών αναζήτησης· βελτιστοποίηση της μηχανής αναζήτησης,"Η προσέγγιση μάρκετινγκ που προωθεί την προβολή δικτυακών τόπων και επηρεάζει τις ειδικές δομές τους, γεγονός που έχει αντίκτυπο στην εμφάνισή τους σε δωρεάν αποτελέσματα αναζήτησης.",http://data.europa.eu/esco/isced-f/0414 | http://data.europa.eu/esco/skill/1d6c7de4-350e-4868-a47b-333b4b0d9650,"εμπορική προώθηση και διαφήμιση | αξιολόγηση δεδομένων, πληροφοριών και ψηφιακού περιεχομένου"
KnowledgeSkillCompetence,http://data.europa.eu/esco/skill/edebd83d-35f6-4ed5-a940-6c203d178c01,επιστήμη των δεδομένων,released,knowledge,cross-sector,διαδικασία επιστήμης δεδομένων | ανάλυση δεδομένων,"Το πεδίο μελέτης που ασχολείται με μεγάλο όγκο δεδομένων μέσω της χρήσης τεχνικών τεχνητής νοημοσύνης, όπως οι αλγόριθμοι μηχανικής μάθησης, με στόχο την πρόβλεψη μοτίβων και την άντληση χρήσιμων πληροφοριών για τη λήψη επιχειρηματικών αποφάσεων.
	",http://data.europa.eu/esco/isced-f/0688,διεπιστημονικά προγράμματα και προσόντα που περιλαμβάνουν τεχνολογίες πληροφορικής και επικοινωνιών (τπε)
KnowledgeSkillCompetence,http://data.europa.eu/esco/skill/edf081e4-d2dc-4a60-8c49-7b7e45b5ebe3,χαρτογράφηση κινδύνων,released,skill/competence,sector-specific,,"Χρήση εργαλείων απεικόνισης δεδομένων για την κοινοποίηση των συγκεκριμένων χρηματοοικονομικών κινδύνων, τη φύση και τον αντίκτυπό τους για έναν οργανισμό.",http://data.europa.eu/esco/skill/7e153e1d-2b12-43ad-89f3-0cf82ebc4a30,διενέργεια ανάλυσης και διαχείρισης κινδύνων
KnowledgeSkillCompetence,http://data.europa.eu/esco/skill/ee02393d-27dd-438a-8879-b8088ce45e79,περιβαλλοντικές πολιτικές ΤΠΕ,released,knowledge,occupation-specific,περιβαλλοντική πολιτική ΤΠΕ· περιβαλλοντική τακτική ΤΠΕ | πολιτικές ΤΠΕ όσον αφορά το περιβάλλον· περιβαλλοντικές στρατηγικές ΤΠΕ· περιβαλλοντικές τακτικές ΤΠΕ,"Οι διεθνείς και οργανωσιακές πολιτικές που αφορούν την αξιολόγηση των περιβαλλοντικών επιπτώσεων των καινοτομιών και των εξελίξεων στον τομέα των ΤΠΕ, καθώς και τις μεθόδους για τη μείωση των αρνητικών επιπτώσεων και την εφαρμογή καινοτομιών ΤΠΕ για την προστασία του περιβάλλοντος.",http://data.europa.eu/esco/isced-f/0611,χρήση υπολογιστών
KnowledgeSkillCompetence,http://data.europa.eu/esco/skill/ee3b1553-2dc5-434b-8dcf-4ae3a40b3a48,επαλήθευση των επίσημων προδιαγραφών ΤΠΕ,released,skill/competence,sector-specific,επιβεβαιώνω τις επίσημες προδιαγραφές ΤΠ | επαληθεύω τα επίσημα κριτήρια ΤΠΕ | επικυρώνω τα επίσημα πρότυπα ΤΟ | επαληθεύω τα επίσημα πρότυπα ΤΠΕ | εξακριβώνω επίσημες προδιαγραφές συστημάτων πληροφορικής,"Έλεγχος των ικανοτήτων, της ορθότητας και της απόδοσης του προβλεπόμενου αλγόριθμου ή συστήματος ώστε να ανταποκρίνεται σε ορισμένες τυπικές προδιαγραφές.",http://data.europa.eu/esco/skill/f7fc7bf8-f41d-44af-81e3-09b88e9779e6,δοκιμές ηλεκτρικών και μηχανικών συστημάτων ή εξοπλισμού
KnowledgeSkillCompetence,http://data.europa.eu/esco/skill/ee46e1d3-a52c-4113-aab9-38dbc907085d,πρωτόκολλα συναίνεσης για τις τεχνολογίες κατανεμημένου καθολικού,released,knowledge,sector-specific,συναινετικά πρωτόκολλα τεχνολογιών κατανεμημένου καθολικού | πρωτόκολλα συναίνεσης κατανεμημένων τεχνολογιών καθολικού,"Η γνώση βασικών πρωτοκόλλων συναίνεσης της αλυσίδας συστοιχιών, συμπεριλαμβανομένης της απόδειξης εργασίας (PoW), της απόδειξης συμμετοχής (PoS), της εξουσιοδοτημένης απόδειξης συμμετοχής (DPOs), της πρακτικής βυζαντινής ανοχής σφαλμάτων (Practical Byzantine Fault Tolerance, pBFT).
	",http://data.europa.eu/esco/isced-f/0612,σχεδιασμός και διαχείριση βάσεων δεδομένων και δικτύων
KnowledgeSkillCompetence,http://data.europa.eu/esco/skill/ee6c325b-223e-432f-89c3-a0f135adac9e,δημιουργία χαρτών κτηματολογίου,released,skill/competence,cross-sector,,Δημιουργία χαρτών με τη χρήση δεδομένων που συγκεντρώθηκαν κατά τη διάρκεια των δραστηριοτήτων έρευνας και μέτρησης και του ειδικού λογισμικού που περιγράφει τα κατασκευαστικά χαρακτηριστικά και τα κτίρια μιας περιοχής.,http://data.europa.eu/esco/skill/b1115b14-fa16-4c1e-be6c-91fd49a1808b,χρήση εργαλείων σχεδιασμού και σχεδίασης με τη βοήθεια ηλεκτρονικού υπολογιστή
KnowledgeSkillCompetence,http://data.europa.eu/esco/skill/ee8fee1a-75c1-43fb-b08d-779929f99249,εφαρμογή στατιστικών μεθόδων για τον έλεγχο των διαδικασιών παραγωγής,released,skill/competence,cross-sector,,Εφαρμογή στατιστικών μεθόδων από τον σχεδιασμό πειραμάτων (DOE) και τον στατιστικό έλεγχο διεργασίας (SPC) με στόχο τον έλεγχο των διαδικασιών παραγωγής.,http://data.europa.eu/esco/skill/ec528c47-65f4-4187-9dc1-5a8889f84a06 | http://data.europa.eu/esco/skill/382c11ed-20d5-4ae7-b60e-15fec527fa6c,ανάλυση επιχειρηματικών δραστηριοτήτων | εφαρμογή τεχνικών στατιστικής ανάλυσης
KnowledgeSkillCompetence,http://data.europa.eu/esco/skill/eee58e6d-4587-42f0-b9a0-fe055cfe2044,δημιουργία κινουμένων σχεδίων,released,skill/competence,sector-specific,,"Σχεδιασμός και ανάπτυξη οπτικών εικόνων κινουμένων σχεδίων με τη χρήση δεξιοτήτων δημιουργικότητας και πληροφορικής. Εμφάνιση ρεαλιστικών αντικειμένων ή χαρακτήρων με χειρισμό του φωτός, των χρωμάτων, της υφής, της σκιάς και της διαφάνειας ή μέσω της επεξεργασίας στατικών εικόνων με σκοπό την ψευδαίσθηση της κίνησης.",http://data.europa.eu/esco/skill/ab99d9a7-62eb-407b-92f2-bf7992a82004,δημιουργία καλλιτεχνικών σχεδίων ή παραστάσεων
KnowledgeSkillCompetence,http://data.europa.eu/esco/skill/eeef9d73-f215-40fb-92cc-6498f13fc3f2,δημιουργία υπέρυθρων εικόνων,released,skill/competence,sector-specific,,Χρήση φωτογραφικής μηχανής με υπέρυθρη ακτινοβολία για την παραγωγή εικόνων που απεικονίζουν το υπέρυθρο μέρος του φάσματος.,http://data.europa.eu/esco/skill/8ddcb295-707e-459c-ba6a-66ffb37835c5,χειρισμός οπτικοακουστικού εξοπλισμού
KnowledgeSkillCompetence,http://data.europa.eu/esco/skill/ef0527db-0442-4f05-a150-533b410e1cc1,χειρισμός πινάκων ελέγχου σιδηροδρόμων,released,skill/competence,sector-specific,,"Χειρισμός διαφόρων τύπων πινάκων ελέγχου σιδηροδρόμων, όπως τα συστήματα Individual Function Switch (IFS), One Control Switch (OCS) ή Entrance Exit (NX).",http://data.europa.eu/esco/skill/1fa420ed-5378-4258-8d7a-9ec274dda927 | http://data.europa.eu/esco/skill/494b8057-daf5-46a0-b33b-416e0115c30a,χειρισμός πινάκων ελέγχου | χρήση ψηφιακών εργαλείων για τον έλεγχο μηχανημάτων
KnowledgeSkillCompetence,http://data.europa.eu/esco/skill/ef069fe6-305b-4452-8f7d-0c572e98effc,μάρκετινγκ μέσω κινητών συσκευών,released,knowledge,sector-specific,εμπορική προώθηση μέσω κινητών συσκευών | μάρκετινγκ μέσω κινητού τηλεφώνου | πωλήσεις και προώθηση μέσω φορητών συσκευών | μάρκετινγκ μέσω φορητών συσκευών | προβολή και προώθηση μέσω κινητών συσκευών,"Η μελέτη του μάρκετινγκ που χρησιμοποιεί τις κινητές συσκευές ως κανάλι επικοινωνίας. Η προσέγγιση αυτή μπορεί να προσφέρει σε δυνητικούς πελάτες εξατομικευμένες πληροφορίες (με βάση την τοποθεσία και το χρόνο) που προωθούν προϊόντα, υπηρεσίες ή ιδέες.",http://data.europa.eu/esco/isced-f/0414,εμπορική προώθηση και διαφήμιση
KnowledgeSkillCompetence,http://data.europa.eu/esco/skill/ef64005d-75bc-4597-8ed6-717edec5e55e,ενίσχυση της προβολής δικτυακού τόπου,released,skill/competence,cross-sector,προάγω την προβολή ιστοσελίδας | βελτιστοποιώ την παρουσίαση ιστοσελίδας | προωθώ την προβολή δικτυακού τόπου | προωθώ εμπορικά μια ιστοσελίδα | ενισχύω την προώθηση ιστοτόπου | ενισχύω την εμπορική προώθηση ιστοσελίδας,"Προώθηση δικτυακού τόπου σε χρήστες, επιχειρηματικούς εταίρους και μηχανές αναζήτησης. Βελτιστοποίηση της έκθεσης του διαδικτυακού τόπου σε μηχανές αναζήτησης, αποστολή μηνυμάτων ηλεκτρονικού ταχυδρομείου, καθορισμός τιμολόγησης και πολιτικών και υλοποίηση ενεργειών μάρκετινγκ.",http://data.europa.eu/esco/skill/d04ee340-5378-4601-8181-19da6d5cbfe0 | http://data.europa.eu/esco/skill/37272760-957a-4c34-b4f3-780ee285334d,"διαχείριση ιστοτόπου | ανάπτυξη σχεδίων χρηματοoικονομικών, επιχειρηματικών ή εμπορικής προώθησης"
KnowledgeSkillCompetence,http://data.europa.eu/esco/skill/f0010b93-5552-45cb-ad26-168c8168f319,Nexpose,released,knowledge,sector-specific,,"Το λογισμικό Nexpose είναι ένα εξειδικευμένο εργαλείο ΤΠΕ το οποίο δοκιμάζει τις αδυναμίες ασφαλείας σε περίπτωση ενδεχόμενης μη εξουσιοδοτημένης πρόσβασης σε πληροφορίες του συστήματος, το οποίο έχει αναπτυχθεί από την εταιρεία λογισμικού Rapid7.",http://data.europa.eu/esco/isced-f/0613 | http://data.europa.eu/esco/skill/de586dcf-d7e5-4340-bf5b-d59026f1b436,ανάπτυξη και ανάλυση λογισμικού και εφαρμογών | εργαλείο δοκιμής διείσδυσης
KnowledgeSkillCompetence,http://data.europa.eu/esco/skill/f0163b63-6794-4eb7-b17b-f91d11b2602d,υλοποίηση κρυπτογραφικών κατασκευών,released,skill/competence,sector-specific,ανάπτυξη κρυπτογραφικών κατασκευών | να αναπτύξουν κρυπτογραφικές κατασκευές,"Υλοποίηση κρυπτογραφικών κατασκευών, όπως οι συναρτήσεις κατατεμαχισμού (hash functions), οι αλγόριθμοι συμμετρικού κλειδιού και οι αλγόριθμοι ασύμμετρου κλειδιού, στο πλαίσιο συγκεκριμένων εφαρμογών.
	",http://data.europa.eu/esco/skill/f839b1da-78b6-4466-86f4-a5798821ea20,εγκατάσταση συστημάτων πληροφορικής
KnowledgeSkillCompetence,http://data.europa.eu/esco/skill/f0393af3-bcd9-41af-a36e-0cfb83b60081,διαχείριση τυποποιημένου συστήματος σχεδιασμού πόρων επιχείρησης,released,skill/competence,sector-specific,,"Συλλογή, διαχείριση και ερμηνεία δεδομένων σχετικών με τις εταιρείες που έχουν σχέση με τις αποστολές, τις πληρωμές, την απογραφή, τους πόρους και τις κατασκευές, με τη χρήση ειδικού λογισμικού διαχείρισης επιχειρήσεων. Είδη λογισμικού όπως Microsoft Dynamics, SAP ERP, Oracle ERP.",http://data.europa.eu/esco/skill/6a7fc30d-af16-4cc5-a957-29d174bdb61c,"διαχείριση, συλλογή και αποθήκευση ψηφιακών δεδομένων"
KnowledgeSkillCompetence,http://data.europa.eu/esco/skill/f049d050-12da-4e40-813a-2b5eb6df6b51,Διαδίκτυο των Πραγμάτων,released,knowledge,sector-specific,έξυπνες συσκευές | Διαδίκτυο των Εφαρμογών | συσκευές πληροφορικής | Διαδίκτυο των Αντικειμένων | Ίντερνετ των Πραγμάτων | υπολογιστική τεχνολογία,"Οι γενικές αρχές, οι κατηγορίες, οι απαιτήσεις, οι περιορισμοί και τα τρωτά σημεία των έξυπνων συνδεδεμένων συσκευών (οι περισσότερες από αυτές με επιδιωκόμενη συνδεσιμότητα στο διαδίκτυο).",http://data.europa.eu/esco/isced-f/0611,χρήση υπολογιστών
KnowledgeSkillCompetence,http://data.europa.eu/esco/skill/f0de4973-0a70-4644-8fd4-3a97080476f4,DevOps,released,knowledge,sector-specific,,Η προσέγγιση DevOps είναι μια μεθοδολογία για τον σχεδιασμό συστημάτων και εφαρμογών λογισμικού που εστιάζουν στη συνεργασία και μεταξύ των προγραμματιστών λογισμικού και άλλων επαγγελματιών στον τομέα των ΤΠΕ και της αυτοματοποίησης.,http://data.europa.eu/esco/skill/bec4359e-cb92-468f-a997-8fb28e32fba9 | http://data.europa.eu/esco/isced-f/0613,μεθοδολογίες διαχείρισης έργων ΤΠΕ | ανάπτυξη και ανάλυση λογισμικού και εφαρμογών
KnowledgeSkillCompetence,http://data.europa.eu/esco/skill/f0f2da78-ef60-4653-b2c8-ff0a7a9ea2f8,εκπαίδευση χρηστών βιβλιοθήκης στον ψηφιακό γραμματισμό,released,skill/competence,occupation-specific,,"Διδασκαλία βασικών ηλεκτρονικών δεξιοτήτων, όπως η αναζήτηση ψηφιακών βάσεων δεδομένων, σε επισκέπτες βιβλιοθηκών.
	",http://data.europa.eu/esco/skill/699e7c26-6502-4e78-a823-3656ff5a5b8b | http://data.europa.eu/esco/skill/caede8f1-6658-4d78-9eb4-2ad2c7ebf09b,παροχή οδηγιών σε τρίτους | διδασκαλία και κατάρτιση
KnowledgeSkillCompetence,http://data.europa.eu/esco/skill/f0f5bb34-71df-4715-9c9e-03567b76ec8f,δημιουργία ενός σχηματικού διαγράμματος της δομής της ιστοσελίδας,released,skill/competence,sector-specific,,"Ανάπτυξη εικόνας ή συνόλου εικόνων που εμφανίζουν τα λειτουργικά στοιχεία ενός ιστότοπου ή μιας σελίδας, συνήθως με στόχο τον σχεδιασμό της λειτουργικότητας και της δομής ενός ιστοτόπου.",http://data.europa.eu/esco/skill/6a7fc30d-af16-4cc5-a957-29d174bdb61c,"διαχείριση, συλλογή και αποθήκευση ψηφιακών δεδομένων"
KnowledgeSkillCompetence,http://data.europa.eu/esco/skill/f0ff6f10-cbb4-44c0-acd5-ed17046b1396,εγκατάσταση επαναληπτών σήματος,released,skill/competence,sector-specific,ρυθμίζω ενισχυτές και αναμεταδότες | πραγματοποιώ εγκατάσταση αναμεταδοτών σήματος | ρυθμίζω αναμεταδότες σήματος | εγκαθιστώ αναμεταδότη σήματος | εγκαθιστώ επαναλήπτη σήματος,Εγκατάσταση και διαμόρφωση συσκευών που ενισχύουν την ισχύ σήματος ενός διαύλου επικοινωνίας με σκοπό τη δημιουργία της κατάλληλης λήψης και αναπαραγωγής του σε περαιτέρω τοποθεσίες.,http://data.europa.eu/esco/skill/a7065828-10aa-4aba-b7d4-f23a30df5060,"εγκατάσταση και επισκευή εξοπλισμού ηλεκτρικού, ηλεκτρονικού και ακριβείας"
KnowledgeSkillCompetence,http://data.europa.eu/esco/skill/f1a56786-e6d7-4b2e-a39c-23e09024d473,έννοιες των τηλεπικοινωνιών,released,knowledge,sector-specific,βασικές αρχές των τηλεπικοινωνιών | θεμελιώδεις αρχές των τηλεπικοινωνιών | έννοιες συστημάτων τηλεπικοινωνίας | θεωρίες των τηλεπικοινωνιών,"Οι τηλεπικοινωνιακές αρχές, θεωρίες, μοντέλα, εξοπλισμοί και διαδικασίες, όπως ποσοστό μεταφοράς, εύρος ζώνης, λόγος σήματος προς θόρυβο, συχνότητα δυαδικών σφαλμάτων και λόγος C/N, καθώς και οι επιπτώσεις των χαρακτηριστικών της πορείας μεταφοράς στη λειτουργία και την ποιότητα των τηλεπικοινωνιών.",http://data.europa.eu/esco/isced-f/0714,ηλεκτρονική και αυτοματισμός
KnowledgeSkillCompetence,http://data.europa.eu/esco/skill/f22dd07b-cb0f-4b18-ba54-d922dfaa8c14,χρήση λογισμικού για τον σχεδιασμό καλαποδιών με τη βοήθεια υπολογιστή,released,skill/competence,sector-specific,,"Ικανότητα ψηφιοποίησης και σάρωσης των καλαποδιών. Επεξεργασία με διάφορα συστήματα CAD (2D και 3D) και χρήση του λογισμικού για την προσαρμογή και τη μετατροπή του σχήματος των καλαποδιών σύμφωνα με τις απαιτούμενες διαστάσεις του πελάτη. Δημιουργία προτύπων 2D για τον έλεγχο του σχήματος του νέου καλαποδιού. Παραγωγή τεχνικών σχεδίων και προετοιμασία τεχνικών δελτίων προδιαγραφών για την κατασκευή. Βαθμονόμηση του καλαποδιού. Εξαγωγή των αρχείων του εικονικού μοντέλου σε εκτυπωτές 3D, συστήματα CAM ή CNC.",http://data.europa.eu/esco/skill/b34e2ba1-9080-48c9-9b42-ee9192a4d3f1 | http://data.europa.eu/esco/skill/b1115b14-fa16-4c1e-be6c-91fd49a1808b,χρήση λογισμικού για σχεδιασμό με χρήση υπολογιστή | χρήση εργαλείων σχεδιασμού και σχεδίασης με τη βοήθεια ηλεκτρονικού υπολογιστή
KnowledgeSkillCompetence,http://data.europa.eu/esco/skill/f2741507-c5f7-45b6-8bcd-8d0d27650d68,επεξήγηση χαρακτηριστικών περιφερειακού εξοπλισμού ηλεκτρονικού υπολογιστή,released,skill/competence,sector-specific,,"Επεξήγηση σε πελάτες των χαρακτηριστικών υπολογιστών και περιφερειακού εξοπλισμού υπολογιστών. Ενημέρωση πελατών σχετικά με την χωρητικότητα μνήμης, την ταχύτητα επεξεργασίας, την εισαγωγή δεδομένων, τις επιδόσεις κ.λπ.",http://data.europa.eu/esco/skill/62afcfdd-a2a6-4143-bafb-59c77e15a01c | http://data.europa.eu/esco/skill/b3fc5018-ff7b-46fd-be18-dd4148e9b241,παροχή συμβουλών σχετικά με προϊόντα και υπηρεσίες | παροχή συμβουλών σε πελάτες σχετικά με είδη εξοπλισμού ηλεκτρονικού υπολογιστή
KnowledgeSkillCompetence,http://data.europa.eu/esco/skill/f28617ad-afdd-4041-814c-216153a38998,ανάλυση προδιαγραφών λογισμικού,released,skill/competence,sector-specific,ανάλυση λογισμικών συστημάτων | ανάλυση απαιτήσεων λογισμικού,"Αξιολόγηση των προδιαγραφών ενός προϊόντος ή συστήματος λογισμικού που πρόκειται να αναπτυχθεί, με τον προσδιορισμό των λειτουργικών και μη λειτουργικών απαιτήσεων, των περιορισμών και των πιθανών περιπτώσεων χρήσης που απεικονίζουν τις αλληλεπιδράσεις μεταξύ του λογισμικού και των χρηστών του.",http://data.europa.eu/esco/skill/a8c3186b-c791-4d57-8f4f-4d12c7a5c6a7,προγραμματισμός συστημάτων ηλεκτρονικών υπολογιστών
KnowledgeSkillCompetence,http://data.europa.eu/esco/skill/f2c26cd0-f823-4549-a418-f84d23131308,THC Hydra,released,knowledge,sector-specific,,Το πακέτο THC Hydra είναι ένα παραλληλισμένο σύστημα παραβίασης εισόδου που δοκιμάζει τις αδυναμίες ασφάλειας των πρωτοκόλλων του συστήματος σε περίπτωση ενδεχόμενης μη εξουσιοδοτημένης πρόσβασης σε πληροφορίες του συστήματος. Στα κύρια χαρακτηριστικά περιλαμβάνονται η παραβίαση σύνδεσης δικτύου και η ανάγνωση και εκτύπωση των κωδικών πρόσβασης.,http://data.europa.eu/esco/isced-f/0613 | http://data.europa.eu/esco/skill/de586dcf-d7e5-4340-bf5b-d59026f1b436,ανάπτυξη και ανάλυση λογισμικού και εφαρμογών | εργαλείο δοκιμής διείσδυσης
KnowledgeSkillCompetence,http://data.europa.eu/esco/skill/f2d57f41-43b4-4f5b-8100-3df5c21eda50,επεξεργασία δεδομένων,released,skill/competence,cross-sector,,"Εισαγωγή πληροφοριών σε σύστημα αποθήκευσης δεδομένων και σύστημα ανάκτησης δεδομένων μέσω διαδικασιών όπως η σάρωση, η χειροκίνητη πληκτρολόγηση ή η ηλεκτρονική διαβίβαση δεδομένων, για την επεξεργασία μεγάλου όγκου δεδομένων.",http://data.europa.eu/esco/skill/9bdf8a77-8524-43da-bac6-d15d22e1b7ed,εισαγωγή και μετατροπή πληροφοριών
KnowledgeSkillCompetence,http://data.europa.eu/esco/skill/f36fb0bd-21d5-4347-b484-69c735f4e700,OmniPage,released,knowledge,sector-specific,,"Το λογισμικό OmniPage μετατρέπει ηλεκτρονικά εκτυπωμένες και δακτυλογραφημένες εικόνες σε κείμενο κωδικοποιημένο από μηχανή, ώστε τα έγγραφα να μπορούν να αποθηκεύονται ηλεκτρονικά, να υποβάλλονται σε επεξεργασία και να είναι διαθέσιμα σε ψηφιακή μορφή.",http://data.europa.eu/esco/skill/12c82224-6394-4c3c-9831-2a8198ed1274 | http://data.europa.eu/esco/isced-f/0613,λογισμικό οπτικής αναγνώρισης χαρακτήρων | ανάπτυξη και ανάλυση λογισμικού και εφαρμογών
KnowledgeSkillCompetence,http://data.europa.eu/esco/skill/f39336a8-8bf3-4a36-ac40-2f88836f5112,χειρισμός συστήματος επικοινωνίας έκτακτων περιστατικών,released,skill/competence,cross-sector,,"Αποτελεσματική λειτουργία των κοινών συστημάτων επικοινωνίας έκτακτων περιστατικών, όπως πομποί και δέκτες σταθμών βάσης, φορητοί πομποί και δέκτες, αναμεταδότες, κινητά τηλέφωνα, συσκευές τηλεειδοποίησης, συστήματα αυτοματοποιημένου προσδιορισμού θέσης οχημάτων, καθώς και δορυφορικά τηλέφωνα όπως απαιτείται.",http://data.europa.eu/esco/skill/0a88a13f-693a-4dde-b44c-22e6f98fabc6,χειρισμός εξοπλισμού επικοινωνίας
KnowledgeSkillCompetence,http://data.europa.eu/esco/skill/f399a9c1-be41-4117-bf86-a64b503c4cfd,επιτήρηση της εισαγωγής δεδομένων,released,skill/competence,cross-sector,,"Επιτήρηση της εισαγωγής πληροφοριών, όπως διευθύνσεις ή ονόματα, σε σύστημα αποθήκευσης δεδομένων και ανάκτησης δεδομένων μέσω πληκτρολόγησης, ηλεκτρονικής διαβίβασης δεδομένων ή μέσω σάρωσης.",http://data.europa.eu/esco/skill/4463a721-69f3-413d-8321-43e3af13a4f1 | http://data.europa.eu/esco/skill/9bdf8a77-8524-43da-bac6-d15d22e1b7ed,χρήση βάσεων δεδομένων | εισαγωγή και μετατροπή πληροφοριών
KnowledgeSkillCompetence,http://data.europa.eu/esco/skill/f39ea734-faef-48a7-9544-14e691aed6ab,εγκατάσταση αποθήκευσης μέσων,released,skill/competence,occupation-specific,,"Εγκατάσταση και ρύθμιση συστημάτων αποθήκευσης και πρόσβασης στα μέσα, καθώς και σχετικών πλεοναζόντων και εφεδρικών συστημάτων, ώστε να διασφαλίζεται μέγιστη ασφάλεια των δεδομένων, μέγιστη προσβασιμότητα και μικρός χρόνος αναμονής των χρησιμοποιούμενων μέσων.
	",http://data.europa.eu/esco/skill/f839b1da-78b6-4466-86f4-a5798821ea20,εγκατάσταση συστημάτων πληροφορικής
KnowledgeSkillCompetence,http://data.europa.eu/esco/skill/f3d8547b-e7c4-4024-8f2d-0ccf3f522779,χρήση υπηρεσιών κινητών επικοινωνιών σε αεροσκάφη,released,skill/competence,occupation-specific,,"Χρήση υπηρεσιών επικοινωνιών σε αεροσκάφη με σκοπό τη μετάδοση και την παραλαβή τεχνικών πληροφοριών από αεροσκάφη, σύμφωνα με τους τεχνικούς κανονισμούς και διατάξεις.",http://data.europa.eu/esco/skill/0a88a13f-693a-4dde-b44c-22e6f98fabc6,χειρισμός εξοπλισμού επικοινωνίας
KnowledgeSkillCompetence,http://data.europa.eu/esco/skill/f40da95c-febe-406c-96aa-2d6d9c09a0a3,μετατροπή διαφορετικών οπτικοακουστικών μέσων,released,skill/competence,cross-sector,,"Χρήση εξειδικευμένου λογισμικού για τη μετατροπή δεδομένων σε διαφορετικό μορφότυπο ήχου και/ή βίντεο.
	",http://data.europa.eu/esco/skill/6a7fc30d-af16-4cc5-a957-29d174bdb61c,"διαχείριση, συλλογή και αποθήκευση ψηφιακών δεδομένων"
KnowledgeSkillCompetence,http://data.europa.eu/esco/skill/f4229545-9cd3-4abf-ac7b-744040a7a61b,χρήση λογισμικού για τον έλεγχο του γάλακτος,released,skill/competence,sector-specific,,Αποτελεσματική χρήση λογισμικού για τον έλεγχο του γάλακτος και σωστή ερμηνεία των αποτελεσμάτων.,http://data.europa.eu/esco/skill/6a7fc30d-af16-4cc5-a957-29d174bdb61c,"διαχείριση, συλλογή και αποθήκευση ψηφιακών δεδομένων"
KnowledgeSkillCompetence,http://data.europa.eu/esco/skill/f4346299-e22a-4686-8e61-2c9b0cd51c7d,εφαρμογή μέτρων ψηφιακής ασφάλειας,released,skill/competence,transversal,χρήση λογισμικού προστασίας από ιούς | αφαίρεση ιών και κακόβουλου λογισμικού από έναν υπολογιστή | προστασία ψηφιακών συσκευών | επικαιροποίηση των μέτρων διαδικτυακής ασφάλειας | προστασία των συσκευών ΤΠΕ | προστασία των προσωπικών δεδομένων,"Εφαρμογή απλών τρόπων προστασίας των ψηφιακών συσκευών και του ψηφιακού περιεχομένου.
	",http://data.europa.eu/esco/skill/3399045f-8078-4066-8b46-475b49b260ab,Εργασία με ψηφιακές συσκευές και εφαρμογές
KnowledgeSkillCompetence,http://data.europa.eu/esco/skill/f47a1998-0beb-43be-9f46-380aa4d183da,Jenkins (εργαλεία για τη διαχείριση της παραμετροποίησης λογισμικού),released,knowledge,sector-specific,,"Το εργαλείο Jenkins είναι ένα λογισμικό που εκτελεί παραμετροποίηση ταυτοποίησης, εσωτερικού ελέγχου, λογιστικής κατάστασης και ελέγχου κατά την ανάπτυξη και συντήρησή του.",http://data.europa.eu/esco/skill/9d2e926f-53d9-41f5-98f3-19dfaa687f3f | http://data.europa.eu/esco/isced-f/0613,εργαλεία για τη διαχείριση της παραμετροποίησης λογισμικού | ανάπτυξη και ανάλυση λογισμικού και εφαρμογών
KnowledgeSkillCompetence,http://data.europa.eu/esco/skill/f4a6e9f7-5cff-46c0-894c-59c20bb78694,τεχνολογία αυτοματισμού,released,knowledge,cross-sector,,"Το σύνολο τεχνολογιών που κάνουν μια διαδικασία, ένα σύστημα ή μια συσκευή να λειτουργεί αυτόματα με τη χρήση συστημάτων ελέγχου.",http://data.europa.eu/esco/isced-f/0714,ηλεκτρονική και αυτοματισμός
KnowledgeSkillCompetence,http://data.europa.eu/esco/skill/f4a85869-1855-45d5-a43c-7ee8cd451996,διενέργεια δοκιμών ασφάλειας ΤΠΕ,released,skill/competence,sector-specific,να προετοιμάζει και να εφαρμόζει σχέδια δοκιμών ασφαλείας | να εκτελεί αξιολογήσεις τρωτών σημείων ασφαλείας,"Εκτέλεση τύπων δοκιμών ασφάλειας, όπως οι δοκιμές διείσδυσης στο δίκτυο, οι ασύρματες δοκιμές, οι αναθεωρήσεις κωδικών, οι αξιολογήσεις ασύρματης σύνδεσης και/ή οι αξιολογήσεις του τείχους προστασίας σύμφωνα με τις μεθόδους και τα πρωτόκολλα που έχουν γίνει αποδεκτά από τις βιομηχανίες και τα πρωτόκολλα για τον εντοπισμό και την ανάλυση πιθανών θεμάτων ευπάθειας.
	",http://data.europa.eu/esco/skill/ce354460-500e-4eaa-8e95-8f243fcea3db | http://data.europa.eu/esco/skill/69cfc5ed-6569-4aca-a4cc-fd782ba51d9c | http://data.europa.eu/esco/skill/fe1c2b32-7fe9-4668-affa-07ff658a68cf | http://data.europa.eu/esco/skill/185c56ee-098f-46a1-af87-56337085da6f,διεξαγωγή δοκιμών συστήματος | εφαρμογή συστήματος διαχείρισης κινδύνου ΤΠΕ | προσδιορισμός των κινδύνων ασφάλειας ΤΠΕ | προστασία συσκευών τπε
KnowledgeSkillCompetence,http://data.europa.eu/esco/skill/f5750c05-7b15-4e0b-8591-f9a1bb95aaac,χειρισμός εργαλειομηχανών,released,skill/competence,occupation-specific,,Προγραμματισμός και χειρισμός εργαλειομηχανών αριθμητικού ελέγχου.,http://data.europa.eu/esco/skill/494b8057-daf5-46a0-b33b-416e0115c30a,χρήση ψηφιακών εργαλείων για τον έλεγχο μηχανημάτων
KnowledgeSkillCompetence,http://data.europa.eu/esco/skill/f597f772-24d3-4cec-813c-cf5a7027c794,N1QL,released,knowledge,sector-specific,,Η γλώσσα προγραμματισμού N1QL είναι γλώσσα αναζήτησης για την ανάκτηση πληροφοριών από βάση δεδομένων και εγγράφων που περιέχουν τις απαιτούμενες πληροφορίες. Αναπτύσσεται από την εταιρεία Coutchbase.,http://data.europa.eu/esco/skill/9cf681c7-89ec-470c-b651-7fe03786f586 | http://data.europa.eu/esco/isced-f/0613 | http://data.europa.eu/esco/skill/99207709-d076-4cce-ba38-e90d3bb28806,γλώσσα ερωτήσεων | ανάπτυξη και ανάλυση λογισμικού και εφαρμογών | γλώσσα ερωτήσεων πλαισίου περιγραφής πόρων
KnowledgeSkillCompetence,http://data.europa.eu/esco/skill/f5ac9226-0ace-4d34-a1c3-7b3845834a98,συντήρηση του διακομιστή των ΤΠΕ,released,skill/competence,sector-specific,συντηρώ τον εξυπηρετητή των συστημάτων ΤΠΕ· συντηρώ τον server των συστημάτων ΤΠΕ | διατηρώ τον διακομιστή των ΤΠΕ· φυλάσσω τον εξυπηρετητή των ΤΠΕ· τηρώ τον διακομιστή των ΤΠΕ σε καλή κατάσταση· ελέγχω τις επιδόσεις του διακομιστή των ΤΠΕ,"Διάγνωση και εξάλειψη αστοχιών υλικού μέσω επιδιόρθωσης ή αντικατάστασης. Λήψη προληπτικών μέτρων, έλεγχος επιδόσεων, επικαιροποίηση του λογισμικού, έλεγχος της προσβασιμότητας.",http://data.europa.eu/esco/skill/fbbcb9ab-4b95-4e57-a756-30d08b7da7a5 | http://data.europa.eu/esco/skill/39499028-35bf-4d69-9275-fb98902ed88b,συντήρηση συστήματος ΤΠΕ | εργασία με υπολογιστές
KnowledgeSkillCompetence,http://data.europa.eu/esco/skill/f5b33464-4df9-4cf3-b468-b0a2d6b3ee85,χειρισμός λογισμικού υπολογιστή τρισδιάστατων γραφικών,released,skill/competence,sector-specific,χειρίζομαι λογισμικό τρισδιάστατων γραφικών Η/Υ · χειρίζομαι λογισμικό γραφικών απεικονίσεων με Η/Υ | λειτουργώ λογισμικό τρισδιάστατων γραφικών υπολογιστή· θέτω σε λειτουργία λογισμικό τρισδιάστατων γραφικών Η/Υ · θέτω σε λειτουργία λογισμικό γραφικών απεικονίσεων με Η/Υ,"Χρήση γραφικών εργαλείων ΤΠΕ, όπως το Autodesk Maya και το Blender, τα οποία επιτρέπουν την ψηφιακή επεξεργασία, μοντελοποίηση, απόδοση και σύνθεση γραφικών. Τα εργαλεία αυτά βασίζονται σε μαθηματική αναπαράσταση των τρισδιάστατων αντικειμένων.",http://data.europa.eu/esco/skill/a556a3db-cd48-42a5-825c-f95f6f5ccbfe,δημιουργία διατάξεων οπτικής απεικόνισης και διακοσμήσεων
KnowledgeSkillCompetence,http://data.europa.eu/esco/skill/f5f9b6fe-0ff2-4c0b-887a-12702d8612ba,χειρισμός της μηχανής εγχάραξης που ελέγχεται ψηφιακά μέσω ηλεκτρονικού υπολογιστή,released,skill/competence,cross-sector,,Παρακολούθηση και χειρισμός μηχανής εγχάραξης που ελέγχεται ψηφιακά μέσω ηλεκτρονικού υπολογιστή σύμφωνα με τους κανονισμούς.,http://data.europa.eu/esco/skill/494b8057-daf5-46a0-b33b-416e0115c30a,χρήση ψηφιακών εργαλείων για τον έλεγχο μηχανημάτων
KnowledgeSkillCompetence,http://data.europa.eu/esco/skill/f632251a-4078-4546-b19f-7ef528d08325,χρήση εργαλείων ΤΠ,released,skill/competence,cross-sector,χρήση εργαλείων της τεχνολογίας πληροφοριών,"Χρήση ηλεκτρονικών υπολογιστών, δικτύων υπολογιστών και άλλων τεχνολογιών πληροφοριών και εξοπλισμού για την αποθήκευση, την ανάκτηση, τη διαβίβαση και τον χειρισμό δεδομένων, στο πλαίσιο επιχείρησης ή επιχειρηματικού οργανισμού.",http://data.europa.eu/esco/skill/580660a6-5d3a-421d-a54f-d85b706c2b2f | http://data.europa.eu/esco/skill/2b34a99f-9813-4c91-9509-b6b9b8c3132e | http://data.europa.eu/esco/skill/4d6a48ae-352e-4823-bc3a-3f3e9e2cae86,χρήση ψηφιακών εργαλείων συνεργασίας | συνεργασία μέσω ψηφιακών τεχνολογιών | πρόσβαση και ανάλυση ψηφιακών δεδομένων
KnowledgeSkillCompetence,http://data.europa.eu/esco/skill/f6424ebb-8401-446b-9f7e-10d7c854da02,προσομοίωση δικτύου ΤΠΕ,released,knowledge,sector-specific,προσομοίωση δικτύων ΤΠΕ | εξομοίωση δικτύων πληροφορικής | εξομοίωση δικτύων ΤΠΕ | εξομοίωση συστημάτων πληροφορικής | προσομοίωση ηλεκτρονικών δικτύων,Οι μέθοδοι και τα εργαλεία που επιτρέπουν τη μοντελοποίηση της συμπεριφοράς του δικτύου ΤΠΕ υπολογίζοντας την ανταλλαγή δεδομένων μεταξύ οντοτήτων ή καταγράφοντας και αναπαράγοντας χαρακτηριστικά από ένα λειτουργικό δίκτυο.,http://data.europa.eu/esco/isced-f/0612,σχεδιασμός και διαχείριση βάσεων δεδομένων και δικτύων
KnowledgeSkillCompetence,http://data.europa.eu/esco/skill/f683ae1d-cb7c-4aa1-b9fe-205e1bd23535,χρήση του λογισμικού Microsoft Office,released,skill/competence,cross-sector,,"Χρήση των τυποποιημένων προγραμμάτων που περιλαμβάνονται στο Microsoft Office. Δημιουργία εγγράφου και βασική μορφοποίηση, εισαγωγή σελιδοποίησης, δημιουργία κεφαλίδων ή υποσελίδων και εισαγωγή γραφικών, δημιουργία αυτόματων ηλεκτρονικών πινάκων περιεχομένων και συγχώνευση τύπων επιστολών από βάση δεδομένων διευθύνσεων. Δημιουργία λογιστικών φύλλων αυτόματου υπολογισμού, δημιουργία εικόνων και ταξινόμηση και φιλτράρισμα των πινάκων δεδομένων.
	",http://data.europa.eu/esco/skill/98fb499f-9155-412d-a8a0-95ba97126fec,χρήση ψηφιακών εργαλείων για συνεργασία και παραγωγικότητα
KnowledgeSkillCompetence,http://data.europa.eu/esco/skill/f6868852-9bf6-4899-a5d6-5f9532fb877d,σχεδιασμός διεπαφής επιμέρους μερών,released,skill/competence,occupation-specific,σχεδιασμός διεπαφής συνιστωσών,Χρήση μεθόδων και εργαλείων για τον σχεδιασμό και τον προγραμματισμό διεπαφών λογισμικού και κατασκευαστικών στοιχείων του συστήματος.,http://data.europa.eu/esco/skill/a8c3186b-c791-4d57-8f4f-4d12c7a5c6a7,προγραμματισμός συστημάτων ηλεκτρονικών υπολογιστών
KnowledgeSkillCompetence,http://data.europa.eu/esco/skill/f68cd42c-1d67-4ca7-9b37-8f024763823d,σάρωση φωτογραφιών,released,skill/competence,sector-specific,,"Σάρωση εικόνων σε υπολογιστές για επεξεργασία, αποθήκευση και ηλεκτρονική διαβίβαση.",http://data.europa.eu/esco/skill/64e505a8-8c7a-40a4-9776-0fd5ced146fa | http://data.europa.eu/esco/skill/6a7fc30d-af16-4cc5-a957-29d174bdb61c,"επιλογή φωτογραφιών | διαχείριση, συλλογή και αποθήκευση ψηφιακών δεδομένων"
KnowledgeSkillCompetence,http://data.europa.eu/esco/skill/f6d294f4-db62-4fc5-a7b8-778e5071c112,διαχείριση φόρουμ,released,skill/competence,cross-sector,,"Εποπτεία της δραστηριότητας επικοινωνίας σε διαδικτυακά φόρουμ και άλλες πλατφόρμες συζήτησης, μέσω της αξιολόγησης της συμμόρφωσης του περιεχομένου με τους κανονισμούς του φόρουμ, της επιβολής κανόνων συμπεριφοράς και της διασφάλισης της μη ύπαρξης στο φόρουμ παράνομου υλικού και συγκρούσεων.",http://data.europa.eu/esco/skill/64e09849-a7db-4d6b-a932-66264420eb97 | http://data.europa.eu/esco/skill/5b46f572-7ced-4efd-b270-a81a164d521c | http://data.europa.eu/esco/skill/9c17f73f-345c-4c55-8b59-47b445941b7b,προώθηση πωλήσεων σε μέσα κοινωνικής δικτύωσης | συντονισμός συζητήσεων | διαμεσολάβηση και επίλυση διαφορών
KnowledgeSkillCompetence,http://data.europa.eu/esco/skill/f6e32a5b-bd38-4dd2-87e5-24d56152bcc6,χρήση της τεχνολογίας διαμπερούς οπής με τα χέρια,released,skill/competence,occupation-specific,,Χρήση της τεχνολογίας διαμπερούς οπής (THT) για την προσάρτηση μεγαλύτερων ηλεκτρονικών εξαρτημάτων μέσω των αντίστοιχων οπών στις πινακίδες τυπωμένου κυκλώματος. Εφαρμογή αυτής της τεχνικής με το χέρι.,http://data.europa.eu/esco/skill/f839b1da-78b6-4466-86f4-a5798821ea20,εγκατάσταση συστημάτων πληροφορικής
KnowledgeSkillCompetence,http://data.europa.eu/esco/skill/f771d20c-815b-43e1-9355-b7f3f63a0b23,προώθηση πρόληψης κοινωνικής απομόνωσης,released,skill/competence,occupation-specific,προώθηση πρόληψης κοινωνικής αποξένωσης,Προώθηση της χρήσης συσκευών ΤΠΕ προκειμένου ο αποδέκτης της φροντίδας να μην χάνει την επαφή με το κοινωνικό του περιβάλλον.,http://data.europa.eu/esco/skill/f9db77be-eb63-4937-a0d0-b581733e7d2a,παροχή υποστήριξης για την επίλυση προβλημάτων
KnowledgeSkillCompetence,http://data.europa.eu/esco/skill/f7e051fc-8f7b-45b3-8911-8ffb9b951f4a,μηχανισμοί συναίνεσης αλυσίδας συστοιχιών,released,knowledge,sector-specific,συναίνεση ως υπηρεσία | CaaS | POS | απόδειξη συμμετοχής | απόδειξη εξουσίας | εξουσιοδοτημένη απόδειξη συμμετοχής | dPOS | μηχανισμούς οικοδόμησης συναίνεσης | απόδειξη εργασίας | POW | πρωτόκολλα συναίνεσης κατανεμημένων βιβλίων | πρωτόκολλα συναίνεσης blockchain,"Οι διάφοροι μηχανισμοί και τα χαρακτηριστικά τους που διασφαλίζουν την ορθή διάδοση μιας συναλλαγής στο κατανεμημένο καθολικό.
	",http://data.europa.eu/esco/isced-f/0619,τεχνολογίες πληροφορικής και επικοινωνιών που δεν ταξινομούνται αλλού
KnowledgeSkillCompetence,http://data.europa.eu/esco/skill/f7e2eb04-3e50-4561-bce1-7e51a1fec308,καθορισμός αρχιτεκτονικής λογισμικού,released,skill/competence,sector-specific,καθορισμός δομής λογισμικού | καθορισμός αρχιτεκτονικής εφαρμογών | δημιουργία της αρχιτεκτονικής λογισμικού | ανάπτυξη της αρχιτεκτονικής λογισμικού | καθορισμός αρχιτεκτονικής προγραμμάτων,"Δημιουργία και τεκμηρίωση της δομής των προϊόντων λογισμικού, συμπεριλαμβανομένων των εξαρτημάτων, της σύζευξης και των διεπαφών. Εξασφάλιση της σκοπιμότητας, της λειτουργικότητας και της συμβατότητας με τις υφιστάμενες πλατφόρμες.",http://data.europa.eu/esco/skill/b590d4e5-7c62-4b4a-abc2-c270b482e0ce,σχεδιασμός συστημάτων ή εφαρμογών τπε
KnowledgeSkillCompetence,http://data.europa.eu/esco/skill/f84a433f-34f1-4083-b0a3-24802623509c,διαδικτυακές υπηρεσίες,released,knowledge,sector-specific,συστήματα διαδικτυακών υπηρεσιών | υποδομές διαδικτυακών υπηρεσιών,"Συστήματα πληροφοριών βάσει XML που επιτρέπουν άμεσες αλληλεπιδράσεις μεταξύ των εφαρμογών μέσω του διαδικτύου. Πρόκειται για ένα σύνολο πρωτοκόλλων για τη διαβίβαση δεδομένων μεταξύ εφαρμογών και συστημάτων.
	",http://data.europa.eu/esco/isced-f/0613,ανάπτυξη και ανάλυση λογισμικού και εφαρμογών
KnowledgeSkillCompetence,http://data.europa.eu/esco/skill/f88002a8-6355-4d33-9496-285c166ff375,κατανάλωση ενέργειας ΤΠΕ,released,knowledge,sector-specific,κατανάλωση ισχύος στοιχείων υλισμικού και λογισμικού ΤΠΕ | κατανάλωση ισχύος ΤΠΕ | κατανάλωση ενέργειας στοιχείων ΤΠΕ | κατανάλωση ενέργειας συστημάτων ΤΠΕ | ενεργειακή κατανάλωση δικτύων ΤΠΕ,"Η κατανάλωση ενέργειας και τα είδη των μοντέλων λογισμικού, καθώς και στοιχεία υλισμικού (hardware).",http://data.europa.eu/esco/isced-f/0611,χρήση υπολογιστών
KnowledgeSkillCompetence,http://data.europa.eu/esco/skill/f8e3425c-fe44-4ffb-bafe-0e20d91dadf4,SAP Data Services,released,knowledge,sector-specific,,"Το πρόγραμμα SAP Data Services είναι ένα εργαλείο για την ενσωμάτωση πληροφοριών από πολλαπλές εφαρμογές που δημιουργούνται και διατηρούνται από οργανισμούς, σε μια συνεπή και διαφανή δομή δεδομένων, η οποία αναπτύχθηκε από την εταιρεία λογισμικού SAP.",http://data.europa.eu/esco/skill/9d0d89be-bffa-4393-b6f6-8d05bea49051 | http://data.europa.eu/esco/isced-f/0612,εργαλεία φόρτωσης μετατροπής και εξαγωγής δεδομένων | σχεδιασμός και διαχείριση βάσεων δεδομένων και δικτύων
KnowledgeSkillCompetence,http://data.europa.eu/esco/skill/f8e7c608-a92d-4b61-b84f-e2453b0aa4a4,διερεύνηση των ηλεκτρονικών αιτημάτων των χρηστών,released,skill/competence,cross-sector,,Λήψη σχολίων από διαδικτυακούς επισκέπτες και ανάληψη ενεργειών με σκοπό την ικανοποίηση των αιτημάτων τους ανάλογα με τις ιδιαίτερες ανάγκες τους.,http://data.europa.eu/esco/skill/debb8d81-ed7f-447d-853a-5d107fda6fcf | http://data.europa.eu/esco/skill/119a2f5c-3c3e-4b0d-9813-06a553c8860c,παροχή υπηρεσιών συνεχούς εξυπηρέτησης πελατών | παροχή γενικής βοήθειας στους πολίτες
KnowledgeSkillCompetence,http://data.europa.eu/esco/skill/f8f1f725-0105-41fa-9887-4df9e7a7af1e,διαχείριση υπηρεσιών υποδοχής ηλεκτρονικού ταχυδρομείου,released,skill/competence,sector-specific,συντονισμός υπηρεσίας υποδοχής ηλεκτρονικού ταχυδρομείου | διαχείριση πλατφόρμας υποδοχής ηλεκρονικού ταχυδρομείου,"Επίβλεψη της καθημερινής λειτουργίας μιας ιδιωτικής πλατφόρμας ηλεκτρονικού ταχυδρομείου με τη συντήρηση και την ανανέωση των παρεχόμενων υπηρεσιών, όπως η προστασία από ανεπιθύμητα μηνύματα και ιούς, η παρεμπόδιση διαφημίσεων, ο ανασχεδιασμός του ιστοτόπου και η βελτιστοποίηση των μηχανών αναζήτησης.",http://data.europa.eu/esco/skill/6a7fc30d-af16-4cc5-a957-29d174bdb61c,"διαχείριση, συλλογή και αποθήκευση ψηφιακών δεδομένων"
KnowledgeSkillCompetence,http://data.europa.eu/esco/skill/f9670490-8aa4-4540-b121-d440a8294aab,ανάπτυξη εφαρμογών επεξεργασίας δεδομένων,released,skill/competence,occupation-specific,ανάπτυξη προγράμματος διεργασίας δεδομένων | δημιουργία προγράμματος επεξεργασίας δεδομένων | ανάπτυξη λογισμικού επεξεργασίας δεδομένων,"Δημιουργία ειδικού λογισμικού για την επεξεργασία δεδομένων, μέσω επιλογής και χρήσης της κατάλληλης γλώσσας προγραμματισμού, προκειμένου ένα σύστημα ΤΠΕ να παράγει την απαιτούμενη εξαγωγή δεδομένων βάσει των αναμενόμενων εισαχθέντων δεδομένων.",http://data.europa.eu/esco/skill/a8c3186b-c791-4d57-8f4f-4d12c7a5c6a7,προγραμματισμός συστημάτων ηλεκτρονικών υπολογιστών
KnowledgeSkillCompetence,http://data.europa.eu/esco/skill/f96f5aa5-6ed7-40dc-a431-68b0a09d6d4b,σχεδιασμός εξαρτημάτων αυτοματισμού,released,skill/competence,cross-sector,,"Σχεδιασμός μηχανολογικών εξαρτημάτων, διατάξεων, προϊόντων ή συστημάτων που συμβάλλουν στην αυτοματοποίηση των βιομηχανικών μηχανημάτων.",http://data.europa.eu/esco/skill/87434439-c07d-48be-af34-b0cdd03121c4 | http://data.europa.eu/esco/skill/39fa260c-4f85-48e3-83ce-e292e696c233,σχεδιασμός μηχανολογικών εξαρτημάτων | σχεδιασμός ηλεκτρικών ή ηλεκτρονικών συστημάτων ή εξοπλισμού
KnowledgeSkillCompetence,http://data.europa.eu/esco/skill/f9a6f35b-01a7-40c9-8b61-b6ee46f97272,λειτουργικά συστήματα,released,knowledge,sector-specific,,"Τα χαρακτηριστικά, οι περιορισμοί, οι αρχιτεκτονικές και άλλα χαρακτηριστικά λειτουργικών συστημάτων όπως το Linux, τα Windows, το MacOS κ.λπ.
	",http://data.europa.eu/esco/isced-f/0613,ανάπτυξη και ανάλυση λογισμικού και εφαρμογών
KnowledgeSkillCompetence,http://data.europa.eu/esco/skill/f9da1ca4-40f4-483a-92e6-0a0c6d078638,χρήση συστήματος διαχείρισης στόλου,released,skill/competence,occupation-specific,,"Χρήση λογισμικού διαχείρισης στόλου για τον συντονισμό και την οργάνωση των οχημάτων της εταιρείας από ένα κεντρικό σημείο. Το λογισμικό περιλαμβάνει διάφορες λειτουργίες, όπως διαχείριση οδηγών, συντήρηση οχημάτων, παρακολούθηση και διαγνωστικούς ελέγχους οχημάτων, χρηματοδότηση οχημάτων, διαχείριση ταχύτητας, διαχείριση καυσίμων και καταλληλότητας, και διαχείριση ασφάλειας.
	",http://data.europa.eu/esco/skill/98fb499f-9155-412d-a8a0-95ba97126fec,χρήση ψηφιακών εργαλείων για συνεργασία και παραγωγικότητα
KnowledgeSkillCompetence,http://data.europa.eu/esco/skill/f9e788df-d68a-4f92-92c7-80e135fc35ff,εξοπλισμός δικτύωσης ΤΠΕ,released,knowledge,cross-sector,εξοπλισμός δικτύων ΤΠΕ | συσκευές δικτύωσης υπολογιστικών συστημάτων | υλισμικό δικτύωσης ΤΠΕ | εξοπλισμός συστημάτων ΤΠΕ | υλικό δικτύωσης ΤΠΕ,"Ο εξοπλισμός δικτύωσης ΤΠΕ ή οι συσκευές δικτύωσης υπολογιστών, όπως τα συστήματα UPS, τα ηλεκτρικά συστήματα, οι εγκαταστάσεις δικτύωσης και τα δομημένα συστήματα καλωδίωσης.",http://data.europa.eu/esco/isced-f/0612,σχεδιασμός και διαχείριση βάσεων δεδομένων και δικτύων
KnowledgeSkillCompetence,http://data.europa.eu/esco/skill/fa3e5cec-703e-4d46-b3bb-e8a89540ab54,διαχείριση ψηφιακών αρχείων,released,skill/competence,sector-specific,,"Δημιουργία και διατήρηση αρχείων και βάσεων δεδομένων για ηλεκτρονικούς υπολογιστές, με την ενσωμάτωση των τελευταίων εξελίξεων στην τεχνολογία ηλεκτρονικής αποθήκευσης πληροφοριών.",http://data.europa.eu/esco/skill/611ed16b-99bf-4840-9cab-f55d1d286e0a | http://data.europa.eu/esco/skill/b769f524-0f25-44d7-8538-5c46710a040e | http://data.europa.eu/esco/skill/32c017fd-28ab-4051-bf68-74de952c2f77,αποθήκευση ψηφιακών δεδομένων και συστημάτων | διαχείριση ψηφιακών εγγράφων | διαχείριση πληροφοριών
KnowledgeSkillCompetence,http://data.europa.eu/esco/skill/fae27053-8924-4bfd-b565-c9fe502044c9,σχεδιασμός συστημάτων,released,knowledge,sector-specific,σχεδιασμός αρχιτεκτονικής συστήματος,"Η διαδικασία καθορισμού της αρχιτεκτονικής των διαφόρων επιμέρους στοιχείων και ενοτήτων ενός συστήματος, καθώς και των σχετικών δεδομένων, για την ικανοποίηση ειδικών απαιτήσεων.
	",http://data.europa.eu/esco/isced-f/0613,ανάπτυξη και ανάλυση λογισμικού και εφαρμογών
KnowledgeSkillCompetence,http://data.europa.eu/esco/skill/fae7e545-5114-43cc-8e83-178e2549ecb9,μοντελοποίηση κατασκευαστικών πληροφοριών,released,knowledge,sector-specific,bim | μοντελοποίηση κτιριακών πληροφοριών | μοντελοποίηση πληροφοριών κτιρίου,"Πλατφόρμα λογισμικού για ολοκληρωμένο σχεδιασμό, μοντελοποίηση, προγραμματισμό και συνεργασία, η οποία παρέχει ψηφιακή αναπαράσταση των χαρακτηριστικών ενός κτιρίου καθ’ όλη τη διάρκεια του κύκλου ζωής του.",http://data.europa.eu/esco/isced-f/0732,οικοδομές και έργα πολιτικού μηχανικού
KnowledgeSkillCompetence,http://data.europa.eu/esco/skill/fafe0b9d-dbd9-46bd-b770-26299539ce66,πρότυπα ποιότητας διαδικασίας ΤΠΕ,released,knowledge,sector-specific,ποιότητα διαδικασιών λογισμικού· ποιοτικά μοντέλα διαδικασιών ΤΠΕ· ποιοτικά μοντέλα υπηρεσιών ΤΠΕ | ποιοτικά πρότυπα διαδικασιών ΤΠΕ· ποιοτικά πρότυπα υπηρεσιών ΤΠΕ,"Τα πρότυπα ποιότητας για τις υπηρεσίες ΤΠΕ οι οποίες αποσκοπούν στην ανάπτυξη διαδικασιών και στην υιοθέτηση των συνιστώμενων πρακτικών, τον ορισμό και τη θεσμοθέτησή τους, τα οποία επιτρέπουν στον οργανισμό να παράγει αξιόπιστα και βιώσιμα αποτελέσματα. Περιλαμβάνονται μοντέλα σε πολλούς τομείς των ΤΠΕ.",http://data.europa.eu/esco/isced-f/0613,ανάπτυξη και ανάλυση λογισμικού και εφαρμογών
KnowledgeSkillCompetence,http://data.europa.eu/esco/skill/fb601189-afa9-4a7b-8430-21a906483072,διατάξεις επιτόπια προγραμματιζόμενων πυλών,released,knowledge,occupation-specific,προγραμματιζόμενες διατάξεις θυρών πεδίου | συστοιχία επιτόπια προγραμματιζόμενων πυλών | προγραμματιζόμενες διατάξεις θύρας πεδίου | ολοκληρωμένα κυκλώματα επιτόπια προγραμματιζόμενων πυλών,"Τα ολοκληρωμένα κυκλώματα που μπορούν να επαναδιαμορφωθούν σύμφωνα με την επιθυμητή εφαρμογή ή τις απαιτήσεις λειτουργικότητας μετά την παραγωγή τους, πράγμα που επιτρέπει στους χρήστες να προσαρμόζουν τους μικροελεγκτές ώστε να καλύπτουν τις δικές τους ανάγκες.",http://data.europa.eu/esco/isced-f/0713,ηλεκτρισμός και ενέργεια
KnowledgeSkillCompetence,http://data.europa.eu/esco/skill/fb7aee4d-f6c6-4a87-8e9d-8e542b3771f8,μετρήσεις λογισμικού,released,knowledge,sector-specific,δείκτες μέτρησης λογισμικού· κριτήρια μέτρησης λογισμικού· συστήματα μέτρησης λογισμικού | μετρήσεις προγραμμάτων λογισμικού· μετρήσεις εφαρμογών λογισμικού,Τα συστήματα μέτρησης που μετρούν ένα χαρακτηριστικό του λογισμικού συστήματος για τον προσδιορισμό της ανάπτυξης του λογισμικού και την αξιολόγησή του.,http://data.europa.eu/esco/isced-f/0613,ανάπτυξη και ανάλυση λογισμικού και εφαρμογών
KnowledgeSkillCompetence,http://data.europa.eu/esco/skill/fb82ae25-b59f-43fd-aacf-a8308afbe85e,πληροφορική της υγείας,released,knowledge,cross-sector,,"Διεπιστημονικό πεδίο της επιστήμης των υπολογιστών, της πληροφορικής και των κοινωνικών επιστημών που χρησιμοποιεί την τεχνολογία των πληροφοριών για την υγεία (HIT) για τη βελτίωση της υγειονομικής περίθαλψης.",http://data.europa.eu/esco/isced-f/0914,τεχνολογία ιατρικής διάγνωσης και θεραπείας
KnowledgeSkillCompetence,http://data.europa.eu/esco/skill/fbafa41f-cd05-4109-a649-8b44d306d779,δημιουργία μοντέλων δεδομένων,released,skill/competence,sector-specific,δημιουργία μοντέλου δεδομένων | ανάπτυξη μοντέλων δεδομένων | δημιουργία διαφορετικών μοντέλων δεδομένων,"Χρήση ειδικών τεχνικών και μεθοδολογιών για την ανάλυση των απαιτήσεων δεδομένων των επιχειρηματικών διαδικασιών ενός οργανισμού με σκοπό τη δημιουργία μοντέλων για τα δεδομένα αυτά, όπως εννοιολογικά, λογικά και φυσικά μοντέλα. Τα μοντέλα αυτά έχουν ειδική δομή και μορφή.",http://data.europa.eu/esco/skill/9ff9db9d-d14b-426e-83f3-e7449af6c79f | http://data.europa.eu/esco/skill/32c017fd-28ab-4051-bf68-74de952c2f77,διαχείριση δεδομένων | διαχείριση πληροφοριών
KnowledgeSkillCompetence,http://data.europa.eu/esco/skill/fbbcb9ab-4b95-4e57-a756-30d08b7da7a5,συντήρηση συστήματος ΤΠΕ,released,skill/competence,sector-specific,συντηρώ συστήματα ΤΠΕ· συντηρώ δίκτυα ΤΠΕ | επιδιορθώνω σύστημα ΤΠΕ· αποκαθιστώ βλάβες σε σύστημα ΤΠΕ· τηρώ σύστημα ΤΠΕ σε καλή κατάσταση,Επιλογή και εφαρμογή τεχνικών παρακολούθησης του συστήματος και του δικτύου. Εντοπισμός και επιδιόρθωση λειτουργικών προβλημάτων. Διασφάλιση της αντιστοίχισης των ικανοτήτων και της αποδοτικότητας του συστήματος με τις προδιαγραφές της εταιρείας.,http://data.europa.eu/esco/skill/31d35d3d-2bf2-49aa-9c20-92566ef80277 | http://data.europa.eu/esco/skill/39499028-35bf-4d69-9275-fb98902ed88b,χρήση συστημάτων ΤΠΕ | εργασία με υπολογιστές
KnowledgeSkillCompetence,http://data.europa.eu/esco/skill/fc1fa8eb-a7fd-481c-b3b3-5fc45b3d1e97,αξιολόγηση των μεταφραστικών τεχνολογιών,released,skill/competence,sector-specific,,Χρήση των τεχνολογιών μετάφρασης και υποβολή παρατηρήσεων σχετικά με τη χρήση τους για καθορισμένους σκοπούς.,http://data.europa.eu/esco/skill/64aeee4d-3791-4448-8ed8-9b49ad04f2fb,μετάφραση και διερμηνεία
KnowledgeSkillCompetence,http://data.europa.eu/esco/skill/fc2f1d4f-a46f-471e-a618-cbd4d0496a53,εφαρμογή συστημάτων ανάκτησης ΤΠΕ,released,skill/competence,sector-specific,εφαρμόζω πρόγραμμα ανάκαμψης από καταστροφή | ανακτώ συστήματα ΤΠΕ | εκτελώ σύστημα ανάκαμψης ΤΠΕ | εφαρμόζω σύστημα αποκατάστασης μετά από καταστροφή | θέτω σε εφαρμογή προγραμματισμό ανόρθωσης καταστροφών,"Δημιουργία, διαχείριση και εφαρμογή συστήματος ανάκτησης ΤΠΕ σε περίπτωση κρίσης με σκοπό την ανάκτηση πληροφοριών και την επανεκκίνηση της χρήσης του συστήματος.",http://data.europa.eu/esco/skill/0b9968af-72de-470a-98e1-2d19577443fb,επίλυση προβλημάτων πληροφορικής
KnowledgeSkillCompetence,http://data.europa.eu/esco/skill/fc461d64-ef74-43d5-8fc1-e1d1943e5bc5,ρύθμιση ασύρματων συστημάτων ήχου,released,skill/competence,sector-specific,,Ρύθμιση ασύρματου συστήματος ήχου σε ζωντανή εκδήλωση.,http://data.europa.eu/esco/skill/8ddcb295-707e-459c-ba6a-66ffb37835c5 | http://data.europa.eu/esco/skill/dfc63948-4423-4be0-9b32-8e532f90f2ed,χειρισμός οπτικοακουστικού εξοπλισμού | εγκατάσταση ενισχυτή ήχου
KnowledgeSkillCompetence,http://data.europa.eu/esco/skill/fc5818b4-66f9-498b-a1bc-ff651db2af68,κυβερνητική,released,knowledge,sector-specific,,"Η επιστήμη, οι μηχανισμοί και τα στοιχεία της κυβερνητικής. Το είδος της θεωρίας των συστημάτων που επικεντρώνεται στον έλεγχο της ρυθμιστικής ανάδρασης τόσο στα έμβια όσο και στα μη έμβια συστήματα.",http://data.europa.eu/esco/isced-f/0111,παιδαγωγικές σπουδές
KnowledgeSkillCompetence,http://data.europa.eu/esco/skill/fc6cddab-c9ce-4ce6-83ac-32b6854dd6da,εγκατάσταση συσκευών ηλεκτρονικής επικοινωνίας σε τρένα,released,skill/competence,cross-sector,,"Εγκατάσταση, προσαρμογή και δοκιμή εξοπλισμού ηλεκτρονικής επικοινωνίας, στον οποίο περιλαμβάνονται συστήματα ήχου, ασφάλειας, πλοήγησης και επιτήρησης.",http://data.europa.eu/esco/skill/861cc783-6d4c-442e-9081-3a6e389be454 | http://data.europa.eu/esco/skill/a7065828-10aa-4aba-b7d4-f23a30df5060,"εγκατάσταση εξοπλισμού ηλεκτρονικών επικοινωνιών | εγκατάσταση και επισκευή εξοπλισμού ηλεκτρικού, ηλεκτρονικού και ακριβείας"
KnowledgeSkillCompetence,http://data.europa.eu/esco/skill/fc72d86f-7e69-4bf8-b407-23303a798a0b,εξαρτήματα πίνακα ελέγχου,released,knowledge,sector-specific,,"Στοιχεία που υπάρχουν στους πίνακες ελέγχου, όπως καλώδια, διακόπτες κυκλώματος, ράγες DIN, διακόπτες, προγραμματιζόμενοι λογικοί ελεγκτές (PLC), διακόπτες επαφής και μετασχηματιστές.",http://data.europa.eu/esco/isced-f/0612,σχεδιασμός και διαχείριση βάσεων δεδομένων και δικτύων
KnowledgeSkillCompetence,http://data.europa.eu/esco/skill/fc94266b-322d-4f1d-87a0-03f999e72344,αρχές εξόρυξης της αλυσίδας συστοιχιών,released,knowledge,sector-specific,αρχές εξόρυξης στο blockchain | αρχές εξόρυξης σε blockchain,"Στα βασικά είδη και στις βασικές αρχές της εξόρυξης της αλυσίδας συστοιχιών και των κρυπτονομισμάτων περιλαμβάνονται η εξόρυξη ASIC, η εξόρυξη GPU, η εξόρυξη CPU, η εξόρυξη υπολογιστικού νέφους και οι δεξαμενές εξόρυξης.
	",http://data.europa.eu/esco/isced-f/0612,σχεδιασμός και διαχείριση βάσεων δεδομένων και δικτύων
KnowledgeSkillCompetence,http://data.europa.eu/esco/skill/fcb5e5c1-69b4-46d7-b9e6-328a5381dd89,χρήση ειδικού ακουστικού εξοπλισμού σε εξετάσεις,released,skill/competence,cross-sector,,Χρήση ηχόμετρων και ηλεκτρονικών υπολογιστών για τον προσδιορισμό του βαθμού διαταραχής της ακοής του ασθενούς και την αναζήτηση άλλων παραγόντων που σχετίζονται με το πρόβλημα.,http://data.europa.eu/esco/skill/872c0ddb-f056-4f51-afac-fc3d6fae0f5b,χειρισμός ιατρικού εξοπλισμού
KnowledgeSkillCompetence,http://data.europa.eu/esco/skill/fcbb3a90-cdde-49ff-9ecc-8e2c0a6dfca2,συλλογή δεδομένων κυβερνοάμυνας,released,skill/competence,sector-specific,συλλογή πληροφοριών για την άμυνα στον κυβερνοχώρο,"Συλλογή δεδομένων για την κυβερνοάμυνα με τη χρήση διαφόρων εργαλείων συλλογής δεδομένων. Τα δεδομένα μπορούν να συλλέγονται από διάφορες εσωτερικές ή εξωτερικές πηγές, όπως αρχεία ηλεκτρονικού εμπορίου, αρχεία καταγραφής αιτήσεων ονομάτων τομέα, αρχεία καταγραφής διακομιστών ηλεκτρονικού ταχυδρομείου, καταγραφή πακέτων ψηφιακών επικοινωνιών, πόρους του αόρατου διαδικτύου κ.λπ.
	",http://data.europa.eu/esco/skill/29dcc31e-a8d6-4a62-b3c1-2de81e966e39,συγκέντρωση πληροφοριών από φυσικές ή ηλεκτρονικές πηγές
KnowledgeSkillCompetence,http://data.europa.eu/esco/skill/fd33c66c-70c4-40e6-b87c-5495bd3bf26e,σχεδιασμός διεπαφής χρήστη,released,skill/competence,sector-specific,ανάπτυξη διεπαφής χρήστης,"Δημιουργία συστατικών στοιχείων λογισμικού ή διατάξεων τα οποία καθιστούν δυνατή την αλληλεπίδραση μεταξύ ανθρώπων και συστημάτων ή μηχανών, με τη χρήση κατάλληλων τεχνικών, γλωσσών και εργαλείων, για τη διευκόλυνση της αλληλεπίδρασης κατά τη χρήση του συστήματος ή της μηχανής.",http://data.europa.eu/esco/skill/b590d4e5-7c62-4b4a-abc2-c270b482e0ce,σχεδιασμός συστημάτων ή εφαρμογών τπε
KnowledgeSkillCompetence,http://data.europa.eu/esco/skill/fd6d2981-3d4a-4ce2-9741-cfc98c5b74bd,εφαρμογή τεχνικών αποθήκευσης δεδομένων,released,skill/competence,sector-specific,υλοποιώ τακτικές αποθήκευσης δεδομένων | θέτω σε εφαρμογή μεθόδους φύλαξης δεδομένων | εφαρμόζω τακτικές φύλαξης δεδομένων | εφαρμόζω μεθόδους φύλαξης δεδομένων | εκτελώ τεχνικές φύλαξης δεδομένων,"Εφαρμογή μοντέλων και εργαλείων, όπως η ηλεκτρονική αναλυτική επεξεργασία (OLAP) και η ηλεκτρονική επεξεργασία συναλλαγών (OLTP), για την ενσωμάτωση δομημένων ή μη δεδομένων από πηγές, προκειμένου για τη δημιουργία κεντρικού αποθετηρίου των ιστορικών και τρεχόντων δεδομένων.",http://data.europa.eu/esco/skill/611ed16b-99bf-4840-9cab-f55d1d286e0a | http://data.europa.eu/esco/skill/382c11ed-20d5-4ae7-b60e-15fec527fa6c | http://data.europa.eu/esco/skill/6a7fc30d-af16-4cc5-a957-29d174bdb61c,"αποθήκευση ψηφιακών δεδομένων και συστημάτων | εφαρμογή τεχνικών στατιστικής ανάλυσης | διαχείριση, συλλογή και αποθήκευση ψηφιακών δεδομένων"
KnowledgeSkillCompetence,http://data.europa.eu/esco/skill/fda917eb-0d6a-4371-8c93-2a10bf950966,διαχείριση της σημασιολογικής ολοκλήρωσης δεδομένων,released,skill/competence,sector-specific,ρυθμίζω τη σημασιολογική ενσωμάτωση πληροφοριακών στοιχείων | εφαρμόζω την ολοκλήρωση δημοσίων ή εσωτερικών βάσεων δεδομένων | διαχειρίζομαι τη σημασιολογική ενσωμάτωση δεδομένων | διαχειρίζομαι τη σημασιολογική ενοποίηση στοιχείων | χειρίζομαι τη σημασιολογική ολοκλήρωση δεδομένων·,"Επίβλεψη της ολοκλήρωσης των δημόσιων ή των εσωτερικών βάσεων δεδομένων και άλλων δεδομένων, με τη χρήση σημασιολογικών τεχνολογιών για την παραγωγή δομημένων σημασιολογικών δεδομένων εξόδου.",http://data.europa.eu/esco/skill/46ec0033-3c71-415e-bcff-b065675ba2dc | http://data.europa.eu/esco/skill/a4a882a1-0263-4dd2-b29a-f0028cac2393 | http://data.europa.eu/esco/skill/f839b1da-78b6-4466-86f4-a5798821ea20,ενσωμάτωση δεδομένων ΤΠΕ | ορισμός στρατηγικής ολοκλήρωσης | εγκατάσταση συστημάτων πληροφορικής
KnowledgeSkillCompetence,http://data.europa.eu/esco/skill/fdc388ba-c8f4-4455-a55f-ffdf29b05f5f,χρήση γεωργικών πληροφοριακών συστημάτων και βάσεων δεδομένων,released,skill/competence,sector-specific,,"Χρήση των σχετικών πληροφοριακών συστημάτων και βάσεων δεδομένων για τον σχεδιασμό, τη διαχείριση και τη λειτουργία της γεωργικής επιχείρησης και παραγωγής.",http://data.europa.eu/esco/skill/4463a721-69f3-413d-8321-43e3af13a4f1 | http://data.europa.eu/esco/skill/32c017fd-28ab-4051-bf68-74de952c2f77,χρήση βάσεων δεδομένων | διαχείριση πληροφοριών
KnowledgeSkillCompetence,http://data.europa.eu/esco/skill/fdf15b35-9028-4acb-bfd2-43f00a015cd9,χρήση λογισμικού προσωπικής οργάνωσης,released,skill/competence,cross-sector,,"Χρήση εργαλείων λογισμικού, όπως ημερολόγια, λίστες υποχρεώσεων, λογισμικά παρακολούθησης χρόνου και κατάλογοι επαφών, για τη διευκόλυνση της διαχείρισης της ατομικής απόδοσης.",http://data.europa.eu/esco/skill/b080a008-a35d-4bd0-92e9-edf3773bb2b7 | http://data.europa.eu/esco/skill/98fb499f-9155-412d-a8a0-95ba97126fec,χρήση λογισμικού επικοινωνίας και συνεργασίας | χρήση ψηφιακών εργαλείων για συνεργασία και παραγωγικότητα
KnowledgeSkillCompetence,http://data.europa.eu/esco/skill/fdfa3dcb-b8f0-454f-a659-64c66dc6b6a2,οπτικές ίνες,released,knowledge,cross-sector,,"Τεχνολογία στην οποία χρησιμοποιούνται οπτικές ίνες, όπως νήματα από πλαστικό ή από γυαλί για τη διαβίβαση δεδομένων. Οι οπτικές ίνες είναι ικανές να μεταδίδουν το φως μεταξύ των δύο άκρων της ίνας και μπορούν να μεταφέρουν εικόνες και μηνύματα διαμορφωμένα σε ελαφρά κύματα. Τα καλώδια οπτικών ινών χρησιμοποιούνται όλο και περισσότερο επειδή μπορούν να μεταφέρουν δεδομένα σε μεγάλες αποστάσεις σε μεγαλύτερα εύρη ζώνης και με μικρότερες ποσότητες παρεμβολών από τα μεταλλικά καλώδια.",http://data.europa.eu/esco/isced-f/0533,φυσική
KnowledgeSkillCompetence,http://data.europa.eu/esco/skill/fe1c2b32-7fe9-4668-affa-07ff658a68cf,προσδιορισμός των κινδύνων ασφάλειας ΤΠΕ,released,skill/competence,sector-specific,προσδιορίζω τους κινδύνους για την ασφάλεια των ΤΠΕ· προσδιορίζω τις απειλές ασφάλειας των ΤΠΕ | εντοπίζω τους κινδύνους ασφάλειας ΤΠΕ· αναγνωρίζω τις απειλές ασφάλειας ΤΠΕ· καταδεικνύω τις απειλές ΤΠΕ,"Εφαρμογή μεθόδων και τεχνικών για τον εντοπισμό πιθανών απειλών για την ασφάλεια, παραβιάσεων της ασφάλειας και παραγόντων κινδύνου με τη χρήση εργαλείων ΤΠΕ για την παρακολούθηση των συστημάτων ΤΠΕ, την ανάλυση των κινδύνων, των ευπαθειών και των απειλών και την αξιολόγηση των σχεδίων έκτακτης ανάγκης.",http://data.europa.eu/esco/skill/bc0b0b5d-f6be-405a-b224-b6902a4dbe97 | http://data.europa.eu/esco/skill/2a3a96a3-709e-4d60-81f6-d247d6933f13 | http://data.europa.eu/esco/skill/69cfc5ed-6569-4aca-a4cc-fd782ba51d9c | http://data.europa.eu/esco/skill/7e153e1d-2b12-43ad-89f3-0cf82ebc4a30 | http://data.europa.eu/esco/skill/14832d87-2f2f-4895-b290-e4760ebae42a,διαχείριση ψηφιακής ταυτότητας | διαχείριση της ασφάλειας συστήματος | εφαρμογή συστήματος διαχείρισης κινδύνου ΤΠΕ | διενέργεια ανάλυσης και διαχείρισης κινδύνων | επίλυση τεχνικών προβλημάτων
KnowledgeSkillCompetence,http://data.europa.eu/esco/skill/fe4a9fb8-2963-4b23-8a18-e033197304f2,σχεδιασμός αισθητήρων,released,skill/competence,sector-specific,,"Σχεδιασμός και ανάπτυξη διαφορετικών τύπων αισθητήρων, σύμφωνα με τις προδιαγραφές, όπως αισθητήρες κραδασμών, αισθητήρες θερμότητας, οπτικοί αισθητήρες, αισθητήρες υγρασίας, και αισθητήρες ηλεκτρικού ρεύματος.",http://data.europa.eu/esco/skill/c34b06c4-d164-4e49-a784-89d47de42ec2,"σχεδιασμός βιομηχανικών υλικών, συστημάτων ή προϊόντων"
KnowledgeSkillCompetence,http://data.europa.eu/esco/skill/feb717ff-fba6-4a91-aa10-ee11cf2da6b4,σχεδιασμός ηλεκτρονικών συστημάτων,released,skill/competence,cross-sector,,"Προσχέδια και σχέδια ηλεκτρονικών συστημάτων, προϊόντων και κατασκευαστικών στοιχείων με τη χρήση λογισμικού και εξοπλισμού για σχεδιασμό με χρήση υπολογιστή (CAD). Προσομοίωση ώστε να είναι δυνατή η αξιολόγηση της βιωσιμότητας του προϊόντος και, ως εκ τούτου, να μπορούν να εξεταστούν οι φυσικές παράμετροι πριν από την κατασκευή του προϊόντος.",http://data.europa.eu/esco/skill/39fa260c-4f85-48e3-83ce-e292e696c233,σχεδιασμός ηλεκτρικών ή ηλεκτρονικών συστημάτων ή εξοπλισμού
KnowledgeSkillCompetence,http://data.europa.eu/esco/skill/febcc41e-bf0c-4733-a498-c2881c86ce88,εγκατάσταση εξοπλισμού εκπομπής,released,skill/competence,occupation-specific,,"Εγκατάσταση και βαθμονόμηση εξοπλισμού εκπομπής για την παραγωγή, την αλλαγή, την υποδοχή, την καταγραφή, την επεξεργασία και την αναπαραγωγή τηλεοπτικών και ραδιοφωνικών σημάτων.",http://data.europa.eu/esco/skill/3233330f-bb93-47ea-93b4-ed903d05d9f1 | http://data.europa.eu/esco/skill/f32eb5de-3fc7-4bba-853a-c6f2f043c33e | http://data.europa.eu/esco/skill/a7065828-10aa-4aba-b7d4-f23a30df5060,"εγκατάσταση εξοπλισμού πολυμέσων | έγκαιρη εγκατάσταση εξοπλισμού | εγκατάσταση και επισκευή εξοπλισμού ηλεκτρικού, ηλεκτρονικού και ακριβείας"
KnowledgeSkillCompetence,http://data.europa.eu/esco/skill/fecf8a0d-62c4-4e71-9b03-0f4fc2ad7bf5,μοντέλα δεδομένων,released,knowledge,sector-specific,μοντέλα πληροφοριακών στοιχείων· μοντέλα στοιχείων δεδομένων | υποδείγματα δεδομένων· πρότυπα στοιχείων δεδομένων· μοντέλα διάρθρωσης στοιχείων δεδομένων,"Οι τεχνικές και τα υφιστάμενα συστήματα που χρησιμοποιούνται για τη διάρθρωση των στοιχείων των δεδομένων και την παρουσίαση των μεταξύ τους σχέσεων, καθώς και οι μέθοδοι για την ερμηνεία των δομών και των σχέσεων μεταξύ των δεδομένων.",http://data.europa.eu/esco/isced-f/0612,σχεδιασμός και διαχείριση βάσεων δεδομένων και δικτύων
KnowledgeSkillCompetence,http://data.europa.eu/esco/skill/fef18610-c8ca-431b-9ca8-d3d0cdffde72,χρήση διαδικτυακής συνομιλίας,released,skill/competence,sector-specific,χρήση διαδικτυακού τσατ,"Διαδικτυακή συνομιλία με χρήση ειδικών δικτυακών τόπων συνομιλίας (chat websites), εφαρμογών ανταλλαγής μηνυμάτων ή δικτυακών τόπων μέσων κοινωνικής δικτύωσης.",http://data.europa.eu/esco/skill/a12057b4-6d11-4a12-ab8e-15a028ef0a6d | http://data.europa.eu/esco/skill/b080a008-a35d-4bd0-92e9-edf3773bb2b7 | http://data.europa.eu/esco/skill/848c0306-8cbe-4693-a275-d99807c0173c,επικοινωνία μέσω ψηφιακών τεχνολογιών | χρήση λογισμικού επικοινωνίας και συνεργασίας | επικοινωνία και δικτύωση
KnowledgeSkillCompetence,http://data.europa.eu/esco/skill/ff25cbf0-6978-4c4c-887e-d4b185410d74,εκτέλεση δοκιμών ανάκτησης λογισμικού,released,skill/competence,sector-specific,εκτελώ δοκιμή επαναφοράς λογισμικού· εκτελώ δοκιμές αποκατάστασης προγραμμάτων λογισμικού | πραγματοποιώ δοκιμές ανάκτησης λογισμικού· ολοκληρώνω ελέγχους ανάκτησης λογισμικού· εκτελώ επαναφορά ρυθμίσεων λογισμικού· εκτελώ επανεκκίνηση και αποκατάσταση ρυθμίσεων,Εκτέλεση δοκιμών με τη χρήση ειδικών εργαλείων λογισμικού για την πρόκληση αστοχίας του λογισμικού με διάφορους τρόπους και τον έλεγχο της ταχύτητας και της ποιότητας επαναφοράς του λογισμικού μετά από οποιουδήποτε είδους βλάβη ή αστοχία.,http://data.europa.eu/esco/skill/5d74614d-32c8-4ca4-9818-6980e52424b1 | http://data.europa.eu/esco/skill/913e7e83-b8f8-4574-b1ca-1b38f3fd974a | http://data.europa.eu/esco/skill/a8c3186b-c791-4d57-8f4f-4d12c7a5c6a7,σχεδιασμός δοκιμών λογισμικού | διενέργεια δοκιμών λογισμικού | προγραμματισμός συστημάτων ηλεκτρονικών υπολογιστών
KnowledgeSkillCompetence,http://data.europa.eu/esco/skill/ff6904ef-36e7-4890-8fb1-8353b299f047,σαρωτές μικροκυκλωμάτων,released,knowledge,occupation-specific,σαρωτές μικροτσίπ | σαρωτές μικροπλακιδίων,"Διάφορα διαθέσιμα είδη σαρωτών, οι περιορισμοί τους και πώς να τους προετοιμάσετε, να τους χρησιμοποιήσετε και να τους συντηρήσετε. Οι περιβαλλοντικοί περιορισμοί στη χρήση των σαρωτών, μεταξύ άλλων ποιοι εξωτερικοί παράγοντες μπορούν να επηρεάσουν την ανάγνωση ενός μικροτσίπ, όπως μεταλλικοί σφιγκτήρες, κοντινή απόσταση σε οθόνες υπολογιστών κ.λπ.",http://data.europa.eu/esco/isced-f/0611,χρήση υπολογιστών
KnowledgeSkillCompetence,http://data.europa.eu/esco/skill/ffa1d58b-ba09-49bd-a982-e743b2237006,διενέργεια ενεργειακών προσομοιώσεων,released,skill/competence,sector-specific,πραγματοποιεί ενεργειακές προσομοιώσεις,"Αναπαραγωγή της ενεργειακής απόδοσης του κτιρίου με τη χρήση μαθηματικών μοντέλων βασισμένων σε υπολογιστή.
	",http://data.europa.eu/esco/skill/1f2950c0-ef1e-44b4-9a55-125ccd7b78af,ανάλυση και αξιολόγηση πληροφοριών και δεδομένων
KnowledgeSkillCompetence,http://data.europa.eu/esco/skill/ffc1e455-ced2-4e67-bdb3-1c50f9683859,Capture One,released,knowledge,sector-specific,,Το πρόγραμμα Capture One είναι ένα γραφικό εργαλείο των ΤΠΕ το οποίο επιτρέπει την ψηφιακή επεξεργασία και σύνθεση των γραφικών για τη δημιουργία δισδιάστατων γραφικών ράστερ και διανυσματικών γραφικών.,http://data.europa.eu/esco/isced-f/0611,χρήση υπολογιστών
KnowledgeSkillCompetence,http://data.europa.eu/esco/skill/ffdd5e53-7191-4043-ae0e-eea1bb077080,μοντελοποίηση και προσομοίωση αισθητήρα,released,skill/competence,sector-specific,,"Μοντελοποίηση και προσομοίωση αισθητήρων, προϊόντων που χρησιμοποιούν αισθητήρες και εξαρτημάτων αισθητήρων με τη χρήση λογισμικού τεχνικής σχεδίασης. Με τον τρόπο αυτό μπορεί να αξιολογείται η βιωσιμότητα του προϊόντος και να εξετάζονται οι φυσικές παράμετροι πριν από την κατασκευή του προϊόντος.",http://data.europa.eu/esco/skill/c34b06c4-d164-4e49-a784-89d47de42ec2,"σχεδιασμός βιομηχανικών υλικών, συστημάτων ή προϊόντων"
KnowledgeSkillCompetence,http://data.europa.eu/esco/skill/ffddfc7c-a9dd-449f-9e96-882dc447c8b6,Scala,released,knowledge,sector-specific,,"Οι τεχνικές και οι αρχές ανάπτυξης λογισμικού, όπως είναι η ανάλυση, οι αλγόριθμοι, η κωδικοποίηση, οι δοκιμές και η κατάρτιση των υποδειγμάτων προγραμματισμού στη Scala.",http://data.europa.eu/esco/isced-f/0613,ανάπτυξη και ανάλυση λογισμικού και εφαρμογών
KnowledgeSkillCompetence,http://data.europa.eu/esco/skill/fff0e2cd-d0bd-4b02-9daf-158b79d9688a,επεξεργασία φυσικής γλώσσας,released,knowledge,sector-specific,επεξεργασία του φυσικού λόγου | προγράμματα επεξεργασίας φυσικής γλώσσας | τεχνολογίες επεξεργασία φυσικής γλώσσας | λογισμικό NLP | κατανόηση του φυσικού λόγου,Οι τεχνολογίες που επιτρέπουν στις συσκευές ΤΠΕ να κατανοούν και να αλληλεπιδρούν με τους χρήστες μέσω της ανθρώπινης γλώσσας.,http://data.europa.eu/esco/isced-f/0231,απόκτηση γλωσσικών γνώσεων
