conceptType,conceptUri,preferredLabel,status,skillType,reuseLevel,altLabels,description,broaderConceptUri,broaderConceptPT
KnowledgeSkillCompetence,http://data.europa.eu/esco/skill/001d46db-035e-4b92-83a3-ed8771e0c123,εκπαίδευση του προσωπικού για τη μείωση της σπατάλης τροφίμων,released,skill/competence,sector-specific,εκπαίδευση του προσωπικού για τη μείωση των απορριμμάτων τροφίμων | εκπαίδευση των εργαζομένων σε μεθόδους ανακύκλωσης τροφίμων | ενημέρωση του προσωπικού για τις πρακτικές μείωσης των αποβλήτων τροφίμων | διδάσκουν στους μαθητές πρακτικές μείωσης της σπατάλης τροφίμων,"Δημιουργία νέων προγραμμάτων εκπαίδευσης και ανάπτυξης του προσωπικού με σκοπό τη στήριξη των γνώσεων του προσωπικού στους τομείς της πρόληψης της σπατάλης τροφίμων και των πρακτικών ανακύκλωσης τροφίμων. Διασφάλιση της κατανόησης από το προσωπικό των μεθόδων και των εργαλείων για την ανακύκλωση τροφίμων, π.χ. διαχωρισμός αποβλήτων.
	",http://data.europa.eu/esco/skill/6c4fa8c8-e9e1-49b5-897f-6b61fe649488,κατάρτιση σχετικά με επιχειρησιακές διαδικασίες
KnowledgeSkillCompetence,http://data.europa.eu/esco/skill/0037c821-2898-4919-b96e-7ed1cd89554c,εκπόνηση πρακτικών εξοικονόμησης ενέργειας,released,skill/competence,cross-sector,,"Χρήση των αποτελεσμάτων της τρέχουσας έρευνας και συνεργασία με εμπειρογνώμονες για τη βελτιστοποίηση ή την ανάπτυξη εννοιών, εξοπλισμού και διαδικασιών παραγωγής που απαιτούν μικρότερη ποσότητα ενέργειας, όπως νέες πρακτικές μόνωσης και νέα υλικά.",http://data.europa.eu/esco/skill/c2a0c52c-0b4b-4180-a918-92650ea3b458 | http://data.europa.eu/esco/skill/c23e0a2f-f04b-45bc-b0dd-20571f6b502c,καινοτόμος σκέψη | ανάπτυξη επιχειρησιακών πολιτικών και διαδικασιών
KnowledgeSkillCompetence,http://data.europa.eu/esco/skill/00735755-adc6-4ea0-b034-b8caff339c9f,εγκατάσταση αντλίας θέρμανσης,released,skill/competence,cross-sector,εγκατάσταση αντλίας θερμότητας,"Εγκατάσταση αντλιών θέρμανσης οι οποίες χρησιμοποιούν τις φυσικές ιδιότητες των ουσιών οι οποίες ονομάζονται ψυκτικά για την άντληση θερμότητας από το περιβάλλον και τη διοχέτευση της σε θερμότερο περιβάλλον, σε αντίθεση με την αυθόρμητη ροή θερμότητας. Δημιουργία των αναγκαίων ανοιγμάτων και εγκατάσταση των εσωτερικών και του εξωτερικών μερών της αντλίας θέρμανσης. Σύνδεση της ηλεκτρικής ενέργειας με τυχόν αεραγωγούς και διαμόρφωση της αντλίας θέρμανσης.",http://data.europa.eu/esco/skill/b85caa4a-f04b-4331-80df-11404fd71225,"εγκατάσταση εξοπλισμού θέρμανσης, αερισμού και κλιματισμού"
KnowledgeSkillCompetence,http://data.europa.eu/esco/skill/0082c13b-5866-4542-bc4f-722a4ae9530e,σχεδιασμός εγκαταστάσεων βιομάζας,released,skill/competence,sector-specific,σχεδιασμός εγκατάστασης βιομάζας | σχεδιασμό συστήματος βιομάζας,"Σχεδιασμός του ενεργειακού συστήματος βιομάζας. Καθορισμός των κατασκευαστικών ορίων, όπως ο απαιτούμενος χώρος και το βάρος. Υπολογισμός δεικτών όπως η χωρητικότητα, η ροή και οι θερμοκρασίες. Κατάρτιση λεπτομερών περιγραφών και σχεδίων του σχεδίου.
	",http://data.europa.eu/esco/skill/39fa260c-4f85-48e3-83ce-e292e696c233,σχεδιασμός ηλεκτρικών ή ηλεκτρονικών συστημάτων ή εξοπλισμού
KnowledgeSkillCompetence,http://data.europa.eu/esco/skill/012d6406-016a-4790-aeb8-853e61058517,συντήρηση εξοπλισμού διαλογής,released,skill/competence,sector-specific,,Εκτέλεση εργασιών συντήρησης ρουτίνας καθώς και μικροεπισκευών του εξοπλισμού που χρησιμοποιείται για τη διαλογή των απορριμμάτων και των ανακυκλώσιμων υλικών.,http://data.europa.eu/esco/skill/5033c2fb-ec55-4b8e-b0a4-9379593f1e1c | http://data.europa.eu/esco/skill/6d0cad66-82dd-4854-a03a-68232942c68d,συντήρηση εξοπλισμού | εγκατάσταση ξύλινων και μεταλλικών στοιχείων
KnowledgeSkillCompetence,http://data.europa.eu/esco/skill/0171653e-c8e9-4c24-bb86-a4b6fe038f25,υιοθέτηση τρόπων προώθησης της βιοποικιλότητας και της καλής διαβίωσης των ζώων,released,skill/competence,transversal,υιοθέτηση μιας βιώσιμης διατροφικής συνήθειας | εφαρμογή περιβαλλοντικών επιλογών στις διατροφικές συνήθειες | προώθηση της κατανάλωσης βιολογικών και βιολογικών τροφίμων | υπόστήριξη της βιοποικιλότητας και της καλής μεταχείρισης των ζώων | μέριμνα για την καλή διαβίωση των ζώων κατά την αγορά τροφίμων | έχονταςυπόψη τα ζητήματα βιωσιμότητας στις καταναλωτικές επιλογές,"Υιοθέτηση συμπεριφορών που συμβάλλουν στη διατήρηση σταθερών οικοσυστημάτων και στην καταπολέμηση της μαζικής εξαφάνισης, για παράδειγμα με συνειδητές διατροφικές επιλογές που στηρίζουν τη βιολογική παραγωγή τροφίμων και την καλή διαβίωση των ζώων
	",http://data.europa.eu/esco/skill/80cf002a-6586-4db7-9c9a-88325a9a5e1b,Εφαρμογή δεξιοτήτων και ικανοτήτων στον τομέα του περιβάλλοντος
KnowledgeSkillCompetence,http://data.europa.eu/esco/skill/01895f13-1989-4756-80d6-9b9ee19ddb32,εκπόνηση μελέτης σκοπιμότητας για συστήματα διαχείρισης κτιρίων,released,skill/competence,sector-specific,εκπόνηση μελέτης σκοπιμότητας bms,"Διενέργεια αξιολόγησης και εκτίμησης του δυναμικού ενός συστήματος διαχείρισης κτιρίου. Εκπόνηση τυποποιημένης μελέτης προκειμένου να προσδιοριστεί η συμβολή, το κόστος και οι περιορισμοί της εξοικονόμησης ενέργειας, και διεξαγωγή έρευνας για την υποστήριξη της διαδικασίας λήψης αποφάσεων.
	",http://data.europa.eu/esco/skill/d74df140-eb69-43e2-bac9-1cafc824d702 | http://data.europa.eu/esco/skill/ec528c47-65f4-4187-9dc1-5a8889f84a06,διενέργεια μελέτης σκοπιμότητας | ανάλυση επιχειρηματικών δραστηριοτήτων
KnowledgeSkillCompetence,http://data.europa.eu/esco/skill/023faef3-0633-436d-8b91-389c45c1421c,κανονισμοί περί έκθεσης σε ρύπανση,released,knowledge,cross-sector,,"Kανονισμοί σχετικά με την έκθεση σε μολυσμένα υλικά ή σε επικίνδυνο περιβάλλον που ρυθμίζουν τις ενέργειες για την εκτίμηση επικινδυνότητας, την ελαχιστοποίηση της περαιτέρω έκθεσης, της καραντίνας και της μεταχείρισης των εκτιθέμενων ατόμων.",http://data.europa.eu/esco/isced-f/1021,δημόσια καθαριότητα
KnowledgeSkillCompetence,http://data.europa.eu/esco/skill/02619401-8e21-46e5-8f19-204747fd755d,απομάκρυνση μολυσμένων υλικών,released,skill/competence,sector-specific,,"Αφαίρεση υλικών και εξοπλισμού που περιέχουν επικίνδυνες ουσίες, για την προστασία του περιβάλλοντος από περαιτέρω μόλυνση και για την επεξεργασία ή τη διάθεση των μολυσμένων υλικών.",http://data.europa.eu/esco/skill/3727f0d3-da1b-4ce3-a9cb-efe6130fe41f | http://data.europa.eu/esco/skill/8bde58aa-9d5b-422b-801c-ff9186dd648e,αξιολόγηση της ρύπανσης | χειρισμός και διάθεση επικίνδυνων υλικών
KnowledgeSkillCompetence,http://data.europa.eu/esco/skill/03d93bf5-3c09-489c-a0d7-a895b068041a,διάσωση ζώων,released,skill/competence,sector-specific,,Διάσωση ζώων που βρίσκονται σε καταστάσεις που παρουσιάζουν άμεση ή δυνητική απειλή για την καλή διαβίωσή τους.,http://data.europa.eu/esco/skill/e9eb9c23-c1f4-4ce9-83c9-2f6a211cc536,διατήρηση και επιβολή της φυσικής ασφάλειας
KnowledgeSkillCompetence,http://data.europa.eu/esco/skill/04012dd1-478d-4eec-9951-dd623bfe86ca,κλιματολογικά έξυπνη γεωργία,released,knowledge,sector-specific,,"Ολοκληρωμένη προσέγγιση της διαχείρισης του τοπίου με στόχο την αύξηση της παραγωγικότητας των τροφίμων, την ενίσχυση της ανθεκτικότητας των καλλιεργειών, τη διασφάλιση της ασφάλειας των τροφίμων και τη μείωση των εκπομπών και την προσαρμογή στην κλιματική αλλαγή.
	",http://data.europa.eu/esco/isced-f/0811,φυτική και ζωική παραγωγή
KnowledgeSkillCompetence,http://data.europa.eu/esco/skill/052b829c-67c5-466f-9300-0e0b001a68ef,κατάρτιση συμβολαίων ενεργειακής απόδοσης,released,skill/competence,sector-specific,,"Προετοιμασία και επανέλεγχος συμβολαίων που περιγράφουν την ενεργειακή απόδοση διασφαλίζοντας τη συμμόρφωση με τις νομικές απαιτήσεις.
	",http://data.europa.eu/esco/skill/7954861c-86d4-4529-afbb-2c23dab9ac74 | http://data.europa.eu/esco/skill/6e62e776-fbfa-486c-a6df-58cd239c86fe,διενέργεια διαπραγματεύσεων για την επίτευξη συμβιβασμού | τεχνική ή επιστημονική συγγραφή
KnowledgeSkillCompetence,http://data.europa.eu/esco/skill/05dbdec3-c9d0-4f15-91ad-0700475a0f75,εκτίμηση περιβαλλοντικών επιδράσεων στα άκρα των βοοειδών,released,skill/competence,occupation-specific,,"Εκτίμηση του περιβάλλοντος και του τρόπου με τον οποίο μπορεί να επηρεάσει την υγεία των άκρων των βοοειδών. Οι περιβαλλοντικοί παράγοντες περιλαμβάνουν τη διατροφή, τη στέγαση και την έκθεση στο περιβάλλον.",http://data.europa.eu/esco/skill/062a9fde-cd91-44f9-9a2f-9e2bc3b281fd | http://data.europa.eu/esco/skill/e541c69c-ea80-4b17-87cb-4001d0b9d303,παροχή συμβουλών για περιβαλλοντικά ζητήματα | αξιολόγηση περιβαλλοντικών επιπτώσεων
KnowledgeSkillCompetence,http://data.europa.eu/esco/skill/05e5e14f-ffa6-4106-b311-c6335ccc2bd2,ηλιακή ενέργεια,released,knowledge,cross-sector,ενέργεια από το ηλιακό φως | ενέργεια από τον ήλιο | ενέργεια από το φως του ήλιου | ανανεώσιμη ηλιακή ενέργεια,"Η ενέργεια που προέρχεται από το φως και τη θερμότητα του ήλιου και μπορεί να αξιοποιηθεί και να χρησιμοποιηθεί ως ανανεώσιμη πηγή ενέργειας με τη χρήση διάφορων τεχνολογιών, όπως τα φωτοβολταϊκά (ΦΒ) για την παραγωγή ηλεκτρικής ενέργειας και συστήματα ηλιοθερμικής ενέργειας για την παραγωγή θερμικής ενέργειας.",http://data.europa.eu/esco/skill/f8413360-6114-40de-a276-c59b764b9913 | http://data.europa.eu/esco/isced-f/0713,τεχνολογίες ανανεώσιμων πηγών ενέργειας | ηλεκτρισμός και ενέργεια
KnowledgeSkillCompetence,http://data.europa.eu/esco/skill/062ec888-7fd2-4b1e-860e-4cdcc9503ab3,διαχείριση αδειών χρήσης εδαφικών πόρων,released,skill/competence,sector-specific,,Μελέτη των πιθανών επιπτώσεων της χρησιμοποίησης των εδαφικών πόρων στα ύδατα και στους υδάτινους οικοτόπους. Συστάσεις για την έγκριση ή την απόρριψη αδειών για τους σκοπούς αυτούς.,http://data.europa.eu/esco/skill/1bc1cf2a-a7f6-4769-a13b-cc26a2214498,"προετοιμασία εγγράφων για συμβάσεις, αιτήσεις ή άδειες"
KnowledgeSkillCompetence,http://data.europa.eu/esco/skill/065ec709-e0f4-407f-91fe-9feab66942be,σχεδιασμός συστημάτων καταιονισμού,released,skill/competence,occupation-specific,,"Σχεδιασμός συστημάτων καταιονισμού. Λαμβάνονται υπόψη τα ζητήματα της εξοικονόμησης νερού, των υφιστάμενων και των προτεινόμενων χαρακτηριστικών αρχιτεκτονικής τοπίου και η χρονική αλληλουχία των υφιστάμενων συστημάτων.",http://data.europa.eu/esco/skill/c34b06c4-d164-4e49-a784-89d47de42ec2,"σχεδιασμός βιομηχανικών υλικών, συστημάτων ή προϊόντων"
KnowledgeSkillCompetence,http://data.europa.eu/esco/skill/06a4004d-ee47-44ff-ae2f-a038ba0c0256,εκπόνηση μελέτης σκοπιμότητας σχετικά με τη μικρής κλίμακας αιολική ενέργεια,released,skill/competence,sector-specific,εκπόνηση μελέτης σκοπιμότητας για τη μίνι αιολική ενέργεια | κάντε μια μελέτη σκοπιμότητας σχετικά με τη μίνι αιολική ενέργεια,"Διενέργεια αξιολόγησης και εκτίμησης του δυναμικού των μικρής κλίμακας συστημάτων αιολικής ενέργειας. Εκπόνηση τυποποιημένης μελέτης για την εκτίμηση της απαιτούμενης ζήτησης ηλεκτρικής ενέργειας του κτιρίου, του μεριδίου της μικρής κλίμακας αιολικής ενέργειας στη συνολική παροχή και διεξαγωγή έρευνας για την υποστήριξη της διαδικασίας λήψης αποφάσεων.
	",http://data.europa.eu/esco/skill/d74df140-eb69-43e2-bac9-1cafc824d702 | http://data.europa.eu/esco/skill/ec528c47-65f4-4187-9dc1-5a8889f84a06,διενέργεια μελέτης σκοπιμότητας | ανάλυση επιχειρηματικών δραστηριοτήτων
KnowledgeSkillCompetence,http://data.europa.eu/esco/skill/072f35a1-98e7-4a6c-9a19-474ace5644da,καλλιέργεια αγρών για την παραγωγή βιομάζας,released,skill/competence,sector-specific,,"Καλλιέργεια αγρών για την παραγωγή βιομάζας, επεξεργασία αγρών για την παραγωγή βιομάζας.",http://data.europa.eu/esco/skill/b7c82b1b-cff9-4641-a62f-e4e28395eade,καλλιέργεια γαιών και παραγωγή σοδιάς
KnowledgeSkillCompetence,http://data.europa.eu/esco/skill/07c29939-d5fe-4f7f-8546-f1d02fd352db,επιθεώρηση συστημάτων σιλό,released,skill/competence,sector-specific,,Επιθεώρηση συστημάτων σιλό για την ελαχιστοποίηση τυχόν επιβλαβών εκπομπών κατά τη χρήση τους.,http://data.europa.eu/esco/skill/8064ae65-5d1b-44e1-9aaf-246a4285a9a6,τήρηση των νόμων και προτύπων περιβαλλοντικής προστασίας
KnowledgeSkillCompetence,http://data.europa.eu/esco/skill/07ec6866-d283-46a6-991c-e8ce0c6fc159,ερμηνεία επιστημονικών δεδομένων για την αξιολόγηση της ποιότητας των υδάτων,released,skill/competence,cross-sector,,"Ανάλυση και ερμηνεία δεδομένων, όπως οι βιολογικές ιδιότητες, για τη γνώση της ποιότητας του νερού.",http://data.europa.eu/esco/skill/1aae38c8-f75a-4009-8aa0-c5fa94b06e6b | http://data.europa.eu/esco/skill/1d6c7de4-350e-4868-a47b-333b4b0d9650 | http://data.europa.eu/esco/skill/36ff57b0-637d-4a83-a0e8-d14f86f9f078 | http://data.europa.eu/esco/skill/ba1f6201-b206-4459-b178-706db34a851d,"διαχείριση δοκιμών ποιότητας υδάτων | αξιολόγηση δεδομένων, πληροφοριών και ψηφιακού περιεχομένου | ανάλυση επιστημονικών δεδομένων | ανάλυση επιστημονικών και ιατρικών δεδομένων"
KnowledgeSkillCompetence,http://data.europa.eu/esco/skill/081d7679-5070-4777-bece-a28c49f15636,περιβαλλοντική πολιτική,released,knowledge,cross-sector,τοπική περιβαλλοντική πολιτική | διεθνή περιβαλλοντική πολιτική | εθνική περιβαλλοντική πολιτική | διεθνής περιβαλλοντική πολιτική,"Τοπικές, εθνικές και διεθνείς πολιτικές που αφορούν την προώθηση της περιβαλλοντικής αειφορίας και την ανάπτυξη έργων τα οποία μειώνουν τις αρνητικές περιβαλλοντικές επιπτώσεις και βελτιώνουν την κατάσταση του περιβάλλοντος.",http://data.europa.eu/esco/isced-f/0521,περιβαλλοντικές επιστήμες
KnowledgeSkillCompetence,http://data.europa.eu/esco/skill/085c8851-2354-44ae-98de-367bdde8bf58,επικοινωνία με μονάδες επεξεργασίας αποβλήτων,released,skill/competence,occupation-specific,,"Επικοινωνία με μονάδες που ασχολούνται με την επεξεργασία επικίνδυνων ή μη επικίνδυνων αποβλήτων, ώστε να εξασφαλίζεται αποτελεσματική συνεργασία στην οργάνωση των διαδικασιών επεξεργασίας των αποβλήτων.",http://data.europa.eu/esco/skill/47f14289-3bcd-4575-9cc1-15c582d1da29 | http://data.europa.eu/esco/skill/a19c5139-1250-4a60-9c31-a3243cca06cc,διαχείριση μονάδας επεξεργασίας αποβλήτων | επικοινωνία με συναδέλφους και πελάτες
KnowledgeSkillCompetence,http://data.europa.eu/esco/skill/089ee650-297e-4716-87d1-440743b70a0d,διασφάλιση της συμμόρφωσης με την περιβαλλοντική νομοθεσία,released,skill/competence,cross-sector,,"Παρακολούθηση δραστηριοτήτων και εκτέλεση καθηκόντων για τη διασφάλιση της συμμόρφωσης με τα πρότυπα που αφορούν την προστασία του περιβάλλοντος και τη βιωσιμότητα, και τροποποίηση δραστηριοτήτων σε περίπτωση αλλαγών στην περιβαλλοντική νομοθεσία. Διασφάλιση της συμμόρφωσης των διαδικασιών με τους περιβαλλοντικούς κανονισμούς και τις βέλτιστες πρακτικές.",http://data.europa.eu/esco/skill/1dae8445-12e5-423a-bb26-824010e299b9 | http://data.europa.eu/esco/skill/8064ae65-5d1b-44e1-9aaf-246a4285a9a6,διασφάλιση της συμμόρφωσης με τις νομικές απαιτήσεις | τήρηση των νόμων και προτύπων περιβαλλοντικής προστασίας
KnowledgeSkillCompetence,http://data.europa.eu/esco/skill/08a5f6dd-d3dd-4371-9919-6d730f34499c,στερέωση πίνακα φωτοβολταϊκών συστοιχιών,released,skill/competence,occupation-specific,,Ασφαλής εγκατάσταση φωτοβολταϊκών πάνελ με τη χρήση καθορισμένου συστήματος στερέωσης στην καθορισμένη θέση με τη σωστή κλίση.,http://data.europa.eu/esco/skill/30b280e7-2468-440b-a78f-f1e7f515d60a,"τοποθέτηση υλικών, εργαλείων και εξοπλισμού"
KnowledgeSkillCompetence,http://data.europa.eu/esco/skill/09473fea-69ea-40dc-9ff4-bbaaff10840e,διενέργεια μηχανολογικών ελέγχων σε τοποθεσίες,released,skill/competence,cross-sector,,"Συλλογή δομικών, ηλεκτρικών πληροφοριών και πληροφοριών σχετικών με την τοποθεσία με διενέργεια μηχανολογικών ελέγχων σε τοποθεσίες. Οι έλεγχοι χρησιμοποιούνται για τον σχεδιασμό μηχανικών λύσεων, όπως συστήματα ηλιακής ενέργειας.",http://data.europa.eu/esco/skill/7dd94ad3-13d6-43fe-8b94-51fcbf67ced9 | http://data.europa.eu/esco/skill/15fa3879-ac0e-46e6-ae36-609bae9c19c3 | http://data.europa.eu/esco/skill/9af1bd12-01bd-4d6a-947b-69e64f23150a,κριτική σκέψη | παρακολούθηση επιχειρησιακών δραστηριοτήτων | επεξεργασία ποιοτικών πληροφοριών
KnowledgeSkillCompetence,http://data.europa.eu/esco/skill/09c28e46-712a-4c11-a4ae-67ae554ea940,παροχή συμβουλών σχετικά με τη μείωση της χρήσης χημικών προϊόντων,released,skill/competence,cross-sector,,"Παροχή συμβουλών για τη μείωση της χρήσης χημικών προϊόντων, όπως τα φυτοφάρμακα, και των εκπομπών διαφόρων χημικών ουσιών, με σκοπό τον περιορισμό των επιπτώσεών τους στο περιβάλλον, αλλά και την άμβλυνση του κινδύνου που συνεπάγονται για τον άνθρωπο. Διαρκής ενημέρωση για τους κανονισμούς και τις πολιτικές στον τομέα αυτόν.
	",http://data.europa.eu/esco/skill/062a9fde-cd91-44f9-9a2f-9e2bc3b281fd,παροχή συμβουλών για περιβαλλοντικά ζητήματα
KnowledgeSkillCompetence,http://data.europa.eu/esco/skill/0aabb61b-5382-490a-bf44-375858f9cd3e,τύποι γεννητριών παλιρροϊκού ρεύματος,released,knowledge,sector-specific,τύπους παλιρροιακών στροβίλων | TEC | τύποι μετατροπέα παλιρροιακής ενέργειας | γεννήτριες παλιρροϊκών ρευμάτων | παλίρροιος μύλος,"Διάφοροι τύποι γεννητριών, όπως οι στρόβιλοι διασταυρούμενης ροής, οι στρόβιλοι επαυξημένης ροής, οι συσκευές του φαινομένου Venturi ή οι παλιρροϊκοί στρόβιλοι. Χρησιμοποιούνται για την άντληση ενέργειας από υδάτινα ρεύματα, είτε σε ποταμούς είτε σε εκβολές ποταμών που επωφελούνται από το παλιρροϊκό εύρος, καθώς και στα υπεράκτια υποθαλάσσια ρεύματα.
	",http://data.europa.eu/esco/isced-f/0713,ηλεκτρισμός και ενέργεια
KnowledgeSkillCompetence,http://data.europa.eu/esco/skill/0ad6d5e8-593f-4191-843c-439b23a468ca,διενέργεια ενεργειακού ελέγχου,released,skill/competence,sector-specific,,Ανάλυση και αξιολόγηση της κατανάλωσης ενέργειας με συστηματικό τρόπο προκειμένου να βελτιωθεί η ενεργειακή απόδοση.,http://data.europa.eu/esco/skill/7dd94ad3-13d6-43fe-8b94-51fcbf67ced9 | http://data.europa.eu/esco/skill/ec528c47-65f4-4187-9dc1-5a8889f84a06,κριτική σκέψη | ανάλυση επιχειρηματικών δραστηριοτήτων
KnowledgeSkillCompetence,http://data.europa.eu/esco/skill/0b3ae8c1-771e-4483-b3da-fd420fe6545b,ανάληψη πρωτοβουλιών για τη διαφύλαξη της σύστασης του νερού,released,skill/competence,occupation-specific,,Ανάληψη πρωτοβουλιών για να μην αλλάζει άσκοπα η σύσταση του νερού κατά την απομάκρυνση ανεπιθύμητων συστατικών.,http://data.europa.eu/esco/skill/d3b2c894-33fb-47c4-aff0-27935a082bf6,"χειρισμός εξοπλισμού ή συστημάτων επεξεργασίας πετρελαίου, χημικών ή νερού"
KnowledgeSkillCompetence,http://data.europa.eu/esco/skill/0b4f100c-813d-4eec-8aa5-4227bb98c635,νομοθετικές απαιτήσεις που συνδέονται με τα πλοία,released,knowledge,sector-specific,,"Συμβάσεις του Διεθνούς Ναυτιλιακού Οργανισμού (ΔΝΟ) σχετικά με την ασφάλεια της ζωής στη θάλασσα, την ασφάλεια και την προστασία του θαλάσσιου περιβάλλοντος.",http://data.europa.eu/esco/skill/243ffeb4-3395-4e39-9cf0-695be5b142aa | http://data.europa.eu/esco/isced-f/0421,ναυτικό δίκαιο | δίκαιο
KnowledgeSkillCompetence,http://data.europa.eu/esco/skill/0bca9840-478a-40fd-a6c3-c8cc923add98,εκπόνηση σχεδίων διαχείρισης,released,skill/competence,sector-specific,,Εκπόνηση σχεδίων διαχείρισης για τη διατήρηση της αλιείας και των οικοτόπων ή την αποκατάστασή τους όταν κρίνεται αναγκαίο.,http://data.europa.eu/esco/skill/37272760-957a-4c34-b4f3-780ee285334d,"ανάπτυξη σχεδίων χρηματοoικονομικών, επιχειρηματικών ή εμπορικής προώθησης"
KnowledgeSkillCompetence,http://data.europa.eu/esco/skill/0cf3117a-c627-48e0-8d55-65b0f4557ae5,εφαρμογή βιώσιμων τεχνικών άροσης,released,skill/competence,sector-specific,εφαρμογή βιώσιμης άροσης,"Εφαρμογή βιώσιμων τεχνικών άροσης, όπως η άροση συντήρησης ή η καλλιέργεια χωρίς άροση, προκειμένου να ελαχιστοποιηθούν οι επιπτώσεις στο έδαφος.
	",http://data.europa.eu/esco/skill/b7c82b1b-cff9-4641-a62f-e4e28395eade,καλλιέργεια γαιών και παραγωγή σοδιάς
KnowledgeSkillCompetence,http://data.europa.eu/esco/skill/0d0fe364-462d-48dd-b54b-e972e2bdecb1,τύποι μονωτικού υλικού,released,knowledge,cross-sector,,"Διάφοροι τύποι μονωτικού υλικού και οι περιπτώσεις χρήσης τους, τα πλεονεκτήματα, οι κίνδυνοι και το κόστος.",http://data.europa.eu/esco/isced-f/0732,οικοδομές και έργα πολιτικού μηχανικού
KnowledgeSkillCompetence,http://data.europa.eu/esco/skill/0d75a128-bd88-4c1b-b70d-8e963aeb490c,υιοθέτηση τρόπων μείωσης της ρύπανσης,released,skill/competence,transversal,διαχείριση ίδιων απορριμάτων | μείωση του θορύβου | προτίμηση δημόσιων από τις ιδιωτικές συγκοινωνίες | χρήση μέσων μαζικής μεταφοράς | πρόληψη της ρύπανσης,"Εφαρμογή μέτρων για τη μείωση της ατμοσφαιρικής ρύπανσης, της ηχορύπανσης, της φωτορύπανσης, της ρύπανσης των υδάτων ή της ρύπανσης του περιβάλλοντος, για παράδειγμα με τη χρήση των δημόσιων μέσων μεταφοράς, την αποφυγή της δημιουργίας αποβλήτων στο φυσικό περιβάλλον και τη μείωση των περιττών εκπομπών φωτός και θορύβου, ιδίως κατά τη διάρκεια της νύχτας.
	",http://data.europa.eu/esco/skill/80cf002a-6586-4db7-9c9a-88325a9a5e1b,Εφαρμογή δεξιοτήτων και ικανοτήτων στον τομέα του περιβάλλοντος
KnowledgeSkillCompetence,http://data.europa.eu/esco/skill/0e0b8991-4b24-4bb8-9113-df3ce43c1ff9,παροχή συμβουλών σχετικά με περιβαλλοντικά ζητήματα που συνδέονται με τις εξορυκτικές δραστηριότητες,released,skill/competence,sector-specific,,"Παροχή συμβουλών σε μηχανικούς, τοπογράφους, γεωτεχνικό προσωπικό και μεταλλουργούς σχετικά με την προστασία του περιβάλλοντος και την αποκατάσταση του εδάφους που σχετίζονται με εξορυκτικές δραστηριότητες.
	",http://data.europa.eu/esco/skill/045f71e6-0699-4169-8a54-9c6b96f3174d | http://data.europa.eu/esco/skill/062a9fde-cd91-44f9-9a2f-9e2bc3b281fd | http://data.europa.eu/esco/skill/8df86db8-dfcd-414b-854f-ad1cdb18d733,παροχή συμβουλών σε άλλους | παροχή συμβουλών για περιβαλλοντικά ζητήματα | ενημέρωση σχετικά με τις περιβαλλοντικές επιπτώσεις των εξορύξεων
KnowledgeSkillCompetence,http://data.europa.eu/esco/skill/0e628dde-8d1b-4a1d-b973-a349fe1725c8,εφαρμογή μέτρων για την προστασία από τις προσχώσεις,released,skill/competence,sector-specific,,Διαχείριση των διαδικασιών και των έργων για την προστασία από τις προσχώσεις. Σχεδιασμός των ενεργειών για την προστασία από τις προσχώσεις ώστε το διαβρωμένο έδαφος να μην ρυπαίνει τις παρακείμενες υδάτινες οδούς.,http://data.europa.eu/esco/skill/0779d482-4154-4fbb-9a22-d9fd89c39d67,"οργάνωση, σχεδιασμός και προγραμματισμός εργασιών και δραστηριοτήτων"
KnowledgeSkillCompetence,http://data.europa.eu/esco/skill/0e78d9c9-7c3c-4c5c-82cb-205c16edbcb8,πράσινη πληροφορική,released,knowledge,occupation-specific,πράσινα συστήματα πληροφορικής· πράσινα συστήματα ΤΠΕ | οικολογική πληροφορική· οικολογικά συστήματα ΤΠΕ· οικολογικά συστήματα πληροφορικής,"Η χρήση των συστημάτων ΤΠΕ κατά τρόπο περιβαλλοντικά υπεύθυνο και βιώσιμο, όπως η εφαρμογή ενεργειακά αποδοτικών διακομιστών και μονάδων κεντρικής επεξεργασίας (CPU), η μείωση των πόρων και η ορθή διάθεση των ηλεκτρονικών αποβλήτων.",http://data.europa.eu/esco/isced-f/0712,τεχνολογία προστασίας του περιβάλλοντος
KnowledgeSkillCompetence,http://data.europa.eu/esco/skill/0e81fcff-2fb5-4c87-afc2-49b5e5d9db50,χειρισμός μονάδας παραγωγής βιοαερίου,released,skill/competence,occupation-specific,,"Χειρισμός εξοπλισμού που επεξεργάζεται ενεργειακές καλλιέργειες και απόβλητα από αγροκτήματα, των ονομαζόμενων αναερόβιων χωνευτηρίων. Διασφάλιση σωστής λειτουργίας του εξοπλισμού όσον αφορά τη μετατροπή βιομάζας σε βιοαέριο, το οποίο χρησιμοποιείται για την παραγωγή θερμότητας και ηλεκτρικής ενέργειας.",http://data.europa.eu/esco/skill/d3b2c894-33fb-47c4-aff0-27935a082bf6,"χειρισμός εξοπλισμού ή συστημάτων επεξεργασίας πετρελαίου, χημικών ή νερού"
KnowledgeSkillCompetence,http://data.europa.eu/esco/skill/0f4cc60e-820e-439d-8810-31a2cc27ada6,χρήση εξοπλισμού απολύμανσης υδάτων,released,skill/competence,sector-specific,,"Χρήση εξοπλισμού απολύμανσης υδάτων με χρήση διαφορετικών μεθόδων και τεχνικών, όπως μηχανικό φιλτράρισμα ανάλογα με τις ανάγκες.",http://data.europa.eu/esco/skill/d3b2c894-33fb-47c4-aff0-27935a082bf6,"χειρισμός εξοπλισμού ή συστημάτων επεξεργασίας πετρελαίου, χημικών ή νερού"
KnowledgeSkillCompetence,http://data.europa.eu/esco/skill/101d63ee-bb22-4a7c-9e0a-c2716063696a,"διενέργεια αξιολόγησης για την υγεία, την ασφάλεια και το περιβάλλον",released,skill/competence,cross-sector,,"Διενέργεια αξιολόγησης για την υγεία, την ασφάλεια και το περιβάλλον, ώστε να εξασφαλίζεται η καλή λειτουργία του εργασιακού περιβάλλοντος και των εργασιακών συνθηκών.",http://data.europa.eu/esco/skill/0e0a44a8-654c-4e85-986a-fb4386114838 | http://data.europa.eu/esco/skill/d2d9051a-10e1-41c5-9cfb-bbdc58016176 | http://data.europa.eu/esco/skill/60ccdd6a-c100-43cf-9797-543a5c42b922,παρακολούθηση ασφάλειας ή προστασίας | τήρηση προληπτικών μέτρων ασφάλειας στις πρακτικές εργασίας | διασφάλιση της υγείας και της ασφάλειας στις διαδικασίες κατασκευής
KnowledgeSkillCompetence,http://data.europa.eu/esco/skill/101e6f4c-c892-4812-9e2c-f2b888771bb3,δοκιμή πτερυγίων ανεμογεννητριών,released,skill/competence,sector-specific,,"Δοκιμή νέων σχεδίων των πτερυγίων των ανεμογεννητριών που προορίζονται για χρήση σε αιολικά πάρκα, εξασφαλίζοντας ότι οι λεπίδες είναι λειτουργικές και ασφαλείς για χρήση στο συγκεκριμένο αιολικό πάρκο.
	",http://data.europa.eu/esco/skill/6d0cad66-82dd-4854-a03a-68232942c68d,εγκατάσταση ξύλινων και μεταλλικών στοιχείων
KnowledgeSkillCompetence,http://data.europa.eu/esco/skill/103f7814-d262-4df6-a1b6-759bc51f76cb,βιώσιμες τεχνολογίες,released,knowledge,cross-sector,πράσινες τεχνολογίες,"Τεχνολογίες που αποσκοπούν στη μείωση των περιβαλλοντικών και οικολογικών κινδύνων, επιτυγχάνοντας ταυτόχρονα θετικές οικονομικές, κοινωνικές και περιβαλλοντικές επιπτώσεις. Πρόκειται για καινοτόμες τεχνολογίες που έχουν σχεδιαστεί για την πρόληψη και τη μείωση των αρνητικών επιπτώσεων της ανθρωπότητας στον πλανήτη, καθώς και για την ανάκαμψη από αυτές.
	",http://data.europa.eu/esco/isced-f/0712,τεχνολογία προστασίας του περιβάλλοντος
KnowledgeSkillCompetence,http://data.europa.eu/esco/skill/1063b061-329e-4212-8db4-ab936dc60efc,περιβαλλοντική οικονομία,released,knowledge,sector-specific,αρχές της περιβαλλοντικής οικονομίας | ο κλάδος των οικονομικών επιστημών,"Το υποπεδίο των οικονομικών επιστημών που μελετά την αποδοτική κατανομή των περιβαλλοντικών πόρων για την επίτευξη του στόχου της ελαχιστοποίησης των αρνητικών επιπτώσεων στο φυσικό περιβάλλον.
	",http://data.europa.eu/esco/isced-f/0311,οικονομικά
KnowledgeSkillCompetence,http://data.europa.eu/esco/skill/108320f7-c8a1-4386-aed9-91054ab05619,εκπόνηση γεωργικών πολιτικών,released,skill/competence,cross-sector,,"Ανάπτυξη προγραμμάτων για την ανάπτυξη νέων τεχνολογιών και μεθοδολογιών στη γεωργία, καθώς και ανάπτυξη και εφαρμογή βελτιωμένης βιωσιμότητας και περιβαλλοντικής ευαισθητοποίησης στη γεωργία.",http://data.europa.eu/esco/skill/8ed41305-4abf-4b54-9f8f-0e043d26feba,ανάπτυξη πολιτικών και κατάρτιση νομοθεσίας
KnowledgeSkillCompetence,http://data.europa.eu/esco/skill/10ff3d22-1f29-48bc-98e4-63fc61c78034,κοινωνικές συμμαχίες,released,knowledge,sector-specific,,"Η δημιουργία συμπράξεων μεταξύ διαφόρων φορέων (επιχειρήσεων, μη κερδοσκοπικών οργανώσεων ή οργανισμών του δημόσιου τομέα) μέσω των οποίων μοιράζονται πόρους και γνώσεις για έναν κοινό σκοπό: συνήθως για την επίλυση μιας κοινωνικής ή περιβαλλοντικής πρόκλησης.
	",http://data.europa.eu/esco/isced-f/0314,κοινωνικές επιστήμες και επιστήμες του πολιτισμού
KnowledgeSkillCompetence,http://data.europa.eu/esco/skill/110d7aa3-e44e-4cce-a927-8d4de615f3d9,διαλογή αποβλήτων,released,skill/competence,cross-sector,,Χειροκίνητη ή αυτόματη διαλογή απορριμμάτων διαχωρίζοντάς τα στα διάφορα στοιχεία τους.,http://data.europa.eu/esco/skill/485b2e3b-f883-46d8-901f-ab521d4f8e58,διαλογή υλικών ή προϊόντων
KnowledgeSkillCompetence,http://data.europa.eu/esco/skill/111b9dad-b2e0-4b55-8d0f-2e41cb435f64,διασφάλιση ότι οι πρόσθετες ύλες ζωοτροφών δεν έχουν επιβλαβείς επιπτώσεις,released,skill/competence,occupation-specific,,Διασφάλιση ότι οι πρόσθετες ύλες ζωοτροφών υποβάλλονται σε επιστημονική αξιολόγηση για να αξιολογηθεί εάν η πρόσθετη ύλη έχει βλαβερές συνέπειες στην υγεία των ανθρώπων ή των ζώων ή στο περιβάλλον.,http://data.europa.eu/esco/skill/5bcec244-3efe-45ac-8891-0ab4a91e9c48,τήρηση των διαδικασιών υγείας και ασφάλειας
KnowledgeSkillCompetence,http://data.europa.eu/esco/skill/114a79ef-1e62-475b-a862-954f5b4cca20,εκπόνηση διαδικασιών διαχείρισης αποβλήτων,released,skill/competence,sector-specific,,"Ανάπτυξη εξοπλισμού, μεθόδων και διαδικασιών που μπορούν να εφαρμοστούν σε διάφορα είδη εγκαταστάσεων επεξεργασίας και διάθεσης αποβλήτων, για τη βελτίωση της αποδοτικότητας των διαδικασιών διαχείρισης αποβλήτων, τη μείωση του περιβαλλοντικού αντίκτυπου και την εγγύηση της ασφάλειας του προσωπικού διαχείρισης αποβλήτων.",http://data.europa.eu/esco/skill/c23e0a2f-f04b-45bc-b0dd-20571f6b502c | http://data.europa.eu/esco/skill/73a9561d-112c-4d8a-9d5f-b2c11c5bbd5f,ανάπτυξη επιχειρησιακών πολιτικών και διαδικασιών | διαχείριση και διάθεση αποβλήτων
KnowledgeSkillCompetence,http://data.europa.eu/esco/skill/128f318e-1bc8-4921-821f-b0aad1d98922,προσδιορισμός κατάλληλου συστήματος θέρμανσης και ψύξης,released,skill/competence,sector-specific,προσδιορίστε το σύστημα hvac που ταιριάζει στις απαιτήσεις του nzeb | καθορισμός συστημάτων που ανταποκρίνονται στις απαιτήσεις της nzeb | καθορισμός του κατάλληλου συστήματος θέρμανσης και ψύξης που ταιριάζει στις απαιτήσεις της nzeb,"Προσδιορισμός του κατάλληλου συστήματος σε σχέση με τις διαθέσιμες πηγές ενέργειας (έδαφος, αέριο, ηλεκτρισμός, σε περιφερειακό επίπεδο κ.λπ.), το οποίο ανταποκρίνεται στις απαιτήσεις σχεδόν μηδενικής κατανάλωσης ενέργειας.
	",http://data.europa.eu/esco/skill/6ee936b0-4e0c-4e04-97c7-1f4ee9230d67,ανάπτυξη στόχων και στρατηγικών
KnowledgeSkillCompetence,http://data.europa.eu/esco/skill/12d7ea6f-ec1f-4f9a-a50b-8e2e9693f068,μεταφορά επικίνδυνων υλικών,released,knowledge,sector-specific,,"Κανονισμοί και διαδικασίες ασφάλειας που σχετίζονται με τη μεταφορά επικίνδυνων υλικών και προϊόντων, όπως επικίνδυνα απόβλητα, χημικές ουσίες, εκρηκτικά και εύφλεκτα υλικά.",http://data.europa.eu/esco/isced-f/1041,υπηρεσίες μεταφορών
KnowledgeSkillCompetence,http://data.europa.eu/esco/skill/13f7cd7c-6ec5-4186-8744-de3c780b973d,παροχή συμβουλών σχετικά με τη φροντίδα τοπίων,released,skill/competence,occupation-specific,,"Παροχή συμβουλών για τον σχεδιασμό, την ανάπτυξη και τη φροντίδα νέων και υφιστάμενων τοπίων.",http://data.europa.eu/esco/skill/062a9fde-cd91-44f9-9a2f-9e2bc3b281fd | http://data.europa.eu/esco/skill/6ebb869b-3931-4c7f-b168-07e2a271b1bc,παροχή συμβουλών για περιβαλλοντικά ζητήματα | καθοδήγηση έργων υπαίθριου χώρου
KnowledgeSkillCompetence,http://data.europa.eu/esco/skill/145fb42f-ebee-48e2-bdf8-2e935edc7158,απολύμανση επιφανειών,released,skill/competence,cross-sector,,"Εφαρμογή των σωστών διαδικασιών καθαρισμού, λαμβάνοντας υπόψη τον ασφαλή χειρισμό των απολυμαντικών, την απομάκρυνση μολυσματικών παραγόντων, ρύπων και βακτηριακών κινδύνων από διάφορες επιφάνειες, όπως το εξωτερικό των κτιρίων, οχήματα και δρόμους.",http://data.europa.eu/esco/skill/2bf2c727-ee42-4fc5-a4d7-2cd62b880433,καθαρισμός
KnowledgeSkillCompetence,http://data.europa.eu/esco/skill/1565b401-1754-4b07-8f1a-eb5869e64d95,αντίκτυπος της κλιματικής αλλαγής,released,knowledge,cross-sector,,"Κατανόηση του αντίκτυπου της κλιματικής αλλαγής στη βιοποικιλότητα και τις συνθήκες διαβίωσης των φυτών και των ζώων.
    ",http://data.europa.eu/esco/isced-f/0532,επιστήμες της γης
KnowledgeSkillCompetence,http://data.europa.eu/esco/skill/15c522eb-cd6d-4b00-9d95-db20c0f8df88,δυναμικό εξοικονόμησης ενέργειας των αυτόματων συστημάτων αλλαγής,released,knowledge,occupation-specific,,"Δυναμικό εξοικονόμησης ενέργειας σε αυτόματα συστήματα αλλαγής μέσω μηχανισμών όπως η βελτίωση της απόδοσης και η καλύτερη πρόβλεψη προσεχών συμβάντων.
	",http://data.europa.eu/esco/skill/83fc0b2b-6cd2-46af-b1ff-d3fc83604c26 | http://data.europa.eu/esco/isced-f/0713,ενεργειακή απόδοση | ηλεκτρισμός και ενέργεια
KnowledgeSkillCompetence,http://data.europa.eu/esco/skill/17446f6d-d8b0-4945-a37b-9ad0dfc9f3e8,σχεδιασμός συστήματος ψύξης με ηλιακή απορρόφηση,released,skill/competence,sector-specific,,"Σχεδιασμός συστήματος παραγωγής ψύξης απορρόφησης με ηλιακή αναγέννηση μέσω συλλεκτών θερμότητας με σωλήνες. Υπολογισμός της ακριβούς ζήτησης ψύξης του κτιρίου για την επιλογή της κατάλληλης ισχύος (kW). Λεπτομερής σχεδιασμός της εγκατάστασης, της αρχής, της στρατηγικής αυτοματοποίησης, με τη χρήση διαθέσιμων προϊόντων και ιδεών, επιλογή προσαρμοσμένων προϊόντων.
	",http://data.europa.eu/esco/skill/39fa260c-4f85-48e3-83ce-e292e696c233,σχεδιασμός ηλεκτρικών ή ηλεκτρονικών συστημάτων ή εξοπλισμού
KnowledgeSkillCompetence,http://data.europa.eu/esco/skill/17447ce4-4c4a-4158-b1ea-03ed5364b4e8,διαχείριση σχεδίων για την αποθήκευση οργανικών υποπροϊόντων,released,skill/competence,occupation-specific,,Εφαρμογή μεθόδων και διαδικασιών για την αποθήκευση οργανικών υποπροϊόντων σύμφωνα με την ισχύουσα νομοθεσία και τις πολιτικές υγείας και ασφάλειας. Παρακολούθηση της εφαρμογής των σχεδίων και αντίδραση σε πιθανά ζητήματα.,http://data.europa.eu/esco/skill/26532713-d18f-4e5c-8365-1f57e00f8422 | http://data.europa.eu/esco/skill/e6eeb84c-ad99-42e2-b883-e6ce338aef59,διαχείριση των δραστηριοτήτων αποθήκευσης | επιχειρησιακός σχεδιασμός και σχεδιασμός παραγωγικής διαδικασίας
KnowledgeSkillCompetence,http://data.europa.eu/esco/skill/186da517-9a3e-41cd-9158-4001e3694459,βιολογικές καλλιέργειες,released,knowledge,sector-specific,,"Αρχές, τεχνικές και κανονισμοί των βιολογικών καλλιεργειών. Οι βιολογικές καλλιέργειες ή αλλιώς η οικολογική γεωργία είναι μια μέθοδος γεωργικής παραγωγής, η οποία δίνει ιδιαίτερη έμφαση στην προστασία του περιβάλλοντος και την οικολογική ισορροπία.",http://data.europa.eu/esco/isced-f/0811,φυτική και ζωική παραγωγή
KnowledgeSkillCompetence,http://data.europa.eu/esco/skill/189777b9-6e95-4f76-b8db-f8e0f0477bc6,εκπόνηση στρατηγικών άρδευσης,released,skill/competence,sector-specific,,"Σχεδιασμός της ανάπτυξης μεθόδων και διαδικασιών για το πότισμα της γης με τεχνητά μέσα, λαμβάνοντας υπόψη στρατηγικές για τη βιωσιμότητα της χρήσης των υδάτων.
 ",http://data.europa.eu/esco/skill/8ed41305-4abf-4b54-9f8f-0e043d26feba | http://data.europa.eu/esco/skill/7a8fb784-67fa-41e9-a75c-6b491d91f800,ανάπτυξη πολιτικών και κατάρτιση νομοθεσίας | ανάπτυξη στρατηγικής για την επίλυση προβλημάτων
KnowledgeSkillCompetence,http://data.europa.eu/esco/skill/18d3f89a-6ac5-4ca6-bf93-0baec4e13bcd,εγκατάσταση φωτοβολταϊκών συστημάτων,released,skill/competence,occupation-specific,εγκατάσταση συστημάτων φωτοβολταϊκών | εγκατάσταση συστημάτων ηλιακής ενέργειας | εγκατάσταση ηλιακών συστημάτων | εγκατάσταση ηλιακών φωτοβολταϊκών,"Εγκατάσταση συστημάτων που παράγουν ηλεκτρική ενέργεια μέσω της μετατροπής του φωτός σε ηλεκτρικό ρεύμα, το φωτοβολταϊκό φαινόμενο. Διασφάλιση της συμμόρφωσης με τους κανονισμούς και ορθή εγκατάσταση του φωτοβολταϊκού συστήματος.",http://data.europa.eu/esco/skill/a7065828-10aa-4aba-b7d4-f23a30df5060,"εγκατάσταση και επισκευή εξοπλισμού ηλεκτρικού, ηλεκτρονικού και ακριβείας"
KnowledgeSkillCompetence,http://data.europa.eu/esco/skill/192e12e7-6bf0-42e6-bfc3-70c08551f12a,αξιολόγηση των περιβαλλοντικών σχεδίων με βάση τα χρηματοπιστωτικά έξοδα,released,skill/competence,cross-sector,,Αξιολόγηση περιβαλλοντικών σχεδίων από οικονομική άποψη για την εξισορρόπηση των δαπανών που απαιτούνται για τη βελτίωση του περιβάλλοντος. Αξιολόγηση του οικονομικού οφέλους που θα αποφέρουν μακροπρόθεσμα οι εν λόγω επενδύσεις στην εταιρεία.,http://data.europa.eu/esco/skill/37272760-957a-4c34-b4f3-780ee285334d,"ανάπτυξη σχεδίων χρηματοoικονομικών, επιχειρηματικών ή εμπορικής προώθησης"
KnowledgeSkillCompetence,http://data.europa.eu/esco/skill/192f3ca9-2232-40d0-b241-387966ce2de8,νομοθεσία περί μεταφοράς αποβλήτων,released,knowledge,cross-sector,,"Κανονισμοί και νομοθεσία σχετικά με την ασφαλή μεταφορά επικίνδυνων και μη επικίνδυνων αποβλήτων υλικών, προϊόντων και συσκευών.",http://data.europa.eu/esco/isced-f/0421,δίκαιο
KnowledgeSkillCompetence,http://data.europa.eu/esco/skill/1a09db78-cbcf-428a-a23c-5c3f3951cc4c,παρακολούθηση δημοτικών εγκαταστάσεων ανακύκλωσης,released,skill/competence,sector-specific,,"Παρακολούθηση των τόπων και των εγκαταστάσεων που περιέχουν σημεία ανακύκλωσης και στα οποία τα άτομα μπορούν να πετούν οικιακά απορρίμματα, προκειμένου να διασφαλίζεται η ασφάλεια, η συμμόρφωση με τη νομοθεσία καθώς και ότι το κοινό χρησιμοποιεί τις εγκαταστάσεις σύμφωνα με τους κανονισμούς για τα απόβλητα.
	",http://data.europa.eu/esco/skill/67117c88-c855-4fab-98c5-e322e838969f | http://data.europa.eu/esco/skill/0e0a44a8-654c-4e85-986a-fb4386114838,οργάνωση παροχών που προσφέρονται στις εγκαταστάσεις | παρακολούθηση ασφάλειας ή προστασίας
KnowledgeSkillCompetence,http://data.europa.eu/esco/skill/1a6c7e0d-fc13-41d7-a5c0-8ca00606de89,προώθηση βιώσιμης ενέργειας,released,skill/competence,sector-specific,,"Προώθηση της χρήσης ανανεώσιμων πηγών ηλεκτρικής ενέργειας και παραγωγής θερμότητας σε οργανισμούς και φυσικά πρόσωπα, προκειμένου να εργάζονται για ένα βιώσιμο μέλλον και να ενθαρρύνουν τις πωλήσεις εξοπλισμού βιώσιμης ενέργειας, όπως εξοπλισμού ηλιακής ενέργειας.",http://data.europa.eu/esco/skill/469e19ed-a0bd-445a-ae2d-4ba9430e296b | http://data.europa.eu/esco/skill/efb60300-0d55-4b2c-8038-8409587a4727,"προώθηση της βιωσιμότητας | προώθηση προϊόντων, υπηρεσιών ή προγραμμάτων"
KnowledgeSkillCompetence,http://data.europa.eu/esco/skill/1aae38c8-f75a-4009-8aa0-c5fa94b06e6b,διαχείριση δοκιμών ποιότητας υδάτων,released,skill/competence,cross-sector,,"Καθοδήγηση των διαδικασιών που περιβάλλουν τις δοκιμές και την ποιοτική ανάλυση των υδάτων, καθώς και των συνακόλουθων διαδικασιών καθαρισμού με τη διαχείριση εργασιών από τη συλλογή δειγμάτων έως τις εργαστηριακές δοκιμές, τη διαχείριση του προσωπικού και τη διασφάλιση της συμμόρφωσης με τη νομοθεσία.",http://data.europa.eu/esco/skill/75d8e5d9-bef3-418b-9011-01bff9f27207 | http://data.europa.eu/esco/skill/0b3930a2-8a13-4932-8a09-4c72ec8af464,καθοδήγηση άλλων ατόμων | παρακολούθηση της ποιότητας των εμπορευμάτων
KnowledgeSkillCompetence,http://data.europa.eu/esco/skill/1ab1449d-5b65-458b-b115-f5283a52da8e,παροχή συμβουλών σχετικά με την κατανάλωση υπηρεσιών κοινής ωφελείας,released,skill/competence,sector-specific,,"Παροχή συμβουλών σε φυσικά πρόσωπα ή οργανισμούς σχετικά με τους τρόπους με τους οποίους μπορούν να μειώσουν την κατανάλωση υπηρεσιών κοινής ωφελείας, όπως είναι η θέρμανση, το νερό, το φυσικό αέριο και η ηλεκτρική ενέργεια, προκειμένου να εξοικονομούν χρήματα και να ενσωματώνουν βιώσιμες πρακτικές.",http://data.europa.eu/esco/skill/045f71e6-0699-4169-8a54-9c6b96f3174d | http://data.europa.eu/esco/skill/062a9fde-cd91-44f9-9a2f-9e2bc3b281fd,παροχή συμβουλών σε άλλους | παροχή συμβουλών για περιβαλλοντικά ζητήματα
KnowledgeSkillCompetence,http://data.europa.eu/esco/skill/1b6197c8-a08b-412b-8be0-ed6de108b17e,υπόδειξη και εφαρμογή βελτιώσεων στα ηλεκτρικά συστήματα,released,skill/competence,occupation-specific,,"Σχεδιασμός, πρόταση και εφαρμογή τροποποιήσεων για τη βελτίωση ηλεκτρικών συστημάτων. Εστίαση στη βιωσιμότητα, την ποιότητα και την ασφάλεια.",http://data.europa.eu/esco/skill/39fa260c-4f85-48e3-83ce-e292e696c233,σχεδιασμός ηλεκτρικών ή ηλεκτρονικών συστημάτων ή εξοπλισμού
KnowledgeSkillCompetence,http://data.europa.eu/esco/skill/1b644187-7c16-4685-bc80-fe1279492dea,συντονισμός στον χειρισμό της ιλύος καθαρισμού λυμάτων,released,skill/competence,sector-specific,,"Συντονισμός της επεξεργασίας και της διάθεσης των ημιστερεών καταλοίπων που προκύπτουν από την επεξεργασία των λυμάτων, όπως η ενέργεια που κερδίζεται από τη ζύμωση, την ξήρανση και την επαναχρησιμοποίηση ως λίπασμα.",http://data.europa.eu/esco/skill/75d8e5d9-bef3-418b-9011-01bff9f27207 | http://data.europa.eu/esco/skill/61d1dab2-6007-4b7c-9380-cd88207fa30f,καθοδήγηση άλλων ατόμων | διάθεση μη επικίνδυνων αποβλήτων ή υπολειμμάτων
KnowledgeSkillCompetence,http://data.europa.eu/esco/skill/1b718a43-4295-44cc-9530-78323bbeb663,ζύμωση εργαστηριακής κλίμακας,released,knowledge,occupation-specific,,"Τα στάδια και οι απαιτήσεις της διαδικασίας της ζύμωσης εργαστηριακής κλίμακας για τη μετατροπή της βιομάζας σε χημικές ουσίες, σάκχαρα ή καύσιμα.",http://data.europa.eu/esco/isced-f/0711,χημική μηχανική και διαδικασίες
KnowledgeSkillCompetence,http://data.europa.eu/esco/skill/1b73b2a7-aefc-49ef-8b30-b90ca7429984,παροχή συμβουλών σε πελάτες σχετικά με οικοδομικά υλικά,released,skill/competence,sector-specific,,"Παροχή αναλυτικών συμβουλών σε πελάτες σχετικά με διάφορα οικοδομικά υλικά, υποβολή συστάσεων για βιώσιμη ανάπτυξη και προώθηση χρήσης οικολογικών υλικών όπως ξύλο, άχυρο και μπαμπού, προώθηση ανακύκλωσης και χρήσης ανακυκλώσιμων ή μη τοξικών υλικών.",http://data.europa.eu/esco/skill/045f71e6-0699-4169-8a54-9c6b96f3174d | http://data.europa.eu/esco/skill/62afcfdd-a2a6-4143-bafb-59c77e15a01c | http://data.europa.eu/esco/skill/3b64ab47-a874-403a-b781-7b23c2fc3c6c | http://data.europa.eu/esco/skill/01c03003-516d-43c6-8477-45c472413521,παροχή συμβουλών σε άλλους | παροχή συμβουλών σχετικά με προϊόντα και υπηρεσίες | παροχή συμβουλών για κατασκευαστικά ζητήματα | παροχή συμβουλών σχετικά με κατασκευαστικά υλικά
KnowledgeSkillCompetence,http://data.europa.eu/esco/skill/1b94ad6c-c54d-4bdd-858d-81ebef51c5a4,βιώσιμα υλικά και κατασκευαστικά στοιχεία υποδημάτων,released,knowledge,sector-specific,πράσινο υλικό υποδημάτων | βιώσιμη κλωστοϋφαντουργία | βιώσιμο υλικό για υποδήματα | φιλικό προς το περιβάλλον υλικό για υποδήματα,"Φιλικά προς το περιβάλλον υλικά και κατασκευαστικά στοιχεία, όπως δέρμα, υφάσματα και συνθετικά υλικά, υλικά για σόλες και ενδιάμεσες σόλες, διάφορα κατασκευαστικά στοιχεία και εξαρτήματα.
	",http://data.europa.eu/esco/isced-f/0723,"κλωστοϋφαντουργικά προϊόντα (ενδύματα, υποδήματα και δέρματα)"
KnowledgeSkillCompetence,http://data.europa.eu/esco/skill/1c4fa8a3-7f7e-4c63-a36c-89e4321774d6,προσδιορισμός των διαχρονικών χαρακτηριστικών της κλιματικής αλλαγής,released,skill/competence,occupation-specific,,"Ανάλυση δειγμάτων που λαμβάνονται από πυρήνες πάγου, δακτυλίους δέντρων, ιζήματα κ.λπ. για την απόκτηση πληροφοριών σχετικά με τις κλιματικές αλλαγές κατά τη διάρκεια της ιστορίας της γης και τις συνέπειές τους για τη ζωή στον πλανήτη.",http://data.europa.eu/esco/skill/ba1f6201-b206-4459-b178-706db34a851d | http://data.europa.eu/esco/skill/9af1bd12-01bd-4d6a-947b-69e64f23150a,ανάλυση επιστημονικών και ιατρικών δεδομένων | επεξεργασία ποιοτικών πληροφοριών
KnowledgeSkillCompetence,http://data.europa.eu/esco/skill/1c9bb265-6ff7-428e-9a72-9c8df75178b8,αξιολόγηση των επιπτώσεων των βιομηχανικών δραστηριοτήτων,released,skill/competence,cross-sector,,Ανάλυση δεδομένων για την εκτίμηση των επιπτώσεων των βιομηχανικών δραστηριοτήτων στη διαθεσιμότητα πόρων και στην ποιότητα των υπόγειων υδάτων.,http://data.europa.eu/esco/skill/7dd94ad3-13d6-43fe-8b94-51fcbf67ced9 | http://data.europa.eu/esco/skill/e541c69c-ea80-4b17-87cb-4001d0b9d303 | http://data.europa.eu/esco/skill/d519fadd-85bf-475f-bf14-c53a0290687d,κριτική σκέψη | αξιολόγηση περιβαλλοντικών επιπτώσεων | παρακολούθηση περιβαλλοντικών συνθηκών
KnowledgeSkillCompetence,http://data.europa.eu/esco/skill/1cf20c3c-027e-45f4-bad1-c91b98726d28,παροχή πληροφοριών σχετικά με γεωθερμικές αντλίες θερμότητας,released,skill/competence,sector-specific,,"Παροχή πληροφοριών -σε οργανισμούς και σε φυσικά πρόσωπα που αναζητούν εναλλακτικές μεθόδους για την παροχή ενέργειας σε κτίρια- σχετικά με το κόστος, τα οφέλη και τις αρνητικές πτυχές της εγκατάστασης και χρήσης γεωθερμικών αντλιών θερμότητας για υπηρεσίες κοινής ωφέλειας, και σχετικά με τους παράγοντες που πρέπει να λαμβάνονται υπόψη κατά την εξέταση της αγοράς και της εγκατάστασης των γεωθερμικών αντλιών θερμότητας.",http://data.europa.eu/esco/skill/045f71e6-0699-4169-8a54-9c6b96f3174d | http://data.europa.eu/esco/skill/062a9fde-cd91-44f9-9a2f-9e2bc3b281fd | http://data.europa.eu/esco/skill/732cb4dd-af91-4c88-9a9f-5fc62144e500,παροχή συμβουλών σε άλλους | παροχή συμβουλών για περιβαλλοντικά ζητήματα | παροχή πληροφοριών
KnowledgeSkillCompetence,http://data.europa.eu/esco/skill/1d4ddf05-510a-424a-85d3-2305558665c5,διερεύνηση έργων με επίκεντρο την ωκεάνια ενέργεια,released,skill/competence,sector-specific,,Διεξαγωγή έρευνας για έργα κυματικής και παλιρροϊκής ενέργειας και ανάπτυξη των έργων από τον σχεδιασμό έως την παράδοση.,http://data.europa.eu/esco/skill/7eafec38-621a-4b6e-9298-bfe70ec0b253,διεξαγωγή ακαδημαϊκής έρευνας ή έρευνας αγοράς
KnowledgeSkillCompetence,http://data.europa.eu/esco/skill/1de91358-6ad3-4513-b975-396c61cf8858,παροχή συμβουλών σχετικά με εγκατεστημένα συστήματα αερισμού,released,skill/competence,sector-specific,συμβουλές για φυσικό αερισμό για νυχτερινή ψύξη το καλοκαίρι,"Διερεύνηση και παροχή συμβουλών σχετικά με ένα σύστημα αερισμού που ανταποκρίνεται στις ενεργειακές απαιτήσεις αλλά εγγυάται επίσης καλή ποιότητα αέρα στους εσωτερικούς χώρους σύμφωνα με τα ελάχιστα επίπεδα ποιότητας του αέρα στους εσωτερικούς χώρους. Εξέταση εναλλακτικών τρόπων αερισμού (π.χ. αερισμός κατακόρυφων αεραγωγών, χρήση του φαινομένου της καμινάδας, φυσικός αερισμός).
	",http://data.europa.eu/esco/skill/eb6cc4ba-4bb8-4348-9a3b-dc419558f66a,παροχή συμβουλών σχετικά με τον σχεδιασμό ή τη χρήση τεχνολογιών
KnowledgeSkillCompetence,http://data.europa.eu/esco/skill/1e25d043-0307-4e50-8a19-9e7cce22caea,αξιολόγηση των αναγκών συντήρησης,released,skill/competence,sector-specific,,"Αξιολόγηση και καταγραφή των αναγκών συντήρησης/αποκατάστασης, σε σχέση με την τρέχουσα χρήση και την προγραμματισμένη μελλοντική χρήση.",http://data.europa.eu/esco/skill/d62d2b4c-a6f8-439e-8a1b-4f29ab5f2c47 | http://data.europa.eu/esco/skill/1f2950c0-ef1e-44b4-9a55-125ccd7b78af,λήψη αποφάσεων | ανάλυση και αξιολόγηση πληροφοριών και δεδομένων
KnowledgeSkillCompetence,http://data.europa.eu/esco/skill/1e3222fa-724d-41f0-9b0a-e88d1003cd35,εκπόνηση μελέτης σκοπιμότητας σχετικά με την ψύξη με ηλιακή απορρόφηση,released,skill/competence,sector-specific,εκπόνηση μελέτης σκοπιμότητας για την ψύξη με ηλιακή απορρόφηση | κάνει μια μελέτη σκοπιμότητας για την ψύξη ηλιακής απορρόφησης,"Διενέργεια αξιολόγησης και εκτίμησης της δυνατότητας εφαρμογής ηλιακής ψύξης. Εκπόνηση τυποποιημένης μελέτης για την εκτίμηση της ζήτησης ψύξης του κτιρίου, ανάλυση του κόστους, των οφελών και του κύκλου ζωής, και διεξαγωγή έρευνας για τη στήριξη της διαδικασίας λήψης αποφάσεων.
	",http://data.europa.eu/esco/skill/d74df140-eb69-43e2-bac9-1cafc824d702 | http://data.europa.eu/esco/skill/ec528c47-65f4-4187-9dc1-5a8889f84a06,διενέργεια μελέτης σκοπιμότητας | ανάλυση επιχειρηματικών δραστηριοτήτων
KnowledgeSkillCompetence,http://data.europa.eu/esco/skill/1ead478f-4e9d-4aa7-a728-823fc1e894f5,αξιολόγηση τύπου απόβλητου,released,skill/competence,sector-specific,,"Εντοπισμός των αποβλήτων κατά τις εργασίες συλλογής και διαλογής, ώστε να αξιολογείται κατά πόσο πρέπει να ανακυκλωθούν, να διατεθούν ή να υποβληθούν με άλλο τρόπο σε επεξεργασία.
	",http://data.europa.eu/esco/skill/485b2e3b-f883-46d8-901f-ab521d4f8e58,διαλογή υλικών ή προϊόντων
KnowledgeSkillCompetence,http://data.europa.eu/esco/skill/1ee7d019-9226-4844-925f-a8a8c4db3444,συντονισμός περιβαλλοντικών πολιτικών για τους αερολιμένες,released,skill/competence,sector-specific,,"Καθοδήγηση και συντονισμός περιβαλλοντικών πολιτικών και κανονισμών για τους αερολιμένες με σκοπό τον μετριασμό των επιπτώσεων των αερολιμενικών δραστηριοτήτων, π.χ. του θορύβου, της υποβάθμισης της ποιότητας του αέρα, της μεγάλης τοπικής κυκλοφορίας ή της ύπαρξης επικίνδυνων υλικών.",http://data.europa.eu/esco/skill/089ee650-297e-4716-87d1-440743b70a0d | http://data.europa.eu/esco/skill/190f64e1-b7b6-4c53-b20b-80f9215ef6ca | http://data.europa.eu/esco/skill/bd70f004-e1d6-43f0-96f1-59c014a4ea01,"διασφάλιση της συμμόρφωσης με την περιβαλλοντική νομοθεσία | διοίκηση, εποπτεία και συντονισμός έργων | συντονισμός των περιβαλλοντικών προσπαθειών"
KnowledgeSkillCompetence,http://data.europa.eu/esco/skill/1f632076-fd9b-4b18-a9a2-b59a59181d3e,πολεοδομική νομοθεσία,released,knowledge,cross-sector,,"Επενδύσεις και συμφωνίες για την αστική ανάπτυξη. Νομοθετικές εξελίξεις στον τομέα των κατασκευών όσον αφορά ζητήματα περιβαλλοντικά, βιωσιμότητας, κοινωνικά και οικονομικά.",http://data.europa.eu/esco/isced-f/0421,δίκαιο
KnowledgeSkillCompetence,http://data.europa.eu/esco/skill/1fe682ad-b8a2-44bb-a557-7eccf79b2014,χειρισμός εξοπλισμού επεξεργασίας ανακύκλωσης,released,skill/competence,cross-sector,,"Χειρισμός εξοπλισμού επεξεργασίας ανακύκλωσης όπως κοκκοποιητές, θραυστήρες και δεματοποιητές. Επεξεργασία και ταξινόμηση των υλικών που πρόκειται να ανακυκλωθούν.",http://data.europa.eu/esco/skill/3f1f77a5-9c2d-4b71-afb3-0328d8cbb05e,λειτουργία μηχανημάτων εξόρυξης και επεξεργασίας πρώτων υλών
KnowledgeSkillCompetence,http://data.europa.eu/esco/skill/203083ca-b051-4c28-8986-fc8731bacee5,βιώσιμη χρηματοδότηση,released,knowledge,sector-specific,βιώσιμες επενδύσεις | υπεύθυνη επένδυση,"Η διαδικασία ενσωμάτωσης περιβαλλοντικών, κοινωνικών και σχετικών με τη διακυβέρνηση (ΠΚΔ) παραμέτρων κατά τη λήψη επιχειρηματικών ή επενδυτικών αποφάσεων, με αποτέλεσμα την αύξηση των πιο μακροπρόθεσμων επενδύσεων σε βιώσιμες οικονομικές δραστηριότητες και έργα.
	",http://data.europa.eu/esco/isced-f/0412,"χρηματοπιστωτικά, τράπεζες και ασφαλίσεις"
KnowledgeSkillCompetence,http://data.europa.eu/esco/skill/21331900-9d2a-4806-9a0c-a1885e16dc3d,διενέργεια δασικής ανάλυσης,released,skill/competence,sector-specific,,"Σύνταξη εκθέσεων ανάλυσης της κατάστασης για τη βιοποικιλότητα και τους σχετικούς με τη δασοκομία γενετικούς πόρους.
	",http://data.europa.eu/esco/skill/ba1f6201-b206-4459-b178-706db34a851d,ανάλυση επιστημονικών και ιατρικών δεδομένων
KnowledgeSkillCompetence,http://data.europa.eu/esco/skill/214c892e-e236-4e5f-9824-47316528cb42,διαχείριση βιοτόπων προς όφελος των θηραμάτων,released,skill/competence,occupation-specific,,Ανάπτυξη και εφαρμογή σχεδίου διαχείρισης βιοτόπων.,http://data.europa.eu/esco/skill/a28c96cd-a43d-4143-b992-903356d0923e | http://data.europa.eu/esco/skill/0779d482-4154-4fbb-9a22-d9fd89c39d67,"διαχείριση οικοτόπων | οργάνωση, σχεδιασμός και προγραμματισμός εργασιών και δραστηριοτήτων"
KnowledgeSkillCompetence,http://data.europa.eu/esco/skill/215d64d0-a698-4508-b1b4-3d8a56b3ce9e,εκπόνηση δασοκομικών στρατηγικών,released,skill/competence,sector-specific,,Ανάπτυξη των δασοκομικών πολιτικών προκειμένου να ενισχυθεί η βιώσιμη διαχείρισή τους και να βελτιωθεί η επικοινωνία σε σχέση με τις δασοκομικές δραστηριότητες. Τα εν λόγω σχέδια αποσκοπούν στην αντιμετώπιση ζητημάτων σχετικών με τις συναφείς περιβαλλοντικές και κοινωνικές αλλαγές.,http://data.europa.eu/esco/skill/8ed41305-4abf-4b54-9f8f-0e043d26feba | http://data.europa.eu/esco/skill/7a8fb784-67fa-41e9-a75c-6b491d91f800,ανάπτυξη πολιτικών και κατάρτιση νομοθεσίας | ανάπτυξη στρατηγικής για την επίλυση προβλημάτων
KnowledgeSkillCompetence,http://data.europa.eu/esco/skill/21934d08-3535-4dc2-ae67-fde9fd21dc60,προσδιορισμός παραμέτρων ποιότητας αέρα σε εσωτερικούς χώρους,released,skill/competence,sector-specific,καθορισμός παραμέτρων iaq για τον έλεγχο στο bms,"Εφαρμογή των γνώσεων σχετικά με τις βασικές παραμέτρους ποιότητας περιβάλλοντος εσωτερικών χώρων ώστε να επιλεγούν οι καταλληλότερες για το σύστημα διαχείρισης κτιρίων (BMS).
	",http://data.europa.eu/esco/skill/6ee936b0-4e0c-4e04-97c7-1f4ee9230d67,ανάπτυξη στόχων και στρατηγικών
KnowledgeSkillCompetence,http://data.europa.eu/esco/skill/21b298f3-370d-4d9a-8601-ccfa7446446e,υποστήριξη ατόμων που βρίσκονται σε μολυσμένες περιοχές,released,skill/competence,sector-specific,,"Παροχή βοήθειας σε εργαζομένους σε δραστηριότητες εξυγίανσης, καθώς και σε άτομα που διατρέχουν κίνδυνο έκθεσης σε εργασίες ασφάλειας, όπως παροχή οδηγιών για τη χρήση προστατευτικού εξοπλισμού, για την είσοδο και την έξοδο από περιοχές περιορισμένης πρόσβασης και τη χρήση εξοπλισμού αποκατάστασης.",http://data.europa.eu/esco/skill/e9eb9c23-c1f4-4ce9-83c9-2f6a211cc536,διατήρηση και επιβολή της φυσικής ασφάλειας
KnowledgeSkillCompetence,http://data.europa.eu/esco/skill/21c27eba-bd1f-42f5-a1d5-c250227030f7,κατανάλωση ηλεκτρικής ενέργειας,released,knowledge,cross-sector,,"Οι διάφοροι παράγοντες που λαμβάνονται υπόψη για τον υπολογισμό και την εκτίμηση της κατανάλωσης ηλεκτρικής ενέργειας σε μια κατοικία ή εγκατάσταση, καθώς και οι μέθοδοι με τις οποίες η κατανάλωση ηλεκτρικής ενέργειας μπορεί να μειωθεί ή να καταστεί αποδοτικότερη.",http://data.europa.eu/esco/isced-f/0713,ηλεκτρισμός και ενέργεια
KnowledgeSkillCompetence,http://data.europa.eu/esco/skill/22c45bf7-e52b-475f-847b-c32a87f65a5d,κυκλική οικονομία,released,knowledge,cross-sector,,"Η κυκλική οικονομία έχει ως στόχο να διατηρεί τα υλικά και τα προϊόντα σε χρήση όσο το δυνατόν περισσότερο, αντλώντας τη μέγιστη αξία από αυτά κατά τη χρήση τους και ανακυκλώνοντάς τα στο τέλος του κύκλου ζωής τους. Βελτιώνει την αποδοτικότητα ως προς τους πόρους και συμβάλλει στη μείωση της ζήτησης για παρθένα υλικά.
	",http://data.europa.eu/esco/isced-f/0729,μεταποίηση και επεξεργασία που δεν ταξινομούνται αλλού
KnowledgeSkillCompetence,http://data.europa.eu/esco/skill/23072dbb-e93b-48ab-8756-c64f74aaab26,εφαρμογή δασικής νομοθεσίας,released,skill/competence,cross-sector,,"Εφαρμογή νόμων που διέπουν τις δραστηριότητες σε δασικές εκτάσεις με σκοπό την προστασία των πόρων και την πρόληψη επιβλαβών ενεργειών, όπως η αποψίλωση και η υλοτομία.
	",http://data.europa.eu/esco/skill/35dc2a23-cdc3-4291-930f-927ba2911949,διασφάλιση της συμμόρφωσης με τη νομοθεσία
KnowledgeSkillCompetence,http://data.europa.eu/esco/skill/23759dba-1abd-4865-b0f9-608012348870,λειτουργία γεωθερμικής μονάδας,released,knowledge,sector-specific,εργασίες σε γεωθερμικό σταθμό ηλεκτροπαραγωγής | λειτουργία γεωθερμικών σταθμών ηλεκτροπαραγωγής | λειτουργία γεωθερμικού σταθμού ηλεκτροπαραγωγής | εργασίες σε γεωθερμική μονάδα παραγωγής ενέργειας | διεργασίες στη γεωθερμική παραγωγή ηλεκτρικής ενέργειας | εργασίες σε γεωθερμικούς σταθμούς ηλεκτροπαραγωγής | σε λειτουργία γεωθερμικής μονάδας ηλεκτροπαραγωγής | εργασίες γεωθερμικών σταθμών ηλεκτροπαραγωγής,"Τα διάφορα στάδια της παραγωγής ηλεκτρικής ενέργειας από γεωθερμική ενέργεια και η λειτουργία όλων των εξαρτημάτων του απαιτούμενου εξοπλισμού, όπως οι αντλίες, οι συμπιεστές, οι εναλλάκτες θερμότητας και οι στρόβιλοι.",http://data.europa.eu/esco/isced-f/0713,ηλεκτρισμός και ενέργεια
KnowledgeSkillCompetence,http://data.europa.eu/esco/skill/23845010-4c1e-41d3-94a3-940bcab65bce,παρακολούθηση της διαφύλαξης του φυσικού περιβάλλοντος,released,skill/competence,sector-specific,,Αξιολόγηση και παρακολούθηση των χαρακτηριστικών του ενδιαφέροντος για τη διαφύλαξη του φυσικού περιβάλλοντος σε οικοτόπους και τόπους.,http://data.europa.eu/esco/skill/8df12fb1-7f41-4068-8d05-007e8fec8f33 | http://data.europa.eu/esco/skill/b25c3eb8-fd63-4d77-8308-7061dbd271c1 | http://data.europa.eu/esco/skill/d519fadd-85bf-475f-bf14-c53a0290687d,διαφύλαξη των δασών | διαφύλαξη των φυσικών πόρων | παρακολούθηση περιβαλλοντικών συνθηκών
KnowledgeSkillCompetence,http://data.europa.eu/esco/skill/23872ce8-ea42-44ac-9b00-ccc0dc407209,εκπόνηση μελέτης σκοπιμότητας για την ηλεκτρική θέρμανση,released,skill/competence,sector-specific,κάνει μελέτη σκοπιμότητας για ηλεκτρική θέρμανση,"Διενέργεια αξιολόγησης και εκτίμησης του δυναμικού της ηλεκτρικής θέρμανσης. Εκπόνηση τυποποιημένης μελέτης προκειμένου να προσδιοριστεί αν η εφαρμογή ηλεκτρικής θέρμανσης είναι κατάλληλη στις δεδομένες συνθήκες και διεξαγωγή έρευνας για την υποστήριξη της διαδικασίας λήψης αποφάσεων.
	",http://data.europa.eu/esco/skill/d74df140-eb69-43e2-bac9-1cafc824d702 | http://data.europa.eu/esco/skill/ec528c47-65f4-4187-9dc1-5a8889f84a06,διενέργεια μελέτης σκοπιμότητας | ανάλυση επιχειρηματικών δραστηριοτήτων
KnowledgeSkillCompetence,http://data.europa.eu/esco/skill/23cb29ec-5738-4966-8453-09952ed8c1fc,ανάπτυξη τεχνικών βιοαποκατάστασης,released,skill/competence,occupation-specific,,Έρευνα και επεξεργασία νέων μεθόδων για την εξουδετέρωση ή την απομάκρυνση ρυπογόνων ουσιών χρησιμοποιώντας οργανισμούς που θα μετατρέψουν ρύπους σε λιγότερο τοξικές ουσίες.,http://data.europa.eu/esco/skill/c2a0c52c-0b4b-4180-a918-92650ea3b458 | http://data.europa.eu/esco/skill/7eafec38-621a-4b6e-9298-bfe70ec0b253,καινοτόμος σκέψη | διεξαγωγή ακαδημαϊκής έρευνας ή έρευνας αγοράς
KnowledgeSkillCompetence,http://data.europa.eu/esco/skill/23dc8bb2-1091-461e-9095-a048b7ffa009,περιβαλλοντικοί κανονισμοί αερολιμένα,released,knowledge,sector-specific,,"Οι επίσημοι κανονισμοί για τα περιβαλλοντικά πρότυπα στους αερολιμένες, όπως καθορίζονται από τους εθνικούς κώδικες για τον σχεδιασμό των αερολιμενικών εγκαταστάσεων, και οι σχετικές εξελίξεις. Περιλαμβάνουν ρυθμιστικές πτυχές που διέπουν τον θόρυβο και τις περιβαλλοντικές πτυχές, τα μέτρα για τη βιωσιμότητα και τον αντίκτυπο σε σχέση με τη χρήση της γης, τις εκπομπές και τον μετριασμό της επικινδυνότητας για την άγρια πανίδα.",http://data.europa.eu/esco/isced-f/0712,τεχνολογία προστασίας του περιβάλλοντος
KnowledgeSkillCompetence,http://data.europa.eu/esco/skill/2474e095-309f-4283-b880-6a3a9aec4d34,εκτίμηση των επιπτώσεων δασικής εκμετάλλευσης στα άγρια ζώα και φυτά,released,skill/competence,sector-specific,,Παρακολούθηση των πληθυσμών και των οικοτόπων της άγριας πανίδας για τις επιπτώσεις της υλοτομίας και άλλων δασικών δραστηριοτήτων.,http://data.europa.eu/esco/skill/62d227f1-3765-42f9-ab47-aaf8f7b423e8 | http://data.europa.eu/esco/skill/e541c69c-ea80-4b17-87cb-4001d0b9d303 | http://data.europa.eu/esco/skill/d519fadd-85bf-475f-bf14-c53a0290687d,παρακολούθηση των άγριων ζώων και φυτών | αξιολόγηση περιβαλλοντικών επιπτώσεων | παρακολούθηση περιβαλλοντικών συνθηκών
KnowledgeSkillCompetence,http://data.europa.eu/esco/skill/2479ac51-f43f-42d1-a912-ff000b351439,συντονισμός δασοκομικών ερευνών,released,skill/competence,occupation-specific,,"Συντονισμός μελετών δασοκομικών ερευνών που περιλαμβάνουν τη διαχείριση και τη διατήρηση των δασών, τη βελτίωση των δένδρων, τη γεωργοδασοκομία, τη δασοκομία, την παθολογία και την επιλογή του εδάφους με στόχο τη βελτίωση της παραγωγικότητας.",http://data.europa.eu/esco/skill/190f64e1-b7b6-4c53-b20b-80f9215ef6ca,"διοίκηση, εποπτεία και συντονισμός έργων"
KnowledgeSkillCompetence,http://data.europa.eu/esco/skill/2492becf-6769-4431-8e95-bee41b36232a,εξασφάλιση υπεύθυνης προμήθειας στις αλυσίδες εφοδιασμού τροφίμων,released,skill/competence,sector-specific,διασφάλιση της υπεύθυνης προμήθειας στις αλυσίδες εφοδιασμού τροφίμων | διασφάλιση υπεύθυνης προμήθειας στις αλυσίδες εφοδιασμού τροφίμων,"Προσπάθειες για την εξασφάλιση της προέλευσης των προϊόντων και των συστατικών της αλυσίδας εφοδιασμού τροφίμων από βιώσιμες πηγές. Αυτό συνεπάγεται πλήρη συμμόρφωση με την εργατική και την περιβαλλοντική νομοθεσία, καθώς και συνεργασία με τους τοπικούς προμηθευτές για τη μείωση του περιβαλλοντικού αποτυπώματος της αλυσίδας εφοδιασμού.
	",http://data.europa.eu/esco/skill/802deca0-b880-4d1a-b366-e13b27621baf,συμμόρφωση με επιχειρησιακές διαδικασίες
KnowledgeSkillCompetence,http://data.europa.eu/esco/skill/24ae68dc-59c5-4156-b25b-3070bfdaa79e,τήρηση περιβαλλοντικά βιώσιμων πρακτικών εργασίας στον κτηνιατρικό τομέα,released,skill/competence,occupation-specific,,"Συμβολή στην προστασία του περιβάλλοντος σε συμμόρφωση με τις αρχές, τις πολιτικές και τους κανονισμούς βιωσιμότητας που αφορούν την εργασία με ζώα.",http://data.europa.eu/esco/skill/4c3ab565-747c-4db3-8c47-79e8d6f98cf4 | http://data.europa.eu/esco/skill/8064ae65-5d1b-44e1-9aaf-246a4285a9a6,υιοθέτηση τρόπων μείωσης των αρνητικών επιπτώσεων της κατανάλωσης | τήρηση των νόμων και προτύπων περιβαλλοντικής προστασίας
KnowledgeSkillCompetence,http://data.europa.eu/esco/skill/25fb676a-cf69-487d-a9c1-273c6f291b6a,αιολική ενέργεια,released,knowledge,sector-specific,ανανεώσιμη αιολική ενέργεια,"Ανανεώσιμη ενέργεια που αξιοποιεί την αιολική ενέργεια, μετατρέποντας την κινητική ενέργεια του αέρα σε ηλεκτρική ενέργεια. Η αιολική ενέργεια απαιτεί την κατασκευή χερσαίων αιολικών πάρκων ή αιολικών πάρκων ανοικτής θάλασσας, δεδομένου ότι η εξόρυξη ενέργειας πραγματοποιείται μέσω ανεμογεννητριών.
	",http://data.europa.eu/esco/skill/f8413360-6114-40de-a276-c59b764b9913 | http://data.europa.eu/esco/isced-f/0713,τεχνολογίες ανανεώσιμων πηγών ενέργειας | ηλεκτρισμός και ενέργεια
KnowledgeSkillCompetence,http://data.europa.eu/esco/skill/270c4de9-97f9-4a7a-95d1-63670f1ec3bc,διαχείριση οικοσυστημάτων,released,knowledge,sector-specific,στρατηγικές διαχείρισης οικοσυστημάτων,"Το σύνολο των προσεγγίσεων που λαμβάνουν υπόψη την επίδραση μιας απόφασης διαχείρισης σε άλλα στοιχεία ενός οικοσυστήματος. Εξετάζει επίσης τη βελτιστοποίηση των διαφόρων στρατηγικών διαχείρισης και τις προκλήσεις που προκύπτουν από τα κατακερματισμένα τοπία.
	",http://data.europa.eu/esco/isced-f/0413,διαχείριση και διοίκηση
KnowledgeSkillCompetence,http://data.europa.eu/esco/skill/27273605-2400-4392-a6d6-cc8161a2d445,διασφάλιση της συμμόρφωσης με νομοθετικούς κανονισμούς περί αποβλήτων,released,skill/competence,cross-sector,,"Εφαρμογή και παρακολούθηση των διαδικασιών για τη συλλογή, μεταφορά και διάθεση των αποβλήτων, σύμφωνα με όλους τους κανονισμούς και τις νομικές απαιτήσεις.",http://data.europa.eu/esco/skill/089ee650-297e-4716-87d1-440743b70a0d | http://data.europa.eu/esco/skill/1dae8445-12e5-423a-bb26-824010e299b9 | http://data.europa.eu/esco/skill/35dc2a23-cdc3-4291-930f-927ba2911949,διασφάλιση της συμμόρφωσης με την περιβαλλοντική νομοθεσία | διασφάλιση της συμμόρφωσης με τις νομικές απαιτήσεις | διασφάλιση της συμμόρφωσης με τη νομοθεσία
KnowledgeSkillCompetence,http://data.europa.eu/esco/skill/273407b4-0b00-4166-8211-1fc6bbcb6b42,εφαρμογή τεχνικών εναλλάξ ύγρανσης και ξήρανσης,released,skill/competence,sector-specific,να εφαρμόζει τεχνικές AWD,"Εφαρμογή τεχνικών εναλλάξ ύγρανσης και ξήρανσης στην καλλιέργεια ρυζιού με τη χρήση νερού άρδευσης λίγες ημέρες μετά την εξαφάνιση του λιμνάζοντος νερού. Χρήση σωλήνα νερού για την παρακολούθηση του βάθους του νερού.
	",http://data.europa.eu/esco/skill/a5b308e8-78b7-4376-bdf8-7dfe047d62a2 | http://data.europa.eu/esco/skill/b7c82b1b-cff9-4641-a62f-e4e28395eade,άρδευση εδάφους | καλλιέργεια γαιών και παραγωγή σοδιάς
KnowledgeSkillCompetence,http://data.europa.eu/esco/skill/27ad6528-0914-4049-87c0-2f05791d0e2e,σχεδιασμός συστήματος οικιακού αυτοματισμού σε κτίρια,released,skill/competence,sector-specific,σχεδιασμός ενός συστήματος domotic σε κτίρια nzeb | μηχανικός ενός συστήματος domotic σε κτίρια κατοικιών nzeb,"Σχεδιασμός ολοκληρωμένου συστήματος οικιακού αυτοματισμού για κτίρια, λαμβανομένου υπόψη κάθε επιλεγμένου στοιχείου. Στάθμιση και εξισορρόπηση μεταξύ των στοιχείων και των συστημάτων που θα πρέπει να περιλαμβάνονται στον οικιακό αυτοματισμό, καθώς και εξέταση εκείνων που είναι λιγότερο χρήσιμο να συμπεριληφθούν, σε σχέση με την εξοικονόμηση ενέργειας.
	",http://data.europa.eu/esco/skill/39fa260c-4f85-48e3-83ce-e292e696c233,σχεδιασμός ηλεκτρικών ή ηλεκτρονικών συστημάτων ή εξοπλισμού
KnowledgeSkillCompetence,http://data.europa.eu/esco/skill/27b6623b-e09c-4112-9672-8ddb9e354b9e,χωροταξικός σχεδιασμός αερολιμένων,released,knowledge,occupation-specific,,"Σε βάθος κατανόηση των αρχών που διέπουν τη χρήση γης για ανθρώπινες δραστηριότητες εντός και γύρω από τους αερολιμένες, λαμβάνοντας υπόψη τον αντίκτυπο στους φυσικούς πόρους, όπως το νερό, το έδαφος, τα θρεπτικά συστατικά και η άγρια πανίδα και χλωρίδα.",http://data.europa.eu/esco/isced-f/0731 | http://data.europa.eu/esco/skill/7f18039d-dfae-471b-9daa-507f6b2d2842,αρχιτεκτονική και πολεοδομία | πολεοδομία
KnowledgeSkillCompetence,http://data.europa.eu/esco/skill/27c7910a-c3b5-4d8d-a713-a6c334929a42,χωροταξία,released,knowledge,sector-specific,αρχές χωροταξικού σχεδιασμού,"Διεπιστημονικό πεδίο σπουδών μεταξύ της μηχανικής και των κοινωνικών επιστημών. Αφορά τον σχεδιασμό οικονομικών, περιβαλλοντικών και κοινωνικών διαδικασιών για συγκεκριμένους σκοπούς. Οι διαδικασίες αυτές συνδυάζονται με διαγράμματα και οπτική αναπαράσταση όσον αφορά τις κοινωνικοχωρικές δραστηριότητες.
	",http://data.europa.eu/esco/isced-f/0732 | http://data.europa.eu/esco/skill/7f18039d-dfae-471b-9daa-507f6b2d2842,οικοδομές και έργα πολιτικού μηχανικού | πολεοδομία
KnowledgeSkillCompetence,http://data.europa.eu/esco/skill/2879e8f6-037a-49ed-ba73-6f7d7766223e,συστήματα παρακολούθησης της σπατάλης τροφίμων,released,knowledge,sector-specific,,"Τα χαρακτηριστικά, τα οφέλη και οι τρόποι χρήσης ψηφιακών εργαλείων για τη συλλογή, παρακολούθηση και αξιολόγηση δεδομένων σχετικά με τη σπατάλη τροφίμων σε έναν οργανισμό ή μια επιχείρηση στον τομέα της φιλοξενίας.
	",http://data.europa.eu/esco/isced-f/0612,σχεδιασμός και διαχείριση βάσεων δεδομένων και δικτύων
KnowledgeSkillCompetence,http://data.europa.eu/esco/skill/28ad7c97-9fb3-4b1d-846a-654e529ab8ac,βιώσιμη μεταποίηση,released,knowledge,cross-sector,βιώσιμη παραγωγή | πράσινη μεταποίηση | φιλική προς το περιβάλλον κατασκευή | ουδέτερη ως προς τον άνθρακα κατασκευή | αποδοτική ως προς τους πόρους παραγωγή | αποδοτική ως προς τη χρήση των πόρων μεταποίηση | κατασκευή με ουδέτερο ισοζύγιο άνθρακα | πράσινη παραγωγή,"Η παραγωγή μεταποιημένων προϊόντων με τη χρήση αποδοτικής και βιώσιμης διαδικασίας παραγωγής που ενισχύει τη διατήρηση των φυσικών και ενεργειακών πόρων, ελαχιστοποιώντας παράλληλα τις αρνητικές περιβαλλοντικές επιπτώσεις.
	",http://data.europa.eu/esco/isced-f/072,μεταποίηση και επεξεργασία
KnowledgeSkillCompetence,http://data.europa.eu/esco/skill/28bc5334-5372-4bd6-8458-c2b516dd6104,συλλογή βιομηχανικών αποβλήτων,released,skill/competence,cross-sector,,"Συλλογή μη επικίνδυνων ή επικίνδυνων αποβλήτων που παράγονται από βιομηχανικές δραστηριότητες, όπως χρώματα, χημικά προϊόντα, βιομηχανικά υποπροϊόντα και ραδιενεργά απόβλητα.",http://data.europa.eu/esco/skill/f8c676de-c871-424f-9a65-77059d07910a,χειρισμός και διάθεση αποβλήτων και επικίνδυνων υλικών
KnowledgeSkillCompetence,http://data.europa.eu/esco/skill/29bfe2cd-f011-4f94-a3aa-f77768e60460,ανάλυση ενεργειακής κατανάλωσης,released,skill/competence,cross-sector,,Αξιολόγηση και ανάλυση της συνολικής ποσότητας ενέργειας που χρησιμοποιείται από μια εταιρεία ή ένα ίδρυμα αξιολογώντας τις ανάγκες που συνδέονται με τις λειτουργικές διαδικασίες και προσδιορίζοντας τις αιτίες της περιττής κατανάλωσης.,http://data.europa.eu/esco/skill/7dd94ad3-13d6-43fe-8b94-51fcbf67ced9 | http://data.europa.eu/esco/skill/ec528c47-65f4-4187-9dc1-5a8889f84a06,κριτική σκέψη | ανάλυση επιχειρηματικών δραστηριοτήτων
KnowledgeSkillCompetence,http://data.europa.eu/esco/skill/29c60c96-d71c-4a6e-ad81-fca0a4e48925,αποκατάσταση οικοτόπων,released,knowledge,sector-specific,ανάπλαση οικοσυστημάτων | αποκατάσταση του οικοσυστήματος | αναγέννηση του οικοσυστήματος | αποκατάσταση οικοσυστήματος | οικολογική αποκατάσταση | αποκατάσταση ενδιαιτημάτων,"Η διαδικασία επαναφοράς και αποκατάστασης περιοχών που υπέστησαν καταστροφή οικοτόπων, αλλοίωση του βυθού ή απειλή εξαφάνισης ορισμένων ζωικών και φυτικών ειδών. Η αποκατάσταση οικοτόπων περιλαμβάνει επίσης τον μετριασμό της ρύπανσης, της διάβρωσης και της αποψίλωσης των δασών. Η διαδικασία αποκατάστασης για την αναγέννηση της βιοποικιλότητας και ενός λειτουργικού οικοσυστήματος απαιτεί γνώσεις σχετικά με την προστασία, τη διαχείριση και την αποκατάσταση των ειδών μέσω της επαναφοράς των βιοτικών και αβιοτικών παραγόντων σε ιστορικά επίπεδα.
	",http://data.europa.eu/esco/isced-f/0522,φυσικό περιβάλλον και  άγρια πανίδα και χλωρίδα
KnowledgeSkillCompetence,http://data.europa.eu/esco/skill/29f57ff2-2f7f-41e2-a1ed-30b3175c91a3,επιθεώρηση οροφής για την αποφυγή μόλυνσης από όμβρια ύδατα,released,skill/competence,sector-specific,,"Διασφάλιση ότι η οροφή που συγκεντρώνει τα όμβρια ύδατα δεν μολύνει το νερό με χημικές ουσίες, φορείς νόσων και άλλους βιολογικούς ρύπους.",http://data.europa.eu/esco/skill/54f7432d-a8b6-4ed4-a50e-9ec882320595 | http://data.europa.eu/esco/skill/f27bc0b0-5270-4467-9ea8-d6e8c2dbd9dc,"παρακολούθηση, επιθεώρηση και δοκιμές | επιθεώρηση οροφών"
KnowledgeSkillCompetence,http://data.europa.eu/esco/skill/2a2e85d7-75cc-40b4-8a34-82277d72eb84,επιτήρηση της διάθεσης αποβλήτων,released,skill/competence,sector-specific,,Επιτήρηση της διάθεσης των βιολογικών αποβλήτων και των χημικών αποβλήτων σύμφωνα με τους κανονισμούς.,http://data.europa.eu/esco/skill/87dff904-fb74-4d59-972e-1c2387579d94,καθοδήγηση των επιχειρησιακών δραστηριοτήτων
KnowledgeSkillCompetence,http://data.europa.eu/esco/skill/2a45f2d1-8f1a-4c62-9332-cfd3535d9d35,συντήρηση εξοπλισμού επεξεργασίας υδάτων,released,skill/competence,sector-specific,,Εκτέλεση επισκευών και συνήθων εργασιών συντήρησης του εξοπλισμού που χρησιμοποιείται στις διαδικασίες καθαρισμού και επεξεργασίας των υδάτων και των λυμάτων.,http://data.europa.eu/esco/skill/8bcf4ef0-edda-4f6a-a1ce-7defb1d324d6 | http://data.europa.eu/esco/skill/6d0cad66-82dd-4854-a03a-68232942c68d,εφαρμογή διαδικασιών επεξεργασίας υδάτων | εγκατάσταση ξύλινων και μεταλλικών στοιχείων
KnowledgeSkillCompetence,http://data.europa.eu/esco/skill/2a74063a-d4b1-42fb-bc90-cb8c06ff53ec,εγκατάσταση ηλιακού θερμοσίφωνα,released,skill/competence,cross-sector,εγκαταστήστε τον ηλιακό θερμοσίφωνα | εγκατάσταση ηλιακών θερμοσιφώνων,"Τοποθέτηση ηλιακών θερμοσιφώνων, οι οποίοι χρησιμοποιούν ηλιακό φως για τη θέρμανση του νερού. Εύρεση καλής θέσης για τους θερμοσίφωνες, συχνά στην οροφή μιας κατασκευής, τοποθέτησή τους και σύνδεσή τους με την παροχή νερού. Ρύθμιση του θερμοσίφωνα για χρήση.",http://data.europa.eu/esco/skill/982ccb23-102c-4d7a-a899-4df50a032def | http://data.europa.eu/esco/skill/b85caa4a-f04b-4331-80df-11404fd71225,"εγκατάσταση συστημάτων παραγωγής ηλεκτρικής ενέργειας με συγκεντρωτικά κάτοπτρα | εγκατάσταση εξοπλισμού θέρμανσης, αερισμού και κλιματισμού"
KnowledgeSkillCompetence,http://data.europa.eu/esco/skill/2a910a87-2253-404c-b75d-05af9b3363e3,εφαρμογή μέτρων για την καταπολέμηση δασικών ασθενειών,released,skill/competence,occupation-specific,,"Προστασία των δασικών καλλιεργειών από ζιζάνια και ασθένειες μέσω της εφαρμογής μέτρων ελέγχου των χημικών ουσιών, της υγιεινής και της εξάλειψης.",http://data.europa.eu/esco/skill/062a9fde-cd91-44f9-9a2f-9e2bc3b281fd,παροχή συμβουλών για περιβαλλοντικά ζητήματα
KnowledgeSkillCompetence,http://data.europa.eu/esco/skill/2a95d8f8-dcd8-4052-9805-2dd9c507d372,διαχείριση ωκεανοπόρων πετρελαιοφόρων,released,skill/competence,sector-specific,,Διαχείριση της διαδικασίας ελάφρυνσης των ωκεανοπόρων πετρελαιοφόρων και διασφάλιση ότι οι διαδικασίες σε όλα τα στάδια είναι ασφαλείς και φιλικές προς το περιβάλλον.,http://data.europa.eu/esco/skill/6d0cad66-82dd-4854-a03a-68232942c68d,εγκατάσταση ξύλινων και μεταλλικών στοιχείων
KnowledgeSkillCompetence,http://data.europa.eu/esco/skill/2aaad52d-599e-4e77-a681-bbc236825821,αξιολόγηση των περιβαλλοντικών επιπτώσεων της προσωπικής συμπεριφοράς,released,skill/competence,transversal,επίδςιξη ευαισθησίας για περιβαλλοντικά ζητήματα | εξέυαση τοθ αντίκτυπου των πράξεων στο περιβάλλον | υιοθέτηση μιας φιλικής προς το περιβάλλον στάσης | υιοθέτηση οικολογικής στάσης | εφαρμογήν ηθικής και βιώσιμης σκέψης,"Υιοθέτηση νοοτροπίας προσανατολισμένης στη βιωσιμότητα στην καθημερινή σας ζωή και στοχασμός σχετικά με την προσωπική οικολογική σας στάση και τις περιβαλλοντικές επιπτώσεις της συμπεριφοράς σας.
	",http://data.europa.eu/esco/skill/80cf002a-6586-4db7-9c9a-88325a9a5e1b,Εφαρμογή δεξιοτήτων και ικανοτήτων στον τομέα του περιβάλλοντος
KnowledgeSkillCompetence,http://data.europa.eu/esco/skill/2afefe51-4dcf-4314-a014-7c0477ee7372,επεξεργασία υδάτων,released,skill/competence,sector-specific,εφαρμογή διαδικασιών επεξεργασίας υδάτων,"Εκτέλεση τακτικών δοκιμών υδάτων, διασφαλίζοντας ότι οι διεργασίες διαχείρισης και διήθησης των υδάτων ακολουθούν λογικές πρακτικές διαχείρισης, πρότυπα του κλάδου ή κοινώς αποδεκτές γεωργικές πρακτικές. Καταγραφή προηγούμενων μολύνσεων των υδάτων, της πηγής μόλυνσης και της αντιμετώπισης της μόλυνσης. Λήψη μέτρων μετριασμού για την πρόληψη από περαιτέρω μόλυνση.",http://data.europa.eu/esco/skill/0b3930a2-8a13-4932-8a09-4c72ec8af464,παρακολούθηση της ποιότητας των εμπορευμάτων
KnowledgeSkillCompetence,http://data.europa.eu/esco/skill/2b281511-176e-4f7c-a581-0875d3c4cb51,δασικοί κανονισμοί,released,knowledge,sector-specific,,"Οι νομικοί κανόνες που ισχύουν για τη δασοπονία: γεωργικό δίκαιο, αγροτικό δίκαιο και νόμοι για τη θήρευση και την αλίευση.",http://data.europa.eu/esco/isced-f/0821,δασοκομία
KnowledgeSkillCompetence,http://data.europa.eu/esco/skill/2b8d193d-4e87-41d0-8221-979c274b935c,διασφάλιση της συμμόρφωσης με τα πρότυπα υδατοκαλλιέργειας,released,skill/competence,sector-specific,,Διασφάλιση ότι οι διαδικασίες συμμορφώνονται με τα πρότυπα για τη βιώσιμη υδατοκαλλιέργεια.,http://data.europa.eu/esco/skill/3374fb57-056f-49e0-9fc5-000465e13794,διδασκαλία διαδικασιών ασφάλειας
KnowledgeSkillCompetence,http://data.europa.eu/esco/skill/2bc626f8-32ce-4131-9f65-c52929d55a95,ηλεκτρικά συστήματα θέρμανσης,released,knowledge,sector-specific,ηλεκτρική θέρμανση,"Τα ηλεκτρικά συστήματα θέρμανσης συμβάλλουν στην άνεση στους εσωτερικούς χώρους και στην εξοικονόμηση ενέργειας υπό κατάλληλες συνθήκες (χρήση χαμηλής συχνότητας ή κτίρια με πολύ υψηλή μόνωση). Περιλαμβάνουν θέρμανση δαπέδου/τοίχων με χρήση υπέρυθρης ακτινοβολίας και ηλεκτρική θέρμανση δαπέδου/τοίχων.
	",http://data.europa.eu/esco/isced-f/0713,ηλεκτρισμός και ενέργεια
KnowledgeSkillCompetence,http://data.europa.eu/esco/skill/2bdc2f65-b42f-4963-abff-d7214ca4caae,πρότυπα εκπομπών,released,knowledge,cross-sector,πρότυπα εκπομπών οχημάτων | νομικές απαιτήσεις για τις εκπομπές | κανονισμοί για τις εκπομπές | πρότυπα για τις εκπομπές οχημάτων | νομοθεσία για τις εκπομπές,Οι νομικοί περιορισμοί της ποσότητας ρύπων που μπορούν να εκπέμπονται στο περιβάλλον. Το νομοθετικό πλαίσιο της ΕΕ που ρυθμίζει τα πρότυπα εκπομπών για την οδήγηση οχημάτων.,http://data.europa.eu/esco/isced-f/0712,τεχνολογία προστασίας του περιβάλλοντος
KnowledgeSkillCompetence,http://data.europa.eu/esco/skill/2be2d20e-1191-4f85-8f8c-d49a60ca428a,εκπαίδευση σχετικά με τους κανονισμούς ανακύκλωσης,released,skill/competence,sector-specific,,"Εκπαίδευση οργανώσεων και ατόμων σχετικά με τις ορθές διαδικασίες και τη νομοθεσία σχετικά με την ανακύκλωση διαφόρων ειδών αποβλήτων σε διάφορους τύπους κάδων, τις διαδικασίες συλλογής αποβλήτων και τις κυρώσεις που επιβάλλονται λόγω μη συμμόρφωσης με τη νομοθεσία.",http://data.europa.eu/esco/skill/6c4fa8c8-e9e1-49b5-897f-6b61fe649488,κατάρτιση σχετικά με επιχειρησιακές διαδικασίες
KnowledgeSkillCompetence,http://data.europa.eu/esco/skill/2c8199c8-4e40-49b3-b878-caee6e1c1bc0,διερεύνηση ρύπανσης,released,skill/competence,sector-specific,,"Προσδιορισμός της αιτίας των περιστατικών ρύπανσης, καθώς και της φύσης και της έκτασης των κινδύνων, εκτελώντας δοκιμές στον χώρο της ρύπανσης καθώς και σε εργαστήριο και διενέργεια έρευνας.",http://data.europa.eu/esco/skill/3f82a026-8a37-4b54-9ebb-7702b66eeb24 | http://data.europa.eu/esco/skill/d519fadd-85bf-475f-bf14-c53a0290687d | http://data.europa.eu/esco/skill/fac6dbca-0d38-48a0-a255-d2beea8156d6,διενέργεια περιβαλλοντικών επιθεωρήσεων | παρακολούθηση περιβαλλοντικών συνθηκών | πρόληψη θαλάσσιας ρύπανσης
KnowledgeSkillCompetence,http://data.europa.eu/esco/skill/2cb27e30-2be7-4a09-9502-fdd2102c046b,οργάνωση σεμιναρίων κατάρτισης σε περιβαλλοντικά ζητήματα,released,skill/competence,cross-sector,,Εκπαίδευση του προσωπικού και εξασφάλιση ότι όλα τα μέλη του εργατικού δυναμικού κατανοούν τον τρόπο με τον οποίο μπορούν να συμβάλουν στη βελτίωση των περιβαλλοντικών επιδόσεων.,http://data.europa.eu/esco/skill/7f321b88-3d16-4e30-8163-5494ca8ce978 | http://data.europa.eu/esco/skill/699e7c26-6502-4e78-a823-3656ff5a5b8b | http://data.europa.eu/esco/skill/6c4fa8c8-e9e1-49b5-897f-6b61fe649488,ενθάρρυνση άλλων σε φιλικές προς το περιβάλλον συμπεριφορές | παροχή οδηγιών σε τρίτους | κατάρτιση σχετικά με επιχειρησιακές διαδικασίες
KnowledgeSkillCompetence,http://data.europa.eu/esco/skill/2d158a78-179e-48e3-ab6f-dd5df7aedadb,διαχείριση υδροβιότοπου,released,skill/competence,occupation-specific,,"Εξάλειψη των τεχνητών εμποδίων στις μετακινήσεις υδρόβιων οργανισμών, όπως αγωγοί και φράγματα. Διατήρηση και αποκατάσταση της φυσικής βλάστησης κατά μήκος των ακτογραμμών. Ελαχιστοποίηση της διάβρωσης κατά μήκος ανεπτυγμένων ακτογραμμών. Πρόληψη της εξάπλωσης υδρόβιων χωροκατακτητικών ειδών και παθογόνων παραγόντων και έλεγχος, όπου είναι δυνατόν.
	",http://data.europa.eu/esco/skill/a28c96cd-a43d-4143-b992-903356d0923e | http://data.europa.eu/esco/skill/e52cd6e7-f8dc-4f6f-b988-5554423f53fb,διαχείριση οικοτόπων | φροντίδα και εκτροφή υδρόβιων ζώων
KnowledgeSkillCompetence,http://data.europa.eu/esco/skill/2d73b2d4-2dfd-42e9-a9f4-106d9c58a4b9,ολοκληρωμένα συστήματα τροφίμων-ενέργειας,released,knowledge,cross-sector,IFES,"Η ενσωμάτωση της παραγωγής τροφίμων και ενέργειας στα συστήματα γεωργίας ή παραγωγής τροφίμων.
	",http://data.europa.eu/esco/isced-f/0888,"διεπιστημονικά προγράμματα και προσόντα που περιλαμβάνουν γεωργία, δασοκομία, αλιεία και κτηνιατρική"
KnowledgeSkillCompetence,http://data.europa.eu/esco/skill/2dd79277-f639-463d-b74f-00b7501d742d,τεχνικές απολύμανσης,released,knowledge,sector-specific,,Οι μέθοδοι και οι τεχνικές απολύμανσης των αποβλήτων με την απομάκρυνση ή την εξουδετέρωση της επιβλαβούς ουσίας.,http://data.europa.eu/esco/isced-f/0712,τεχνολογία προστασίας του περιβάλλοντος
KnowledgeSkillCompetence,http://data.europa.eu/esco/skill/2e55bf22-45f2-43f6-8aa0-28894263313d,ηλεκτρικοί κινητήρες,released,knowledge,sector-specific,,Κινητήρες που μπορούν να μετατρέπουν την ηλεκτρική ενέργεια σε μηχανική ενέργεια.,http://data.europa.eu/esco/isced-f/0716,"αυτοκίνητα οχήματα, πλοία και αεροσκάφη"
KnowledgeSkillCompetence,http://data.europa.eu/esco/skill/2e77d381-df21-4f84-b3dd-6062be7ef4e1,προστασία φυτών κατά τη διάρκεια της καταπολέμησης επιβλαβών οργανισμών,released,skill/competence,occupation-specific,,Εφαρμογή τεχνικών για την προστασία των φυτών από επικίνδυνες χημικές ουσίες που χρησιμοποιούνται στον έλεγχο των επιβλαβών οργανισμών.,http://data.europa.eu/esco/skill/4c3ab565-747c-4db3-8c47-79e8d6f98cf4 | http://data.europa.eu/esco/skill/08881cb7-5331-4b11-9442-4d7c9fce749e | http://data.europa.eu/esco/skill/8064ae65-5d1b-44e1-9aaf-246a4285a9a6,υιοθέτηση τρόπων μείωσης των αρνητικών επιπτώσεων της κατανάλωσης | καταπολέμηση επιβλαβών οργανισμών | τήρηση των νόμων και προτύπων περιβαλλοντικής προστασίας
KnowledgeSkillCompetence,http://data.europa.eu/esco/skill/2eea3fd6-82ee-4334-8e36-62a0707cade1,σχεδιασμός της αεροστεγανότητας κτιρίου,released,skill/competence,sector-specific,σχεδιασμός ενός αεροστεγούς κτιρίου,"Αντιμετώπιση της αεροστεγανότητας του κτιρίου ως στοιχείου της έννοιας της εξοικονόμησης ενέργειας. Καθοδήγηση του σχεδιασμού της αεροστεγανότητας προς το επιθυμητό επίπεδο αεροστεγανότητας.
	",http://data.europa.eu/esco/skill/7c3cde53-9ff7-4e82-8396-13fdfadd3432 | http://data.europa.eu/esco/skill/b2c688b0-9106-466d-8b88-eafdfe608e7d,σχεδιασμός κτιρίων | σχεδιασμός δομών ή εγκαταστάσεων
KnowledgeSkillCompetence,http://data.europa.eu/esco/skill/2f05d09d-7e91-423c-9210-19da0b0e34c6,συντήρηση διατάξεων ελέγχου άρδευσης,released,skill/competence,sector-specific,,"Συντήρηση και προγραμματισμός διαφορετικών τύπων διατάξεων ελέγχου άρδευσης, συμπεριλαμβανομένων μηχανικών συστημάτων, συστημάτων με ηλιακές μπαταρίες, ψηφιακών συστημάτων και συστημάτων ελεγχόμενων από ηλεκτρονικούς υπολογιστές.",http://data.europa.eu/esco/skill/cb073ba6-30bd-4fd5-871a-15b0fb1fa930 | http://data.europa.eu/esco/skill/ec0401f1-f690-46be-934b-f6f5611085f5,"συντήρηση συστημάτων άρδευσης | συντήρηση εξοπλισμού ηλεκτρικού, ηλεκτρονικού και ακριβείας"
KnowledgeSkillCompetence,http://data.europa.eu/esco/skill/2f48c606-a936-46a4-9058-dd925973efd6,μέτρηση των παραμέτρων ποιότητας υδάτων,released,skill/competence,sector-specific,,"Διασφάλιση της ποιότητας των υδάτων λαμβάνοντας υπόψη διάφορα στοιχεία, όπως η θερμοκρασία.",http://data.europa.eu/esco/skill/23d7bd85-d8d5-4455-b64d-3b0998f2425d,μέτρηση διαστάσεων και σχετικών ιδιοτήτων
KnowledgeSkillCompetence,http://data.europa.eu/esco/skill/2f4cdc7e-d98d-4e6c-9811-3dc28255c7ff,κοινωνική επιχείρηση,released,knowledge,sector-specific,κοινωνική εταιρεία | κοινωνικές επιχειρήσεις,"Οι επιχειρήσεις που χρησιμοποιούν τα κέρδη τους για να επανεπενδύουν σε κοινωνικές αποστολές, οι οποίες έχουν κοινωνικό ή περιβαλλοντικό αντίκτυπο στην κοινωνία.",http://data.europa.eu/esco/isced-f/0923,υπηρεσίες κοινωνικού λειτουργού και συμβουλευτικής
KnowledgeSkillCompetence,http://data.europa.eu/esco/skill/2fb4b423-c1e4-407d-ba48-38032d8dcda2,διαχείριση των ορυκτών αποβλήτων,released,skill/competence,sector-specific,,"Μετακίνηση των συλλεχθέντων αποβλήτων και απορριμμάτων στο καθορισμένο σημείο συλλογής και απόρριψή τους σύμφωνα με τις νομικές και οργανωτικές απαιτήσεις.
	",http://data.europa.eu/esco/skill/cc948c21-aa71-47c5-8df6-c5d0deb99eb2 | http://data.europa.eu/esco/skill/61d1dab2-6007-4b7c-9380-cd88207fa30f,διαχείριση καθημερινών απορριμμάτων | διάθεση μη επικίνδυνων αποβλήτων ή υπολειμμάτων
KnowledgeSkillCompetence,http://data.europa.eu/esco/skill/303c6ab0-21c3-4b09-ac77-d405936857d9,βιώσιμα υλικά εγκαταστάσεων,released,knowledge,sector-specific,βιώσιμα υλικά για εγκατάσταση | φιλικά προς το περιβάλλον υλικά εγκατάστασης,"Τα είδη υλικών εγκαταστάσεων που ελαχιστοποιούν τις αρνητικές επιπτώσεις του κτιρίου και της κατασκευής του στο εξωτερικό περιβάλλον, καθ’ όλη τη διάρκεια του κύκλου ζωής τους.
	",http://data.europa.eu/esco/skill/e26e07ca-4a35-42e3-940d-e5868fd38fba | http://data.europa.eu/esco/isced-f/0732,βιομηχανία οικοδομικών υλικών | οικοδομές και έργα πολιτικού μηχανικού
KnowledgeSkillCompetence,http://data.europa.eu/esco/skill/30685aeb-512f-4517-adc8-63bdc1eefb8e,σχεδιασμός ηλιακού συστήματος θέρμανσης,released,skill/competence,sector-specific,σχεδιασμός ενός ηλιακού συστήματος θέρμανσης,"Σχεδιασμός συστήματος ηλιακής θερμικής ενέργειας. Υπολογισμός της ακριβούς ζήτησης θέρμανσης του κτιρίου, υπολογισμός της ακριβούς ζήτησης ζεστού νερού οικιακής χρήσης για την επιλογή της κατάλληλης ικανότητας (kW, λίτρα). Λεπτομερής σχεδιασμός της εγκατάστασης, της αρχής, της στρατηγικής αυτοματοποίησης, με τη χρήση διαθέσιμων προϊόντων και ιδεών. Προσδιορισμός και υπολογισμός της εξωτερικής θέρμανσης.
	",http://data.europa.eu/esco/skill/39fa260c-4f85-48e3-83ce-e292e696c233,σχεδιασμός ηλεκτρικών ή ηλεκτρονικών συστημάτων ή εξοπλισμού
KnowledgeSkillCompetence,http://data.europa.eu/esco/skill/306d9964-2d32-4952-927a-e836bf7041ab,φυσικά λιπάσματα,released,knowledge,occupation-specific,,"Η σύνθεση και η δράση φυσικών/οργανικών λιπασμάτων, όπως ανόργανα λιπάσματα ή λιπάσματα ζωικής ή φυτικής προέλευσης.",http://data.europa.eu/esco/isced-f/0811,φυτική και ζωική παραγωγή
KnowledgeSkillCompetence,http://data.europa.eu/esco/skill/30783499-3872-4b14-9684-6217e98c6e1d,απόρριψη συλλεγέντων αποβλήτων,released,knowledge,sector-specific,διάθεση συλλεγέντων αποβλήτων,Οι διαδικασίες που πρέπει να ακολουθούνται για την ασφαλή απόρριψη των συλλεγέντων αποβλήτων στον προκαθορισμένο χώρο.,http://data.europa.eu/esco/isced-f/0712,τεχνολογία προστασίας του περιβάλλοντος
KnowledgeSkillCompetence,http://data.europa.eu/esco/skill/30dce29d-0518-4f5d-aeb0-2b5b49e3afbe,υδατοπονία,released,knowledge,sector-specific,,"Οι αρχές και οι τεχνικές που συνδυάζουν την υδροπονία με τις υδατοκαλλιέργειες για την παραγωγή τροφίμων για ανθρώπινη κατανάλωση με βιώσιμο τρόπο, με βάση την ανακυκλοφορία του νερού μεταξύ των τμημάτων ιχθυοκαλλιέργειας και καλλιέργειας φυτών.
	",http://data.europa.eu/esco/isced-f/0811,φυτική και ζωική παραγωγή
KnowledgeSkillCompetence,http://data.europa.eu/esco/skill/311832d1-1167-47c7-b613-fc64784ffeed,περιγραφή ηλεκτρικού συστήματος κίνησης,released,skill/competence,sector-specific,να περιγράψετε τα εξαρτήματα του συστήματος ηλεκτρικής κίνησης | περιγράψτε τα εξαρτήματα της ηλεκτρικής κίνησης | να περιγράφουν τα εξαρτήματα του συστήματος ηλεκτρικών οχημάτων | περιγράψτε και εξηγήστε το ηλεκτρικό σύστημα κίνησης,"Περιγραφή του πλήρους ηλεκτρικού συστήματος κίνησης με όλα τα απαραίτητα κατασκευαστικά στοιχεία. Αυτά τα κατασκευαστικά στοιχεία είναι ο μετατροπέας, ο ηλεκτρικός κινητήρας και άλλα βοηθητικά μέσα, όπως ο μετατροπέας συνεχούς ρεύματος, και οι φορτιστές.
	",http://data.europa.eu/esco/skill/d54970ba-d9f2-41ec-a852-bbd1e5796823,παροχή πληροφοριών στο κοινό και στους πελάτες
KnowledgeSkillCompetence,http://data.europa.eu/esco/skill/3220a66f-d129-463b-848e-891b4f1c79e3,εκπόνηση στρατηγικών διαχείρισης επικίνδυνων αποβλήτων,released,skill/competence,cross-sector,,"Ανάπτυξη στρατηγικών που αποσκοπούν στην αύξηση της αποτελεσματικότητας με την οποία μια εγκατάσταση επεξεργάζεται, μεταφέρει και διαθέτει επικίνδυνα απόβλητα, όπως ραδιενεργά απόβλητα, χημικά και ηλεκτρονικά προϊόντα.",http://data.europa.eu/esco/skill/6ee936b0-4e0c-4e04-97c7-1f4ee9230d67 | http://data.europa.eu/esco/skill/7a8fb784-67fa-41e9-a75c-6b491d91f800,ανάπτυξη στόχων και στρατηγικών | ανάπτυξη στρατηγικής για την επίλυση προβλημάτων
KnowledgeSkillCompetence,http://data.europa.eu/esco/skill/32a76797-6235-4659-869f-c691ffd30463,παλαιοκλιματολογία,released,knowledge,occupation-specific,,"Το επιστημονικό πεδίο που μελετά τις αλλαγές του κλίματος καθ’ όλη τη διάρκεια της ιστορίας της γης με τη συλλογή και την ανάλυση δειγμάτων στοιχείων όπως βράχοι, πάγος, δακτύλιοι κορμών δέντρων και ιζήματα.",http://data.europa.eu/esco/isced-f/0532,επιστήμες της γης
KnowledgeSkillCompetence,http://data.europa.eu/esco/skill/32f20d0e-d127-4901-a971-a53e26dfef14,παροχή συμβουλών σε πελάτες σχετικά με την τεχνολογία έξυπνων κατοικιών,released,skill/competence,occupation-specific,συμβουλεύει τους πελάτες για το έξυπνο σπίτι | παροχή συμβουλών στους πελάτες σχετικά με τα domotics,"Παροχή συμβουλών σε πελάτες σχετικά με τις δυνατότητες εγκατάστασης τεχνολογιών έξυπνων κατοικιών, δεδομένων των απαιτήσεων και των προϋποθέσεων της κατασκευής.
	",http://data.europa.eu/esco/skill/62afcfdd-a2a6-4143-bafb-59c77e15a01c,παροχή συμβουλών σχετικά με προϊόντα και υπηρεσίες
KnowledgeSkillCompetence,http://data.europa.eu/esco/skill/33784b61-bd86-4451-8a89-741ada5f8475,συντήρηση φωτοβολταϊκών συστημάτων,released,skill/competence,sector-specific,,"Εκτέλεση εργασιών συντήρησης και επισκευών σε συστήματα που παράγουν ηλεκτρική ενέργεια μέσω της μετατροπής του φωτός σε ηλεκτρικό ρεύμα, το φωτοβολταϊκό φαινόμενο. Διασφάλιση της συμμόρφωσης με τους κανονισμούς και της ορθής εγκατάστασης του φωτοβολταϊκού συστήματος.",http://data.europa.eu/esco/skill/ec0401f1-f690-46be-934b-f6f5611085f5,"συντήρηση εξοπλισμού ηλεκτρικού, ηλεκτρονικού και ακριβείας"
KnowledgeSkillCompetence,http://data.europa.eu/esco/skill/340a75f4-76e1-4ef0-8f1e-1bb78ba561ef,επιθεώρηση συμμόρφωσης με κανονισμούς περί επικίνδυνων αποβλήτων,released,skill/competence,cross-sector,,"Επιθεώρηση των στρατηγικών ενός οργανισμού ή μιας εγκατάστασης σχετικά με τη διαχείριση επικίνδυνων αποβλήτων, ώστε να εξασφαλίζεται ότι οι ενέργειές τους συμμορφώνονται με τη σχετική νομοθεσία και ότι λαμβάνονται μέτρα για τη βελτίωση της προστασίας από την έκθεση και για τη διασφάλιση της υγείας και της ασφάλειας.",http://data.europa.eu/esco/skill/0e0a44a8-654c-4e85-986a-fb4386114838,παρακολούθηση ασφάλειας ή προστασίας
KnowledgeSkillCompetence,http://data.europa.eu/esco/skill/3419fac9-575d-4492-a018-edff6f4dae26,περιβαλλοντική νομοθεσία στη γεωργία και στη δασοκομία,released,knowledge,cross-sector,,"Ευαισθητοποίηση σχετικά με την περιβαλλοντική νομοθεσία, τις πολιτικές, τις αρχές που αφορούν τη γεωργία και τη δασοκομία. Επίγνωση των επιπτώσεων στο περιβάλλον των τοπικών γεωργικών διαδικασιών και πρακτικών. Μέσα για την προσαρμογή της παραγωγής σε νέους περιβαλλοντικούς κανονισμούς και πολιτικές.",http://data.europa.eu/esco/isced-f/0421,δίκαιο
KnowledgeSkillCompetence,http://data.europa.eu/esco/skill/34406889-f522-47a7-b60d-8545b36d73bb,διασφάλιση της εναρμόνισης της αρχιτεκτονικής των κτιρίων με το τοπίο,released,skill/competence,occupation-specific,,Σχεδιασμός και ανάπτυξη κατασκευών που διατηρούν την ισορροπία μεταξύ της φύσης και των κτιρίων. Διασφάλιση ότι η ενσωμάτωση των κτιρίων σε μια τοποθεσία διατηρεί την αρμονία του χώρου.,http://data.europa.eu/esco/skill/b2c688b0-9106-466d-8b88-eafdfe608e7d,σχεδιασμός δομών ή εγκαταστάσεων
KnowledgeSkillCompetence,http://data.europa.eu/esco/skill/347b6a67-59ad-4408-bb9c-cfa502867e24,παρακολούθηση της υγείας των δασών,released,skill/competence,sector-specific,,Παρακολούθηση της υγείας των δασών ώστε να διασφαλίζεται ότι λαμβάνονται όλες οι απαραίτητες δράσεις από την ομάδα των εργαζομένων στον τομέα της δασοκομίας.,http://data.europa.eu/esco/skill/d519fadd-85bf-475f-bf14-c53a0290687d,παρακολούθηση περιβαλλοντικών συνθηκών
KnowledgeSkillCompetence,http://data.europa.eu/esco/skill/351cd749-498c-4ed3-9e38-58fc9bbf8f0e,διασφάλιση της συμμόρφωσης με τα πρότυπα εκπομπής θορύβου,released,skill/competence,cross-sector,,"Διασφάλιση ότι τα κτίρια, οι οδοί, η εναέρια κυκλοφορία και οι εκδηλώσεις συμμορφώνονται με τα πρότυπα και τους κανονισμούς σε τοπικό, εθνικό ή διεθνές επίπεδο για τον θόρυβο, με σκοπό την ελαχιστοποίηση των οχλήσεων για τους γειτονικούς κατοίκους.",http://data.europa.eu/esco/skill/5bcec244-3efe-45ac-8891-0ab4a91e9c48,τήρηση των διαδικασιών υγείας και ασφάλειας
KnowledgeSkillCompetence,http://data.europa.eu/esco/skill/3577e49b-951d-4d46-a1f4-417087a8fb6d,προσαρμογή σε διαφορετικές κλιματικές συνθήκες,released,skill/competence,cross-sector,,Αντιμετώπιση συχνής έκθεσης σε ακραίες καιρικές συνθήκες και σε επικίνδυνα περιβάλλοντα.,http://data.europa.eu/esco/skill/49de9958-2aa4-4eef-a89d-fe5d5bcd28c4 | http://data.europa.eu/esco/skill/4feed491-dc09-4218-814a-0146e13ef4fe,προσαρμογή σε αλλαγές | επίλυση προβλημάτων
KnowledgeSkillCompetence,http://data.europa.eu/esco/skill/36359101-4488-4859-83a8-9600d9faf3f2,συμμετοχή των τοπικών κοινοτήτων στη διαχείριση φυσικών προστατευόμενων περιοχών,released,skill/competence,sector-specific,,"Οικοδόμηση σχέσης με την τοπική κοινότητα στον τόπο προορισμού για την ελαχιστοποίηση των συγκρούσεων μέσω της στήριξης της οικονομικής ανάπτυξης των τοπικών τουριστικών επιχειρήσεων και του σεβασμού των τοπικών παραδοσιακών πρακτικών.
	",http://data.europa.eu/esco/skill/7d9bace0-63d0-4848-ac87-350a98082c12 | http://data.europa.eu/esco/skill/8a3b45dc-8299-4b67-99db-6542daf79ac3,ενεργός συμμετοχή στα κοινά | ανάπτυξη επαγγελματικών σχέσεων ή δικτύων
KnowledgeSkillCompetence,http://data.europa.eu/esco/skill/3727f0d3-da1b-4ce3-a9cb-efe6130fe41f,αξιολόγηση της ρύπανσης,released,skill/competence,cross-sector,,Ανάλυση των αποδεικτικών στοιχείων της μόλυνσης. Παροχή συμβουλών για τον τρόπο απολύμανσης.,http://data.europa.eu/esco/skill/3eef7ff2-3ade-41d4-b084-2bd2a3949e1c,εκτίμηση της γης ή ακινήτων
KnowledgeSkillCompetence,http://data.europa.eu/esco/skill/37ba5509-9665-4947-a5ae-f124d5769473,δημιουργία χαρτοπολτού,released,skill/competence,occupation-specific,,Δημιουργία χαρτοπολτού ή πάστας χαρτιού από ανακυκλωμένο ή χρησιμοποιημένο χαρτί με νερό σε αναμεικτήρες και σε αναμείκτες ή σε άλλο εξοπλισμό. Προσθήκη χρωμάτων με την προσθήκη χαρτιών σε διάφορα χρώματα.,http://data.europa.eu/esco/skill/06769591-b8cf-46b2-b1d3-6602b1cf440e,χειρισμός μηχανημάτων επεξεργασίας ξύλου και χαρτοποιίας
KnowledgeSkillCompetence,http://data.europa.eu/esco/skill/38f7be4a-f6af-4f1d-a972-8c51b27d2cea,επιβολή κανόνων για τους δρυμούς,released,skill/competence,occupation-specific,,"Επιβολή της περιβαλλοντικής νομοθεσίας και των κανόνων που σχετίζονται με τη διαχείριση των δασών. Επιβολή από δασοφύλακες κανονισμών σε τοπικό, κρατικό και εθνικό επίπεδο, όπως εφαρμόζονται στη χρήση των δασών και στη διατήρηση της άγριας πανίδας. Διενέργεια επιθεωρήσεων ασφαλείας στα κάμπινγκ και διερεύνηση καταγγελιών.",http://data.europa.eu/esco/skill/e9eb9c23-c1f4-4ce9-83c9-2f6a211cc536,διατήρηση και επιβολή της φυσικής ασφάλειας
KnowledgeSkillCompetence,http://data.europa.eu/esco/skill/3936cc7d-d045-4eb0-b951-b862a072c0a2,σχεδιασμός δεικτών για τη μείωση της σπατάλης τροφίμων,released,skill/competence,cross-sector,ανάπτυξη KPI για τη μείωση των αποβλήτων τροφίμων | διαχείριση KPI για τη μείωση της σπατάλης τροφίμων | σχεδιασμός της αξιολόγησης των πρακτικών και στρατηγικών πρόληψης της δημιουργίας αποβλήτων τροφίμων,"Καθορισμός βασικών δεικτών επιδόσεων (ΒΔΕ) για τη μείωση της σπατάλης τροφίμων και τη διαχείριση σύμφωνα με καθιερωμένα πρότυπα. Επίβλεψη της αξιολόγησης των μεθόδων, του εξοπλισμού και του κόστους για την πρόληψη της σπατάλης τροφίμων.
	",http://data.europa.eu/esco/skill/15fa3879-ac0e-46e6-ae36-609bae9c19c3,παρακολούθηση επιχειρησιακών δραστηριοτήτων
KnowledgeSkillCompetence,http://data.europa.eu/esco/skill/3955cd15-a1fa-4c16-99b4-c39cb17db21d,μέτρα προστασίας από την εισαγωγή οργανισμών,released,knowledge,sector-specific,,"Τα εθνικά και διεθνή μέτρα προστασίας κατά της εισαγωγής οργανισμών, π.χ. η οδηγία 2000/29/ΕΚ του Συμβουλίου περί μέτρων κατά της εισαγωγής στην Κοινότητα οργανισμών επιβλαβών για τα φυτά ή τα φυτικά προϊόντα και κατά της εξάπλωσής τους στο εσωτερικό της Κοινότητας.",http://data.europa.eu/esco/isced-f/0522,φυσικό περιβάλλον και  άγρια πανίδα και χλωρίδα
KnowledgeSkillCompetence,http://data.europa.eu/esco/skill/395ace35-e463-4dc7-8181-c2dd43885107,εκπόνηση μελέτης σκοπιμότητας για τις αντλίες θερμότητας,released,skill/competence,sector-specific,κάντε μια μελέτη σκοπιμότητας για τις αντλίες θερμότητας,"Διενέργεια αξιολόγησης και εκτίμησης του δυναμικού ενός συστήματος αντλίας θερμότητας. Εκπόνηση τυποποιημένης μελέτης προκειμένου να προσδιοριστεί το κόστος και οι περιορισμοί και διεξαγωγή έρευνας για την υποστήριξη της διαδικασίας λήψης αποφάσεων.
	",http://data.europa.eu/esco/skill/d74df140-eb69-43e2-bac9-1cafc824d702 | http://data.europa.eu/esco/skill/ec528c47-65f4-4187-9dc1-5a8889f84a06,διενέργεια μελέτης σκοπιμότητας | ανάλυση επιχειρηματικών δραστηριοτήτων
KnowledgeSkillCompetence,http://data.europa.eu/esco/skill/397412dc-47c4-4580-82d0-15a9f9a86ea2,σχεδιασμός συστημάτων φρεατίων αποχέτευσης,released,skill/competence,sector-specific,,"Σχεδιασμός συστημάτων που βρίσκονται σε κατοικίες, καθώς και σε δημόσιους χώρους, όπως στους δρόμους και στις στέγες δημόσιων κτιρίων, και τα οποία λειτουργούν με σκοπό την αποστράγγιση της περίσσειας υδάτων από τις εν λόγω περιοχές. Λειτουργούν για την υποβοήθηση της αποκατάστασης των ζημιών από πλημμύρες, την απομάκρυνση του νερού της βροχής και την ελαχιστοποίηση του κινδύνου από ισχυρές καταιγίδες, και στη συνέχεια μεταφέρουν το μη επεξεργασμένο νερό στη φύση.",http://data.europa.eu/esco/skill/b2c688b0-9106-466d-8b88-eafdfe608e7d,σχεδιασμός δομών ή εγκαταστάσεων
KnowledgeSkillCompetence,http://data.europa.eu/esco/skill/3a09d732-08b9-4c90-8fd3-34e2d69ce084,επεξήγηση των επιπτώσεων της αλυσίδας συστοιχιών (blockchain),released,skill/competence,sector-specific,εξήγηση/επεξήγηση των πρακτικών επιπτώσεων του blockchain | επεξήγηση των πρακτικών επιπτώσεων του blockchain | ανάλυση των επιπτώσεων του blockchain στη διακυβέρνηση | επεξήγηση των επιπτώσεων blockchain,"Επεξήγηση των συνεπειών, του αντικτύπου και των επιπτώσεων της χρήσης της τεχνολογίας αλυσίδας συστοιχιών (blockchain) στις επιχειρησιακές διαδικασίες που προωθούν, καθώς και σε μεγαλύτερη κλίμακα, συμπεριλαμβανομένων επίσης των κοινωνικών",http://data.europa.eu/esco/skill/cd9c487e-09ad-4b82-854b-118feb01f2ed,δεξιότητες πληροφόρησης
KnowledgeSkillCompetence,http://data.europa.eu/esco/skill/3a2f0b3f-8203-466f-89f9-207316ade4da,διάθεση αποβλήτων συγκόλλησης,released,skill/competence,occupation-specific,,Συλλογή και μεταφορά σκουριάς συγκόλλησης σε ειδικά δοχεία για επικίνδυνα απόβλητα.,http://data.europa.eu/esco/skill/40fa39b5-0f69-432a-b5ea-b01b5d98649a | http://data.europa.eu/esco/skill/8bde58aa-9d5b-422b-801c-ff9186dd648e | http://data.europa.eu/esco/skill/73a9561d-112c-4d8a-9d5f-b2c11c5bbd5f,διάθεση επικίνδυνων αποβλήτων | χειρισμός και διάθεση επικίνδυνων υλικών | διαχείριση και διάθεση αποβλήτων
KnowledgeSkillCompetence,http://data.europa.eu/esco/skill/3a519990-ae6c-4c8b-a827-2bf96d949940,διαχείριση της διατήρησης της φυσικής και πολιτιστικής κληρονομιάς,released,skill/competence,sector-specific,,"Χρήση εσόδων από τουριστικές δραστηριότητες και δωρεές για τη χρηματοδότηση και τη διατήρηση φυσικών προστατευόμενων περιοχών και άυλης πολιτιστικής κληρονομιάς, όπως τα χειροτεχνήματα, τα τραγούδια και οι ιστορίες κοινοτήτων.
	",http://data.europa.eu/esco/skill/193af349-b20e-4277-94bf-b184e92b8d6a,διαχείριση προϋπολογισμών ή κονδυλίων
KnowledgeSkillCompetence,http://data.europa.eu/esco/skill/3a560dc4-ee2e-4437-b94f-c076a2b5f25e,επιθεώρηση πηγαδιών,released,skill/competence,cross-sector,,"Εξέταση πηγαδιών για τυχόν ενδείξεις ρύπανσης και για τη συμμόρφωση με τα πρότυπα κατασκευής. Διαταγή, εφόσον κριθεί αναγκαίο, της οριστικής παύσης της λειτουργίας τους.",http://data.europa.eu/esco/skill/0e0a44a8-654c-4e85-986a-fb4386114838,παρακολούθηση ασφάλειας ή προστασίας
KnowledgeSkillCompetence,http://data.europa.eu/esco/skill/3b4f2a64-9884-4f3d-8020-44dc95919a7c,σχεδιασμός της έννοιας της μόνωσης,released,skill/competence,sector-specific,,"Σχεδιασμός των λεπτομερειών της μόνωσης και λύσεων για θερμικές γέφυρες. Επιλογή του καταλληλότερου υλικού για μόνωση, λαμβανομένων υπόψη των αναγκών του κτιρίου.
	",http://data.europa.eu/esco/skill/39fa260c-4f85-48e3-83ce-e292e696c233,σχεδιασμός ηλεκτρικών ή ηλεκτρονικών συστημάτων ή εξοπλισμού
KnowledgeSkillCompetence,http://data.europa.eu/esco/skill/3bf93cf6-2b6f-46ad-b0ba-3b161379bac1,εκτέλεση επιλεκτικής κατεδάφισης,released,skill/competence,sector-specific,,"Η κατεδάφιση κατασκευής, ή μέρους αυτής, με χρήση επιλεκτικής κατεδάφισης. Ταυτοποίηση των διαφόρων υλικών του κτιρίου και αξιολόγηση της περαιτέρω χρήσης τους και της αξίας τους. Αφαίρεση τυχόν επαναχρησιμοποιήσιμων υλικών χωρίς την καταστροφή τους.
	",http://data.europa.eu/esco/skill/59c46f34-bffd-4859-adf4-3839c2a73821,κατασκευές
KnowledgeSkillCompetence,http://data.europa.eu/esco/skill/3c1622fc-6c95-4b51-98da-1814ebe6e889,συστήματα γεωθερμικής ενέργειας,released,knowledge,sector-specific,γεωθερμική ενέργεια,"Θέρμανση χαμηλής θερμοκρασίας και ψύξη υψηλής θερμοκρασίας, που παράγονται με τη χρήση γεωθερμικής ενέργειας, και η συμβολή τους στην ενεργειακή απόδοση.
	",http://data.europa.eu/esco/isced-f/0713,ηλεκτρισμός και ενέργεια
KnowledgeSkillCompetence,http://data.europa.eu/esco/skill/3d69b305-4051-4c1d-ba1e-d8c5b35e22db,παρακολούθηση των επιπτώσεων της κατασκευής,released,skill/competence,cross-sector,έλεγχος περιβαλλοντικών παραμέτρων | παρακολούθηση των περιβαλλοντικών παραμέτρων | παρακολούθηση της περιβαλλοντικής επίδρασης των μηχανημάτων παραγωγής | παρακολούθηση περιβαλλοντικών παραμέτρων | παρακολούθηση των επιπτώσεων των μηχανημάτων παραγωγής στο περιβάλλον | παρακολούθηση της οικολογικής επίδρασης της παραγωγής,"Έλεγχος του αντίκτυπου της λειτουργίας των μηχανημάτων κατασκευής στο περιβάλλον με ανάλυση των επιπέδων θερμοκρασίας, της ποιότητας των υδάτων και της ατμοσφαιρικής ρύπανσης.",http://data.europa.eu/esco/skill/4c3ab565-747c-4db3-8c47-79e8d6f98cf4 | http://data.europa.eu/esco/skill/7dd94ad3-13d6-43fe-8b94-51fcbf67ced9 | http://data.europa.eu/esco/skill/d519fadd-85bf-475f-bf14-c53a0290687d,υιοθέτηση τρόπων μείωσης των αρνητικών επιπτώσεων της κατανάλωσης | κριτική σκέψη | παρακολούθηση περιβαλλοντικών συνθηκών
KnowledgeSkillCompetence,http://data.europa.eu/esco/skill/3d9873e5-7128-49d9-9048-f72b8ea4b29e,διαχείριση δασών,released,skill/competence,sector-specific,,Ανάπτυξη σχεδίων διαχείρισης των δασών με την εφαρμογή επιχειρηματικών μεθόδων και των αρχών της δασοκομίας με σκοπό την αποτελεσματική διαχείριση των δασικών πόρων.,http://data.europa.eu/esco/skill/87dff904-fb74-4d59-972e-1c2387579d94,καθοδήγηση των επιχειρησιακών δραστηριοτήτων
KnowledgeSkillCompetence,http://data.europa.eu/esco/skill/3de6d427-546b-450b-97ba-d3d50eb274da,χειρισμός εξοπλισμού καθαρισμού υδάτων,released,skill/competence,cross-sector,,"Χειρισμός και προσαρμογή των οργάνων ελέγχου του εξοπλισμού για τον καθαρισμό και την διαύγαση του νερού, τη διεργασία και επεξεργασία λυμάτων, αερίων και στερεών, την ανακύκλωση ή την απόρριψη επεξεργασμένων υδάτων, καθώς και για την παραγωγή ηλεκτρικής ενέργειας.",http://data.europa.eu/esco/skill/d3b2c894-33fb-47c4-aff0-27935a082bf6,"χειρισμός εξοπλισμού ή συστημάτων επεξεργασίας πετρελαίου, χημικών ή νερού"
KnowledgeSkillCompetence,http://data.europa.eu/esco/skill/3dffcb35-26d4-4fee-8517-002f9e40508a,ενσωμάτωση της ενέργειας βιοαερίου στα κτίρια,released,skill/competence,sector-specific,σχεδιασμός εγκαταστάσεων βιοαερίου,"Σχεδιασμός και υπολογισμός εγκαταστάσεων θέρμανσης και πόσιμου ζεστού νερού που χρησιμοποιούν βιοαέριο.
	",http://data.europa.eu/esco/skill/b85caa4a-f04b-4331-80df-11404fd71225,"εγκατάσταση εξοπλισμού θέρμανσης, αερισμού και κλιματισμού"
KnowledgeSkillCompetence,http://data.europa.eu/esco/skill/3e25fd3e-2bcd-4320-9587-0aadf7fb93b1,παροχή συμβουλών σχετικά με την προστασία του εδάφους και του νερού,released,skill/competence,sector-specific,,"Παροχή συμβουλών σχετικά με μεθόδους για την προστασία του εδάφους και των υδάτινων πηγών από τη ρύπανση, όπως η έκπλυση νιτρικών αλάτων που ευθύνεται για τη διάβρωση του εδάφους.
	",http://data.europa.eu/esco/skill/062a9fde-cd91-44f9-9a2f-9e2bc3b281fd,παροχή συμβουλών για περιβαλλοντικά ζητήματα
KnowledgeSkillCompetence,http://data.europa.eu/esco/skill/3e37d714-4d65-416d-a138-46f7e2a98073,σχεδιασμός εγκαταστάσεων αντλιών θερμότητας,released,skill/competence,sector-specific,σχεδιασμός αντλίας θερμότητας,"Σχεδιασμός συστήματος αντλίας θερμότητας, συμπεριλαμβανομένων των υπολογισμών της απώλειας ή της μετάδοσης θερμότητας, της απαιτούμενης ικανότητας, με μία ή δευτερεύουσα πηγή θερμότητας, των ενεργειακών ισοζυγίων και της μείωσης του θορύβου.
	",http://data.europa.eu/esco/skill/39fa260c-4f85-48e3-83ce-e292e696c233,σχεδιασμός ηλεκτρικών ή ηλεκτρονικών συστημάτων ή εξοπλισμού
KnowledgeSkillCompetence,http://data.europa.eu/esco/skill/3ecde258-d1c6-4d6a-bfa7-ec4c5e4fc700,ανάπτυξη πράσινων μειγμάτων,released,skill/competence,occupation-specific,χρησιμοποιήστε πολυμερή βιολογικής βάσης | ορίζουν διαλύματα βιολογικής σύνθεσης | ανάπτυξη πράσινων χημικών λύσεων για ενώσεις καουτσούκ | αντικαθιστούν τα συνθετικά συστατικά,"Ανάπτυξη μειγμάτων που χρησιμοποιούν βιολογικά αντί συνθετικών συστατικών. Αξιολόγηση των δυνατοτήτων χρήσης φυτικών ελαίων, υλικών πλήρωσης και πολυμερών και της πρόσφατης εξέλιξής τους.
	",http://data.europa.eu/esco/skill/c23e0a2f-f04b-45bc-b0dd-20571f6b502c,ανάπτυξη επιχειρησιακών πολιτικών και διαδικασιών
KnowledgeSkillCompetence,http://data.europa.eu/esco/skill/3edfa33c-c644-4a9a-acd1-e82039daa663,προώθηση της χρήσης βιώσιμων μεταφορών,released,skill/competence,sector-specific,,"Προώθηση της χρήσης βιώσιμων μεταφορών για τη μείωση του αποτυπώματος άνθρακα και του θορύβου και αύξηση της ασφάλειας και της αποτελεσματικότητας των συστημάτων μεταφορών. Καθορισμός των επιδόσεων όσον αφορά τη χρήση βιώσιμων μεταφορών, καθορισμός στόχων για την προώθηση της χρήσης βιώσιμων μεταφορών και διατύπωση προτάσεων σχετικά με φιλικές προς το περιβάλλον εναλλακτικές λύσεις μεταφορών.
	",http://data.europa.eu/esco/skill/469e19ed-a0bd-445a-ae2d-4ba9430e296b | http://data.europa.eu/esco/skill/efb60300-0d55-4b2c-8038-8409587a4727,"προώθηση της βιωσιμότητας | προώθηση προϊόντων, υπηρεσιών ή προγραμμάτων"
KnowledgeSkillCompetence,http://data.europa.eu/esco/skill/3efd2b02-f6f8-4911-a154-8bfcaeadeb5d,προέλευση τροφικών λιπών και ελαίων,released,knowledge,sector-specific,,Η διάκριση μεταξύ διατροφικών λιπών που προέρχονται από ζώα και ελαιών που προέρχονται από λαχανικά.,http://data.europa.eu/esco/isced-f/0721,επεξεργασία  τροφίμων
KnowledgeSkillCompetence,http://data.europa.eu/esco/skill/3f82a026-8a37-4b54-9ebb-7702b66eeb24,διενέργεια περιβαλλοντικών επιθεωρήσεων,released,skill/competence,sector-specific,,"Διενέργεια περιβαλλοντικών επιθεωρήσεων όπως απαιτείται, έλεγχος των ρυθμιστικών διαδικασιών, των πιθανών ένδικων προσφυγών ή άλλων τύπων καταγγελιών.",http://data.europa.eu/esco/skill/c4376e35-add7-43a0-8b2e-f5741f0df8fe,διενέργεια εγκληματολογικών και αστυνομικών ερευνών
KnowledgeSkillCompetence,http://data.europa.eu/esco/skill/407b1474-7cfb-4538-823b-7667604f0267,αποκατάσταση του φυσικού περιβάλλοντος μετά από τις δοκιμές γεώτρησης,released,skill/competence,occupation-specific,,Αποκατάσταση του φυσικού περιβάλλοντος της μονάδας γεώτρησης στην περίπτωση μη εκτέλεσης της γεώτρησης.,http://data.europa.eu/esco/skill/aca5081a-ceb0-4028-9cc5-1daafd4f86f9,ανάπτυξη λύσεων
KnowledgeSkillCompetence,http://data.europa.eu/esco/skill/40f65a56-ccbe-4601-9f32-1cc6cdd24f28,διαχείριση αποβλήτων,released,knowledge,cross-sector,επεξεργασία αποβλήτων | εποπτεία διάθεσης αποβλήτων | ανακύκλωση,"Οι μέθοδοι, τα υλικά και οι κανονισμοί που χρησιμοποιούνται για τη συλλογή, τη μεταφορά, την επεξεργασία και τη διάθεση των αποβλήτων. Περιλαμβάνεται η ανακύκλωση και η παρακολούθηση της διάθεσης των αποβλήτων.",http://data.europa.eu/esco/isced-f/1021,δημόσια καθαριότητα
KnowledgeSkillCompetence,http://data.europa.eu/esco/skill/40fa39b5-0f69-432a-b5ea-b01b5d98649a,διάθεση επικίνδυνων αποβλήτων,released,skill/competence,cross-sector,,"Διάθεση επικίνδυνων υλικών, όπως χημικών ή ραδιενεργών ουσιών, σύμφωνα με τους περιβαλλοντικούς κανονισμούς και τους κανονισμούς για την υγεία και την ασφάλεια.",http://data.europa.eu/esco/skill/d2d9051a-10e1-41c5-9cfb-bbdc58016176 | http://data.europa.eu/esco/skill/8bde58aa-9d5b-422b-801c-ff9186dd648e,τήρηση προληπτικών μέτρων ασφάλειας στις πρακτικές εργασίας | χειρισμός και διάθεση επικίνδυνων υλικών
KnowledgeSkillCompetence,http://data.europa.eu/esco/skill/41168850-6e3f-4fc8-afd5-9337f0c66190,εκτίμηση περιβαλλοντικών επιπτώσεων στις δραστηριότητες υδατοκαλλιέργειας,released,skill/competence,sector-specific,,"Μέτρηση των περιβαλλοντικών επιπτώσεων των δραστηριοτήτων υδατοκαλλιέργειας μιας εταιρείας. Συνεκτίμηση παραγόντων όπως η ποιότητα των θαλάσσιων και επιφανειακών υδάτων, των οικοτόπων των ιχθύων και των θαλάσσιων φυτών και των κινδύνων όσον αφορά την ποιότητα του αέρα, των οσμών και του θορύβου.",http://data.europa.eu/esco/skill/444d3725-902f-49aa-9363-7de405bb991d | http://data.europa.eu/esco/skill/e541c69c-ea80-4b17-87cb-4001d0b9d303 | http://data.europa.eu/esco/skill/d519fadd-85bf-475f-bf14-c53a0290687d | http://data.europa.eu/esco/skill/d86babea-bf8b-4552-81a8-daf706066ad6,μέτρηση των επιπτώσεων συγκεκριμένης δραστηριότητας υδατοκαλλιέργειας | αξιολόγηση περιβαλλοντικών επιπτώσεων | παρακολούθηση περιβαλλοντικών συνθηκών | διαχείριση των περιβαλλοντικών επιπτώσεων των εργασιών
KnowledgeSkillCompetence,http://data.europa.eu/esco/skill/41bbfa08-ce0b-478f-beaa-f51c62e61796,εγκατάσταση παραθύρων σε στέγες,released,skill/competence,sector-specific,,"Εγκατάσταση διαφόρων τύπων παραθύρων σε στέγες, όπως φωταγωγοί, φεγγίτες και παράθυρα επίπεδων στεγών.",http://data.europa.eu/esco/skill/58edb789-d085-4e7d-8b6e-b70913bebfca,εγκατάσταση και συναρμολόγηση σταθερών κατασκευών κτιρίων
KnowledgeSkillCompetence,http://data.europa.eu/esco/skill/41de7eb8-be07-4822-ba85-b76e9b8d6e4e,βιώσιμη διαχείριση των δασών,released,knowledge,sector-specific,SFM,"Η διαχείριση και η χρήση των δασών και των δασικών εκτάσεων με τρόπο και με ρυθμούς που επιτρέπουν να διατηρείται η παραγωγικότητά τους, η βιοποικιλότητά τους, η ικανότητα αναγέννησής τους, η ζωτικότητά τους, καθώς και η ικανότητά τους να επιτελούν τόσο στο παρόν, όσο και στο μέλλον, τις σχετικές οικολογικές, οικονομικές και κοινωνικές λειτουργίες, σε τοπικό, εθνικό και παγκόσμιο επίπεδο, χωρίς να προκαλείται βλάβη σε άλλα οικοσυστήματα·
	",http://data.europa.eu/esco/isced-f/0821,δασοκομία
KnowledgeSkillCompetence,http://data.europa.eu/esco/skill/4300b453-9bcf-474c-9ee3-92ec2229720c,παγκόσμια πρότυπα για την υποβολή εκθέσεων σχετικά με τη βιωσιμότητα,released,knowledge,sector-specific,κατευθυντήριες γραμμές μη χρηματοοικονομικής αναφοράς,"Το παγκόσμιο, τυποποιημένο πλαίσιο υποβολής εκθέσεων που επιτρέπει στους οργανισμούς να προσδιορίζουν ποσοτικά και να γνωστοποιούν τον αντίκτυπό τους στο περιβάλλον, την κοινωνία και τη διακυβέρνηση.
	",http://data.europa.eu/esco/isced-f/0412,"χρηματοπιστωτικά, τράπεζες και ασφαλίσεις"
KnowledgeSkillCompetence,http://data.europa.eu/esco/skill/442328a8-8a11-4e15-b80c-402a9bd5844d,διενέργεια έρευνας σχετικά με κλιματικές διαδικασίες,released,skill/competence,cross-sector,,Διενέργεια έρευνας για τα χαρακτηριστικά γεγονότα τα οποία λαμβάνουν χώρα στην ατμόσφαιρα κατά τη διάρκεια των αλληλεπιδράσεων και των μετασχηματισμών διαφόρων ατμοσφαιρικών συνιστωσών και συνθηκών.,http://data.europa.eu/esco/skill/7eafec38-621a-4b6e-9298-bfe70ec0b253,διεξαγωγή ακαδημαϊκής έρευνας ή έρευνας αγοράς
KnowledgeSkillCompetence,http://data.europa.eu/esco/skill/44493977-83c4-49e0-88b2-28435da57cd0,ελαχιστοποίηση περιβαλλοντικών επιπτώσεων στον περιβάλλοντα χώρο,released,skill/competence,occupation-specific,,"Ελαχιστοποίηση των αποβλήτων υλικών και ορθή διάθεση απορριμμάτων. Ελαχιστοποίηση των βλαβών στα φυτά, τα χαρακτηριστικά και τις γύρω περιοχές.",http://data.europa.eu/esco/skill/64acded2-d944-4f85-a703-cfe9375f706a,χειρισμός γεωργικού ή δασοκομικού εξοπλισμού
KnowledgeSkillCompetence,http://data.europa.eu/esco/skill/444d3725-902f-49aa-9363-7de405bb991d,μέτρηση των επιπτώσεων συγκεκριμένης δραστηριότητας υδατοκαλλιέργειας,released,skill/competence,sector-specific,,"Προσδιορισμός και μέτρηση των βιολογικών και φυσικοχημικών επιπτώσεων συγκεκριμένης δραστηριότητας εγκατάστασης υδατοκαλλιέργειας στο περιβάλλον. Διενέργεια όλων των απαραίτητων δοκιμών, συμπεριλαμβανομένης της συλλογής και της επεξεργασίας δειγμάτων προς ανάλυση.",http://data.europa.eu/esco/skill/23d7bd85-d8d5-4455-b64d-3b0998f2425d,μέτρηση διαστάσεων και σχετικών ιδιοτήτων
KnowledgeSkillCompetence,http://data.europa.eu/esco/skill/44d5340c-45df-4478-9e55-2363342a7324,σχεδιασμός λύσεων μετασκευής κτιρίων,released,skill/competence,sector-specific,σχεδιασμός λύσεων ενεργειακής αναβάθμισης κτιρίων | μετατροπή κτιρίων για ενεργειακή απόδοση | αναβάθμιση υφισταμένων κτιρίων,"Παροχή στοιχείου ή χαρακτηριστικού που δεν είχε τοποθετηθεί κατά την κατασκευή ή προσθήκη κάποιου στοιχείου που δεν υπήρχε κατά την ανέγερση. Χρησιμοποιείται σε σχέση με την εγκατάσταση νέων κτιριακών συστημάτων, όπως συστήματα θέρμανσης, αλλά μπορεί επίσης να αφορά το κέλυφος ενός κτιρίου, για παράδειγμα, μετασκευή μόνωσης ή διπλή υαλόφραξη. Σχεδιασμός λύσεων για τη μετασκευή υφιστάμενων οικιστικών και εμπορικών κτιριακών χώρων, με σκοπό την αναβάθμιση των επιδόσεών τους, για παράδειγμα με τη μείωση της χρήσης ενέργειας και νερού. Αξιολόγηση του φάσματος των διαθέσιμων τεχνολογιών μετασκευής και επιλογή των πλέον κατάλληλων τεχνολογιών με βάση τα χαρακτηριστικά του κτιρίου.
	",http://data.europa.eu/esco/skill/2eea3fd6-82ee-4334-8e36-62a0707cade1 | http://data.europa.eu/esco/skill/cc0a45a7-4883-4122-af11-7ca6c45a37c2 | http://data.europa.eu/esco/skill/b2c688b0-9106-466d-8b88-eafdfe608e7d,σχεδιασμός της αεροστεγανότητας κτιρίου | σχεδιασμός συστημάτων κελύφους κτιρίων | σχεδιασμός δομών ή εγκαταστάσεων
KnowledgeSkillCompetence,http://data.europa.eu/esco/skill/450aeb6d-5f23-4e08-b088-3bbefbfb9f2d,υδρόβια οικολογία,released,knowledge,cross-sector,,"Η υδρόβια οικολογία είναι η μελέτη των υδρόβιων οργανισμών, του τρόπου αλληλεπίδρασής τους, του μέρους διαβίωσής τους και των ενεργειών τους.",http://data.europa.eu/esco/isced-f/0521,περιβαλλοντικές επιστήμες
KnowledgeSkillCompetence,http://data.europa.eu/esco/skill/4548416b-2310-4afc-bd6a-c022d3e41014,διασφάλιση της αποδοτικότητας ως προς το κόστος στην παραγωγή τροφίμων,released,skill/competence,sector-specific,,"Διασφάλιση της οικονομικής αποδοτικότητας και της αποτελεσματικότητας του συνόλου της διαδικασίας παραγωγής τροφίμων, από την παραλαβή των πρώτων υλών και την παραγωγή μέχρι τις διαδικασίες παρασκευής και συσκευασίας των τροφίμων.",http://data.europa.eu/esco/skill/ce541a71-0eaa-40e7-999d-793d1f16fa4c | http://data.europa.eu/esco/skill/7a93e22f-54d8-4bf0-9213-d711f6601b49 | http://data.europa.eu/esco/skill/0779d482-4154-4fbb-9a22-d9fd89c39d67,"προσαρμογή αποδοτικών πρακτικών επεξεργασίας τροφίμων | αποδοτική εργασία | οργάνωση, σχεδιασμός και προγραμματισμός εργασιών και δραστηριοτήτων"
KnowledgeSkillCompetence,http://data.europa.eu/esco/skill/4562497f-836c-415a-b5ce-4ec3b5766d09,διατύπωση προτάσεων σχετικά με εναλλακτικά συστατικά μειγμάτων καουτσούκ,released,skill/competence,occupation-specific,να προτείνει ασφαλείς εναλλακτικές λύσεις σύνθεσης | ορίστε ασφαλείς λύσεις σύνθεσης | προτείνετε εναλλακτικά σύνθετα συστατικά,"Προσδιορισμός δυνητικά τοξικών συστατικών εντός μειγμάτων καουτσούκ και διατύπωση προτάσεων σχετικά με εναλλακτικά συστατικά ή μείγματα με παρόμοιες λειτουργικές δυνατότητες.
	",http://data.europa.eu/esco/skill/aca5081a-ceb0-4028-9cc5-1daafd4f86f9,ανάπτυξη λύσεων
KnowledgeSkillCompetence,http://data.europa.eu/esco/skill/456f68b4-ca28-4029-a67f-7813b2c6cb4d,δεοντολογία των τροφίμων,released,knowledge,sector-specific,ηθικές αξίες των τροφίμων | αρχές δεοντολογίας για τα τρόφιμα | ηθικές αξίες τροφίμων,"Σύνολο δεοντολογικών αξιών και αρχών που καθοδηγούν την παραγωγή, τη διανομή και την κατανάλωση τροφίμων. Περιλαμβάνει ευρύ φάσμα θεμάτων, μεταξύ των οποίων η ασφάλεια των τροφίμων, η περιβαλλοντική βιωσιμότητα, η πολιτιστική ευαισθησία, οι δίκαιες πρακτικές εργασίας, η καλή μεταχείριση των ζώων και η κοινωνική ευθύνη. Η δεοντολογία των τροφίμων μπορεί να περιλαμβάνει συλλογική και ατομική ευθύνη.
	",http://data.europa.eu/esco/isced-f/0223,φιλοσοφία και ηθική
KnowledgeSkillCompetence,http://data.europa.eu/esco/skill/45b2a257-1c28-4c84-bc71-a4871e398c54,διερεύνηση τοποθεσιών για την εγκατάσταση αιολικών πάρκων,released,skill/competence,sector-specific,,"Διεξαγωγή επιτόπιας έρευνας και χρήση άτλαντα ανέμου για την αξιολόγηση διαφόρων τοποθεσιών που θα μπορούσαν να είναι κατάλληλες για την κατασκευή ομάδων ανεμογεννητριών, καθώς και διεξαγωγή επακόλουθης διερεύνησης της τοποθεσίας με σκοπό την υποβοήθηση της ανάπτυξης κατασκευαστικών σχεδίων.",http://data.europa.eu/esco/skill/3eef7ff2-3ade-41d4-b084-2bd2a3949e1c,εκτίμηση της γης ή ακινήτων
KnowledgeSkillCompetence,http://data.europa.eu/esco/skill/45b79278-465a-4eed-8809-369318bab119,εκπόνηση στρατηγικών για την αποκατάσταση της περιοχής,released,skill/competence,sector-specific,,Διεξαγωγή επιτόπιων μελετών και παροχή συμβουλών σχετικά με περιοχές με μολυσμένο έδαφος ή υπόγεια ύδατα σε βιομηχανικές εγκαταστάσεις και χώρους εξόρυξης. Επινόηση μεθόδων για την αποθήκευση του χώματος εκσκαφής. Ανάπτυξη στρατηγικών για την αποκατάσταση εξαντλημένων ορυχείων στην φυσική τους κατάσταση.,http://data.europa.eu/esco/skill/c23e0a2f-f04b-45bc-b0dd-20571f6b502c | http://data.europa.eu/esco/skill/e4ff825c-7376-4135-93cd-3892fd67b7c1,ανάπτυξη επιχειρησιακών πολιτικών και διαδικασιών | εκπόνηση στρατηγικών περιβαλλοντικής αποκατάστασης
KnowledgeSkillCompetence,http://data.europa.eu/esco/skill/46454506-fb7c-4ad7-84e0-d4a6a5589ea1,σχεδιασμός κτιρίου μηδενικής κατανάλωσης ενέργειας,released,knowledge,sector-specific,σχεδιασμός κτιρίων μηδενικής ενέργειας | σχεδίαση κτιρίου σχεδόν μηδενικής ενέργειας | σχεδιασμός κτιρίων σχεδόν μηδενικής κατανάλωσης ενέργειας | σχέδιο δόμησης μηδενικής ενέργειας | σχεδιασμός κτιρίου μηδενικής ενέργειας | σχεδιασμός κτιρίων μηδενικής κατανάλωσης ενέργειας,"Η αρχή του σχεδιασμού και της κατασκευής, βάσει της οποίας η καθαρή ποσότητα ενέργειας που χρησιμοποιείται από το κτίριο ισούται με την ποσότητα της ενέργειας από ανανεώσιμες πηγές που παράγεται από το ίδιο το κτίριο. Η έννοια αναφέρεται σε αυτοσυντηρούμενες κατασκευές.",http://data.europa.eu/esco/isced-f/0731,αρχιτεκτονική και πολεοδομία
KnowledgeSkillCompetence,http://data.europa.eu/esco/skill/465af498-53b1-4e04-9f49-7458afb59274,σχεδιασμός εξοπλισμού υπηρεσιών κοινής ωφελείας,released,skill/competence,sector-specific,,"Σχεδιασμός εξοπλισμού που χρησιμοποιείται για την παροχή υπηρεσιών κοινής ωφέλειας, όπως είναι η παροχή θέρμανσης, ατμού, ηλεκτρικού ρεύματος και ψύξης, προκειμένου για τη βελτίωση της αποτελεσματικότητας και της βιωσιμότητας της παροχής υπηρεσιών κοινής ωφελείας σε εγκαταστάσεις και σε κατοικίες.",http://data.europa.eu/esco/skill/b2c688b0-9106-466d-8b88-eafdfe608e7d,σχεδιασμός δομών ή εγκαταστάσεων
KnowledgeSkillCompetence,http://data.europa.eu/esco/skill/467cfa0a-f6d8-4f07-a770-11d2ea3546cd,μείωση των εκπομπών δέψης,released,skill/competence,sector-specific,μείωση των εκπομπών πτητικών οργανικών ενώσεων στη βιομηχανία δέρματος | μείωση των εκπομπών VOC στη βιομηχανία δέρματος,"Προσαρμογή της σύνθεσης των εργασιών φινιρίσματος ανάλογα με κάθε είδος αγοράς δέρματος που αποτελεί προορισμό, ώστε να αποφεύγονται οι εκπομπές πτητικών οργανικών ενώσεων (VOC).
	",http://data.europa.eu/esco/skill/8064ae65-5d1b-44e1-9aaf-246a4285a9a6,τήρηση των νόμων και προτύπων περιβαλλοντικής προστασίας
KnowledgeSkillCompetence,http://data.europa.eu/esco/skill/469e19ed-a0bd-445a-ae2d-4ba9430e296b,προώθηση της βιωσιμότητας,released,skill/competence,cross-sector,συνηγορούν υπέρ της βιωσιμότητας | ενθάρρυνση της βιωσιμότητας | εφαρμογή μάρκετινγκ βιωσιμότητας | ενθαρρύνουν τη βιωσιμότητα | εφαρμογή αειφορικού μάρκετινγκ | ανάπτυξη εκστρατειών βιωσιμότητας,"Προώθηση της έννοιας της βιωσιμότητας στο κοινό, σε συναδέλφους και σε άλλους επαγγελματίες μέσω ομιλιών, ξεναγήσεων, παρουσιάσεων και εργαστηρίων.",http://data.europa.eu/esco/skill/efb60300-0d55-4b2c-8038-8409587a4727,"προώθηση προϊόντων, υπηρεσιών ή προγραμμάτων"
KnowledgeSkillCompetence,http://data.europa.eu/esco/skill/47d491a9-f7c0-4b13-a10f-983d3aa0113e,τεχνολογία ασφάλειας,released,knowledge,cross-sector,μηχανική ασφάλειας συστημάτων | μηχανική ασφάλειας | μηχανική ασφάλειας διεργασιών | μηχανική ασφάλειας συστήματος,"Η μελέτη των κινδύνων που συνδέονται με τον σχεδιασμό και τα συστήματα μηχανικής, την πρόληψη ατυχημάτων, καθώς και των οφελών για την ασφάλεια από τη μείωση των θανάτων και των τραυματισμών. Ο επιστημονικός κλάδος επικεντρώνεται στην ανάλυση και στον μετριασμό των δυνητικών κινδύνων στο πλαίσιο των τεχνικών διαδικασιών.
	",http://data.europa.eu/esco/skill/6f1edc19-191f-4ba5-a048-ee69aff05bab | http://data.europa.eu/esco/isced-f/0710,μηχανική ασφάλειας | κλάδοι μηχανικής και συναφή επαγγέλματα που δεν προσδιορίζονται περαιτέρω.
KnowledgeSkillCompetence,http://data.europa.eu/esco/skill/47f14289-3bcd-4575-9cc1-15c582d1da29,διαχείριση μονάδας επεξεργασίας αποβλήτων,released,skill/competence,occupation-specific,,"Διαχείριση των εργασιών μονάδας η οποία ασχολείται με την επεξεργασία και διάθεση αποβλήτων, όπως η διαλογή, η ανακύκλωση και οι διαδικασίες αποθήκευσης, με μέριμνα για τη συντήρηση της εγκατάστασης και του εξοπλισμού της και τη συμμόρφωση των διαδικασιών με τη νομοθεσία.",http://data.europa.eu/esco/skill/746d4d58-7e6b-417c-a0b3-3f0c44564a2e | http://data.europa.eu/esco/skill/87dff904-fb74-4d59-972e-1c2387579d94 | http://data.europa.eu/esco/skill/73a9561d-112c-4d8a-9d5f-b2c11c5bbd5f,σχεδιασμός πολιτικών διαχείρισης εγκαταστάσεων | καθοδήγηση των επιχειρησιακών δραστηριοτήτων | διαχείριση και διάθεση αποβλήτων
KnowledgeSkillCompetence,http://data.europa.eu/esco/skill/4817fa29-7e52-41ee-a112-c1454012ca95,έλεγχος των σχεδίων κατασκευής μονάδας επεξεργασίας αποβλήτων,released,skill/competence,occupation-specific,,Προσδιορισμός του επιπέδου συμμόρφωσης των σχεδίων νέων εγκαταστάσεων επεξεργασίας αποβλήτων με τις διατάξεις.,http://data.europa.eu/esco/skill/ebbf3488-7d1e-4603-b7d4-938d23bc1af1 | http://data.europa.eu/esco/skill/54f7432d-a8b6-4ed4-a50e-9ec882320595,"Έλεγχος αδειών δόμησης | παρακολούθηση, επιθεώρηση και δοκιμές"
KnowledgeSkillCompetence,http://data.europa.eu/esco/skill/492214f5-5bfd-4f2a-9a48-c36240ce100d,εφαρμογή φιλικής προς το περιβάλλον πολιτικής κατά την επεξεργασία των τροφίμων,released,skill/competence,sector-specific,,"Διασφάλιση της εφαρμογής φιλικής προς το περιβάλλον πολιτικής κατά την επεξεργασία φυσικών πόρων, όπως το κρέας, τα φρούτα και τα λαχανικά. Αυτό συνεπάγεται τη διαχείριση των πόρων με τον πλέον αποδοτικό και φιλικό προς τη φύση τρόπο, με παράλληλη προσπάθεια για την ελαχιστοποίηση των πιέσεων που ασκούνται στο οικοσύστημα.",http://data.europa.eu/esco/skill/4c3ab565-747c-4db3-8c47-79e8d6f98cf4 | http://data.europa.eu/esco/skill/2aaad52d-599e-4e77-a681-bbc236825821 | http://data.europa.eu/esco/skill/8064ae65-5d1b-44e1-9aaf-246a4285a9a6,υιοθέτηση τρόπων μείωσης των αρνητικών επιπτώσεων της κατανάλωσης | αξιολόγηση των περιβαλλοντικών επιπτώσεων της προσωπικής συμπεριφοράς | τήρηση των νόμων και προτύπων περιβαλλοντικής προστασίας
KnowledgeSkillCompetence,http://data.europa.eu/esco/skill/49298916-2090-4b08-ac57-5cfedaa5af36,περιορισμός των περιβαλλοντικών επιπτώσεων της κατασκευής υποδημάτων,released,skill/competence,sector-specific,,Αξιολόγηση των περιβαλλοντικών επιπτώσεων της κατασκευής υποδημάτων και ελαχιστοποίηση των περιβαλλοντικών κινδύνων. Μείωση των επιζήμιων για το περιβάλλον εργασιακών πρακτικών σε διάφορα στάδια της κατασκευής υποδημάτων.,http://data.europa.eu/esco/skill/4c3ab565-747c-4db3-8c47-79e8d6f98cf4 | http://data.europa.eu/esco/skill/062a9fde-cd91-44f9-9a2f-9e2bc3b281fd | http://data.europa.eu/esco/skill/e541c69c-ea80-4b17-87cb-4001d0b9d303,υιοθέτηση τρόπων μείωσης των αρνητικών επιπτώσεων της κατανάλωσης | παροχή συμβουλών για περιβαλλοντικά ζητήματα | αξιολόγηση περιβαλλοντικών επιπτώσεων
KnowledgeSkillCompetence,http://data.europa.eu/esco/skill/4aba6668-6118-4953-804b-869cef94422a,διάθεση ακίνδυνων αποβλήτων,released,skill/competence,cross-sector,,Διάθεση υλικών αποβλήτων τα οποία δεν αποτελούν κίνδυνο για την υγεία και την ασφάλεια κατά τρόπο που να συμμορφώνεται με τις διαδικασίες ανακύκλωσης και διαχείρισης αποβλήτων.,http://data.europa.eu/esco/skill/61d1dab2-6007-4b7c-9380-cd88207fa30f,διάθεση μη επικίνδυνων αποβλήτων ή υπολειμμάτων
KnowledgeSkillCompetence,http://data.europa.eu/esco/skill/4ac715f8-7c4e-4e78-a96d-2398b8bdc49d,σχεδιασμός εργατικών κατοικιών,released,skill/competence,cross-sector,,"Σχεδιασμός της κατασκευής εργατικών κατοικιών, με παράλληλη τήρηση των αρχιτεκτονικών κανονισμών και των αρχών πολεοδομικού σχεδιασμού.",http://data.europa.eu/esco/skill/8ed41305-4abf-4b54-9f8f-0e043d26feba,ανάπτυξη πολιτικών και κατάρτιση νομοθεσίας
KnowledgeSkillCompetence,http://data.europa.eu/esco/skill/4b5f0aeb-875b-4afb-befc-2465b45602d8,επιθεώρηση διαδικασιών ανακύκλωσης,released,skill/competence,sector-specific,,"Επιθεώρηση της εφαρμογής των διαδικασιών διαχείρισης και ανακύκλωσης αποβλήτων σε έναν οργανισμό, καθώς και της ισχύουσας νομοθεσίας, ώστε να διασφαλίζεται η συμμόρφωση.",http://data.europa.eu/esco/skill/15fa3879-ac0e-46e6-ae36-609bae9c19c3,παρακολούθηση επιχειρησιακών δραστηριοτήτων
KnowledgeSkillCompetence,http://data.europa.eu/esco/skill/4c3ab565-747c-4db3-8c47-79e8d6f98cf4,υιοθέτηση τρόπων μείωσης των αρνητικών επιπτώσεων της κατανάλωσης,released,skill/competence,transversal,επαναχρησιμοποίηση προϊόντων | ακολουθία βιώσιμων πρακτικών εργασίας | συμμετοχή στην κυκλική οικονομία | άσκηση ενός μινιμαλιστικού τρόπου ζωής | μοίρασμα φυσικών πόρων | αποφυγή του πλαστικού | επαναχρησιμοποίηση υλικών | ελαχιστοποίηση της παραγωγής απορριμμάτων στα νοικοκυριά | μείωση της κατανάλωσης νερού ή ενέργειας | μείωση των απορριμμάτων μέσω επαναχρησιμοποίησης και ανακύκλωσης | συλλογή ανακύκλωσης | μείωση της κατανάλωσης ενέργειας και νερού | εφαρμογή βιώσιμων πρακτικών κατανάλωσης | μείωση της κατανάλωσης ενέργειας | αποφυγή των ειδών μιας χρήσης,"Εφαρμογή αρχών, πολιτικών και κανονισμών που αποσκοπούν στην περιβαλλοντική βιωσιμότητα, συμπεριλαμβανομένης της μείωσης των αποβλήτων και της κατανάλωσης ενέργειας και νερού, της επαναχρησιμοποίησης και της ανακύκλωσης των προϊόντων, και της συμμετοχής στη συνεργατική οικονομία.
	",http://data.europa.eu/esco/skill/80cf002a-6586-4db7-9c9a-88325a9a5e1b,Εφαρμογή δεξιοτήτων και ικανοτήτων στον τομέα του περιβάλλοντος
KnowledgeSkillCompetence,http://data.europa.eu/esco/skill/4c4235a9-a1fb-403f-a173-37d9297c218c,ανακύκλωση της ζωικής κοπριάς,released,skill/competence,sector-specific,,"Εφαρμογή τεχνικών διαχείρισης της ζωικής κοπριάς σε κατάλληλα χρονικά πλαίσια εφαρμογής για την ανακύκλωση της ζωικής κοπριάς ως οργανικών θρεπτικών ουσιών για το έδαφος και για τη μείωση των επιπτώσεων στο περιβάλλον.
	",http://data.europa.eu/esco/skill/61d1dab2-6007-4b7c-9380-cd88207fa30f,διάθεση μη επικίνδυνων αποβλήτων ή υπολειμμάτων
KnowledgeSkillCompetence,http://data.europa.eu/esco/skill/4c598891-db23-4b7c-9b39-233ba8eaf848,αρχιτεκτονική τοπίου,released,knowledge,sector-specific,,Οι αρχές και οι πρακτικές που χρησιμοποιούνται στην αρχιτεκτονική και τον σχεδιασμό των υπαίθριων χώρων.,http://data.europa.eu/esco/isced-f/0731,αρχιτεκτονική και πολεοδομία
KnowledgeSkillCompetence,http://data.europa.eu/esco/skill/4c5fed97-939f-4050-adc0-7adaf15065e5,σχεδιασμός της ανάπτυξης των υδάτινων πόρων,released,skill/competence,occupation-specific,,Παρακολούθηση των βροχοπτώσεων και της χρήσης των υδάτων για την οργάνωση της ανάπτυξης των υδάτινων πόρων.,http://data.europa.eu/esco/skill/d519fadd-85bf-475f-bf14-c53a0290687d,παρακολούθηση περιβαλλοντικών συνθηκών
KnowledgeSkillCompetence,http://data.europa.eu/esco/skill/4ca83b9d-afa0-49f8-b7af-e4e6a42ad299,αρχές φυτικής παραγωγής,released,knowledge,sector-specific,,"Αρχές που διέπουν τις καλλιέργειες, τον φυσικό κύκλο, τη «φροντίδα της φύσης», τις συνθήκες ανάπτυξης και τις αρχές της βιολογικής και αειφόρου παραγωγής. Κριτήρια ποιότητας και απαιτήσεις των σπόρων, των φυτών και των καλλιεργειών.",http://data.europa.eu/esco/isced-f/0811,φυτική και ζωική παραγωγή
KnowledgeSkillCompetence,http://data.europa.eu/esco/skill/4d032f82-6279-48e6-9892-116440a071e3,παροχή συμβουλών σχετικά με την πρόληψη ρύπανσης,released,skill/competence,cross-sector,,Παροχή συμβουλών σε άτομα και οργανισμούς σχετικά με την ανάπτυξη και την εφαρμογή δράσεων που συμβάλλουν στην πρόληψη της ρύπανσης και των συναφών κινδύνων.,http://data.europa.eu/esco/skill/045f71e6-0699-4169-8a54-9c6b96f3174d | http://data.europa.eu/esco/skill/062a9fde-cd91-44f9-9a2f-9e2bc3b281fd,παροχή συμβουλών σε άλλους | παροχή συμβουλών για περιβαλλοντικά ζητήματα
KnowledgeSkillCompetence,http://data.europa.eu/esco/skill/4d30ad07-9e39-4899-81dd-02b280f162f9,εφαρμογή συστημικής σκέψης στον σχεδιασμό,released,skill/competence,cross-sector,χρήση συστημικού σχεδιασμού,"Εφαρμογή της διαδικασίας συνδυασμού μεθοδολογιών συστημικής σκέψης με ανθρωποκεντρικό σχεδιασμό με σκοπό την επίλυση σύνθετων κοινωνικών προκλήσεων με καινοτόμο και βιώσιμο τρόπο. Αυτό εφαρμόζεται συχνότερα σε πρακτικές κοινωνικής καινοτομίας που εστιάζουν λιγότερο στον σχεδιασμό αυτόνομων προϊόντων και υπηρεσιών και περισσότερο στον σχεδιασμό πολύπλοκων συστημάτων υπηρεσιών, οργανισμών ή πολιτικών που προσφέρουν αξία στην κοινωνία στο σύνολό της.
	",http://data.europa.eu/esco/skill/103af23e-d56c-47ab-b991-55c94dcdef50,παροχή συμβουλών και διαβούλευσης
KnowledgeSkillCompetence,http://data.europa.eu/esco/skill/4e09e2d2-e317-47d2-bf5e-1d6c66be3efc,ενεργειακή απόδοση κτιρίων,released,knowledge,cross-sector,,Οι παράγοντες που συμβάλλουν στη χαμηλότερη κατανάλωση ενέργειας των κτιρίων. Οι τεχνικές κατασκευής και ανακαίνισης που χρησιμοποιούνται για την επίτευξη αυτού του στόχου. Η νομοθεσία και οι διαδικασίες σχετικά με την ενεργειακή απόδοση των κτιρίων.,http://data.europa.eu/esco/isced-f/0713,ηλεκτρισμός και ενέργεια
KnowledgeSkillCompetence,http://data.europa.eu/esco/skill/4e0a7f6e-b546-4cc6-9f8b-53e4fa31a426,σχεδιασμός έξυπνων δικτύων,released,skill/competence,sector-specific,,"Σχεδιασμός και υπολογισμός του έξυπνου συστήματος δικτύου, με βάση το θερμικό φορτίο, τις καμπύλες διάρκειας, τις προσομοιώσεις ενέργειας κ.λπ.
	",http://data.europa.eu/esco/skill/39fa260c-4f85-48e3-83ce-e292e696c233,σχεδιασμός ηλεκτρικών ή ηλεκτρονικών συστημάτων ή εξοπλισμού
KnowledgeSkillCompetence,http://data.europa.eu/esco/skill/4e0ba879-1cf3-4260-822b-2c2e3cc5e269,εγκατάσταση χερσαίων συστημάτων αιολικής ενέργειας,released,skill/competence,occupation-specific,συναρμολόγηση ανεμογεννητριών | εγκατάσταση ανεμογεννητριών | επιθεωρεί τον εξοπλισμό των ανεμογεννητριών,"Εγκατάσταση συστημάτων που παράγουν ηλεκτρική ενέργεια μέσω χερσαίων τεχνολογιών αιολικής ενέργειας. Τοποθέτηση των ανεμογεννητριών στα θεμέλια, ολοκλήρωση της ηλεκτρικής σύνδεσης και σύνδεση των δικτύων του αιολικού πάρκου.
	",http://data.europa.eu/esco/skill/52797dce-911c-4e6d-b0cb-491f6469014f | http://data.europa.eu/esco/skill/a7065828-10aa-4aba-b7d4-f23a30df5060,"εγκατάσταση ηλεκτρικού και ηλεκτρονικού εξοπλισμού | εγκατάσταση και επισκευή εξοπλισμού ηλεκτρικού, ηλεκτρονικού και ακριβείας"
KnowledgeSkillCompetence,http://data.europa.eu/esco/skill/4e87c852-602a-4a0e-b8d8-20709ce14ac5,αξιολόγηση του κύκλου ζωής των πόρων,released,skill/competence,sector-specific,,"Αξιολόγηση της χρήσης και της πιθανής ανακύκλωσης πρώτων υλών καθ' όλη τη διάρκεια του κύκλου ζωής του προϊόντος. Εξέταση των εφαρμοστέων κανονισμών, όπως της δέσμης πολιτικών της Ευρωπαϊκής Επιτροπής για την κυκλική οικονομία.
	",http://data.europa.eu/esco/skill/062a9fde-cd91-44f9-9a2f-9e2bc3b281fd,παροχή συμβουλών για περιβαλλοντικά ζητήματα
KnowledgeSkillCompetence,http://data.europa.eu/esco/skill/4ee4ed1d-dc38-48e0-a9e6-a6b64f316ea6,πολιτικές για τα ύδατα,released,knowledge,cross-sector,πολιτικές σχετικά με το νερό,"Το πλαίσιο των πολιτικών, των στρατηγικών, των θεσμών και των κανονισμών που αφορούν τα ύδατα.",http://data.europa.eu/esco/isced-f/1021,δημόσια καθαριότητα
KnowledgeSkillCompetence,http://data.europa.eu/esco/skill/4efb00d2-e8b3-4d13-8ab7-70bc7a0a8af9,διερεύνηση μικροκλιμάτων για κτίρια,released,skill/competence,sector-specific,διερεύνηση μικροκλιμάτων για το nzeb | εξετάζει τα μικροκλίματα,"Διερεύνηση κατάλληλων λύσεων σχετικά με τις μικροκλιματικές συνθήκες των κτιρίων, με σκοπό τη διασφάλιση υπεύθυνης κατανάλωσης ενέργειας και θερμικής άνεσης. Εξέταση στρατηγικών παθητικού σχεδιασμού όπως το φως της ημέρας, η παθητική ψύξη, η φυσική ψύξη, η θερμική μάζα, η ηλιακή θέρμανση και άλλα.
	",http://data.europa.eu/esco/skill/aca5081a-ceb0-4028-9cc5-1daafd4f86f9,ανάπτυξη λύσεων
KnowledgeSkillCompetence,http://data.europa.eu/esco/skill/4f4ca760-970a-4839-9ce2-ab85ed66772e,διάθεση των απόβλητων υλικών που προκύπτουν από τη διαδικασία της κοπής,released,skill/competence,cross-sector,διάθεση απόβλητων υλικών από διαδικασία κοπής,"Διάθεση ενδεχομένως επικίνδυνων αποβλήτων που έχουν δημιουργηθεί κατά τη διαδικασία κοπής, όπως ρινίσματα, θραύσματα και ιλύς, ταξινόμηση σύμφωνα με τους κανονισμούς και καθαρισμός του χώρου εργασίας.",http://data.europa.eu/esco/skill/8bde58aa-9d5b-422b-801c-ff9186dd648e | http://data.europa.eu/esco/skill/73a9561d-112c-4d8a-9d5f-b2c11c5bbd5f,χειρισμός και διάθεση επικίνδυνων υλικών | διαχείριση και διάθεση αποβλήτων
KnowledgeSkillCompetence,http://data.europa.eu/esco/skill/4fb7f781-9362-426a-9eb6-65c360f83e31,διενέργεια δραστηριοτήτων καθαρισμού με φιλικό προς το περιβάλλον τρόπο,released,skill/competence,cross-sector,,"Εκτέλεση εργασιών καθαρισμού κατά τρόπο που να ελαχιστοποιείται η περιβαλλοντική ζημία, τήρηση μεθόδων που μειώνουν τη ρύπανση και τη σπατάλη πόρων.",http://data.europa.eu/esco/skill/4c3ab565-747c-4db3-8c47-79e8d6f98cf4 | http://data.europa.eu/esco/skill/2aaad52d-599e-4e77-a681-bbc236825821 | http://data.europa.eu/esco/skill/8064ae65-5d1b-44e1-9aaf-246a4285a9a6,υιοθέτηση τρόπων μείωσης των αρνητικών επιπτώσεων της κατανάλωσης | αξιολόγηση των περιβαλλοντικών επιπτώσεων της προσωπικής συμπεριφοράς | τήρηση των νόμων και προτύπων περιβαλλοντικής προστασίας
KnowledgeSkillCompetence,http://data.europa.eu/esco/skill/4fdcf911-b738-4cf4-80ab-aa5a14d22f73,διενέργεια μελετών για την αναδάσωση,released,skill/competence,sector-specific,,"Καθορισμός της συντήρησης και διανομής των δενδρυλλίων. Εντοπισμός ασθενειών και ζημιών που προκαλούνται από ζώα. Προετοιμασία και υποβολή κοινοποιήσεων, γραπτών σχεδίων και προϋπολογισμών για αναδάσωση.",http://data.europa.eu/esco/skill/3eef7ff2-3ade-41d4-b084-2bd2a3949e1c,εκτίμηση της γης ή ακινήτων
KnowledgeSkillCompetence,http://data.europa.eu/esco/skill/507e2b21-1285-47e9-bf09-0db794df1bf0,εκπόνηση περιβαλλοντικής πολιτικής,released,skill/competence,cross-sector,,Ανάπτυξη οργανωτικής πολιτικής για τη βιώσιμη ανάπτυξη και τη συμμόρφωση με την περιβαλλοντική νομοθεσία σύμφωνα με τους μηχανισμούς πολιτικής που χρησιμοποιούνται στον τομέα της προστασίας του περιβάλλοντος.,http://data.europa.eu/esco/skill/089ee650-297e-4716-87d1-440743b70a0d | http://data.europa.eu/esco/skill/8ed41305-4abf-4b54-9f8f-0e043d26feba,διασφάλιση της συμμόρφωσης με την περιβαλλοντική νομοθεσία | ανάπτυξη πολιτικών και κατάρτιση νομοθεσίας
KnowledgeSkillCompetence,http://data.europa.eu/esco/skill/509ff122-3546-40a7-ae02-3ee7395b3a76,νομοθεσία περί οδικών μεταφορών,released,knowledge,sector-specific,νομοθεσία στον τομέα των οδικών μεταφορών | νομοθεσία για τις οδικές μεταφορές | κανονισμοί στον τομέα των οδικών μεταφορών,"Οι κανονιστικές διατάξεις σε περιφερειακό, εθνικό και ευρωπαϊκό επίπεδο σε θέματα σχετικά με τις απαιτήσεις ασφάλειας και τις περιβαλλοντικές απαιτήσεις για τις οδικές μεταφορές.",http://data.europa.eu/esco/isced-f/0421,δίκαιο
KnowledgeSkillCompetence,http://data.europa.eu/esco/skill/50a382c6-e848-467d-b156-7a1a3610b522,εξέλιξη οικονομικών προβλέψεων,released,knowledge,cross-sector,,"Οι οικολογικές και οικονομικές αλλαγές στην κοινωνία και ο τρόπος με τον οποίο εξελίχθηκαν οι παράγοντες αυτοί κατά τις παρελθούσες, παρούσες και μελλοντικές οικονομικές προβλέψεις.",http://data.europa.eu/esco/skill/88af9294-b697-4687-ae19-aefbb6234dfa | http://data.europa.eu/esco/isced-f/0311,οικονομικά
KnowledgeSkillCompetence,http://data.europa.eu/esco/skill/50ac5186-bb18-4ffb-9f29-00636853c8ea,σχεδιασμός συστημάτων ηλιακής ενέργειας,released,skill/competence,sector-specific,,Ανάπτυξη προδιαγραφών σχεδιασμού για τα συστήματα ηλιακής ενέργειας και τα δομικά τους στοιχεία. Δημιουργία καταλόγων σημείων ελέγχου για την επιθεώρηση και την παρακολούθηση των ολοκληρωμένων έργων εγκατάστασης ηλιακών συστημάτων.,http://data.europa.eu/esco/skill/c34b06c4-d164-4e49-a784-89d47de42ec2,"σχεδιασμός βιομηχανικών υλικών, συστημάτων ή προϊόντων"
KnowledgeSkillCompetence,http://data.europa.eu/esco/skill/50b7b13a-4e58-43b8-b7c4-edbd09145798,φροντίδα των άγριων ζώων και φυτών,released,skill/competence,occupation-specific,,"Φροντίδα των άγριων ζώων και φυτών, των δένδρων και των φυτών του δάσους και διατήρησή τους.",http://data.europa.eu/esco/skill/0171653e-c8e9-4c24-bb86-a4b6fe038f25 | http://data.europa.eu/esco/skill/888f286e-272f-4e54-8a3b-9fa391870618,"υιοθέτηση τρόπων προώθησης της βιοποικιλότητας και της καλής διαβίωσης των ζώων | φύτευση, κλάδεμα και συγκομιδή σε σχέση με δενδροκαλλιέργειες και άλλα φυτά"
KnowledgeSkillCompetence,http://data.europa.eu/esco/skill/50e6eba0-4440-4ba5-bb58-3ee78a96e29b,υδροηλεκτρική ενέργεια,released,knowledge,cross-sector,υδροηλεκτρισμός | υδροηλεκτρική,"Η παραγωγή ηλεκτρικής ενέργειας μέσω της χρήσης της υδροηλεκτρικής ενέργειας, η οποία χρησιμοποιεί τη δύναμη της βαρύτητας των υδάτων σε κίνηση, καθώς και τα οφέλη και οι αρνητικές πτυχές της χρήσης της υδροηλεκτρικής ενέργειας ως ανανεώσιμης πηγής ενέργειας.",http://data.europa.eu/esco/skill/f8413360-6114-40de-a276-c59b764b9913 | http://data.europa.eu/esco/isced-f/0713,τεχνολογίες ανανεώσιμων πηγών ενέργειας | ηλεκτρισμός και ενέργεια
KnowledgeSkillCompetence,http://data.europa.eu/esco/skill/51399b1c-15d6-4e4c-8673-30c25a094fce,προώθηση βιώσιμων συσκευασιών,released,skill/competence,occupation-specific,,"Εφαρμογή πολιτικών για ασφαλή και υγιεινή συσκευασία, μεγιστοποίηση της χρήσης ανακυκλωμένων ή ανανεώσιμων πρώτων υλών, εφαρμογή καθαρών τεχνολογιών παραγωγής.",http://data.europa.eu/esco/skill/4c3ab565-747c-4db3-8c47-79e8d6f98cf4 | http://data.europa.eu/esco/skill/fb01d224-882a-4346-99e2-bfd56f52d09c,"υιοθέτηση τρόπων μείωσης των αρνητικών επιπτώσεων της κατανάλωσης | προώθηση, πώληση και αγορά"
KnowledgeSkillCompetence,http://data.europa.eu/esco/skill/51729032-56d3-4092-9dd8-23d6cbd97511,διδασκαλία αρχών ενέργειας,released,skill/competence,sector-specific,,"Εκπαίδευση σπουδαστών στη θεωρία και την πρακτική του τομέα της ενέργειας, με στόχο την παροχή βοήθειας ώστε να αναζητήσουν μελλοντικές ευκαιρίες σταδιοδρομίας σε αυτόν τον τομέα, ειδικότερα όσον αφορά τη συντήρηση και επισκευή των διαδικασιών και του εξοπλισμού των εγκαταστάσεων παραγωγής ενέργειας.",http://data.europa.eu/esco/skill/335be43a-3267-400e-b5cb-c9e234dc7544,διδασκαλία ακαδημαϊκών ή επαγγελματικών θεμάτων
KnowledgeSkillCompetence,http://data.europa.eu/esco/skill/5195eebc-f400-467c-97a3-6f9fbf136169,γεωθερμική ενέργεια,released,knowledge,sector-specific,γεωθερμικά συστήματα ενέργειας | τεχνολογία γεωθερμικής ενέργειας | ανανεώσιμη γεωθερμική ενέργεια,"Ο επιστημονικός κλάδος της μηχανικής που επικεντρώνεται στα γεωθερμικά συστήματα τα οποία αξιοποιούν φυσικές πηγές θερμότητας για την παραγωγή ανανεώσιμης ενέργειας.
	",http://data.europa.eu/esco/skill/f8413360-6114-40de-a276-c59b764b9913 | http://data.europa.eu/esco/isced-f/0713,τεχνολογίες ανανεώσιμων πηγών ενέργειας | ηλεκτρισμός και ενέργεια
KnowledgeSkillCompetence,http://data.europa.eu/esco/skill/519e5731-4d6c-4f98-938e-0976a202c6ba,επεξεργασία επικίνδυνων αποβλήτων,released,knowledge,cross-sector,,"Οι μέθοδοι που εφαρμόζονται για την επεξεργασία και τη διάθεση επικίνδυνων αποβλήτων όπως ο αμίαντος, οι επικίνδυνες χημικές ουσίες και διάφοροι μολυσματικοί παράγοντες, καθώς και οι σχετικοί περιβαλλοντικοί κανονισμοί και νομοθεσία.",http://data.europa.eu/esco/isced-f/1021,δημόσια καθαριότητα
KnowledgeSkillCompetence,http://data.europa.eu/esco/skill/5206a9b8-8337-4f0b-ae00-163a2f55d8cf,διενέργεια επεξεργασίας λυμάτων,released,skill/competence,cross-sector,,Διενέργεια επεξεργασίας των λυμάτων σύμφωνα με τους κανονισμούς ελέγχοντας για παρουσία βιολογικών αποβλήτων και χημικών αποβλήτων.,http://data.europa.eu/esco/skill/d3b2c894-33fb-47c4-aff0-27935a082bf6,"χειρισμός εξοπλισμού ή συστημάτων επεξεργασίας πετρελαίου, χημικών ή νερού"
KnowledgeSkillCompetence,http://data.europa.eu/esco/skill/52242966-692f-4a4f-8279-cadbc7874183,επιθεώρηση ανεμογεννητριών,released,skill/competence,cross-sector,,"Διενέργεια τακτικών επιθεωρήσεων στις ανεμογεννήτριες με αναρρίχηση στις ανεμογεννήτριες και προσεκτική επιθεώρηση όλων των μερών, ώστε να εντοπίζονται τυχόν προβλήματα, και να αξιολογείται κατά πόσον πρέπει να προγραμματιστούν επισκευές.",http://data.europa.eu/esco/skill/6d0cad66-82dd-4854-a03a-68232942c68d,εγκατάσταση ξύλινων και μεταλλικών στοιχείων
KnowledgeSkillCompetence,http://data.europa.eu/esco/skill/5354a726-ee64-4f34-90f8-8436f9f374b8,ανάλυση οικολογικών δεδομένων,released,skill/competence,cross-sector,,"Ανάλυση και ερμηνεία οικολογικών και βιολογικών δεδομένων, με τη χρήση εξειδικευμένων προγραμμάτων λογισμικού.",http://data.europa.eu/esco/skill/36ff57b0-637d-4a83-a0e8-d14f86f9f078 | http://data.europa.eu/esco/skill/ba1f6201-b206-4459-b178-706db34a851d | http://data.europa.eu/esco/skill/57231a22-4da7-49c8-97b8-75672feadf1e | http://data.europa.eu/esco/skill/a571ae14-3e16-4fd3-a615-5646e0b0b696,ανάλυση επιστημονικών δεδομένων | ανάλυση επιστημονικών και ιατρικών δεδομένων | διαχείριση ποσοτικών δεδομένων | διερεύνηση δεδομένων
KnowledgeSkillCompetence,http://data.europa.eu/esco/skill/5368a46a-54b5-4874-a06f-964d557c1cfb,στρατηγικές για τους χώρους πρασίνου,released,knowledge,cross-sector,,"Το όραμα της αρχής σχετικά με τον τρόπο χρήσης των χώρων πρασίνου. Περιλαμβάνει τους στόχους που επιθυμεί να επιτύχει, τους πόρους, τις μεθόδους, το νομοθετικό πλαίσιο και τον χρόνο που απαιτείται για την επίτευξη των στόχων αυτών. ",http://data.europa.eu/esco/isced-f/0731 | http://data.europa.eu/esco/skill/7f18039d-dfae-471b-9daa-507f6b2d2842,αρχιτεκτονική και πολεοδομία | πολεοδομία
KnowledgeSkillCompetence,http://data.europa.eu/esco/skill/538f8bc6-a5bf-422b-8112-5ad3fe9de9a0,αστική βιωσιμότητα,released,knowledge,sector-specific,πολεοδομικός σχεδιασμός βιωσιμότητας,"Ο κλάδος του πολεοδομικού σχεδιασμού που αποσκοπεί στη βελτίωση των κοινωνικών, των οικονομικών και των περιβαλλοντικών συνθηκών μιας πόλης.
	",http://data.europa.eu/esco/isced-f/0731 | http://data.europa.eu/esco/skill/7f18039d-dfae-471b-9daa-507f6b2d2842,αρχιτεκτονική και πολεοδομία | πολεοδομία
KnowledgeSkillCompetence,http://data.europa.eu/esco/skill/53af2b85-fac4-4c3f-afe2-44aa4a545ff3,διαχείριση ποταμών και χειμάρρων,released,skill/competence,occupation-specific,διαχείριση ποταμών και ρευμάτων | διαχείριση ποταμών και ρεμάτων | διαχείριση ποταμών και ρυακιών,Προστασία και διαχείριση ποταμών και χειμάρρων ως οικοτόπων για την πέστροφα και τον σολομό.,http://data.europa.eu/esco/skill/8064ae65-5d1b-44e1-9aaf-246a4285a9a6,τήρηση των νόμων και προτύπων περιβαλλοντικής προστασίας
KnowledgeSkillCompetence,http://data.europa.eu/esco/skill/53d89f4e-c819-490d-ad32-fed731f32639,διερεύνηση τοποθεσιών για την εγκατάσταση υπεράκτιων μονάδων,released,skill/competence,sector-specific,αξιολογεί την τοποθεσία για υπεράκτια ενεργειακά πάρκα,"Διεξαγωγή επιτόπιας έρευνας και χρήση ωκεανογραφικών πληροφοριών για την αξιολόγηση διαφόρων τοποθεσιών που θα μπορούσαν να είναι κατάλληλες για την κατασκευή υπεράκτιων μονάδων παραγωγής ενέργειας, καθώς και διεξαγωγή επακόλουθης διερεύνησης της τοποθεσίας με σκοπό την υποβοήθηση της κατάρτισης κατασκευαστικών σχεδίων.
	",http://data.europa.eu/esco/skill/3eef7ff2-3ade-41d4-b084-2bd2a3949e1c,εκτίμηση της γης ή ακινήτων
KnowledgeSkillCompetence,http://data.europa.eu/esco/skill/5483c363-e942-4787-8686-0f29c593357f,αποφυγή επιμόλυνσης,released,skill/competence,cross-sector,,Αποφυγή ανάμειξης ή επιμόλυνσης των υλικών.,http://data.europa.eu/esco/skill/fe317a4c-e4e0-45ee-8b0d-204a68014f9e,προστασία και επιβολή
KnowledgeSkillCompetence,http://data.europa.eu/esco/skill/54c8490d-067a-40f1-96ca-4960a30d6eb5,συμμετοχή ως παρατηρητής σε διάφορα είδη ελέγχων στον τομέα των τροφίμων,released,skill/competence,sector-specific,,"Συμμετοχή σε τακτική βάση ως παρατηρητής σε ελέγχους για την αποτελεσματικότητα, την ασφάλεια, το περιβάλλον, την ποιότητα και την ασφάλεια των τροφίμων.",http://data.europa.eu/esco/skill/802deca0-b880-4d1a-b366-e13b27621baf,συμμόρφωση με επιχειρησιακές διαδικασίες
KnowledgeSkillCompetence,http://data.europa.eu/esco/skill/55116536-a3e0-4c32-818d-cc567fd3023e,ελαχιστοποίηση των κινδύνων σε εργασίες δένδρων,released,skill/competence,sector-specific,ελαχιστοποίηση κινδύνων σε εργασίες με δέντρα | αξιολόγηση των κινδύνων που συνδέονται με τις δραστηριότητες δένδρων | εκτίμηση των κινδύνων που συνεπάγονται οι δραστηριότητες δένδρων | αξιολόγηση των κινδύνων που συνεπάγονται οι εργασίες με δέντρα | αξιολόγηση των κινδύνων που συνδέονται με τις δραστηριότητες των δένδρων | εκτίμηση των κινδύνων που ενέχουν οι εργασίες με δέντρα | αξιολογεί τους συνεπαγόμενους κινδύνους στις λειτουργίες δέντρων | αξιολόγηση των κινδύνων που συνεπάγονται οι λειτουργίες δέντρων,"Αξιολόγηση των κινδύνων και εκτέλεση αποτελεσματικών ενεργειών για την ελαχιστοποίηση των κινδύνων και την αποκατάσταση των δέντρων στην αρχική τους κατάσταση ή τη φύτευση νέων δέντρων.
	",http://data.europa.eu/esco/skill/1f2950c0-ef1e-44b4-9a55-125ccd7b78af,ανάλυση και αξιολόγηση πληροφοριών και δεδομένων
KnowledgeSkillCompetence,http://data.europa.eu/esco/skill/555343c3-e580-4b3d-82dc-51af4e1b3b75,καθορισμός ενεργειακών προφίλ,released,skill/competence,sector-specific,υπολογισμός ενεργειακών προφίλ,"Καθορισμός του ενεργειακού προφίλ των κτιρίων. Αυτό περιλαμβάνει τον προσδιορισμό της ζήτησης και της προσφοράς ενέργειας του κτιρίου, καθώς και της αποθηκευτικής του ικανότητας.
	",http://data.europa.eu/esco/skill/7dd94ad3-13d6-43fe-8b94-51fcbf67ced9 | http://data.europa.eu/esco/skill/1f2950c0-ef1e-44b4-9a55-125ccd7b78af,κριτική σκέψη | ανάλυση και αξιολόγηση πληροφοριών και δεδομένων
KnowledgeSkillCompetence,http://data.europa.eu/esco/skill/55a4ae74-45e3-4f5c-8646-17149edfbddb,διενέργεια οικολογικής έρευνας,released,skill/competence,cross-sector,,"Διεξαγωγή οικολογικής και βιολογικής επιτόπιας έρευνας υπό ελεγχόμενες συνθήκες, με χρήση επιστημονικών μεθόδων και εξοπλισμού.",http://data.europa.eu/esco/skill/7eafec38-621a-4b6e-9298-bfe70ec0b253,διεξαγωγή ακαδημαϊκής έρευνας ή έρευνας αγοράς
KnowledgeSkillCompetence,http://data.europa.eu/esco/skill/5641a2af-9eb2-4209-9fc6-856f78f2d2f2,νομοθεσία για τη ρύπανση,released,knowledge,sector-specific,,Εξοικείωση με την υφιστάμενη ευρωπαϊκή και την εθνική νομοθεσία όσον αφορά τον κίνδυνο ρύπανσης.,http://data.europa.eu/esco/isced-f/0421,δίκαιο
KnowledgeSkillCompetence,http://data.europa.eu/esco/skill/564e86a6-0916-44e6-b3d6-d99bc0c1f194,άμβλυνση περιβαλλοντικών επιπτώσεων που προκαλούνται από έργα κατασκευής αγωγών,released,skill/competence,cross-sector,,"Καταβολή προσπάθειας για τον μετριασμό των πιθανών επιπτώσεων στο περιβάλλον των αγωγών και των εμπορευμάτων που μεταφέρονται μέσα σε αυτούς. Επένδυση σε χρόνο και πόρους για την εξέταση των περιβαλλοντικών επιπτώσεων του αγωγού, των ενεργειών που θα μπορούσαν να αναληφθούν για την προστασία του περιβάλλοντος και της δυνητικής αύξησης του κόστους του έργου.",http://data.europa.eu/esco/skill/d3a8ef9c-8572-438c-91dc-010537070be3 | http://data.europa.eu/esco/skill/e541c69c-ea80-4b17-87cb-4001d0b9d303 | http://data.europa.eu/esco/skill/8064ae65-5d1b-44e1-9aaf-246a4285a9a6,διαχείριση των περιβαλλοντικών επιπτώσεων | αξιολόγηση περιβαλλοντικών επιπτώσεων | τήρηση των νόμων και προτύπων περιβαλλοντικής προστασίας
KnowledgeSkillCompetence,http://data.europa.eu/esco/skill/585593ef-d0a3-47a2-82da-14f26d75d83e,βιοπροστασία στο βιοϊατρικό εργαστήριο,released,knowledge,sector-specific,,"Οι αρχές και οι μέθοδοι διαχείρισης των μολυσματικών υλικών στο εργαστηριακό περιβάλλον, τα επίπεδα βιοπροστασίας, η ταξινόμηση και η εκτίμηση επικινδυνότητας, η παθογένεια και η τοξικότητα ενός ζωντανού οργανισμού και οι πιθανοί κίνδυνοί τους, ώστε να ελαχιστοποιούνται οι κίνδυνοι για την ανθρώπινη υγεία και το περιβάλλον.",http://data.europa.eu/esco/skill/8259c2c0-2749-41e2-a4a8-4a64a76eab37 | http://data.europa.eu/esco/isced-f/0512 | http://data.europa.eu/esco/skill/01e66e1c-97d9-4829-bee1-f3ab649161e8,εργαστηριακές τεχνικές | βιοχημεία | βιοϊατρική επιστήμη
KnowledgeSkillCompetence,http://data.europa.eu/esco/skill/589f0d24-0846-4971-bc6c-a42bb274f69a,αεροστεγής κατασκευή,released,knowledge,sector-specific,αεροστεγανότητα,"Η αεροστεγής κατασκευή εξασφαλίζει ότι δεν υπάρχουν ανεπιθύμητα κενά στο κέλυφος του κτιρίου, που να επιτρέπουν την εισροή αέρα στο κτίριο ή τη διαρροή αέρα από το κτίριο, και συμβάλλει στην ενεργειακή απόδοση.
	",http://data.europa.eu/esco/skill/83fc0b2b-6cd2-46af-b1ff-d3fc83604c26 | http://data.europa.eu/esco/isced-f/0732,ενεργειακή απόδοση | οικοδομές και έργα πολιτικού μηχανικού
KnowledgeSkillCompetence,http://data.europa.eu/esco/skill/58c089ab-338b-4e4c-8117-7c1fcc89af69,διαχείριση προϊόντων που δωρίζονται σε κατάστημα μεταχειρισμένων ειδών,released,skill/competence,occupation-specific,,Συντονισμός των προϊόντων που δωρίζονται σε κατάστημα μεταχειρισμένων ειδών.,http://data.europa.eu/esco/skill/485b2e3b-f883-46d8-901f-ab521d4f8e58,διαλογή υλικών ή προϊόντων
KnowledgeSkillCompetence,http://data.europa.eu/esco/skill/59004ee8-3975-4877-bf82-ff0b8070ef28,εφαρμογή περιβαλλοντικών σχεδίων δράσης,released,skill/competence,sector-specific,,"Εφαρμογή σχεδίων για τη διαχείριση περιβαλλοντικών ζητημάτων σε έργα, παρεμβάσεις στον φυσικό τόπο, επιχειρήσεις και άλλα.",http://data.europa.eu/esco/skill/4c3ab565-747c-4db3-8c47-79e8d6f98cf4 | http://data.europa.eu/esco/skill/089ee650-297e-4716-87d1-440743b70a0d | http://data.europa.eu/esco/skill/b13e0689-636d-42d0-86c3-df9d6f85a882 | http://data.europa.eu/esco/skill/a6c3bda0-c759-495e-b2c5-062b3abe2097,υιοθέτηση τρόπων μείωσης των αρνητικών επιπτώσεων της κατανάλωσης | διασφάλιση της συμμόρφωσης με την περιβαλλοντική νομοθεσία | διαχείριση του συστήματος περιβαλλοντικής διαχείρισης | εφαρμογή νέων διαδικασιών ή διεργασιών
KnowledgeSkillCompetence,http://data.europa.eu/esco/skill/5944cee9-763e-4b08-99e4-f514bdde14a6,είδη επικίνδυνων αποβλήτων,released,knowledge,cross-sector,,"Τα διάφορα είδη αποβλήτων που ενέχουν κινδύνους για το περιβάλλον ή τη δημόσια υγεία και την ασφάλεια, όπως ραδιενεργά απόβλητα, χημικές ουσίες και διαλύτες, ηλεκτρονικά είδη και απόβλητα που περιέχουν υδράργυρο.",http://data.europa.eu/esco/isced-f/1021,δημόσια καθαριότητα
KnowledgeSkillCompetence,http://data.europa.eu/esco/skill/59998878-fa14-458a-9085-06b45e89df1b,τύποι αντλιών θερμότητας,released,knowledge,sector-specific,συστήματα αντλιών θερμότητας,"Διάφοροι τύποι αντλιών θερμότητας που χρησιμοποιούνται για την παραγωγή θέρμανσης, ψύξης και πόσιμου ζεστού νερού, με τη χρήση πηγής ενέργειας σε χαμηλή θερμοκρασία και με την αύξηση της θερμοκρασίας της.
	",http://data.europa.eu/esco/isced-f/0713,ηλεκτρισμός και ενέργεια
KnowledgeSkillCompetence,http://data.europa.eu/esco/skill/5aec5b83-df71-483e-90b9-21e56a0a3cb2,μέτρηση ρύπανσης,released,skill/competence,sector-specific,,"Διενέργεια μετρήσεων ρύπανσης για να διαπιστωθεί κατά πόσον τηρούνται τα προβλεπόμενα όρια ρύπων. Έλεγχος των συστημάτων ανάφλεξης και των διαδρομών καυσαερίων των θερμαντήρων νερού που λειτουργούν με αέριο, των θερμαντήρων αέρα και παρόμοιου εξοπλισμού.",http://data.europa.eu/esco/skill/ab75d510-ac75-482d-b671-bb3bad741f07 | http://data.europa.eu/esco/skill/23d7bd85-d8d5-4455-b64d-3b0998f2425d,εκτέλεση μετρήσεων που συνδέονται με την εργασία | μέτρηση διαστάσεων και σχετικών ιδιοτήτων
KnowledgeSkillCompetence,http://data.europa.eu/esco/skill/5b06c369-10db-477d-a8df-987179324001,διαχείριση διαδικασιών ύδρευσης,released,skill/competence,sector-specific,,"Διασφάλιση της συντήρησης των συστημάτων ύδρευσης και της αποτελεσματικής λειτουργίας τους, καθώς και της συμμόρφωσης με τους κανονισμούς, για τη διασφάλιση της κατάλληλης διανομής και παροχής νερού από τη μονάδα.",http://data.europa.eu/esco/skill/58bd927f-e4cc-4b61-a679-cb91b3f8075a,τήρηση των οδηγιών και των διαδικασιών
KnowledgeSkillCompetence,http://data.europa.eu/esco/skill/5b91b6d4-345e-4195-a078-218514871e7b,διασφάλιση αποδοτικής χρήσης χώρου αποθήκευσης,released,skill/competence,sector-specific,,Επιδίωξη της αποτελεσματικής χρήσης του χώρου αποθήκευσης διασφαλίζοντας τη μέγιστη αποδοτικότητα σε συνδυασμό με την τήρηση των περιβαλλοντικών και δημοσιονομικών στόχων.,http://data.europa.eu/esco/skill/8c5d6b8a-55c9-4f5d-8d47-bf23e15ecb71 | http://data.europa.eu/esco/skill/c23e0a2f-f04b-45bc-b0dd-20571f6b502c,διαχείριση αξιοποίησης χώρου | ανάπτυξη επιχειρησιακών πολιτικών και διαδικασιών
KnowledgeSkillCompetence,http://data.europa.eu/esco/skill/5be72e00-e506-45ca-a251-b59500d7fca7,προστασία των ερημότοπων,released,skill/competence,occupation-specific,,Προστασία ενός ερημότοπου μέσω παρακολούθησης των χρήσεων και εφαρμογής των κανονισμών.,http://data.europa.eu/esco/skill/8064ae65-5d1b-44e1-9aaf-246a4285a9a6,τήρηση των νόμων και προτύπων περιβαλλοντικής προστασίας
KnowledgeSkillCompetence,http://data.europa.eu/esco/skill/5bf756dd-a54a-47cd-80fe-3418fedd1c51,υπολογισμός προσανατολισμού ηλιακού συλλέκτη,released,skill/competence,cross-sector,υπολογισμός προσανατολισμού ηλιακού πάνελ | υπολογισμός για τον προσανατολισμό των ηλιακών συλλεκτών | υπολογισμός για τον προσανατολισμό του ηλιακού πάνελ | υπολογισμός του προσανατολισμού των ηλιακών συλλεκτών | υπολογισμός προσανατολισμού ηλιακών πάνελ | προσδιορισμός του προσανατολισμού του ηλιακού πάνελ | υπολογίστε τον προσανατολισμό του ηλιακού πάνελ | υπολογισμός τοποθέτησης ηλιακών συλλεκτών | υπολογισμοί για τον προσανατολισμό των ηλιακών συλλεκτών | υπολογίστε τη θέση του ηλιακού πάνελ | υπολογισμοί για τον προσανατολισμό του ηλιακού πάνελ | προσδιορισμός του προσανατολισμού των ηλιακών συλλεκτών,"Υπολογισμός της βέλτιστης τοποθέτησης ηλιακών συλλεκτών. Συνυπολογισμός του γεωγραφικού μήκους, των εποχιακών τιμών ηλιοφάνειας, της κατεύθυνσης του γεωγραφικού νότου και της τοποθέτησης τυχόν κατασκευών οι οποίες δημιουργούν σκιά, με σκοπό τον καθορισμό της βέλτιστης θέσης και κλίσης για τους συλλέκτες.",http://data.europa.eu/esco/skill/7832b684-580c-4eaf-a8b3-322164b041ab | http://data.europa.eu/esco/skill/19ba11f3-9c99-41fd-a7c9-f77e6a026186 | http://data.europa.eu/esco/skill/f5f15f9c-6334-4728-8dc5-3a20a00dfc37,παροχή πληροφοριών σχετικά με πίνακες φωτοβολταϊκών συστοιχιών | εκτέλεση υπολογισμών
KnowledgeSkillCompetence,http://data.europa.eu/esco/skill/5bf97b49-74b4-4d4d-9d07-5b51ab1cd704,εκπόνηση προγραμμάτων για τα άγρια ζώα και φυτά,released,skill/competence,occupation-specific,,Εκπαίδευση του κοινού και απάντηση σε αιτήματα παροχής βοήθειας και πληροφοριών σχετικά με την άγρια πανίδα και χλωρίδα της περιοχής.,http://data.europa.eu/esco/skill/c23e0a2f-f04b-45bc-b0dd-20571f6b502c,ανάπτυξη επιχειρησιακών πολιτικών και διαδικασιών
KnowledgeSkillCompetence,http://data.europa.eu/esco/skill/5cddc62d-3958-4390-b17e-0aecb5848c40,διάθεση ιλύος καθαρισμού λυμάτων,released,skill/competence,cross-sector,,"Χειρισμός του εξοπλισμού για την άντληση της ιλύος καθαρισμού λυμάτων και την αποθήκευσή της σε περιέκτες με σκοπό τη μετατροπή των αερίων που εκπέμπει σε ενέργεια. Μετά τη φάση αυτή, η ιλύς ξηραίνεται και αξιολογείται η πιθανή επαναχρησιμοποίησή της ως λίπασμα. Διάθεση της ιλύος εάν περιέχει επικίνδυνα στοιχεία.",http://data.europa.eu/esco/skill/8bde58aa-9d5b-422b-801c-ff9186dd648e,χειρισμός και διάθεση επικίνδυνων υλικών
KnowledgeSkillCompetence,http://data.europa.eu/esco/skill/5def6d00-daed-4d21-af9e-47938cf1877f,βιώσιμος κτιριακός σχεδιασμός,released,knowledge,occupation-specific,βιώσιμη οικοδόμηση | βιώσιμο κτίριο,"Η διαδικασία δημιουργίας κτιρίων με τις χαμηλότερες δυνατές επιπτώσεις στο περιβάλλον. Αποσκοπεί επίσης στη βελτίωση της υγείας των ενοίκων ενός κτιρίου.
	",http://data.europa.eu/esco/isced-f/0731,αρχιτεκτονική και πολεοδομία
KnowledgeSkillCompetence,http://data.europa.eu/esco/skill/5dfd1b83-8b77-444b-94cd-72f8e13472fa,νομοθεσία στη γεωργία,released,knowledge,cross-sector,,"Το σύνολο των περιφερειακών, εθνικών και ευρωπαϊκών νόμων που έχουν θεσπιστεί στον τομέα της γεωργίας και της δασοκομίας σχετικά με διάφορα θέματα όπως η ποιότητα των προϊόντων, η προστασία του περιβάλλοντος και το εμπόριο.",http://data.europa.eu/esco/isced-f/0421,δίκαιο
KnowledgeSkillCompetence,http://data.europa.eu/esco/skill/5e80353d-53ed-4e64-a5ff-0e3ec52156fa,διαχείριση διαδικασιών εφοδιαστικής αλυσίδας,released,skill/competence,sector-specific,εποπτεία διαδικασιών εφοδιαστικής αλυσίδας | άμεσες υλικοτεχνικές λειτουργίες για τους κύκλους ζωής των εμπορευμάτων | άμεσες υλικοτεχνικές λειτουργίες για τους κύκλους ζωής του προϊόντος | άμεσες υλικοτεχνικές λειτουργίες για τους κύκλους ζωής των προϊόντων,"Συντονισμός των εργασιών εφοδιαστικής που σχετίζονται με τον κύκλο ζωής των προϊόντων, όπως η διανομή, η παράδοση και η τελική διάθεση προϊόντων ή πόρων.",http://data.europa.eu/esco/skill/d6c8dacb-b0c0-4544-b0b7-69b24df41ba1,διαχείριση δραστηριοτήτων μεταφορών και εφοδιαστικής
KnowledgeSkillCompetence,http://data.europa.eu/esco/skill/5efdcf3b-9c19-4b1c-ac41-7347493da37d,αποθήκευση διαλεγμένων αποβλήτων,released,skill/competence,sector-specific,,"Αποθήκευση απόβλητων υλικών, προϊόντων και συσκευών που έχουν διαχωριστεί σε χωριστές κατηγορίες για ανακύκλωση ή διάθεση στα κατάλληλα δοχεία ή εξοπλισμό ή εγκαταστάσεις αποθήκευσης.",http://data.europa.eu/esco/skill/e963cf1f-dc3c-48b2-a0fa-274f5e7f50f6,αποθήκευση εμπορευμάτων και υλικών
KnowledgeSkillCompetence,http://data.europa.eu/esco/skill/5f1f365c-ad8c-4291-9ba5-79e2132a334d,τύποι κυψελών καυσίμου,released,knowledge,cross-sector,,"Λειτουργίες και τύποι κυψελών καυσίμου. Περιλαμβάνονται οι συνθήκες λειτουργίας των κυψελών καυσίμου και πιθανά συναφή προβλήματα.
	",http://data.europa.eu/esco/isced-f/0714,ηλεκτρονική και αυτοματισμός
KnowledgeSkillCompetence,http://data.europa.eu/esco/skill/60032986-43ac-4c26-a830-c825f3fa205a,σχεδιασμός ενεργειακών συστημάτων τηλεθέρμανσης και τηλεψύξης,released,skill/competence,sector-specific,σχεδιασμός συστήματος τηλεθέρμανσης και ψύξης,"Σχεδιασμός συστήματος τηλεθέρμανσης και τηλεψύξης, συμπεριλαμβανομένων υπολογισμών απώλειας θερμότητας και ψυκτικού φορτίου, προσδιορισμός της ισχύος, της ροής, της θερμοκρασίας, υδραυλικών εννοιών κ.λπ.
	",http://data.europa.eu/esco/skill/39fa260c-4f85-48e3-83ce-e292e696c233,σχεδιασμός ηλεκτρικών ή ηλεκτρονικών συστημάτων ή εξοπλισμού
KnowledgeSkillCompetence,http://data.europa.eu/esco/skill/60097ab6-722e-4a22-9f3e-40aecb24daef,οργανικά υλικά κατασκευής,released,knowledge,sector-specific,,Οι τύποι και η επεξεργασία των οργανικών υλικών για την κατασκευή προϊόντων ή μερών προϊόντων.,http://data.europa.eu/esco/skill/e26e07ca-4a35-42e3-940d-e5868fd38fba | http://data.europa.eu/esco/isced-f/0732,βιομηχανία οικοδομικών υλικών | οικοδομές και έργα πολιτικού μηχανικού
KnowledgeSkillCompetence,http://data.europa.eu/esco/skill/609d6bb4-db16-4578-87fc-57b11a701cc2,βιοοικονομία,released,knowledge,cross-sector,βιο-βασισμένη οικονομία | βιοτεχνονομία,"Η παραγωγή ανανεώσιμων βιολογικών πόρων και μετατροπή αυτών των πόρων και ροών αποβλήτων σε προϊόντα προστιθέμενης αξίας, όπως τρόφιμα, ζωοτροφές, προϊόντα βιολογικής προέλευσης και βιοενέργεια.
	",http://data.europa.eu/esco/isced-f/051,βιολογικές και συναφείς επιστήμες
KnowledgeSkillCompetence,http://data.europa.eu/esco/skill/60ab2bf7-c812-4a88-86c0-7c81a9b2f77c,διενέργεια περιβαλλοντικών ελέγχων,released,skill/competence,cross-sector,,Χρήση εξοπλισμού για τη μέτρηση διαφόρων περιβαλλοντικών παραμέτρων με σκοπό τον εντοπισμό περιβαλλοντικών προβλημάτων και τη διερεύνηση τρόπων επίλυσής τους. Διενέργεια επιθεωρήσεων με σκοπό τη διασφάλιση της συμμόρφωσης με την περιβαλλοντική νομοθεσία.,http://data.europa.eu/esco/skill/4c3ab565-747c-4db3-8c47-79e8d6f98cf4 | http://data.europa.eu/esco/skill/8064ae65-5d1b-44e1-9aaf-246a4285a9a6,υιοθέτηση τρόπων μείωσης των αρνητικών επιπτώσεων της κατανάλωσης | τήρηση των νόμων και προτύπων περιβαλλοντικής προστασίας
KnowledgeSkillCompetence,http://data.europa.eu/esco/skill/60c4cdfa-1aa3-452d-a989-10fd61706911,ευρωπαϊκή νομοθεσία περί παρασιτοκτόνων,released,knowledge,sector-specific,ευρωπαϊκή νομοθεσία περί φυτοφαρμάκων,Το πλαίσιο της ΕΕ για κοινοτική δράση που προωθεί τη βιώσιμη χρήση των παρασιτοκτόνων.,http://data.europa.eu/esco/skill/fbf53f87-9192-4a7f-b3c9-92a8c395c719 | http://data.europa.eu/esco/isced-f/0421,δίκαιο της Ευρωπαϊκής Ένωσης | δίκαιο
KnowledgeSkillCompetence,http://data.europa.eu/esco/skill/610ccf09-e9f2-4268-bb93-442dde5bf26e,παροχή συμβουλών σχετικά με θέματα υπεράκτιων ανανεώσιμων πηγών ενέργειας,released,skill/competence,cross-sector,συμβουλές για την πράσινη υπεράκτια ενέργεια,"Παροχή πληροφοριών και συμβουλών σχετικά με τη ναυτιλιακή νομοθεσία, τις πολιτικές στον τομέα της ενέργειας και κάθε ειδικό κανονισμό που εφαρμόζεται στις υπεράκτιες ανανεώσιμες πηγές ενέργειας.
	",http://data.europa.eu/esco/skill/efbb3d3b-a41c-4e0a-90a8-8e611eb1db9f,"παροχή συμβουλών για νομικά, κανονιστικά ή διαδικαστικά θέματα"
KnowledgeSkillCompetence,http://data.europa.eu/esco/skill/615cfc39-797f-4229-8e92-159fcf8f3030,κανονισμοί δόμησης,released,knowledge,cross-sector,οικοδομικοί κανονισμοί,Το σύνολο των κατευθυντήριων γραμμών που καθορίζουν τις ελάχιστες προδιαγραφές για τα κτίρια και άλλες κατασκευές για την προστασία της δημόσιας υγείας και ασφάλειας.,http://data.europa.eu/esco/isced-f/0732,οικοδομές και έργα πολιτικού μηχανικού
KnowledgeSkillCompetence,http://data.europa.eu/esco/skill/62685d7a-a8be-4070-89e9-8699ad1201b6,οικολογικές αρχές,released,knowledge,cross-sector,,Η κατανόηση του τρόπου με τον οποίο λειτουργεί ένα οικοσύστημα και η σχέση του με την ανάπτυξη και τον σχεδιασμό του περιβάλλοντος.,http://data.europa.eu/esco/isced-f/0521,περιβαλλοντικές επιστήμες
KnowledgeSkillCompetence,http://data.europa.eu/esco/skill/6385444a-2e10-41c9-9a65-88455655543d,εμφύσηση ενθουσιασμού για τη φύση,released,skill/competence,cross-sector,,Εμφύσηση πάθους για τον φυσικό χαρακτήρα της χλωρίδας και της πανίδας και της αλληλεπίδρασής της με τον άνθρωπο.,http://data.europa.eu/esco/skill/7f321b88-3d16-4e30-8163-5494ca8ce978 | http://data.europa.eu/esco/skill/e2d44a9b-f28c-489e-9861-b654b5ded507 | http://data.europa.eu/esco/skill/caede8f1-6658-4d78-9eb4-2ad2c7ebf09b,ενθάρρυνση άλλων σε φιλικές προς το περιβάλλον συμπεριφορές | κινητοποίηση άλλων ατόμων | διδασκαλία και κατάρτιση
KnowledgeSkillCompetence,http://data.europa.eu/esco/skill/63e92f65-e70d-421e-94ac-40f944966161,προώθηση της ηθικής διατροφής,released,skill/competence,sector-specific,ενθαρρύνετε την ηθική διατροφή | εκστρατεία ενημέρωσης για την ηθική διατροφή | τόνωση ηθικών διατροφικών συμπεριφορών,"Εκστρατεία υπέρ της συνεκτίμησης ηθικών παραμέτρων —και προώθηση των παραμέτρων αυτών— στις επιλογές τροφίμων και στις διατροφικές συμπεριφορές των καταναλωτών, σε σχέση, μεταξύ άλλων, με την προστασία του περιβάλλοντος, τις ελλείψεις τροφίμων και την έλλειψη πόρων, καθώς και σε σχέση με την καλή μεταχείριση των ζώων.
	",http://data.europa.eu/esco/skill/efb60300-0d55-4b2c-8038-8409587a4727,"προώθηση προϊόντων, υπηρεσιών ή προγραμμάτων"
KnowledgeSkillCompetence,http://data.europa.eu/esco/skill/63eee3cc-9864-485e-bb95-5daa145d0c78,εκπαίδευση σχετικά με τα επικίνδυνα απόβλητα,released,skill/competence,sector-specific,,"Εκπαίδευση του κοινού ή συγκεκριμένων οργανισμών σχετικά με τη σημασία της ορθής διαχείρισης των επικίνδυνων αποβλήτων, προκειμένου για την προώθηση της δημόσιας ασφάλειας, τη διασφάλιση της συμμόρφωσης με τη νομοθεσία και την ευαισθητοποίηση σχετικά με τους διάφορους τύπους επικίνδυνων αποβλήτων και τις απειλές που συνιστούν για τη δημόσια υγεία και ασφάλεια, καθώς και για το περιβάλλον.",http://data.europa.eu/esco/skill/3374fb57-056f-49e0-9fc5-000465e13794,διδασκαλία διαδικασιών ασφάλειας
KnowledgeSkillCompetence,http://data.europa.eu/esco/skill/63f9a5bc-f070-46a6-bea7-c6b9e9dbacc3,συστήματα κελύφους για κτίρια,released,knowledge,sector-specific,συστήματα φακέλων | συστήματα φακέλων για το nzeb,"Τα φυσικά χαρακτηριστικά των συστημάτων κελύφους για κτίρια και οι περιορισμοί τους. Η αρχή της μεταφοράς θερμότητας στα συστήματα κελύφους.
	",http://data.europa.eu/esco/skill/46454506-fb7c-4ad7-84e0-d4a6a5589ea1 | http://data.europa.eu/esco/isced-f/0731,σχεδιασμός κτιρίου μηδενικής κατανάλωσης ενέργειας | αρχιτεκτονική και πολεοδομία
KnowledgeSkillCompetence,http://data.europa.eu/esco/skill/64091c5d-a448-4f01-8a80-058ff91483ab,εγκατάσταση υπεράκτιων συστημάτων ανανεώσιμων πηγών ενέργειας,released,skill/competence,sector-specific,εγκατάσταση θαλάσσιων συστημάτων ανανεώσιμων πηγών ενέργειας,"Εγκατάσταση συστημάτων που παράγουν ηλεκτρική ενέργεια μέσω τεχνολογιών υπεράκτιων ανανεώσιμων πηγών ενέργειας, διασφαλίζοντας τη συμμόρφωση με τους κανονισμούς και ορθή εγκατάσταση του συστήματος ηλεκτρικής ενέργειας.
	",http://data.europa.eu/esco/skill/a7065828-10aa-4aba-b7d4-f23a30df5060,"εγκατάσταση και επισκευή εξοπλισμού ηλεκτρικού, ηλεκτρονικού και ακριβείας"
KnowledgeSkillCompetence,http://data.europa.eu/esco/skill/6561f116-70de-47d8-80b8-f0e2a1d2cf11,εκπόνηση μελέτης σκοπιμότητας για την ηλιακή θέρμανση,released,skill/competence,sector-specific,κάνει μια μελέτη σκοπιμότητας για τα ηλιακά συστήματα θέρμανσης | εκπόνηση μελέτης σκοπιμότητας για ηλιακά συστήματα θέρμανσης,"Διενέργεια αξιολόγησης και εκτίμησης του δυναμικού των συστημάτων ηλιακής θέρμανσης. Εκπόνηση τυποποιημένης μελέτης για την εκτίμηση της απώλειας θερμότητας του κτιρίου και της ζήτησης θέρμανσης, της ζήτησης ζεστού νερού οικιακής χρήσης, του απαιτούμενου όγκου αποθήκευσης και των πιθανών τύπων δεξαμενών αποθήκευσης, καθώς και διεξαγωγή έρευνας για την υποστήριξη της διαδικασίας λήψης αποφάσεων.
	",http://data.europa.eu/esco/skill/d74df140-eb69-43e2-bac9-1cafc824d702 | http://data.europa.eu/esco/skill/ec528c47-65f4-4187-9dc1-5a8889f84a06,διενέργεια μελέτης σκοπιμότητας | ανάλυση επιχειρηματικών δραστηριοτήτων
KnowledgeSkillCompetence,http://data.europa.eu/esco/skill/66c88f8d-b73e-4f9d-8cf3-15d9c68b5384,εντοπισμός κινδύνων σε εγκαταστάσεις υδατοκαλλιέργειας,released,skill/competence,sector-specific,,Εντοπισμός των κινδύνων και αξιολόγηση των κινδύνων για την υγεία και την ασφάλεια σε εγκαταστάσεις υδατοκαλλιέργειας.,http://data.europa.eu/esco/skill/7e153e1d-2b12-43ad-89f3-0cf82ebc4a30 | http://data.europa.eu/esco/skill/d2d9051a-10e1-41c5-9cfb-bbdc58016176 | http://data.europa.eu/esco/skill/5f97fac8-2001-4b81-ae8b-22f9062d921a,διενέργεια ανάλυσης και διαχείρισης κινδύνων | τήρηση προληπτικών μέτρων ασφάλειας στις πρακτικές εργασίας | εντοπισμός κινδύνων στον χώρο εργασίας
KnowledgeSkillCompetence,http://data.europa.eu/esco/skill/66db424f-2abe-420d-8e5b-186607266b61,εταιρική κοινωνική ευθύνη,released,knowledge,sector-specific,,"Ο χειρισμός ή η διαχείριση επιχειρηματικών διαδικασιών με υπεύθυνο και δεοντολογικό τρόπο, λαμβανομένης υπόψη της οικονομικής ευθύνης έναντι των εταίρων ως εξίσου σημαντική με την ευθύνη έναντι των περιβαλλοντικών και κοινωνικών εταίρων.",http://data.europa.eu/esco/isced-f/0413,διαχείριση και διοίκηση
KnowledgeSkillCompetence,http://data.europa.eu/esco/skill/66dbdb89-74ca-45b7-b8af-2479fc0e22c0,διαχείριση της καλής μεταχείρισης των ζώων,released,skill/competence,sector-specific,,"Κατάλληλος σχεδιασμός, διαχείριση και αξιολόγηση της εφαρμογής των πέντε παγκοσμίως αναγνωρισμένων αναγκών για την καλή μεταχείριση των ζώων ανάλογα με το είδος, την κατάσταση και το επάγγελμά σας.",http://data.europa.eu/esco/skill/936bac96-56cf-4a5a-a693-3cf69715c06e | http://data.europa.eu/esco/skill/d2d9051a-10e1-41c5-9cfb-bbdc58016176 | http://data.europa.eu/esco/skill/edcfd6ef-1a42-4e0a-97e2-2a2d61cac181,εποπτεία της διαχείρισης ζώων | τήρηση προληπτικών μέτρων ασφάλειας στις πρακτικές εργασίας | φροντίδα και εκτροφή ζώων
KnowledgeSkillCompetence,http://data.europa.eu/esco/skill/6709e92c-7546-46a4-aa57-5e951bd4cb0f,σύστημα αυτοματισμού κτιρίου,released,knowledge,cross-sector,,"Τύπος συστήματος αυτόματου ελέγχου στο πλαίσιο του οποίου μέσω του συστήματος διαχείρισης κτηρίου ή του συστήματος αυτοματισμού κτηρίου (BAS) ο έλεγχος του εξαερισμού, της υγρασίας, της θέρμανσης, του φωτισμού και των άλλων συστημάτων ενός κτιρίου αυτοματοποιείται σε κεντρικό σημείο και παρακολουθείται μέσω ηλεκτρονικών συστημάτων. Μπορεί να ρυθμιστεί ώστε να βελτιστοποιεί την κατανάλωση ενέργειας.
	",http://data.europa.eu/esco/isced-f/0714,ηλεκτρονική και αυτοματισμός
KnowledgeSkillCompetence,http://data.europa.eu/esco/skill/670ebf56-761c-4d3d-865a-db14085b77f7,εφαρμογή διαδικασιών και κανονισμών για την οικολογική σήμανση,released,skill/competence,sector-specific,,"Προσδιορισμός, επιλογή και εφαρμογή διαδικασιών και κανονισμών για την επαλήθευση της συμμόρφωσης με συγκεκριμένες απαιτήσεις της οικολογικής σήμανσης της ΕΕ.
	",http://data.europa.eu/esco/skill/54f7432d-a8b6-4ed4-a50e-9ec882320595 | http://data.europa.eu/esco/skill/6fcf2fc7-7b74-42e5-845f-f5854fd44f37,"παρακολούθηση, επιθεώρηση και δοκιμές | διασφάλιση της ορθής επισήμανσης των προϊόντων"
KnowledgeSkillCompetence,http://data.europa.eu/esco/skill/6742977a-aa00-4c8c-9861-898b0373907e,παροχή συμβουλών σχετικά με τις πολιτικές βιώσιμης διαχείρισης,released,skill/competence,cross-sector,,"Συμβολή στον σχεδιασμό και την ανάπτυξη πολιτικής για τη βιώσιμη διαχείριση, συμπεριλαμβανομένης της συμβολής σε εκτιμήσεις περιβαλλοντικών επιπτώσεων.
	",http://data.europa.eu/esco/skill/4c3ab565-747c-4db3-8c47-79e8d6f98cf4 | http://data.europa.eu/esco/skill/469e19ed-a0bd-445a-ae2d-4ba9430e296b | http://data.europa.eu/esco/skill/062a9fde-cd91-44f9-9a2f-9e2bc3b281fd,υιοθέτηση τρόπων μείωσης των αρνητικών επιπτώσεων της κατανάλωσης | προώθηση της βιωσιμότητας | παροχή συμβουλών για περιβαλλοντικά ζητήματα
KnowledgeSkillCompetence,http://data.europa.eu/esco/skill/6825a7dd-c2da-40fa-b745-508ff20ee293,διατήρηση φυσικών περιοχών,released,knowledge,sector-specific,,"Μέθοδοι διατήρησης του πλούτου (φυσικού και τεχνητού) φυσικών περιοχών, συμπεριλαμβανομένης της ανάπτυξης και της υλοποίησης προγράμματος.",http://data.europa.eu/esco/isced-f/0522,φυσικό περιβάλλον και  άγρια πανίδα και χλωρίδα
KnowledgeSkillCompetence,http://data.europa.eu/esco/skill/6853886b-ebc5-4b91-98af-9a4ecca803bd,τύποι ανεμογεννητριών,released,knowledge,cross-sector,τυπολογία ανεμογεννητριών | οριζόντια ανεμογεννήτρια | κάθετη ανεμογεννήτρια | είδη ανεμογεννητριών | τύπους ανεμογεννητριών | τυπολογία των ανεμογεννητριών | κατακόρυφη ανεμογεννήτρια,"Οι δύο κύριοι τύποι ανεμογεννητριών, δηλαδή αυτοί που περιστρέφονται κατά μήκος ενός οριζόντιου άξονα ή αυτοί που περιστρέφονται κατά μήκος ενός κατακόρυφου άξονα, και οι υποκατηγορίες τους. Οι ιδιότητες και οι χρήσεις του καθενός.",http://data.europa.eu/esco/isced-f/0713,ηλεκτρισμός και ενέργεια
KnowledgeSkillCompetence,http://data.europa.eu/esco/skill/68d5d7e2-1e9e-4b2b-bce9-ff6c687e4f45,ανάπτυξη δικτύων υπονόμων,released,skill/competence,sector-specific,,"Ανάπτυξη συστημάτων και μεθόδων κατασκευής και εγκατάστασης εξοπλισμού μεταφοράς και επεξεργασίας λυμάτων, ο οποίος χρησιμοποιείται για τη μεταφορά λυμάτων από κατοικίες και εγκαταστάσεις μέσω εγκαταστάσεων επεξεργασίας νερού ή μέσω άλλων συστημάτων αποχέτευσης, για τη διασφάλιση της ορθής διάθεσης ή επαναχρησιμοποίησης. Ανάπτυξη των συστημάτων με γνώμονα τις ανησυχίες για το περιβάλλον και τη βιωσιμότητα.",http://data.europa.eu/esco/skill/b2c688b0-9106-466d-8b88-eafdfe608e7d,σχεδιασμός δομών ή εγκαταστάσεων
KnowledgeSkillCompetence,http://data.europa.eu/esco/skill/68e8e227-b843-4f2b-8572-9cbe63aada3a,προσδιορισμός δομικών στοιχείων στον σχεδιασμό του τοπίου,released,skill/competence,sector-specific,,"Δημιουργία δομικών στοιχείων και υλικών κατάλληλων για τον χώρο, τον σκοπό και την αναμενόμενη χρήση. Παροχή συστάσεων για φυτά και υλικά τα οποία είναι κατάλληλα για το σχέδιο και εντός του προϋπολογισμού.",http://data.europa.eu/esco/skill/a556a3db-cd48-42a5-825c-f95f6f5ccbfe,δημιουργία διατάξεων οπτικής απεικόνισης και διακοσμήσεων
KnowledgeSkillCompetence,http://data.europa.eu/esco/skill/691c7db6-bad8-4a09-a3c4-4bf799375a35,αρχές βιώσιμης γεωργικής παραγωγής,released,knowledge,sector-specific,προϋποθέσεις για τη βιολογική γεωργική παραγωγή | αρχές της βιολογικής γεωργικής παραγωγής | συνθήκες βιολογικής γεωργικής παραγωγής | προϋποθέσεις για βιώσιμη αγροτική παραγωγή | πεδίο εφαρμογής των αρχών της βιολογικής γεωργικής παραγωγής | αρχές για τη βιολογική γεωργική παραγωγή | το πεδίο των συνθηκών βιολογικής γεωργικής παραγωγής,"Αρχές και συνθήκες βιολογικής και βιώσιμης γεωργικής παραγωγής.
	",http://data.europa.eu/esco/isced-f/0811,φυτική και ζωική παραγωγή
KnowledgeSkillCompetence,http://data.europa.eu/esco/skill/6962058d-9808-4820-a6bc-d7cabce60cde,εφαρμογή βιώσιμων δημόσιων συμβάσεων,released,skill/competence,sector-specific,πράσινες δημόσιες συμβάσεις | κοινωνικά υπεύθυνες δημόσιες συμβάσεις,"Ενσωμάτωση στρατηγικών στόχων δημόσιας πολιτικής στις διαδικασίες σύναψης δημόσιων συμβάσεων, όπως οι πράσινες δημόσιες συμβάσεις (GPP) και οι κοινωνικά υπεύθυνες δημόσιες συμβάσεις (SRPP). Συμβολή στη μείωση των περιβαλλοντικών επιπτώσεων των δημόσιων συμβάσεων, στην επίτευξη των κοινωνικών στόχων και στη βελτίωση της σχέσης ποιότητας/τιμής για τον οργανισμό και την κοινωνία εν γένει.
	",http://data.europa.eu/esco/skill/469e19ed-a0bd-445a-ae2d-4ba9430e296b | http://data.europa.eu/esco/skill/efb60300-0d55-4b2c-8038-8409587a4727,"προώθηση της βιωσιμότητας | προώθηση προϊόντων, υπηρεσιών ή προγραμμάτων"
KnowledgeSkillCompetence,http://data.europa.eu/esco/skill/6af000e5-a451-4f78-9feb-723971f2ad05,εκπόνηση μεθόδων καθαρισμού των υδάτων,released,skill/competence,cross-sector,,"Ανάπτυξη στρατηγικών για την ανάπτυξη και χρήση εξοπλισμού και σχεδίων καθαρισμού των υδάτων, με υποβοήθηση του σχεδιασμού του εξοπλισμού, προγραμματισμό των διαδικασιών καθαρισμού και προσδιορισμό των απαραίτητων ενεργειών και των δυνητικών κινδύνων.",http://data.europa.eu/esco/skill/7a8fb784-67fa-41e9-a75c-6b491d91f800 | http://data.europa.eu/esco/skill/c34b06c4-d164-4e49-a784-89d47de42ec2,"ανάπτυξη στρατηγικής για την επίλυση προβλημάτων | σχεδιασμός βιομηχανικών υλικών, συστημάτων ή προϊόντων"
KnowledgeSkillCompetence,http://data.europa.eu/esco/skill/6b41fcd8-85eb-4b27-b409-05ffcc663a3d,πρόληψη της θαλάσσιας ρύπανσης,released,skill/competence,sector-specific,,Οργάνωση και παρακολούθηση της προστασίας του περιβάλλοντος με εφαρμογή των κανονισμών για την πρόληψη της θαλάσσιας ρύπανσης.,http://data.europa.eu/esco/skill/8064ae65-5d1b-44e1-9aaf-246a4285a9a6,τήρηση των νόμων και προτύπων περιβαλλοντικής προστασίας
KnowledgeSkillCompetence,http://data.europa.eu/esco/skill/6b5d032a-b85a-44ea-9dad-5201048d2dd2,εκπόνηση στρατηγικών αντιμετώπισης πλημμυρών,released,skill/competence,cross-sector,,"Ανάπτυξη σχεδίων και εξοπλισμού σχεδιασμού για την πρόληψη πλημμυρών και την παροχή αποτελεσματικής βοήθειας σε περίπτωση πλημμύρας, με αξιολόγηση των κινδύνων, εντοπισμό βελτιώσεων στις υφιστάμενες στρατηγικές και σχεδιασμό νέων στρατηγικών για την αντιμετώπιση πλημμυρών.",http://data.europa.eu/esco/skill/164510d1-1216-4dc0-b9d1-a7f6af19e469 | http://data.europa.eu/esco/skill/7a8fb784-67fa-41e9-a75c-6b491d91f800,εκπόνηση σχεδίων έκτακτης ανάγκης και αντιμετώπισης έκτακτων περιστατικών | ανάπτυξη στρατηγικής για την επίλυση προβλημάτων
KnowledgeSkillCompetence,http://data.europa.eu/esco/skill/6c2182f9-9068-42e8-8855-31252d62fbb0,οικολογικός τουρισμός,released,knowledge,sector-specific,,"Η πρακτική των βιώσιμων μετακινήσεων προς φυσικές περιοχές που διατηρούν και στηρίζουν το τοπικό περιβάλλον, προωθώντας την περιβαλλοντική και πολιτιστική κατανόηση. Συνήθως περιλαμβάνεται η παρατήρηση της φυσικής άγριας ζωής σε εξωτικά φυσικά περιβάλλοντα.
	",http://data.europa.eu/esco/isced-f/0521,περιβαλλοντικές επιστήμες
KnowledgeSkillCompetence,http://data.europa.eu/esco/skill/6c6daac0-80f5-431f-a33f-c5b722094657,συστήματα αποθήκευσης ενέργειας,released,knowledge,cross-sector,τύπους μπαταριών | υπερ πυκνωτες | αποθήκευση ενέργειας,"Τα συστήματα δέσμευσης της ενέργειας που παράγεται σε κάποιο χρονικό διάστημα για χρήση σε μεταγενέστερο χρόνο. Περιλαμβάνονται οι διαφορές μεταξύ των κύριων τύπων συσσωρευτών, υπερπυκνωτών και δεξαμενών υδρογόνου ή καυσίμων.
	",http://data.europa.eu/esco/isced-f/0713,ηλεκτρισμός και ενέργεια
KnowledgeSkillCompetence,http://data.europa.eu/esco/skill/6d355a4e-d9b6-4a24-a79b-30176e15589e,διεργασίες διήθησης ποτών,released,knowledge,sector-specific,,"Ασφαλής και οικονομική μέθοδος για την αφαίρεση ακαθαρσιών από τα προϊόντα τροφίμων και για την παράταση της διάρκειας ζωής τους. Η σημασία του ελέγχου της μόλυνσης και του τρόπου με τον οποίο συμβάλλει στην ανάπτυξη προϊόντων ανώτερης ποιότητας, η σημαντική μείωση των αποβλήτων και η ελαχιστοποίηση της αλλοίωσης των προϊόντων.",http://data.europa.eu/esco/skill/f3c3e51d-f4dc-49a8-8725-2a2d3160446e | http://data.europa.eu/esco/skill/dc57f705-75b6-4232-b531-1f020afa0364 | http://data.europa.eu/esco/isced-f/0721 | http://data.europa.eu/esco/skill/c2fb860d-7866-4909-9eaf-0a2af58b24a3,διαδικασίες παρασκευής τροφίμων και ποτών | βιομηχανία τροφίμων και ποτών | επεξεργασία  τροφίμων | διαδικασία παραγωγής ποτών
KnowledgeSkillCompetence,http://data.europa.eu/esco/skill/6d53015b-6867-408f-8f3a-4eb9d5dae101,διατήρηση της θρέψης των φυτών και του εδάφους,released,skill/competence,sector-specific,,Διαχείριση και υποστήριξη της συνολικής θρέψης του εδάφους. Εφαρμογή βιώσιμων πρακτικών κηπουρικής και ολοκληρωμένη διαχείριση επιβλαβών οργανισμών σε κήπους τόσο σε εξωτερικούς όσο και σε εσωτερικούς χώρους.,http://data.europa.eu/esco/skill/b7c82b1b-cff9-4641-a62f-e4e28395eade,καλλιέργεια γαιών και παραγωγή σοδιάς
KnowledgeSkillCompetence,http://data.europa.eu/esco/skill/6d6ad261-4d81-4d7f-98fb-3587c25deb74,προώθηση γεωργικών πολιτικών,released,skill/competence,sector-specific,,"Προώθηση της ένταξης των γεωργικών προγραμμάτων σε τοπικό και εθνικό επίπεδο, προκειμένου για την απόκτηση στήριξης για την ενίσχυση της ευαισθητοποίησης όσον αφορά την ανάπτυξη της γεωργίας και τη βιωσιμότητα.",http://data.europa.eu/esco/skill/efb60300-0d55-4b2c-8038-8409587a4727,"προώθηση προϊόντων, υπηρεσιών ή προγραμμάτων"
KnowledgeSkillCompetence,http://data.europa.eu/esco/skill/6f30181d-65b5-4527-b36e-a686d47fed84,αυτοεξυπηρετούμενα συστήματα ενοικίασης ποδηλάτων,released,knowledge,cross-sector,Συστήματα PBS | μοίρασμα ποδηλάτου | δημόσια συστήματα ποδηλάτων,"Οι διάφορες δημόσιες και ιδιωτικές υπηρεσίες που προσφέρουν ποδήλατα σε ιδιώτες για βραχυπρόθεσμη χρήση έναντι τιμήματος ή τέλους.
	",http://data.europa.eu/esco/isced-f/104,υπηρεσίες μεταφορών
KnowledgeSkillCompetence,http://data.europa.eu/esco/skill/6f5850ea-5785-4e2c-b062-743066fd5bdb,περιβαλλοντική νομοθεσία,released,knowledge,cross-sector,,Οι περιβαλλοντικές πολιτικές και η νομοθεσία που ισχύουν σε συγκεκριμένο τομέα.,http://data.europa.eu/esco/isced-f/0421,δίκαιο
KnowledgeSkillCompetence,http://data.europa.eu/esco/skill/705f5906-9b08-4562-9544-46f6ab944a7e,διατήρηση δασών,released,knowledge,cross-sector,μέθοδοι διατήρησης των δασών | πρακτικές διαχείρισης των δασών | πρακτικές διατήρησης των δασών | τεχνικές για τη διαχείριση των δασών | τεχνικές για τη διατήρηση των δασών | διατήρηση των δασών | τεχνικές διαχείρισης δασών | πρακτικές διαχείρισης δασών,Η πρακτική της φύτευσης και διατήρησης δασικών εκτάσεων για τη διατήρηση και την προστασία των δασών και την προστασία του περιβάλλοντος.,http://data.europa.eu/esco/skill/8034a1ea-5ee0-4a84-8fd3-16411c8d86fb | http://data.europa.eu/esco/isced-f/0821,γεωργοδασοκομία | δασοκομία
KnowledgeSkillCompetence,http://data.europa.eu/esco/skill/70d9b308-f8f2-4a4f-b4d9-54b5c8648c05,συνθετική βιολογία,released,knowledge,sector-specific,αρχές της συνθετικής βιολογίας,"Το πεδίο της επιστήμης που αποτελεί διεπιστημονικό πεδίο μεταξύ της μηχανικής και της βιολογίας. Σκοπός της είναι ο επανασχεδιασμός των οργανισμών και η κατασκευή βιολογικών συστατικών στοιχείων και η μηχανική τους ώστε να αποκτήσουν νέες ικανότητες. Χρησιμοποιείται από ερευνητές για την επίλυση προβλημάτων στον ιατρικό τομέα, στη μεταποίηση και τη γεωργία.
	",http://data.europa.eu/esco/isced-f/051,βιολογικές και συναφείς επιστήμες
KnowledgeSkillCompetence,http://data.europa.eu/esco/skill/7109d172-c370-47fe-ac81-8fe93550a9e3,επενδύσεις με κοινωνικό αντίκτυπο,released,knowledge,sector-specific,,"Επενδυτική στρατηγική που αποσκοπεί στις επενδύσεις σε οργανισμούς ή πρωτοβουλίες με κοινωνικές ή περιβαλλοντικές προοπτικές, οι οποίες με τη σειρά τους αποφέρουν οικονομικά οφέλη αλλά και θετικό αντίκτυπο στην κοινωνία.
	",http://data.europa.eu/esco/isced-f/0412,"χρηματοπιστωτικά, τράπεζες και ασφαλίσεις"
KnowledgeSkillCompetence,http://data.europa.eu/esco/skill/722058b4-2b90-453c-8ba1-88f74e8fb645,σύγκριση εναλλακτικών οχημάτων,released,skill/competence,sector-specific,αξιολόγηση των επιδόσεων των οχημάτων | συγκρίνετε την απόδοση των οχημάτων | να αξιολογήσει τις εκπομπές των οχημάτων,"Σύγκριση των επιδόσεων των εναλλακτικών οχημάτων βάσει παραγόντων όπως η ενεργειακή τους κατανάλωση και η ενεργειακή πυκνότητα ανά όγκο και ανά μάζα των διαφόρων χρησιμοποιούμενων καυσίμων.
	",http://data.europa.eu/esco/skill/f7fc7bf8-f41d-44af-81e3-09b88e9779e6,δοκιμές ηλεκτρικών και μηχανικών συστημάτων ή εξοπλισμού
KnowledgeSkillCompetence,http://data.europa.eu/esco/skill/72627d40-488a-4ef5-9c72-3c048361102c,αποσυναρμολόγηση χαλασμένων συσκευών,released,skill/competence,sector-specific,αποσυναρμολόγηση μη λειτουργικών συσκευών,"Αποσυναρμολόγηση εξοπλισμού και συσκευών οι οποίες είναι χαλασμένες και ακατάλληλες για επισκευή, ώστε να είναι δυνατή η διαλογή, η ανακύκλωση και η τελική διάθεση των επιμέρους εξαρτημάτων σε συμμόρφωση με τη νομοθεσία για τα απόβλητα και την ανακύκλωση.",http://data.europa.eu/esco/skill/0b8d15c9-7b4f-4163-b863-fe5b756d3e7f,επισκευή και εγκατάσταση μηχανικού εξοπλισμού
KnowledgeSkillCompetence,http://data.europa.eu/esco/skill/72886bc5-eeb0-42d5-9b01-f83b4cf138b4,κατανάλωση νερού,released,knowledge,occupation-specific,,"Οι παράγοντες που υπεισέρχονται στον υπολογισμό και την εκτίμηση της κατανάλωσης νερού σε μια κατοικία ή εγκατάσταση, καθώς και οι μέθοδοι με τις οποίες η κατανάλωση νερού μπορεί να μειωθεί ή να καταστεί αποδοτικότερη.",http://data.europa.eu/esco/isced-f/1021,δημόσια καθαριότητα
KnowledgeSkillCompetence,http://data.europa.eu/esco/skill/73576419-31c2-4e45-8e30-ab1afec3db4e,χρήση βιώσιμων υλικών και κατασκευαστικών στοιχείων,released,skill/competence,cross-sector,εφαρμογή βιώσιμων συνιστωσών,"Προσδιορισμός, επιλογή φιλικών προς το περιβάλλον υλικών και κατασκευαστικών στοιχείων. Λήψη αποφάσεων σχετικά με την αντικατάσταση ορισμένων υλικών από υλικά που είναι φιλικά προς το περιβάλλον, με διατήρηση του ίδιου επιπέδου λειτουργικότητας και άλλων χαρακτηριστικών του προϊόντος.
	",http://data.europa.eu/esco/skill/8064ae65-5d1b-44e1-9aaf-246a4285a9a6,τήρηση των νόμων και προτύπων περιβαλλοντικής προστασίας
KnowledgeSkillCompetence,http://data.europa.eu/esco/skill/73a9561d-112c-4d8a-9d5f-b2c11c5bbd5f,διαχείριση και διάθεση αποβλήτων,released,skill/competence,cross-sector,διαχείριση απορριμμάτων | διάθεση επικίνδυνων αποβλήτων | διασφάλιση εφαρμογής πρακτικών διαχείρισης αποβλήτων | απομάκρυνση αποβλήτων | διαχείριση αποβλήτων | διάθεση αποβλήτων | χειρισμός αποβλήτων | διασφάλιση εφαρμογής προτύπων διαχείρισης αποβλήτων,"Διαχείριση ή διάθεση σημαντικών ποσοτήτων αποβλήτων και/ή επικίνδυνων υλικών, σύμφωνα με τη νομοθεσία, τηρουμένης τόσο της περιβαλλοντικής όσο και της εταιρικής ευθύνης. Εξασφάλιση της ύπαρξης των απαιτούμενων αδειών και εγκρίσεων και της τήρησης εύλογων πρακτικών διαχείρισης, βιομηχανικών προτύπων ή κοινώς αποδεκτών γεωργικών πρακτικών.",http://data.europa.eu/esco/skill/4c3ab565-747c-4db3-8c47-79e8d6f98cf4 | http://data.europa.eu/esco/skill/f8c676de-c871-424f-9a65-77059d07910a,υιοθέτηση τρόπων μείωσης των αρνητικών επιπτώσεων της κατανάλωσης | χειρισμός και διάθεση αποβλήτων και επικίνδυνων υλικών
KnowledgeSkillCompetence,http://data.europa.eu/esco/skill/73cc1ce2-4ada-4ae1-9f8e-d7efadcd52f6,σχεδιασμός ηλεκτρικού συστήματος θέρμανσης,released,skill/competence,sector-specific,,"Σχεδιασμός των λεπτομερειών ηλεκτρικών συστημάτων θέρμανσης. Υπολογισμός της απαιτούμενης ισχύος για θέρμανση χώρου υπό δεδομένες συνθήκες σύμφωνα με τη διαθέσιμη παροχή ηλεκτρικής ισχύος.
	",http://data.europa.eu/esco/skill/883eab8c-d8a6-4e8b-9b11-7d9001e172ab,σχεδιασμός συστημάτων και προϊόντων
KnowledgeSkillCompetence,http://data.europa.eu/esco/skill/7493634f-30ea-4f2f-8fd4-c78b4a309bf7,οικοσυστήματα γλυκών υδάτων,released,knowledge,sector-specific,οικοσυστήματα γλυκού νερού,"Τα είδη και τα φυσικά χαρακτηριστικά των οικοσυστημάτων γλυκών υδάτων, όπως λίμνες, τεχνητές λίμνες, ποταμοί, υγρότοποι, ρέματα κ.λπ.",http://data.europa.eu/esco/isced-f/0831,αλιεία
KnowledgeSkillCompetence,http://data.europa.eu/esco/skill/75f312e1-622b-4751-8d93-815b32feaf8d,πρόληψη ρύπανσης,released,knowledge,cross-sector,,"Οι διαδικασίες που εφαρμόζονται για την πρόληψη της ρύπανσης: διαδικασίες προφύλαξης του περιβάλλοντος από τη ρύπανση, διαδικασίες καταπολέμησης της ρύπανσης και συναφής εξοπλισμός και πιθανά μέτρα προστασίας του περιβάλλοντος.",http://data.europa.eu/esco/isced-f/0712,τεχνολογία προστασίας του περιβάλλοντος
KnowledgeSkillCompetence,http://data.europa.eu/esco/skill/7608e884-6f73-4205-a02a-ea7062a2337e,παρακολούθηση της διάθεσης ραδιενεργών ουσιών,released,skill/competence,cross-sector,,"Διασφάλιση της ορθής διαχείρισης και διάθεσης των ραδιενεργών ουσιών που χρησιμοποιούνται για ιατρικούς σκοπούς, σύμφωνα με τις καθιερωμένες διαδικασίες.",http://data.europa.eu/esco/skill/8bde58aa-9d5b-422b-801c-ff9186dd648e,χειρισμός και διάθεση επικίνδυνων υλικών
KnowledgeSkillCompetence,http://data.europa.eu/esco/skill/761de590-ca64-423f-a5a7-8639abd8c615,τεχνολογίες μικροπαραγωγής ενέργειας,released,knowledge,sector-specific,μικροπαραγωγή,"Οι τεχνολογίες που καθιστούν δυνατή τη μικρής κλίμακας διαδικασία παραγωγής με την αξιοποίηση πηγών χαμηλών ανθρακούχων εκπομπών, όπως ο ήλιος, ο άνεμος ή η ροή νερού, για την παραγωγή θερμότητας ή ηλεκτρικής ενέργειας. Οι τεχνολογίες μικροπαραγωγής ενέργειας δεν εφαρμόζονται σε μεγάλες μονάδες ηλεκτροπαραγωγής, ώστε να αυξάνεται με τον τρόπο αυτόν η αποδοτικότητά τους και να εξαλείφεται το κόστος διανομής.
	",http://data.europa.eu/esco/isced-f/0713,ηλεκτρισμός και ενέργεια
KnowledgeSkillCompetence,http://data.europa.eu/esco/skill/761e1acc-d38b-4524-9890-6a119fb7e98c,στήριξη του τοπικού τουρισμού,released,skill/competence,sector-specific,,"Προώθηση τοπικών προϊόντων και υπηρεσιών στους επισκέπτες και ενθάρρυνση της χρήσης τοπικών τουριστικών φορέων σε έναν προορισμό.
	",http://data.europa.eu/esco/skill/f9db77be-eb63-4937-a0d0-b581733e7d2a,παροχή υποστήριξης για την επίλυση προβλημάτων
KnowledgeSkillCompetence,http://data.europa.eu/esco/skill/765f2d06-775e-45bf-93a7-c83b8fad5a1a,εφαρμογή σχεδίων διαχείρισης όμβριων υδάτων,released,skill/competence,sector-specific,,"Εφαρμογή στοιχείων πολεοδομικού σχεδιασμού που αφορούν το υγρό στοιχείο, όπως υγρές λεκάνες, ξηρές λεκάνες, λεκάνες απορροής και διήθησης των επιφανειακών υδάτων.",http://data.europa.eu/esco/skill/583b1fb5-be8d-41f0-aa81-0b6bef4793c2,εγκατάσταση εξοπλισμού ή συστημάτων σωληνώσεων ή υδραυλικών
KnowledgeSkillCompetence,http://data.europa.eu/esco/skill/76654176-5cc8-4cb3-b307-4ef1b6c2543c,κωδικοί διαίρεσης σε ζώνες,released,knowledge,cross-sector,,"Η διαίρεση των εκτάσεων σε ζώνες όπου επιτρέπονται διάφορες χρήσεις και δραστηριότητες, όπως κατοικίες, γεωργικές δραστηριότητες και βιομηχανικές δραστηριότητες. Οι ζώνες αυτές ρυθμίζονται από τις νομοθετικές διαδικασίες και τις τοπικές αρχές.",http://data.europa.eu/esco/isced-f/0731 | http://data.europa.eu/esco/skill/7f18039d-dfae-471b-9daa-507f6b2d2842,αρχιτεκτονική και πολεοδομία | πολεοδομία
KnowledgeSkillCompetence,http://data.europa.eu/esco/skill/76f552ef-bb2d-4f66-83a8-ad205086967e,εκπαίδευση του κοινού σχετικά με τη φύση,released,skill/competence,sector-specific,,"Διεξαγωγή ομιλιών σε διάφορα ακροατήρια σχετικά με πληροφορίες, έννοιες, θεωρίες και / ή δραστηριότητες που σχετίζονται με τη φύση και την προστασία της. Παραγωγή γραπτών πληροφοριών. Οι πληροφορίες αυτές μπορούν να παρουσιάζονται σε διάφορες μορφές, π.χ. επιγραφές, πληροφοριακά δελτία, αφίσες, κείμενο σε δικτυακό τόπο κ.λπ.",http://data.europa.eu/esco/skill/699e7c26-6502-4e78-a823-3656ff5a5b8b | http://data.europa.eu/esco/skill/e2bdf081-333a-414f-b8ac-93c76290f167,παροχή οδηγιών σε τρίτους | παροχή εκπαίδευσης και καθοδήγησης
KnowledgeSkillCompetence,http://data.europa.eu/esco/skill/772a9c72-abef-4333-9788-f4cb48ad8e08,προσδιορισμός λογισμικού για τη διαχείριση αποθήκης,released,skill/competence,cross-sector,,"Προσδιορισμός του σχετικού λογισμικού και των εφαρμογών που χρησιμοποιούνται για τα συστήματα διαχείρισης αποθήκης, των χαρακτηριστικών τους και της προστιθέμενης αξίας τους για δραστηριότητες διαχείρισης αποθήκης.
	",http://data.europa.eu/esco/skill/98fb499f-9155-412d-a8a0-95ba97126fec,χρήση ψηφιακών εργαλείων για συνεργασία και παραγωγικότητα
KnowledgeSkillCompetence,http://data.europa.eu/esco/skill/77f109c4-3107-4d2a-a512-5160ac103933,ανάλυση περιβαλλοντικών δεδομένων,released,skill/competence,sector-specific,,Ανάλυση δεδομένων που ερμηνεύουν τις συσχετίσεις μεταξύ των ανθρώπινων δραστηριοτήτων και των περιβαλλοντικών επιπτώσεων.,http://data.europa.eu/esco/skill/1d6c7de4-350e-4868-a47b-333b4b0d9650 | http://data.europa.eu/esco/skill/36ff57b0-637d-4a83-a0e8-d14f86f9f078 | http://data.europa.eu/esco/skill/1b70a55d-b8a4-49fc-96c6-15ab4cff2522 | http://data.europa.eu/esco/skill/81a2db2c-7e55-44d0-9cd9-74c25147d7cd | http://data.europa.eu/esco/skill/ba1f6201-b206-4459-b178-706db34a851d | http://data.europa.eu/esco/skill/57231a22-4da7-49c8-97b8-75672feadf1e | http://data.europa.eu/esco/skill/a571ae14-3e16-4fd3-a615-5646e0b0b696 | http://data.europa.eu/esco/skill/9af1bd12-01bd-4d6a-947b-69e64f23150a | http://data.europa.eu/esco/skill/1e77e42a-181f-4b48-8e74-201ce50ffc29,"αξιολόγηση δεδομένων, πληροφοριών και ψηφιακού περιεχομένου | ανάλυση επιστημονικών δεδομένων | χρησιμοποίηση τεχνικών επεξεργασίας δεδομένων | ανάλυση των δεδομένων δοκιμής | ανάλυση επιστημονικών και ιατρικών δεδομένων | διαχείριση ποσοτικών δεδομένων | διερεύνηση δεδομένων | επεξεργασία ποιοτικών πληροφοριών | ερμηνεία τρεχόντων δεδομένων"
KnowledgeSkillCompetence,http://data.europa.eu/esco/skill/7808ccb8-9797-4864-80e3-37119ca32b30,παρακολούθηση λιπασματοποίησης,released,skill/competence,occupation-specific,,Ανάμειξη των βιοαποδομήσιμων υλικών με τήρηση του κατάλληλων αναλογιών και παρακολούθηση της διαδικασίας αποδόμησης των οργανικών αποβλήτων.,http://data.europa.eu/esco/skill/bf4822d3-1f66-499d-afc9-151a9ba33e58,προετοιμασία μειγμάτων ή διαλυμάτων
KnowledgeSkillCompetence,http://data.europa.eu/esco/skill/7832b684-580c-4eaf-a8b3-322164b041ab,παροχή πληροφοριών σχετικά με πίνακες φωτοβολταϊκών συστοιχιών,released,skill/competence,cross-sector,παροχή πληροφοριών σχετικά με ηλιακούς συλλέκτες,"Παροχή πληροφοριών σε οργανισμούς και άτομα που βρίσκονται σε αναζήτηση εναλλακτικών μεθόδων για την παροχή ενέργειας σε εγκαταστάσεις και κατοικίες ως προς το κόστος, τα οφέλη και τις αρνητικές πτυχές της εγκατάστασης και χρήσης των πινάκων φωτοβολταϊκών συστοιχιών, καθώς και ως προς τα στοιχεία που πρέπει να λαμβάνονται υπόψη κατά την εξέταση της αγοράς και της εγκατάστασης συστημάτων φωτοβολταϊκών συστοιχιών.",http://data.europa.eu/esco/skill/045f71e6-0699-4169-8a54-9c6b96f3174d | http://data.europa.eu/esco/skill/d54970ba-d9f2-41ec-a852-bbd1e5796823 | http://data.europa.eu/esco/skill/732cb4dd-af91-4c88-9a9f-5fc62144e500,παροχή συμβουλών σε άλλους | παροχή πληροφοριών στο κοινό και στους πελάτες | παροχή πληροφοριών
KnowledgeSkillCompetence,http://data.europa.eu/esco/skill/78d6270a-2f81-45a8-8558-5112926febba,καθαρισμός ρυπαντικών ουσιών από αεροδιαδρόμους,released,skill/competence,occupation-specific,,"Καθαρισμός ρυπαντικών ουσιών που ανιχνεύονται στον ασφαλτοτάπητα του αεροδιαδρόμου, όπως καύσιμα, λιπαντικά, υδραυλικά έλαια, χρώματα σήμανσης και καουτσούκ. Χρήση τεχνικών καθαρισμού των ρυπαντικών ουσιών, όπως ο χημικός καθαρισμός, η μηχανική απόξεση ή η εκτόξευση νερού υψηλής πίεσης.",http://data.europa.eu/esco/skill/3b86c15f-3f66-4e50-abf5-544f2a942a0b,καθαρισμός υπαίθριων χώρων
KnowledgeSkillCompetence,http://data.europa.eu/esco/skill/792789aa-6122-4dd7-be50-bcdb46f85725,"εγκατάσταση αγωγών θέρμανσης, εξαερισμού, κλιματισμού και ψύξης",released,skill/competence,cross-sector,,Εγκατάσταση αεραγωγών για την παροχή και την εξαγωγή αέρα. Προσδιορισμός του βαθμού ευελιξίας του αγωγού και επιλογή του κατάλληλου υλικού βάσει της προβλεπόμενης χρήσης. Στεγανοποίηση του αγωγού και μόνωσή του για τη διασφάλιση της μέγιστης αποδοτικότητας και την πρόληψη της μόλυνσης με μύκητες. Σωστή σύνδεση των αγωγών με τα άκρα σύνδεσης.,http://data.europa.eu/esco/skill/b85caa4a-f04b-4331-80df-11404fd71225,"εγκατάσταση εξοπλισμού θέρμανσης, αερισμού και κλιματισμού"
KnowledgeSkillCompetence,http://data.europa.eu/esco/skill/79a5bc25-5b59-47bc-a4c2-fb8e8cb1ddf6,συστήματα έξυπνων δικτύων,released,knowledge,sector-specific,έξυπνα δίκτυα,"Τα έξυπνα δίκτυα είναι ένα ψηφιακό δίκτυο ηλεκτρικής ενέργειας. Το σύστημα περιλαμβάνει τον ηλεκτρονικό ψηφιακό έλεγχο της παραγωγής, διανομής και χρήσης ηλεκτρικής ενέργειας, τη διαχείριση πληροφοριών για τα κατασκευαστικά στοιχεία και την εξοικονόμηση ενέργειας.
	",http://data.europa.eu/esco/isced-f/0713,ηλεκτρισμός και ενέργεια
KnowledgeSkillCompetence,http://data.europa.eu/esco/skill/7ac88283-80aa-4a1f-93f8-213cd2a469cb,σχεδιασμός υπεράκτιων συστημάτων ενέργειας,released,skill/competence,sector-specific,σχεδιασμός συστημάτων θαλάσσιας ενέργειας | σχεδιασμός ενεργειακών συστημάτων ωκεανού | προσδιορίστε τα υπεράκτια ενεργειακά συστήματα,"Ανάπτυξη προδιαγραφών σχεδιασμού για τα υπεράκτια συστήματα ενέργειας και τα κατασκευαστικά στοιχεία τους, με μέριμνα για τη βελτιστοποίηση του σχεδιασμού ώστε να εξασφαλίζεται η ασφαλής και αποδοτική παραγωγή ενέργειας. Δημιουργία καταλόγων σημείων ελέγχου για την επιθεώρηση και την παρακολούθηση των ολοκληρωμένων έργων εγκατάστασης υπεράκτιων συστημάτων.
	",http://data.europa.eu/esco/skill/c34b06c4-d164-4e49-a784-89d47de42ec2,"σχεδιασμός βιομηχανικών υλικών, συστημάτων ή προϊόντων"
KnowledgeSkillCompetence,http://data.europa.eu/esco/skill/7afd29d7-9c9f-4151-83f2-562b8c94a3af,εφαρμογή θεωριών διαχείρισης μεταφοράς,released,skill/competence,sector-specific,,"Εφαρμογή των θεωριών διαχείρισης του κλάδου των μεταφορών για τη βελτίωση των διαδικασιών μεταφοράς, τη μείωση των αποβλήτων, την αύξηση της αποδοτικότητας και τη βελτίωση της κατάρτισης χρονοδιαγραμμάτων.",http://data.europa.eu/esco/skill/58bd927f-e4cc-4b61-a679-cb91b3f8075a | http://data.europa.eu/esco/skill/6a59e69f-4f2c-4277-bbb3-c7bb792569d5,τήρηση των οδηγιών και των διαδικασιών | διαχείριση στρατηγικής μεταφορών εταιρείας
KnowledgeSkillCompetence,http://data.europa.eu/esco/skill/7b3717e4-e963-44e0-b94f-1088a7242da0,φροντίδα φυτών,released,skill/competence,sector-specific,,"Προσδιορισμός της ανάγκης εκτέλεσης δραστηριοτήτων φροντίδας και εκτέλεση δραστηριοτήτων φροντίδας όπως η καλλιέργεια, η συντήρηση, το πότισμα και ο ψεκασμός φυτών και δένδρων με το χέρι ή με τη χρήση κατάλληλου εξοπλισμού, λαμβανομένων υπόψη των φυτικών ειδών και με τήρηση των απαιτήσεων ασφάλειας.",http://data.europa.eu/esco/skill/b7c82b1b-cff9-4641-a62f-e4e28395eade,καλλιέργεια γαιών και παραγωγή σοδιάς
KnowledgeSkillCompetence,http://data.europa.eu/esco/skill/7c2c81fe-b5f5-4691-a58d-7fd0a8b6c0e1,πρόληψη απώλειας θερμότητας κλιβάνου,released,skill/competence,occupation-specific,,Πρόληψη της απώλειας θερμότητας μέσω της σφράγισης της θύρας του κλιβάνου με τούβλα και άργιλο.,http://data.europa.eu/esco/skill/bdf2aa76-360d-429d-a967-bdb691f241fa,"χειρισμός καμίνων, κλιβάνων και εξοπλισμού ξήρανσης"
KnowledgeSkillCompetence,http://data.europa.eu/esco/skill/7cefbd03-d544-4184-a9b4-caa1eea2a646,περιβαλλοντικός αντίκτυπος του τουρισμού,released,knowledge,sector-specific,αντίκτυπος του τουρισμού στο περιβάλλον | περιβαλλοντικές επιπτώσεις του τουριστικού κλάδου | αντίκτυπος τουριστικών δραστηριοτήτων για το περιβάλλον | περιβαλλοντικές συνέπειες του τουρισμού,Μελέτη σχετικά με τις περιβαλλοντικές επιπτώσεις των ταξιδιωτικών και τουριστικών δραστηριοτήτων στους τουριστικούς προορισμούς.,http://data.europa.eu/esco/isced-f/1015,"ταξίδια,  τουρισμός και αναψυχή"
KnowledgeSkillCompetence,http://data.europa.eu/esco/skill/7d70ed20-1c29-4ce3-bda5-9ba6c957a2d2,τύποι μετατροπέων κυματικής ενέργειας,released,knowledge,sector-specific,τύπους WEC,"Διάφοροι τύποι συσκευών για την εκμετάλλευση της κυματικής ενέργειας, όπως σημειακοί απορροφητές, εξασθενητές κυματισμών, παλλόμενοι μετατροπείς των κυματικών κλυδωνισμών, διατάξεις ανύψωσης ή βυθιζόμενοι μετατροπείς διαφορετικής πίεσης.
	",http://data.europa.eu/esco/isced-f/0713,ηλεκτρισμός και ενέργεια
KnowledgeSkillCompetence,http://data.europa.eu/esco/skill/7e420d23-3733-482b-8513-4611f8a70059,απομάκρυνση πλαισίων σκυροδέματος,released,skill/competence,sector-specific,,"Απομάκρυνση πλαισίων σκυροδέματος μετά την πλήρη ωρίμανση του σκυροδέματος. Εφόσον είναι δυνατόν, ανάκτηση των υλικών, καθαρισμός τους και λήψη των κατάλληλων μέτρων για την αποθήκευσή τους για μεταγενέστερη εκ νέου χρήση.",http://data.europa.eu/esco/skill/aa95f606-13ec-4242-a6bc-635a1aaa841c | http://data.europa.eu/esco/skill/d9be4ab0-f7d9-4b27-bd01-6cf1d43d1865,τοποθέτηση πλαισίων σκυροδέματος | εγκατάσταση στοιχείων από σκυρόδεμα
KnowledgeSkillCompetence,http://data.europa.eu/esco/skill/7f321b88-3d16-4e30-8163-5494ca8ce978,ενθάρρυνση άλλων σε φιλικές προς το περιβάλλον συμπεριφορές,released,skill/competence,transversal,προώθηση της βιωσιμότητας | ενημέρωση για τη βιωσιμότητα | προώθηση φιλικών προς το περιβάλλον συμπεριφορών | υποστήριξη της βιωσιμότητας | ενθάρρυνση των άλλων να σέβονται το περιβάλλον,"Παροχή ενημέρωσης και προώθηση φιλικών προς το περιβάλλον συμπεριφορών στα κοινωνικά δίκτυα και στην εργασία.
	",http://data.europa.eu/esco/skill/80cf002a-6586-4db7-9c9a-88325a9a5e1b,Εφαρμογή δεξιοτήτων και ικανοτήτων στον τομέα του περιβάλλοντος
KnowledgeSkillCompetence,http://data.europa.eu/esco/skill/7f4d1dee-bc5a-495a-926b-17b383b8d8fd,πράσινα οικοδομικά πρότυπα,released,knowledge,sector-specific,βιώσιμα κατασκευαστικά πρότυπα | κατευθυντήριες γραμμές για την πράσινη κατασκευή | ενεργειακά αποδοτικοί οικοδομικοί κώδικες | ενεργειακώς αποδοτικοί οικοδομικοί κώδικες | πρότυπα βιώσιμης κατασκευής | κατευθυντήριες γραμμές για τις πράσινες κατασκευές,"Οι κατευθυντήριες γραμμές σχετικά με τον τρόπο σχεδιασμού και κατασκευής βιώσιμων κτιρίων. Πληρούν το κριτήριο του μετριασμού των περιβαλλοντικών επιπτώσεων των κτιρίων, προάγοντας παράλληλα πράσινες πρακτικές μεταξύ των ενοίκων.
	",http://data.europa.eu/esco/isced-f/0732,οικοδομές και έργα πολιτικού μηχανικού
KnowledgeSkillCompetence,http://data.europa.eu/esco/skill/7feca0cc-f0b3-470d-ba03-48c0f7cff286,εκπαίδευση σε θέματα βιώσιμου τουρισμού,released,skill/competence,sector-specific,,"Ανάπτυξη εκπαιδευτικών προγραμμάτων και πόρων για άτομα ή καθοδηγούμενες ομάδες, με σκοπό την παροχή πληροφοριών σχετικά με τον βιώσιμο τουρισμό και τον αντίκτυπο της ανθρώπινης αλληλεπίδρασης στο περιβάλλον, τον τοπικό πολιτισμό και τη φυσική κληρονομιά. Εκπαίδευση των ταξιδιωτών σχετικά με τον θετικό αντίκτυπο και ευαισθητοποίηση σχετικά με περιβαλλοντικά ζητήματα.
	",http://data.europa.eu/esco/skill/e2bdf081-333a-414f-b8ac-93c76290f167,παροχή εκπαίδευσης και καθοδήγησης
KnowledgeSkillCompetence,http://data.europa.eu/esco/skill/7ff9cce1-6518-48db-8f59-2beb81508fb2,παροχή πληροφοριών σχετικά με ανεμογεννήτριες,released,skill/competence,sector-specific,,"Παροχή πληροφοριών σε οργανισμούς και άτομα τα οποία βρίσκονται σε αναζήτηση εναλλακτικών μεθόδων παραγωγής ενέργειας σχετικά με το κόστος, τα οφέλη και τις αρνητικές πτυχές της εγκατάστασης και χρήσης ανεμογεννητριών, τόσο οικιακών όσο και κοινών, καθώς και σχετικά με τα στοιχεία τα οποία πρέπει να λαμβάνονται υπόψη κατά την εξέταση της εφαρμογής της τεχνολογίας αιολικής ενέργειας.",http://data.europa.eu/esco/skill/d54970ba-d9f2-41ec-a852-bbd1e5796823 | http://data.europa.eu/esco/skill/732cb4dd-af91-4c88-9a9f-5fc62144e500,παροχή πληροφοριών στο κοινό και στους πελάτες | παροχή πληροφοριών
KnowledgeSkillCompetence,http://data.europa.eu/esco/skill/8029637c-00eb-4764-ae88-387611176c4b,ανάλυση των αναγκών σε υλικοτεχνική υποστήριξη,released,skill/competence,sector-specific,,Ανάλυση των αναγκών σε υλικοτεχνική υποστήριξη όλων των διαφορετικών τμημάτων σε οργανωτικό επίπεδο.,http://data.europa.eu/esco/skill/7dd94ad3-13d6-43fe-8b94-51fcbf67ced9 | http://data.europa.eu/esco/skill/ec528c47-65f4-4187-9dc1-5a8889f84a06,κριτική σκέψη | ανάλυση επιχειρηματικών δραστηριοτήτων
KnowledgeSkillCompetence,http://data.europa.eu/esco/skill/8034a1ea-5ee0-4a84-8fd3-16411c8d86fb,γεωργοδασοκομία,released,knowledge,sector-specific,αγρο-δασοπολιτισμικά συστήματα | silvo-ποιμαντικά συστήματα | αγροσιλοπαστοριακά συστήματα,"Η εφαρμογή συστημάτων και τεχνολογιών διαχείρισης της γης που ενσωματώνουν τα δέντρα και άλλες ξυλώδεις πολυετείς καλλιέργειες στις παραδοσιακές καλλιέργειες, προκειμένου να διατηρηθεί η γεωργική παραγωγή με παράλληλη διασφάλιση της προστασίας του φυσικού περιβάλλοντος.
	",http://data.europa.eu/esco/isced-f/0821,δασοκομία
KnowledgeSkillCompetence,http://data.europa.eu/esco/skill/811f3583-3956-477e-b4c8-e8c53eb44cc3,πρωτογενής τεχνολογία,released,knowledge,occupation-specific,πρωτόγονη τεχνολογία,"Η τεχνολογία που δημιουργείται ή εμπνέεται από τα φυσικά στοιχεία που βοηθούν στην επιβίωση στην άγρια φύση, όπως χειροτεχνήματα, εργαλεία επιβίωσης και όπλα.",http://data.europa.eu/esco/isced-f/0214,είδη χειροτεχνίας
KnowledgeSkillCompetence,http://data.europa.eu/esco/skill/81af8698-9873-4b3d-b6d2-8eb275bf170b,περιβαλλοντικές απειλές,released,knowledge,sector-specific,,"Οι απειλές για το περιβάλλον που συνδέονται με βιολογικούς, χημικούς, πυρηνικούς, ραδιολογικούς και φυσικούς κινδύνους.",http://data.europa.eu/esco/isced-f/0521,περιβαλλοντικές επιστήμες
KnowledgeSkillCompetence,http://data.europa.eu/esco/skill/82423b5c-486f-42e7-b00e-7358757a8de5,δοκιμή των δειγμάτων για τον εντοπισμό ρυπογόνων ουσιών,released,skill/competence,sector-specific,,"Μέτρηση των συγκεντρώσεων ρύπων εντός των δειγμάτων. Υπολογισμός της ατμοσφαιρικής ρύπανσης ή της ροής αερίων στις βιομηχανικές διεργασίες. Εντοπισμός πιθανών κινδύνων για την ασφάλεια ή την υγεία, όπως η ακτινοβολία.",http://data.europa.eu/esco/skill/5aec5b83-df71-483e-90b9-21e56a0a3cb2 | http://data.europa.eu/esco/skill/b5a1fc87-c9f2-41f4-a1ae-28e023715592 | http://data.europa.eu/esco/skill/d2e8f452-ac19-4eed-b984-8f55d2a5b763,μέτρηση ρύπανσης | διενέργεια δοκιμών σε δείγματα | δοκιμή και ανάλυση ουσιών
KnowledgeSkillCompetence,http://data.europa.eu/esco/skill/8248a071-5307-4a64-a62d-643a35ec31e2,τύποι φωτοβολταϊκών συστοιχιών,released,knowledge,cross-sector,ηλιακά πάνελ | τύποι φωτοβολταϊκών πάνελ | φωτοβολταϊκά πάνελ | PVsyst | ηλιακή τεχνολογία,"Διαφορετικοί τύποι φωτοβολταϊκών κυψελών και πετασμάτων, με διαφορετικές αποδόσεις στα διάφορα είδη καιρικών συνθηκών, κόστος, διάρκεια ζωής και αξιολόγηση της διάρκειας ζωής, καθώς και δυνατότητες προσαρμογής.",http://data.europa.eu/esco/isced-f/0713,ηλεκτρισμός και ενέργεια
KnowledgeSkillCompetence,http://data.europa.eu/esco/skill/829d1376-41bf-4c41-9bc3-62dce647677c,συστήματα τεχνητού φωτισμού,released,knowledge,sector-specific,τεχνητό φως και κατανάλωση ενέργειας,"Τύποι τεχνητού φωτισμού και σχετική κατανάλωση ηλεκτρικής ενέργειας. Ο φωτισμός φθορισμού HF, ο φωτισμός LED, το φυσικό φως της ημέρας και τα προγραμματιζόμενα συστήματα ελέγχου επιτρέπουν την αποδοτική χρήση της ενέργειας.
	",http://data.europa.eu/esco/isced-f/0713,ηλεκτρισμός και ενέργεια
KnowledgeSkillCompetence,http://data.europa.eu/esco/skill/82b14cde-76e7-4d4b-b564-c45c014f3ce4,κανονισμοί απομάκρυνσης αποβλήτων,released,knowledge,sector-specific,,"Οι κανονισμοί και οι νομικές συμφωνίες που διέπουν την εκτέλεση των δραστηριοτήτων απομάκρυνσης αποβλήτων.
	",http://data.europa.eu/esco/isced-f/1021,δημόσια καθαριότητα
KnowledgeSkillCompetence,http://data.europa.eu/esco/skill/82ea1455-ff29-43c8-8074-685fa2653144,τήρηση αρχείων συλλογής αποβλήτων,released,skill/competence,sector-specific,,"Τήρηση αρχείων των δρομολογίων συλλογής αποβλήτων, του προγραμματισμού και των ειδών και του όγκου των συλλεγόμενων αποβλήτων.",http://data.europa.eu/esco/skill/7837ef5c-2c81-4a89-8227-b4d4f1f7331e | http://data.europa.eu/esco/skill/06fdd94c-292d-49e3-9c78-bbcbc2088232,τήρηση επαγγελματικών αρχείων | τήρηση επιχειρησιακών μητρώων
KnowledgeSkillCompetence,http://data.europa.eu/esco/skill/82fea746-853f-4f1b-8ab7-55de8619cccd,βελτιστοποιημένη παραγωγή,released,knowledge,cross-sector,λειτουργική αρτιότητα | WCM παγκόσμιας κλάσης κατασκευή | αριστεία διαδικασίας | κατασκευαστική αριστεία | συνολική παραγωγική συντήρηση | PDCA | επιχειρηματική αριστεία,"Η βελτιστοποιημένη παραγωγή είναι μια μεθοδολογία που επικεντρώνεται στην ελαχιστοποίηση των αποβλήτων εντός των συστημάτων παραγωγής, με παράλληλη μεγιστοποίηση της παραγωγικότητας.
	",http://data.europa.eu/esco/isced-f/0413,διαχείριση και διοίκηση
KnowledgeSkillCompetence,http://data.europa.eu/esco/skill/8318ca1f-117e-4a21-a07a-5d7515a21035,παροχή κατάρτισης για τη βιώσιμη ανάπτυξη και διαχείριση του τουρισμού,released,skill/competence,sector-specific,,"Παροχή κατάρτισης και ανάπτυξης ικανοτήτων για το προσωπικό που εργάζεται στον τουριστικό κλάδο με σκοπό την ενημέρωσή του σχετικά με τις βέλτιστες πρακτικές για την ανάπτυξη και τη διαχείριση τουριστικών προορισμών και πακέτων, με παράλληλη διασφάλιση ελάχιστων επιπτώσεων στο περιβάλλον και στις τοπικές κοινότητες και της αυστηρής διατήρησης των προστατευόμενων περιοχών και ειδών πανίδας και χλωρίδας.
	",http://data.europa.eu/esco/skill/6c4fa8c8-e9e1-49b5-897f-6b61fe649488 | http://data.europa.eu/esco/skill/2cb27e30-2be7-4a09-9502-fdd2102c046b,κατάρτιση σχετικά με επιχειρησιακές διαδικασίες | οργάνωση σεμιναρίων κατάρτισης σε περιβαλλοντικά ζητήματα
KnowledgeSkillCompetence,http://data.europa.eu/esco/skill/83fc0b2b-6cd2-46af-b1ff-d3fc83604c26,ενεργειακή απόδοση,released,knowledge,sector-specific,,"Πεδίο πληροφόρησης σχετικά με τη μείωση της χρήσης ενέργειας. Περιλαμβάνει τον υπολογισμό της κατανάλωσης ενέργειας, την παροχή πιστοποιητικών και μέτρων στήριξης, την εξοικονόμηση ενέργειας μέσω της μείωσης της ζήτησης, την ενθάρρυνση της αποδοτικής χρήσης των ορυκτών καυσίμων και την προώθηση της χρήσης ανανεώσιμων πηγών ενέργειας.",http://data.europa.eu/esco/isced-f/0713,ηλεκτρισμός και ενέργεια
KnowledgeSkillCompetence,http://data.europa.eu/esco/skill/8570573a-937b-406a-b4b2-1def0387d0d1,συντήρηση συστημάτων παραγωγής ηλεκτρικής ενέργειας με συγκεντρωτικά κάτοπτρα,released,skill/competence,sector-specific,,"Εκτέλεση περιοδικών εργασιών συντήρησης καθώς και επισκευής συστημάτων τα οποία χρησιμοποιούν ανακλαστικά υλικά, όπως φακοί και κάτοπτρα, και συστήματα ανίχνευσης για την συγκέντρωση του ηλιακού φωτός σε δέσμη, και τα οποία τροφοδοτούν μονάδες παραγωγής ηλεκτρικής ενέργειας μέσω της παραγωγής θερμότητας.",http://data.europa.eu/esco/skill/ec0401f1-f690-46be-934b-f6f5611085f5,"συντήρηση εξοπλισμού ηλεκτρικού, ηλεκτρονικού και ακριβείας"
KnowledgeSkillCompetence,http://data.europa.eu/esco/skill/85947873-e99a-4b08-a4e3-743942710fea,διαχείριση αλιευτικών έργων,released,skill/competence,sector-specific,,"Διαβούλευση με αναδόχους τόσο του δημοσίου όσο και του ιδιωτικού τομέα σχετικά με έργα στον τομέα της αλιείας, όπως έργα αποκατάστασης. Έλεγχος των προτεινόμενων έργων και παροχή συμβουλών εμπειρογνωμοσύνης. Προετοιμασία των αιτήσεων για επιδοτήσεις προγραμμάτων για την αλιεία. Παροχή τεχνικής βοήθειας σχετικά με αλιευτικά έργα πολιτών. Μελέτη των επιπτώσεων των περιβαλλοντικών αλλαγών στα ύδατα. Επίλυση παραπόνων του κοινού. Κατάρτιση προδιαγραφών για τον εντοπισμό προβλημάτων στον τομέα της αλιείας και την πρόταση λύσεων.",http://data.europa.eu/esco/skill/190f64e1-b7b6-4c53-b20b-80f9215ef6ca | http://data.europa.eu/esco/skill/cd5efa8c-e44d-4cbc-91c6-796018dbed68,"διοίκηση, εποπτεία και συντονισμός έργων | διαχείριση έργου"
KnowledgeSkillCompetence,http://data.europa.eu/esco/skill/85f73cdf-fb6f-434d-8fff-fcd723834a90,εκτέλεση μέτρων περιβαλλοντικής αποκατάστασης,released,skill/competence,sector-specific,διεξαγωγή περιβαλλοντικής αποκατάστασης | εκτέλεση περιβαλλοντικής αποκατάστασης | ανάληψη περιβαλλοντικής αποκατάστασης | πραγματοποίηση περιβαλλοντικής αποκατάστασης | πραγματοποιήσει περιβαλλοντική αποκατάσταση,"Εκτέλεση δραστηριοτήτων οι οποίες διασφαλίζουν την απομάκρυνση των πηγών ρύπανσης και μόλυνσης από το περιβάλλον, σύμφωνα με τους κανονισμούς για την περιβαλλοντική αποκατάσταση.",http://data.europa.eu/esco/skill/0d75a128-bd88-4c1b-b70d-8e963aeb490c | http://data.europa.eu/esco/skill/089ee650-297e-4716-87d1-440743b70a0d | http://data.europa.eu/esco/skill/8064ae65-5d1b-44e1-9aaf-246a4285a9a6,υιοθέτηση τρόπων μείωσης της ρύπανσης | διασφάλιση της συμμόρφωσης με την περιβαλλοντική νομοθεσία | τήρηση των νόμων και προτύπων περιβαλλοντικής προστασίας
KnowledgeSkillCompetence,http://data.europa.eu/esco/skill/8604cb5f-9e1f-427c-ba23-3c4a6853fe95,σχεδιασμός σταθμών ηλιακής ενέργειας,released,skill/competence,sector-specific,προσδιορισμός συστημάτων συλλεκτών αιολικών πάρκων | σχεδιασμός συστημάτων συλλεκτών αιολικών πάρκων | σχεδιασμός συστημάτων συλλογής αιολικών πάρκων,"Σχεδιασμός συστημάτων τα οποία διασυνδέουν μεμονωμένες ανεμογεννήτριες σταθμών ηλιακής ενέργειας και συλλέγουν και μεταφέρουν την ενέργεια σε υποσταθμό ο οποίος επιτρέπει τη μετάδοση της παραγόμενης ηλεκτρικής ενέργειας, με μέριμνα για τη σύνδεση των ανεμογεννητριών μεταξύ τους και με τον υποσταθμό με ασφαλή και αποδοτικό τρόπο.",http://data.europa.eu/esco/skill/c34b06c4-d164-4e49-a784-89d47de42ec2,"σχεδιασμός βιομηχανικών υλικών, συστημάτων ή προϊόντων"
KnowledgeSkillCompetence,http://data.europa.eu/esco/skill/8614b988-b907-473e-a701-47b525959dc8,παροχή συμβουλών σχετικά με συστήματα θέρμανσης ενεργειακής απόδοσης,released,skill/competence,cross-sector,,Παροχή πληροφοριών και συμβουλών σε πελάτες σχετικά με τον τρόπο συντήρησης συστήματος θέρμανσης ενεργειακής απόδοσης στο σπίτι ή το γραφείο τους και τις πιθανές εναλλακτικές λύσεις.,http://data.europa.eu/esco/skill/045f71e6-0699-4169-8a54-9c6b96f3174d | http://data.europa.eu/esco/skill/8bc75dce-beba-40f9-93fc-66c9708ed74b | http://data.europa.eu/esco/skill/62afcfdd-a2a6-4143-bafb-59c77e15a01c,παροχή συμβουλών σε άλλους | παροχή συμβουλών σχετικά με βελτιώσεις της απόδοσης | παροχή συμβουλών σχετικά με προϊόντα και υπηρεσίες
KnowledgeSkillCompetence,http://data.europa.eu/esco/skill/862920c8-f2d0-4058-8fb8-9f06fbfc2446,εκπόνηση προγραμμάτων ανακύκλωσης,released,skill/competence,sector-specific,,"Εκπόνηση και συντονισμός προγραμμάτων ανακύκλωσης, συλλογή και επεξεργασία ανακυκλώσιμων υλικών με σκοπό τη μείωση των αποβλήτων.",http://data.europa.eu/esco/skill/c23e0a2f-f04b-45bc-b0dd-20571f6b502c,ανάπτυξη επιχειρησιακών πολιτικών και διαδικασιών
KnowledgeSkillCompetence,http://data.europa.eu/esco/skill/86df7af2-f9f3-4c06-a500-7f1fba9e78fe,τήρηση διαδικασιών υγείας και ασφάλειας στις οικοδομικές εργασίες,released,skill/competence,cross-sector,,"Εφαρμογή των σχετικών διαδικασιών υγείας και ασφάλειας στις οικοδομικές εργασίες με σκοπό την πρόληψη ατυχημάτων, ρύπανσης και άλλων κινδύνων.",http://data.europa.eu/esco/skill/5bcec244-3efe-45ac-8891-0ab4a91e9c48,τήρηση των διαδικασιών υγείας και ασφάλειας
KnowledgeSkillCompetence,http://data.europa.eu/esco/skill/86f0bb12-6491-4be7-8306-c88900e91a63,πράσινα ομόλογα,released,knowledge,sector-specific,ομόλογα βιωσιμότητας,"Τα χρηματοπιστωτικά μέσα που αποτελούν αντικείμενο διαπραγμάτευσης στις χρηματοπιστωτικές αγορές με στόχο την άντληση κεφαλαίων για έργα με συγκεκριμένα περιβαλλοντικά οφέλη.
	",http://data.europa.eu/esco/isced-f/0412,"χρηματοπιστωτικά, τράπεζες και ασφαλίσεις"
KnowledgeSkillCompetence,http://data.europa.eu/esco/skill/885808f7-f42b-406e-95f2-28efcd45ddda,εκτέλεση ενεργειακής διαχείρισης εγκαταστάσεων,released,skill/competence,cross-sector,,Συμβολή στην ανάπτυξη αποτελεσματικών στρατηγικών για τη διαχείριση της ενέργειας και διασφάλιση ότι αυτές οι ενέργειες είναι βιώσιμες για τα κτίρια. Επανέλεγχος κτιρίων και εγκαταστάσεων για τον εντοπισμό των περιπτώσεων στις οποίες μπορούν να γίνουν βελτιώσεις στην ενεργειακή απόδοση.,http://data.europa.eu/esco/skill/4c3ab565-747c-4db3-8c47-79e8d6f98cf4 | http://data.europa.eu/esco/skill/b2c688b0-9106-466d-8b88-eafdfe608e7d,υιοθέτηση τρόπων μείωσης των αρνητικών επιπτώσεων της κατανάλωσης | σχεδιασμός δομών ή εγκαταστάσεων
KnowledgeSkillCompetence,http://data.europa.eu/esco/skill/88de7361-2054-4402-8e1a-a6feb61d8ba9,διενέργεια περιβαλλοντικών μελετών αερολιμένων,released,skill/competence,sector-specific,,"Εκπόνηση και διενέργεια περιβαλλοντικών μελετών, εκπόνηση μοντέλων για την ποιότητα του αέρα και εκπόνηση μελετών χωροταξικού σχεδιασμού.",http://data.europa.eu/esco/skill/7eafec38-621a-4b6e-9298-bfe70ec0b253,διεξαγωγή ακαδημαϊκής έρευνας ή έρευνας αγοράς
KnowledgeSkillCompetence,http://data.europa.eu/esco/skill/89a94a26-29d4-4cd7-9e9d-faebc300c1b1,εφαρμογή μέτρων για την προστασία από τη διάβρωση,released,skill/competence,sector-specific,διεξαγωγή ελέγχου διάβρωσης | εκτέλεση ελέγχου διάβρωσης | διεξαγωγή ελέγχου της διάβρωσης | διεξαγωγή έργων ελέγχου της διάβρωσης | διεξαγωγή του ελέγχου της διάβρωσης | διεξάγουν έλεγχο της διάβρωσης | πραγματοποιήστε έλεγχο της διάβρωσης | διαχείριση ελέγχου διάβρωσης,Διαχείριση διαδικασιών και έργων ελέγχου της διάβρωσης. Σχεδιασμός των ενεργειών ελέγχου της διάβρωσης για τον έλεγχο ή την πρόληψη της εμφάνισης και την αποφυγή της ρύπανσης των υδάτων ή της απώλειας του εδάφους.,http://data.europa.eu/esco/skill/8064ae65-5d1b-44e1-9aaf-246a4285a9a6,τήρηση των νόμων και προτύπων περιβαλλοντικής προστασίας
KnowledgeSkillCompetence,http://data.europa.eu/esco/skill/89f5fa96-ae45-4906-902c-d50ca51009c6,εντοπισμός νέων ευκαιριών ανακύκλωσης,released,skill/competence,cross-sector,,"Διερεύνηση ιδεών και εντοπισμένων ευκαιριών για τη βελτίωση της συλλογής, της επεξεργασίας και της ανακύκλωσης των αποβλήτων υλικών.",http://data.europa.eu/esco/skill/22c45bf7-e52b-475f-847b-c32a87f65a5d | http://data.europa.eu/esco/skill/bdcf429c-5ccf-4c3d-bb61-4c987573a35e | http://data.europa.eu/esco/skill/cbe1b24e-00f3-4b17-94e9-1fcd34a11c3e,κυκλική οικονομία | επίδειξη επιχειρηματικού πνεύματος | προσδιορισμός ευκαιριών
KnowledgeSkillCompetence,http://data.europa.eu/esco/skill/8abdc43c-2bfd-417c-97c2-27fcdaf53171,προώθηση περιβαλλοντικής ευαισθητοποίησης,released,skill/competence,cross-sector,,"Προώθηση της βιωσιμότητας και ευαισθητοποίηση σχετικά με τις περιβαλλοντικές επιπτώσεις των ανθρώπινων και βιομηχανικών δραστηριοτήτων με βάση το αποτύπωμα άνθρακα των επιχειρηματικών διαδικασιών και άλλων πρακτικών.
	",http://data.europa.eu/esco/skill/4c3ab565-747c-4db3-8c47-79e8d6f98cf4 | http://data.europa.eu/esco/skill/062a9fde-cd91-44f9-9a2f-9e2bc3b281fd,υιοθέτηση τρόπων μείωσης των αρνητικών επιπτώσεων της κατανάλωσης | παροχή συμβουλών για περιβαλλοντικά ζητήματα
KnowledgeSkillCompetence,http://data.europa.eu/esco/skill/8b46636e-e201-4086-a8d5-049b65eaf40e,παροχή συμβουλών για τη χρήση της γης,released,skill/competence,cross-sector,,"Σύσταση των βέλτιστων τρόπων χρήσης της γης και των πόρων. Παροχή συμβουλών σχετικά με τοποθεσίες για δρόμους, σχολεία, πάρκα κ.λπ.",http://data.europa.eu/esco/skill/045f71e6-0699-4169-8a54-9c6b96f3174d | http://data.europa.eu/esco/skill/414332e4-8347-4771-b947-65bd3801a620 | http://data.europa.eu/esco/skill/b036eb5c-6a48-45b9-b2c6-f42f9e336204,παροχή συμβουλών σε άλλους | χρήση τεχνικών συμβουλευτικής | παροχή συμβουλών σχετικά με επιχειρηματικά ή επιχειρησιακά θέματα
KnowledgeSkillCompetence,http://data.europa.eu/esco/skill/8bcf4ef0-edda-4f6a-a1ce-7defb1d324d6,εφαρμογή διαδικασιών επεξεργασίας υδάτων,released,skill/competence,sector-specific,,"Εκτέλεση εργασιών όπως η διήθηση, η αποστείρωση και η απολίπανση με σκοπό τον καθαρισμό του νερού για κατανάλωση και παραγωγή τροφίμων με τη χρήση διαφορετικών διαδικασιών και τεχνολογιών, όπως μικροδιήθηση, ανάστροφη όσμωση, οζονισμός, διήθηση του άνθρακα ή υπεριώδες φως (UV).",http://data.europa.eu/esco/skill/d3b2c894-33fb-47c4-aff0-27935a082bf6,"χειρισμός εξοπλισμού ή συστημάτων επεξεργασίας πετρελαίου, χημικών ή νερού"
KnowledgeSkillCompetence,http://data.europa.eu/esco/skill/8bdd25f8-4b6e-40fe-a2cf-c1badc594114,γεωλογία,released,knowledge,cross-sector,,"Η στερεή επιφάνεια γης, οι τύποι πετρωμάτων, οι δομές και οι διεργασίες με τις οποίες τροποποιούνται.",http://data.europa.eu/esco/skill/944e06e8-7b12-4064-9e72-d80cd6d0cbba | http://data.europa.eu/esco/isced-f/0532,επιστήμη της Γης | επιστήμες της γης
KnowledgeSkillCompetence,http://data.europa.eu/esco/skill/8be4540d-db79-4213-8820-bda0d3fb74a7,αεροπονία,released,knowledge,sector-specific,,"Η καλλιέργεια φυτών χωρίς τη χρήση αδρανούς μέσου όπως το έδαφος. Οι ρίζες των φυτών εκτίθενται άμεσα στον περιβάλλοντα αέρα ή νέφος και αρδεύονται με θρεπτικά διαλύματα.
	",http://data.europa.eu/esco/isced-f/0812,κηπευτική παραγωγή
KnowledgeSkillCompetence,http://data.europa.eu/esco/skill/8c609e7c-5002-41a7-b629-0b98f132afb0,κανονισμός για την απόρριψη πρώτων υλών στη θάλασσα,released,knowledge,occupation-specific,νομικές απαιτήσεις για την απόρριψη πρώτων υλών στη θάλασσα | περιβαλλοντικές απαιτήσεις για την απόρριψη πρώτων υλών στη θάλασσα | νομοθεσία για την απόρριψη πρώτων υλών στη θάλασσα,"Οι περιβαλλοντικοί κανονισμοί για την απόρριψη πρώτων υλών στη θάλασσα, συμπεριλαμβανομένης της χρήσης χημικής απολύμανσης και αποχλωρίωσης για την παραγωγή καθαρών και ασφαλών λυμάτων, κατάλληλων για απόρριψη στη θάλασσα.",http://data.europa.eu/esco/isced-f/0712,τεχνολογία προστασίας του περιβάλλοντος
KnowledgeSkillCompetence,http://data.europa.eu/esco/skill/8c7707b3-cd9b-405a-b2e5-9df24172d4f9,παρακολούθηση υπαίθριων αθλητικών εγκαταστάσεων,released,skill/competence,occupation-specific,,"Παρακολούθηση υπαίθριων αθλητικών εγκαταστάσεων κατά τη διάρκεια ειδικών εκδηλώσεων για τη διασφάλιση της προστασίας του συστήματος, κατάρτιση αναφοράς για την κατάσταση των εγκαταστάσεων και την απώλεια νερού ή φυτών λόγω δυσλειτουργίας του συστήματος.",http://data.europa.eu/esco/skill/d519fadd-85bf-475f-bf14-c53a0290687d,παρακολούθηση περιβαλλοντικών συνθηκών
KnowledgeSkillCompetence,http://data.europa.eu/esco/skill/8ca08a35-2d2e-46f5-b440-8fc8ce736287,εφαρμογή γεωργικών τεχνικών ακρίβειας,released,skill/competence,sector-specific,,"Χρήση σύγχρονων τεχνολογιών και εξοπλισμού με συστήματα εντοπισμού θέσης υψηλής ακρίβειας, γεωχαρτογράφησης και/ή αυτοματοποιημένων συστημάτων καθοδήγησης για γεωργικές δραστηριότητες.",http://data.europa.eu/esco/skill/64acded2-d944-4f85-a703-cfe9375f706a,χειρισμός γεωργικού ή δασοκομικού εξοπλισμού
KnowledgeSkillCompetence,http://data.europa.eu/esco/skill/8ddd7e74-d187-48a1-9009-ff06b268f6cc,διαχείριση των ορυκτών αποβλήτων,released,skill/competence,occupation-specific,,Διαχείριση υλικών αποβλήτων που συλλέγονται κατά τη διάρκεια των δραστηριοτήτων ανάπτυξης.,http://data.europa.eu/esco/skill/61d1dab2-6007-4b7c-9380-cd88207fa30f | http://data.europa.eu/esco/skill/73a9561d-112c-4d8a-9d5f-b2c11c5bbd5f,διάθεση μη επικίνδυνων αποβλήτων ή υπολειμμάτων | διαχείριση και διάθεση αποβλήτων
KnowledgeSkillCompetence,http://data.europa.eu/esco/skill/8df12fb1-7f41-4068-8d05-007e8fec8f33,διαφύλαξη των δασών,released,skill/competence,sector-specific,,"Επιδίωξη διαφύλαξης και αποκατάστασης των δασικών δομών, της βιοποικιλότητας και των οικολογικών λειτουργιών.",http://data.europa.eu/esco/skill/8064ae65-5d1b-44e1-9aaf-246a4285a9a6,τήρηση των νόμων και προτύπων περιβαλλοντικής προστασίας
KnowledgeSkillCompetence,http://data.europa.eu/esco/skill/8df86db8-dfcd-414b-854f-ad1cdb18d733,ενημέρωση σχετικά με τις περιβαλλοντικές επιπτώσεις των εξορύξεων,released,skill/competence,sector-specific,,"Προετοιμασία ομιλιών, διαλέξεων, διαβουλεύσεων με τα ενδιαφερόμενα μέρη και δημόσιων ακροάσεων για περιβαλλοντικά θέματα που σχετίζονται με την εξόρυξη.",http://data.europa.eu/esco/skill/062a9fde-cd91-44f9-9a2f-9e2bc3b281fd | http://data.europa.eu/esco/skill/e541c69c-ea80-4b17-87cb-4001d0b9d303,παροχή συμβουλών για περιβαλλοντικά ζητήματα | αξιολόγηση περιβαλλοντικών επιπτώσεων
KnowledgeSkillCompetence,http://data.europa.eu/esco/skill/8e01e994-0e09-4fbb-a76b-7f615678cc7d,συντήρηση μονάδας παραγωγής βιοαερίου,released,skill/competence,occupation-specific,,"Εκτέλεση τακτικών εργασιών συντήρησης και επισκευής σε εξοπλισμό, τα αναερόβια χωνευτήρια, που διαχειρίζονται ενεργειακά φυτά και απόβλητα από αγροκτήματα. Διασφάλιση σωστής λειτουργίας του εξοπλισμού όσον αφορά τη μετατροπή βιομάζας σε βιοαέριο, το οποίο χρησιμοποιείται για την παραγωγή θερμότητας και ηλεκτρισμού.",http://data.europa.eu/esco/skill/6d0cad66-82dd-4854-a03a-68232942c68d,εγκατάσταση ξύλινων και μεταλλικών στοιχείων
KnowledgeSkillCompetence,http://data.europa.eu/esco/skill/8f585def-6ade-41b3-b897-3d71fba4151d,εναλλακτικές μορφές ενέργειας,released,knowledge,cross-sector,εναλλακτικές πηγές ενέργειας,"Πηγές ενέργειας που δεν προέρχονται από ορυκτά καύσιμα και έχουν λίγες εκπομπές αερίων του θερμοκηπίου.
	",http://data.europa.eu/esco/skill/1e38f5be-bb7d-42c5-8301-c16cf400f8ee | http://data.europa.eu/esco/isced-f/0713,ενέργεια από ανανεώσιμες πηγές | ηλεκτρισμός και ενέργεια
KnowledgeSkillCompetence,http://data.europa.eu/esco/skill/8f98653a-4aee-4619-91c7-0cdc2f8e225a,διαχείριση σχεδίων για τη χρησιμοποίηση οργανικών υποπροϊόντων,released,skill/competence,occupation-specific,,"Εφαρμογή σχεδίων για τη χρησιμοποίηση οργανικών υποπροϊόντων. Διασφάλιση ότι τα σχέδια για τη χρησιμοποίηση οργανικών υποπροϊόντων συνάδουν με τη σχετική νομοθεσία, τους κώδικες πρακτικής και τις πολιτικές καλλιέργειας. Διασφάλιση της θέσπισης συστημάτων για την προστασία των ανθρώπων και των ζώων από τους κινδύνους της χρήσης οργανικών υποπροϊόντων, όπως τα αέρια της υδαρούς κοπριάς. Παρακολούθηση της χρησιμοποίησης οργανικών υποπροϊόντων και ανάληψη κατάλληλης δράσης σε περίπτωση εντοπισμού προβλημάτων.",http://data.europa.eu/esco/skill/a6c3bda0-c759-495e-b2c5-062b3abe2097,εφαρμογή νέων διαδικασιών ή διεργασιών
KnowledgeSkillCompetence,http://data.europa.eu/esco/skill/901297b8-9f66-431b-a6ab-bc2235acf056,συλλογή χαλασμένων συσκευών,released,skill/competence,occupation-specific,συλλογή μη λειτουργικών συσκευών,"Συλλογή ή παραλαβή προϊόντων που δεν είναι πλέον λειτουργικά και δεν μπορούν να επιδιορθωθούν από τα νοικοκυριά, τις εταιρείες ή τις εγκαταστάσεις συλλογής, ώστε να είναι δυνατή η διαλογή τους για απόρριψη ή ανακύκλωση.",http://data.europa.eu/esco/skill/485b2e3b-f883-46d8-901f-ab521d4f8e58,διαλογή υλικών ή προϊόντων
KnowledgeSkillCompetence,http://data.europa.eu/esco/skill/90d04cf8-dcc1-45cf-93e1-a2eba80aed6f,αρχιτεκτονική υβριδικών οχημάτων,released,knowledge,sector-specific,αύστημα υβριδικής πρόωσης | plug-in υβριδικό | υβριδικές τεχνολογίες οχημάτων | υβριδική ταξινόμηση | υβριδικά λεωφορεία | αρχιτεκτονική υβριδικών  οχημάτων | υβριδικά οχήματα,"Ονοματολογία, ταξινόμηση και αρχιτεκτονικές υβριδικών οχημάτων, συμπεριλαμβανομένων παραμέτρων απόδοσης. Πλεονεκτήματα και μειονεκτήματα λύσεων σε σειρά, παράλληλα και με διαχωρισμό της ισχύος.
	",http://data.europa.eu/esco/isced-f/0714,ηλεκτρονική και αυτοματισμός
KnowledgeSkillCompetence,http://data.europa.eu/esco/skill/9263f0d8-7266-4782-b0ee-38f62656e97e,προώθηση βιώσιμου εσωτερικού σχεδιασμού,released,skill/competence,cross-sector,,Ανάπτυξη φιλικού προς το περιβάλλον εσωτερικού σχεδιασμού και προώθηση της χρήσης αποδοτικών ως προς το κόστος και ανανεώσιμων υλικών.,http://data.europa.eu/esco/skill/4c3ab565-747c-4db3-8c47-79e8d6f98cf4 | http://data.europa.eu/esco/skill/469e19ed-a0bd-445a-ae2d-4ba9430e296b | http://data.europa.eu/esco/skill/b2c688b0-9106-466d-8b88-eafdfe608e7d,υιοθέτηση τρόπων μείωσης των αρνητικών επιπτώσεων της κατανάλωσης | προώθηση της βιωσιμότητας | σχεδιασμός δομών ή εγκαταστάσεων
KnowledgeSkillCompetence,http://data.europa.eu/esco/skill/92e4064a-a93c-4e22-a63b-8da91757b90c,εντοπισμός σημείων συμφόρησης,released,skill/competence,cross-sector,,Εντοπισμός σημείων συμφόρησης στην αλυσίδα εφοδιασμού.,http://data.europa.eu/esco/skill/15fa3879-ac0e-46e6-ae36-609bae9c19c3,παρακολούθηση επιχειρησιακών δραστηριοτήτων
KnowledgeSkillCompetence,http://data.europa.eu/esco/skill/9349f502-9c11-476c-957d-2e016790a2ee,συντονισμός διαδικασιών διαχείρισης αποβλήτων,released,skill/competence,sector-specific,,"Συντονισμός των λειτουργιών μιας μονάδας ή οργανισμού οι οποίες αφορούν τη διαχείριση αποβλήτων, όπως η συλλογή, η διαλογή, η ανακύκλωση και η απόρριψη αποβλήτων, προκειμένου να διασφαλιστεί η βέλτιστη αποτελεσματικότητα των δραστηριοτήτων, να βελτιωθούν οι μέθοδοι για τη μείωση των αποβλήτων και να διασφαλιστεί η συμμόρφωση με τη νομοθεσία.",http://data.europa.eu/esco/skill/75d8e5d9-bef3-418b-9011-01bff9f27207 | http://data.europa.eu/esco/skill/87dff904-fb74-4d59-972e-1c2387579d94 | http://data.europa.eu/esco/skill/73a9561d-112c-4d8a-9d5f-b2c11c5bbd5f,καθοδήγηση άλλων ατόμων | καθοδήγηση των επιχειρησιακών δραστηριοτήτων | διαχείριση και διάθεση αποβλήτων
KnowledgeSkillCompetence,http://data.europa.eu/esco/skill/942edf03-a450-4261-b65c-9b447fdddc51,εγκατάσταση γεννητριών,released,skill/competence,cross-sector,,"Εγκατάσταση και λειτουργία γεννητριών ως παροχή ισχύος, σύμφωνα με κανονισμούς και προδιαγραφές.",http://data.europa.eu/esco/skill/a7065828-10aa-4aba-b7d4-f23a30df5060,"εγκατάσταση και επισκευή εξοπλισμού ηλεκτρικού, ηλεκτρονικού και ακριβείας"
KnowledgeSkillCompetence,http://data.europa.eu/esco/skill/9438b0dc-062a-4893-b176-959706e4ae1e,χρήση φιλικών προς το περιβάλλον υλικών,released,skill/competence,cross-sector,,"Εργασία με φιλικά προς το περιβάλλον υλικά, όπως συστήματα φινιρίσματος υλικών με βάση το νερό ή συγκολλητικά υλικά χωρίς φορμαλδεΰδη.",http://data.europa.eu/esco/skill/4c3ab565-747c-4db3-8c47-79e8d6f98cf4 | http://data.europa.eu/esco/skill/2aaad52d-599e-4e77-a681-bbc236825821 | http://data.europa.eu/esco/skill/8064ae65-5d1b-44e1-9aaf-246a4285a9a6,υιοθέτηση τρόπων μείωσης των αρνητικών επιπτώσεων της κατανάλωσης | αξιολόγηση των περιβαλλοντικών επιπτώσεων της προσωπικής συμπεριφοράς | τήρηση των νόμων και προτύπων περιβαλλοντικής προστασίας
KnowledgeSkillCompetence,http://data.europa.eu/esco/skill/94747ff4-603d-47d4-9780-bf53be41e190,επιθεώρηση βιομηχανικού εξοπλισμού,released,skill/competence,cross-sector,,"Επιθεώρηση του εξοπλισμού που χρησιμοποιείται κατά τη διάρκεια βιομηχανικών δραστηριοτήτων, όπως ο παραγωγικός ή ο κατασκευαστικός εξοπλισμός, προκειμένου να διασφαλιστεί ότι ο εξοπλισμός συμμορφώνεται με τη νομοθεσία για την υγεία, την ασφάλεια και το περιβάλλον.",http://data.europa.eu/esco/skill/6d0cad66-82dd-4854-a03a-68232942c68d,εγκατάσταση ξύλινων και μεταλλικών στοιχείων
KnowledgeSkillCompetence,http://data.europa.eu/esco/skill/956487a3-5b0b-4d03-8d0e-01e71fb65482,κοινωνικά ομόλογα,released,knowledge,sector-specific,ομόλογα κοινωνικού αντίκτυπου | ομόλογα pay-for-success | ομόλογα κοινωνικών παροχών | χρηματοδότηση για πληρωμή επιτυχίας,"Ένα σύνολο χρηματοδοτικών μέσων που αποσκοπούν στην άντληση κεφαλαίων για έργα με θετικά κοινωνικά αποτελέσματα και τα οποία παρέχουν απόδοση της επένδυσης μετά την επίτευξη συγκεκριμένων στόχων κοινωνικής πολιτικής. Τα κοινωνικά ομόλογα χρησιμοποιούνται γενικά για τη χρηματοδότηση έργων σε τομείς όπως οι οικονομικά προσιτές υποδομές, η πρόσβαση σε βασικές υπηρεσίες, τα προγράμματα απασχόλησης, η επισιτιστική ασφάλεια και τα βιώσιμα συστήματα τροφίμων.
	",http://data.europa.eu/esco/isced-f/0412,"χρηματοπιστωτικά, τράπεζες και ασφαλίσεις"
KnowledgeSkillCompetence,http://data.europa.eu/esco/skill/9582094d-e08c-4df2-a6f1-7c321724f273,φυσικοί πόροι διατροφής,released,knowledge,occupation-specific,,"Τοποθεσία, ποιότητα και παρασκευάσματα ασφαλών, βρώσιμων και πόσιμων φυσικών προϊόντων, όπως φρούτα, φυτά, κρέας και γλυκά ή ανακυκλωμένα ύδατα.",http://data.europa.eu/esco/isced-f/0721,επεξεργασία  τροφίμων
KnowledgeSkillCompetence,http://data.europa.eu/esco/skill/95bff246-c3ce-4181-a11b-e4363453c2f8,πρότυπα περιβαλλοντικής διαχείρισης,released,knowledge,cross-sector,ISO 14000 | περιβαλλοντικά συστήματα διαχείρισης | κανονισμοί περιβαλλοντικής διαχείρισης | ISO 14001,"Οι απαιτήσεις σύμφωνα με τις οποίες ένας οργανισμός οφείλει να εφαρμόζει το σύστημα περιβαλλοντικής διαχείρισης για τη βελτίωση των περιβαλλοντικών του επιδόσεων, όπως το πρότυπο ISO 14001.
	",http://data.europa.eu/esco/isced-f/0712,τεχνολογία προστασίας του περιβάλλοντος
KnowledgeSkillCompetence,http://data.europa.eu/esco/skill/96835f47-da71-415b-8cbf-d37386dc98d4,διενέργεια περιβαλλοντικών μελετών,released,skill/competence,cross-sector,,Διενέργεια ερευνών με σκοπό τη συλλογή πληροφοριών για την ανάλυση και τη διαχείριση περιβαλλοντικών κινδύνων εντός ενός οργανισμού ή σε ευρύτερο πλαίσιο.,http://data.europa.eu/esco/skill/7eafec38-621a-4b6e-9298-bfe70ec0b253,διεξαγωγή ακαδημαϊκής έρευνας ή έρευνας αγοράς
KnowledgeSkillCompetence,http://data.europa.eu/esco/skill/96d549bb-3e62-4c45-92a7-f114df089581,ανάλυση στρατηγικών της αλυσίδας εφοδιασμού,released,skill/competence,cross-sector,,"Εξέταση των στοιχείων σχεδιασμού της παραγωγής ενός οργανισμού, των αναμενόμενων παραγωγικών μονάδων, της ποιότητας, της ποσότητας, του κόστους, του χρόνου και των αναγκών σε εργατικό δυναμικό. Υποβολή προτάσεων για τη βελτίωση των προϊόντων, την ποιότητα των υπηρεσιών και τη μείωση του κόστους.",http://data.europa.eu/esco/skill/7dd94ad3-13d6-43fe-8b94-51fcbf67ced9 | http://data.europa.eu/esco/skill/bdcf429c-5ccf-4c3d-bb61-4c987573a35e | http://data.europa.eu/esco/skill/ec528c47-65f4-4187-9dc1-5a8889f84a06,κριτική σκέψη | επίδειξη επιχειρηματικού πνεύματος | ανάλυση επιχειρηματικών δραστηριοτήτων
KnowledgeSkillCompetence,http://data.europa.eu/esco/skill/96d901a6-c931-4e8d-b685-a47e1deaaa1b,εντοπισμός ενεργειακών αναγκών,released,skill/competence,sector-specific,,"Προσδιορισμός του είδους και της ποσότητας του ενεργειακού εφοδιασμού που είναι αναγκαία σε ένα κτίριο ή σε μια εγκατάσταση, προκειμένου να παρασχεθούν οι πλέον επωφελείς, βιώσιμες και οικονομικά αποδοτικές ενεργειακές υπηρεσίες για τον καταναλωτή.",http://data.europa.eu/esco/skill/b917784a-d7c9-437c-be6e-0de41067fa62,εκτίμηση των αναγκών σε πόρους
KnowledgeSkillCompetence,http://data.europa.eu/esco/skill/97725325-5287-4ebb-9f83-1ba2c38f465c,παραγωγή βιώσιμων προϊόντων,released,skill/competence,cross-sector,ανάπτυξη βιώσιμων προϊόντων | να παράγει βιώσιμα προϊόντα | παράγουν προϊόντα χαμηλού αντίκτυπου | κατασκευάζουν πράσινα προϊόντα | κατασκευή πράσινων προϊόντων,"Η παραγωγή αγαθών με βιώσιμο τρόπο καθ’ όλη τη διάρκεια του κύκλου ζωής του προϊόντος που περιλαμβάνει την προώθηση της κοινωνικής ευθύνης, τη διατήρηση των πόρων και την ελαχιστοποίηση των αρνητικών περιβαλλοντικών επιπτώσεων.
	",http://data.europa.eu/esco/skill/8064ae65-5d1b-44e1-9aaf-246a4285a9a6,τήρηση των νόμων και προτύπων περιβαλλοντικής προστασίας
KnowledgeSkillCompetence,http://data.europa.eu/esco/skill/97902800-f9e0-4a73-8826-6cc42f874a18,πράσινη εφοδιαστική,released,knowledge,cross-sector,οικολογική εφοδιαστική,Οι προσεγγίσεις και οι δραστηριότητες που αποσκοπούν στην ελαχιστοποίηση των οικολογικών επιπτώσεων των δραστηριοτήτων εφοδιαστικής.,http://data.europa.eu/esco/isced-f/0413 | http://data.europa.eu/esco/skill/e843973c-23dd-416a-8a9c-9e89512542fb,διαχείριση και διοίκηση | εφοδιαστική
KnowledgeSkillCompetence,http://data.europa.eu/esco/skill/97b473ae-8535-498d-9999-cc77549c5e50,προσδιορισμός εγκατεστημένης πηγής για αντλίες θερμότητας,released,skill/competence,sector-specific,επιλέξτε πηγή για αντλίες θερμότητας,"Προσδιορισμός των διαθέσιμων πηγών θερμότητας και ενέργειας, επιλέγοντας μεταξύ των διαφόρων τύπων διαθέσιμων πηγών θερμότητας, λαμβανομένης υπόψη της επίδρασης της θερμοκρασίας της πηγής στην ενεργειακή απόδοση.
	",http://data.europa.eu/esco/skill/6ee936b0-4e0c-4e04-97c7-1f4ee9230d67,ανάπτυξη στόχων και στρατηγικών
KnowledgeSkillCompetence,http://data.europa.eu/esco/skill/982ccb23-102c-4d7a-a899-4df50a032def,εγκατάσταση συστημάτων παραγωγής ηλεκτρικής ενέργειας με συγκεντρωτικά κάτοπτρα,released,skill/competence,occupation-specific,τοποθέτηση συγκεντρωμένων συστημάτων ηλιακής ενέργειας | εγκατάσταση συμπυκνωμένου ηλιακού συστήματος | εγκατάσταση συστημάτων συγκεντρωμένης ηλιακής ενέργειας | εγκατάσταση συμπυκνωμένων συστημάτων ηλιακής ενέργειας | συγκεντρωμένη εγκατάσταση συστημάτων ηλιακής ενέργειας | εγκατάσταση συγκεντρωμένης ηλιακής ενέργειας | εγκατάσταση συμπυκνωμένων ηλιακών συστημάτων,"Εγκατάσταση συστημάτων που χρησιμοποιούν ανακλαστικά υλικά, όπως φακοί και κάτοπτρα, και συστημάτων ανίχνευσης για τη συγκέντρωση ηλιακού φωτός σε δέσμη, η οποία τροφοδοτεί μια μονάδα ηλεκτρικής ενέργειας μέσω παραγωγής θερμότητας.",http://data.europa.eu/esco/skill/b85caa4a-f04b-4331-80df-11404fd71225,"εγκατάσταση εξοπλισμού θέρμανσης, αερισμού και κλιματισμού"
KnowledgeSkillCompetence,http://data.europa.eu/esco/skill/988f696e-01c9-4aa5-b024-4aa96505ee0c,χειρισμός του εξοπλισμού θερμότητας υδάτων,released,skill/competence,sector-specific,,"Χειρισμός του εξοπλισμού θέρμανσης νερού, όπως ηλεκτρικός εξοπλισμός, εναλλάκτες θερμότητας, αντλίες θερμότητας και ηλιακοί θερμαντήρες.",http://data.europa.eu/esco/skill/8bf9699c-f964-4e4b-ac3d-55aface09cbc,χειρισμός εξοπλισμού παραγωγής ή διανομής ενέργειας
KnowledgeSkillCompetence,http://data.europa.eu/esco/skill/9920e559-e66c-44a8-b853-bf5c66f123fe,επιτήρηση συστημάτων βιολογικών φίλτρων,released,skill/competence,occupation-specific,,"Επιτήρηση των συστημάτων βιοφίλτρων που χρησιμοποιούνται για τον έλεγχο της ρύπανσης των υδάτων και του αέρα.
	",http://data.europa.eu/esco/skill/6d0cad66-82dd-4854-a03a-68232942c68d,εγκατάσταση ξύλινων και μεταλλικών στοιχείων
KnowledgeSkillCompetence,http://data.europa.eu/esco/skill/995f7d9c-45c9-4622-b704-739982ff9070,ανάπτυξη λεκανών απορροής,released,knowledge,sector-specific,,"Η μελέτη των σχετικών χαρακτηριστικών μιας λεκάνης απορροής με στόχο τη βιώσιμη κατανομή των πόρων της και τη διαδικασία δημιουργίας και εφαρμογής σχεδίων, προγραμμάτων και έργων για τη διατήρηση και την ενίσχυση των λειτουργιών της λεκάνης απορροής που επηρεάζουν τη χλωρίδα, την πανίδα και τις ανθρώπινες κοινότητες εντός των ορίων της λεκάνης απορροής.",http://data.europa.eu/esco/isced-f/0732,οικοδομές και έργα πολιτικού μηχανικού
KnowledgeSkillCompetence,http://data.europa.eu/esco/skill/9a354775-1a03-4258-a357-be4ab0a07465,κατασκευή πράσινων στεγών,released,skill/competence,sector-specific,,"Ανάπτυξη της βλάστησης στις στέγες, συνυπολογίζοντας την ύδρευση και την αποστράγγιση, τα φίλτρα και το έδαφος. Φύτευση κατάλληλων χορταριών και, ενδεχομένως, θάμνων και δέντρων. Δημιουργία πράσινης στέγης, σύμφωνα με τους κανονισμούς για την υγεία και την ασφάλεια.",http://data.europa.eu/esco/skill/b2c688b0-9106-466d-8b88-eafdfe608e7d,σχεδιασμός δομών ή εγκαταστάσεων
KnowledgeSkillCompetence,http://data.europa.eu/esco/skill/9b242812-7d88-4219-bac7-1195ecc4db51,συστήματα ανακυκλοφορίας,released,knowledge,sector-specific,,"Τα χαρακτηριστικά και η λειτουργία της πολύπλοκης κυκλοφορίας, των συστημάτων αερισμού και βιοφίλτρων.",http://data.europa.eu/esco/isced-f/0732,οικοδομές και έργα πολιτικού μηχανικού
KnowledgeSkillCompetence,http://data.europa.eu/esco/skill/9b5aa426-7daa-4143-8d70-c3623e8c7e60,σχεδιασμός συστημάτων παραθύρων και υαλοπινάκων,released,skill/competence,sector-specific,σχεδιασμός ενεργειακά αποδοτικών λύσεων για συστήματα παραθύρων και υαλοπινάκων,"Σχεδιασμός συστήματος παραθύρου/υαλοπίνακα για βέλτιστη άνεση και ενεργειακή απόδοση. Αξιολόγηση και σχεδιασμός του βέλτιστου συστήματος σκίασης και της στρατηγικής ελέγχου του.
	",http://data.europa.eu/esco/skill/883eab8c-d8a6-4e8b-9b11-7d9001e172ab,σχεδιασμός συστημάτων και προϊόντων
KnowledgeSkillCompetence,http://data.europa.eu/esco/skill/9be02d2d-9d45-400b-aa05-1e9aee7bd815,παραγωγή αιολικής ενέργειας σε μικρή κλίμακα,released,knowledge,sector-specific,ανεμογεννήτρια | μίνι αιολική ενέργεια | οικιακές ανεμογεννήτριες | μίνι ανεμογεννήτριες,"Μικρές ανεμογεννήτριες για επιτόπια παραγωγή ηλεκτρικής ενέργειας (σε στέγες κ.λπ.) και η συμβολή τους στην ενεργειακή απόδοση.
	",http://data.europa.eu/esco/skill/25fb676a-cf69-487d-a9c1-273c6f291b6a | http://data.europa.eu/esco/isced-f/0713,αιολική ενέργεια | ηλεκτρισμός και ενέργεια
KnowledgeSkillCompetence,http://data.europa.eu/esco/skill/9c07b3e2-b919-4594-b6f2-e01df6e9390f,σχεδιασμός μικροκλιμάτων σε κτίρια,released,skill/competence,sector-specific,σχεδιασμός μικροκλίματος nzeb | σχεδιασμός μικροκλίματος στο nzeb,"Συζήτηση και αξιολόγηση των κλιματικών και τοπικών συνθηκών στην τοποθεσία για την εφαρμογή βέλτιστων παθητικών στρατηγικών (μικροκλίμα και μακροκλίμα). Συνδυασμός διαφόρων στρατηγικών σχεδιασμού, συμπεριλαμβανομένων των κύριων στρατηγικών παθητικού σχεδιασμού, και αξιολόγηση των επιδόσεών τους στο πλαίσιο ενός συνολικού ενεργειακού σχεδιασμού των κτιρίων.
	",http://data.europa.eu/esco/skill/883eab8c-d8a6-4e8b-9b11-7d9001e172ab,σχεδιασμός συστημάτων και προϊόντων
KnowledgeSkillCompetence,http://data.europa.eu/esco/skill/9ccb56ee-3d5f-4d48-8692-8f96fe1e4adb,σύστημα ψύξης με ηλιακή απορρόφηση,released,knowledge,sector-specific,ηλιακή ψύξη απορρόφησης | σύστημα ψύξης ηλιακής απορρόφησης | ηλιακή ψύξη | ηλιακή απορρόφηση ψύξης | ψύξη απορρόφησης ατμών,"Η ψύξη με ηλιακή απορρόφηση είναι ένα σύστημα ψύξης που ενεργοποιείται με τη θερμότητα και βασίζεται σε μια διεργασία απορρόφησης διαλύματος. Συμβάλλει στην ενεργειακή απόδοση.
	",http://data.europa.eu/esco/isced-f/0713,ηλεκτρισμός και ενέργεια
KnowledgeSkillCompetence,http://data.europa.eu/esco/skill/9cf2856d-0375-4ec3-a51f-7f9c82119859,συντήρηση συστημάτων ηλιακής ενέργειας,released,skill/competence,cross-sector,συντήρηση ηλιακών συλλεκτών | διατήρηση συστημάτων ηλιακής ενέργειας,"Δοκιμή των επιδόσεων των ηλιακών συλλεκτών, ανάγνωση των μετρητών για τον έλεγχο των δεικτών ηλεκτρικής ενέργειας, εντοπισμός και αποκατάσταση δυσλειτουργιών και, εάν χρειαστεί, καθαρισμός των συλλεκτών.",http://data.europa.eu/esco/skill/ab75d510-ac75-482d-b671-bb3bad741f07 | http://data.europa.eu/esco/skill/ec0401f1-f690-46be-934b-f6f5611085f5,"εκτέλεση μετρήσεων που συνδέονται με την εργασία | συντήρηση εξοπλισμού ηλεκτρικού, ηλεκτρονικού και ακριβείας"
KnowledgeSkillCompetence,http://data.europa.eu/esco/skill/9d04490c-cea5-4765-a15e-99c46b543c1d,συντονισμός αποστολής ανακυκλώσιμων υλικών,released,skill/competence,cross-sector,,Συντονισμός και επίβλεψη των αποστολών υλικών ανακύκλωσης. Επικοινωνία με επιχειρήσεις επεξεργασίας και μεσίτες αποστολών.,http://data.europa.eu/esco/skill/40f27736-0d98-4446-8234-11646e4f4bc3 | http://data.europa.eu/esco/skill/cfd5ab8f-ef8a-4877-8243-ddf17ac74604,επίβλεψη της εφοδιαστικής των τελειοποιημένων προϊόντων | σχεδιασμός εκδηλώσεων και προγραμμάτων
KnowledgeSkillCompetence,http://data.europa.eu/esco/skill/9d3490b2-a0e6-415b-81a4-a3a4a63268b0,διατήρηση της υγείας των φυτών,released,skill/competence,sector-specific,,Διαχείριση και υποστήριξη της συνολικής υγείας των φυτών. Εφαρμογή βιώσιμων τεχνικών κηπουρικής και ολοκληρωμένη διαχείριση επιβλαβών οργανισμών σε κήπους τόσο σε εξωτερικούς όσο και σε εσωτερικούς χώρους.,http://data.europa.eu/esco/skill/b7c82b1b-cff9-4641-a62f-e4e28395eade,καλλιέργεια γαιών και παραγωγή σοδιάς
KnowledgeSkillCompetence,http://data.europa.eu/esco/skill/9d75efb9-0c77-4f86-b5e7-99100808564a,καταπολέμηση των επιβλαβών οργανισμών στα φυτά,released,knowledge,cross-sector,,"Τύποι και χαρακτηριστικά των επιβλαβών οργανισμών στα φυτά και στις καλλιέργειες. Διάφορα είδη μεθόδων καταπολέμησης επιβλαβών οργανισμών, δραστηριότητες που χρησιμοποιούν συμβατικές ή βιολογικές μεθόδους, λαμβάνοντας υπόψη το είδος της φυτικής παραγωγής ή της σποράς, τις περιβαλλοντικές και κλιματικές συνθήκες και τους κανονισμούς για την υγεία και την ασφάλεια. Αποθήκευση και χειρισμός προϊόντων.",http://data.europa.eu/esco/isced-f/0811,φυτική και ζωική παραγωγή
KnowledgeSkillCompetence,http://data.europa.eu/esco/skill/9da6f4ba-24a0-485f-bf66-3f632387dcd9,επιτήρηση συστήματος κυκλοφορίας υδατοκαλλιέργειας,released,skill/competence,occupation-specific,,"Επιτήρηση συστημάτων κυκλοφορίας και αερισμού με ανάλυση χημείας νερού.
	",http://data.europa.eu/esco/skill/6d0cad66-82dd-4854-a03a-68232942c68d,εγκατάσταση ξύλινων και μεταλλικών στοιχείων
KnowledgeSkillCompetence,http://data.europa.eu/esco/skill/9dfab993-ecab-4292-9cb2-528a93eb3161,εφαρμογή τεχνικών μελέτης οικοτόπων,released,skill/competence,sector-specific,,"Εφαρμογή στρατηγικών δειγματοληψίας και χρησιμοποίηση διαφόρων τεχνικών έρευνας του οικοτόπου, όπως συστήματα γεωγραφικών πληροφοριών (GIS), παγκόσμια συστήματα προσδιορισμού θέσης (GPS), αεροφωτογράφηση, αρχεία και χάρτες.",http://data.europa.eu/esco/skill/d519fadd-85bf-475f-bf14-c53a0290687d,παρακολούθηση περιβαλλοντικών συνθηκών
KnowledgeSkillCompetence,http://data.europa.eu/esco/skill/9ecd4016-b9de-480d-8ec3-9881644f0eda,χρήση εργαλείων μέτρησης του ήχου,released,skill/competence,occupation-specific,,"Χειρισμός οργάνων όπως μορφοτροπέων και ηχομέτρων για τη μέτρηση των επιπέδων θορύβου σε ένα περιβάλλον, με σκοπό την πρόληψη της ηχορύπανσης.",http://data.europa.eu/esco/skill/c8f4aad2-ea23-49a2-9708-a6049c2d28ce | http://data.europa.eu/esco/skill/b92758d4-4591-4df1-9ceb-f907aa71ebd9,χρήση εξοπλισμού μέτρησης ακριβείας | χρήση εργαλείων μέτρησης
KnowledgeSkillCompetence,http://data.europa.eu/esco/skill/9f719da2-5ba8-46b8-b20b-3d5f59208f49,συστήματα εγκατάστασης ηλιακών συλλεκτών,released,knowledge,sector-specific,ηλιακά πάνελ | συστήματα στήριξης ηλιακών πάνελ | συστήματα εγκατάστασης ηλιακών θερμοσυσσωρευτών | συστήματα εγκατάστασης ηλιακών πάνελ | μηχανισμοί τοποθέτησης ηλιακών πάνελ | ηλιακοί συλλέκτες,"Διάφοροι τρόποι εγκατάστασης ηλιακών συλλεκτών, όπως επί στύλου, όπου οι ηλιακοί συλλέκτες στερεώνονται σε μια επιφάνεια, επί έρματος, όπου με τη χρήση βαρών οι συλλέκτες παραμένουν στη θέση τους, καθώς και με ηλιακή ιχνηλάτηση, όπου οι συλλέκτες τοποθετούνται πάνω σε μια κινούμενη επιφάνεια προκειμένου να ακολουθούν την κίνηση του ήλιου στον ουρανό και να συλλέγουν με βέλτιστο τρόπο την προσπíπτουσα ηλιακή ακτινοβολíα.",http://data.europa.eu/esco/isced-f/0713,ηλεκτρισμός και ενέργεια
KnowledgeSkillCompetence,http://data.europa.eu/esco/skill/9f763ac3-1d6c-48d2-ab54-324b1b144f40,διαχείριση της ποιότητας του αέρα,released,skill/competence,cross-sector,,"Παρακολούθηση, έλεγχος και διαχείριση της ποιότητας του αέρα, συμπεριλαμβανομένων διορθωτικών μέτρων.",http://data.europa.eu/esco/skill/d519fadd-85bf-475f-bf14-c53a0290687d,παρακολούθηση περιβαλλοντικών συνθηκών
KnowledgeSkillCompetence,http://data.europa.eu/esco/skill/a118a699-7258-48d1-bc45-45fc04f792c8,απειλές συστατικών,released,knowledge,sector-specific,,"Τα συστατικά και οι πιθανοί κίνδυνοι που θα μπορούσαν να βλάψουν τον άνθρωπο, τη χλωρίδα και την πανίδα. Λειτουργίες σε τύπους συστατικών.",http://data.europa.eu/esco/isced-f/0721,επεξεργασία  τροφίμων
KnowledgeSkillCompetence,http://data.europa.eu/esco/skill/a2723f98-0fb2-469b-8c79-7ad2d0f73660,διαχείριση των αποβλήτων των εγκαταστάσεων ορυχείων,released,skill/competence,sector-specific,,"Διασφάλιση της διάθεσης αποβλήτων των εγκαταστάσεων ορυχείων με ασφαλή, αποτελεσματικό και περιβαλλοντικά ορθό τρόπο.",http://data.europa.eu/esco/skill/2fb4b423-c1e4-407d-ba48-38032d8dcda2 | http://data.europa.eu/esco/skill/61d1dab2-6007-4b7c-9380-cd88207fa30f,διαχείριση των ορυκτών αποβλήτων | διάθεση μη επικίνδυνων αποβλήτων ή υπολειμμάτων
KnowledgeSkillCompetence,http://data.europa.eu/esco/skill/a28c96cd-a43d-4143-b992-903356d0923e,διαχείριση οικοτόπων,released,skill/competence,cross-sector,,Δημιουργία και διαχείριση φυσικών οικοτόπων.,http://data.europa.eu/esco/skill/8064ae65-5d1b-44e1-9aaf-246a4285a9a6,τήρηση των νόμων και προτύπων περιβαλλοντικής προστασίας
KnowledgeSkillCompetence,http://data.europa.eu/esco/skill/a3629b49-ef78-49ce-8538-033772d6e6ca,εκπόνηση μελέτης σκοπιμότητας σχετικά με τη συμπαραγωγή θερμότητας και ηλεκτρισμού,released,skill/competence,sector-specific,εκπόνηση μελέτης σκοπιμότητας για το σύστημα chp | κάντε μια μελέτη σκοπιμότητας για το σύστημα chp,"Διενέργεια αξιολόγησης και εκτίμησης της δυνατότητας συμπαραγωγής θερμότητας και ηλεκτρισμού. Εκπόνηση τυποποιημένης μελέτης για τον προσδιορισμό των τεχνικών απαιτήσεων, των κανονιστικών απαιτήσεων και του κόστους. Εκτίμηση της απαιτούμενης ηλεκτρικής ισχύος και της ζήτησης θέρμανσης, καθώς και της απαιτούμενης αποθήκευσης θερμότητας για τον προσδιορισμό των δυνατοτήτων συμπαραγωγής ηλεκτρισμού και θερμότητας μέσω καμπυλών φορτίου και διάρκειας φορτίου, και διεξαγωγή έρευνας για την υποστήριξη της διαδικασίας λήψης αποφάσεων.
	",http://data.europa.eu/esco/skill/d74df140-eb69-43e2-bac9-1cafc824d702 | http://data.europa.eu/esco/skill/ec528c47-65f4-4187-9dc1-5a8889f84a06,διενέργεια μελέτης σκοπιμότητας | ανάλυση επιχειρηματικών δραστηριοτήτων
KnowledgeSkillCompetence,http://data.europa.eu/esco/skill/a366bfc5-8d17-4792-a9f0-db0951528dda,παροχή συμβουλών σχετικά με συστήματα διαχείρισης περιβαλλοντικού κινδύνου,released,skill/competence,cross-sector,,Αξιολόγηση των απαιτήσεων και παροχή συμβουλών σχετικά με τα συστήματα διαχείρισης περιβαλλοντικού κινδύνου. Μέριμνα ώστε ο πελάτης να είναι σε θέση να αποτρέπει ή να περιορίζει τις δυσμενείς περιβαλλοντικές επιπτώσεις μέσω της χρήσης της τεχνολογίας. Εξασφάλιση των απαιτούμενων αδειών και εγκρίσεων.,http://data.europa.eu/esco/skill/045f71e6-0699-4169-8a54-9c6b96f3174d | http://data.europa.eu/esco/skill/0efbe2dc-2770-47ec-b8f4-d1bdff6ac0a4 | http://data.europa.eu/esco/skill/7e153e1d-2b12-43ad-89f3-0cf82ebc4a30 | http://data.europa.eu/esco/skill/b13e0689-636d-42d0-86c3-df9d6f85a882,παροχή συμβουλών σε άλλους | παροχή συμβουλών σχετικά με τη διαχείριση κινδύνου | διενέργεια ανάλυσης και διαχείρισης κινδύνων | διαχείριση του συστήματος περιβαλλοντικής διαχείρισης
KnowledgeSkillCompetence,http://data.europa.eu/esco/skill/a420a3ed-32a1-4ab8-b590-cba5a89bc8f8,ανάλυση εναλλακτικών τρόπων μετακίνησης,released,skill/competence,sector-specific,,"Ανάλυση των προοπτικών βελτίωσης της αποδοτικότητας της διαδρομής μέσω της μείωσης του χρόνου ταξιδίου με τροποποίηση των δρομολογίων και σχεδιασμό εναλλακτικών λύσεων.
	",http://data.europa.eu/esco/skill/d9013e0e-e937-43d5-ab71-0e917ee882b8 | http://data.europa.eu/esco/skill/8bc75dce-beba-40f9-93fc-66c9708ed74b | http://data.europa.eu/esco/skill/f2cf57fe-d4cb-4b4a-831d-73171cc73909,"διαχείριση χρόνου | παροχή συμβουλών σχετικά με βελτιώσεις της απόδοσης | αξιολόγηση συστημάτων, προγραμμάτων, εξοπλισμού και προϊόντων"
KnowledgeSkillCompetence,http://data.europa.eu/esco/skill/a5f836cc-7e6d-4f3d-a7ee-0146ebb84260,δημιουργία προγραμμάτων για τη βελτίωση του εδάφους και των φυτών,released,skill/competence,sector-specific,,Ανάπτυξη και παροχή συμβουλών σχετικά με την εφαρμογή προγραμμάτων για την υγεία και τη θρέψη των φυτών.,http://data.europa.eu/esco/skill/6ee936b0-4e0c-4e04-97c7-1f4ee9230d67,ανάπτυξη στόχων και στρατηγικών
KnowledgeSkillCompetence,http://data.europa.eu/esco/skill/a7573f65-d00c-417f-b952-441ebaeed675,δημιουργία σχεδίων προστασίας καλλιεργειών,released,skill/competence,sector-specific,,Παρακολούθηση των καλλιεργειών για θέματα σχετικά με την προστασία τους. Σχεδιασμός ολοκληρωμένων στρατηγικών ελέγχου. Αξιολόγηση των συνεπειών της εφαρμογής φυτοφαρμάκων. Συμμόρφωση με τις εξελίξεις στον τομέα της βιοτεχνολογίας και συμβολή στη μείωση της χρήσης χημικών ουσιών. Διαχείριση της ανθεκτικότητας στα φυτοφάρμακα.,http://data.europa.eu/esco/skill/8064ae65-5d1b-44e1-9aaf-246a4285a9a6,τήρηση των νόμων και προτύπων περιβαλλοντικής προστασίας
KnowledgeSkillCompetence,http://data.europa.eu/esco/skill/a8429098-ddac-481b-91e7-688d021c092e,οικολογία,released,knowledge,cross-sector,,Μελέτη της αλληλεπίδρασης των οργανισμών και της σχέσης τους με το περιβάλλον.,http://data.europa.eu/esco/isced-f/0521,περιβαλλοντικές επιστήμες
KnowledgeSkillCompetence,http://data.europa.eu/esco/skill/a8f1c3cf-bd8b-4c85-80d3-c69955f6bd00,τεχνικές κλάδευσης,released,knowledge,sector-specific,τεχνικές κλαδέματος,Οι τεχνικές επιλεκτικής αφαίρεσης μερών δέντρων και φυτών με σκοπό την προώθηση της καλύτερης ανάπτυξης και της αναγέννησης.,http://data.europa.eu/esco/isced-f/0812,κηπευτική παραγωγή
KnowledgeSkillCompetence,http://data.europa.eu/esco/skill/a929f335-e5b9-4f8f-a052-0a8b166d595c,μέθοδοι παραγωγής γεωθερμικής ενέργειας,released,knowledge,occupation-specific,,"Διάφοροι τρόποι για την εξόρυξη της θερμικής ενέργειας που είναι αποθηκευμένη στη γη με σκοπό την παραγωγή ηλεκτρικής ενέργειας με την άντληση ατμού για την ενεργοποίηση στροβίλων, με την άντληση ζεστού νερού και τη μετατροπή του σε ατμό ή με τη χρήση δυαδικού συστήματος το οποίο μετατρέπει ένα δευτερεύον υγρό σε ατμό.",http://data.europa.eu/esco/isced-f/0713,ηλεκτρισμός και ενέργεια
KnowledgeSkillCompetence,http://data.europa.eu/esco/skill/a94dbd21-611b-4540-9ce0-66db8e8f6ed8,διαχείριση ακτών,released,knowledge,sector-specific,στρατηγικές διαχείρισης των ακτών | στρατηγικές διαχείρισης των παράκτιων ζωνών,"Η διαδικασία επίτευξης και διατήρησης ισορροπίας μεταξύ των φυσικών φαινομένων και των ανθρώπινων δραστηριοτήτων στις παράκτιες περιοχές.
	",http://data.europa.eu/esco/isced-f/0521,περιβαλλοντικές επιστήμες
KnowledgeSkillCompetence,http://data.europa.eu/esco/skill/a9c1a772-8ef6-4dd7-93a4-c6bbf3293688,δεοντολογικός κώδικας για μια υπεύθυνη αλιεία,released,knowledge,cross-sector,κώδικας ορθής συμπεριφοράς για μια υπευθύνως ασκούμενη αλιεία,"Ο δεοντολογικός κώδικας του Οργανισμού των Ηνωμένων Εθνών για τα τρόφιμα και τη γεωργία (FAO), για μια υπεύθυνη αλιεία και των κατευθυντήριων γραμμών που έχουν θεσπιστεί για τους επαγγελματίες ψαράδες.",http://data.europa.eu/esco/isced-f/0831,αλιεία
KnowledgeSkillCompetence,http://data.europa.eu/esco/skill/aaa84f7f-4006-4d9b-81e0-e8eeacdde025,εκπόνηση μελέτης σκοπιμότητας για την ενέργεια βιοαερίου,released,skill/competence,sector-specific,εκπόνηση μελέτης σκοπιμότητας για την ενέργεια από βιοαέριο | κάνει μια μελέτη σκοπιμότητας για την ενέργεια του βιοαερίου,"Διενέργεια αξιολόγησης και εκτίμησης των δυνατοτήτων παραγωγής βιοαερίου από απόβλητα υλικά. Εκπόνηση τυποποιημένης μελέτης για τον προσδιορισμό του συνολικού κόστους της ιδιοκτησίας, καθώς και των πλεονεκτημάτων και μειονεκτημάτων της χρήσης αυτής της μορφής ενέργειας, και διεξαγωγή έρευνας για την υποστήριξη της διαδικασίας λήψης αποφάσεων.
	",http://data.europa.eu/esco/skill/d74df140-eb69-43e2-bac9-1cafc824d702 | http://data.europa.eu/esco/skill/ec528c47-65f4-4187-9dc1-5a8889f84a06,διενέργεια μελέτης σκοπιμότητας | ανάλυση επιχειρηματικών δραστηριοτήτων
KnowledgeSkillCompetence,http://data.europa.eu/esco/skill/aac9e93a-106a-4cdc-8d27-ac3a9ffce0ac,Διεθνής Σύμβαση για την πρόληψη της ρύπανσης από πλοία,released,knowledge,cross-sector,,"Οι θεμελιώδεις αρχές και απαιτήσεις του διεθνούς κανονισμού για την πρόληψη της ρύπανσης από πλοία (MARPOL): Κανονισμοί για την πρόληψη της ρύπανσης από πετρέλαιο, κανονισμοί για τον έλεγχο της ρύπανσης από επιβλαβείς υγρές ουσίες χύμα, πρόληψη της ρύπανσης από επιβλαβείς ουσίες σε συσκευασμένη μορφή, πρόληψη της ρύπανσης από λύματα πλοίων, πρόληψη ρύπανσης από απορρίμματα πλοίων, πρόληψη της ρύπανσης του αέρα από πλοία.",http://data.europa.eu/esco/skill/243ffeb4-3395-4e39-9cf0-695be5b142aa | http://data.europa.eu/esco/isced-f/0421,ναυτικό δίκαιο | δίκαιο
KnowledgeSkillCompetence,http://data.europa.eu/esco/skill/aadf267e-08f0-4bf3-ae4a-f1670b8e9e5d,τεχνολογίες υπεράκτιων ανανεώσιμων πηγών ενέργειας,released,knowledge,sector-specific,θαλάσσιες τεχνολογίες ανανεώσιμων πηγών ενέργειας | τεχνολογίες για υπεράκτιες ανανεώσιμες πηγές ενέργειας | τεχνολογίες για θαλάσσιες ανανεώσιμες πηγές ενέργειας,"Οι διάφορες τεχνολογίες που χρησιμοποιούνται για την εφαρμογή των θαλάσσιων ανανεώσιμων πηγών ενέργειας σε αυξανόμενο βαθμό, όπως οι ανεμογεννήτριες, οι γεννήτριες κυμάτων και οι παλιρροϊκές γεννήτριες, τα πλωτά φωτοβολταϊκά, οι υδροκρατικές γεννήτριες και η μετατροπή της ωκεάνιας θερμικής ενέργειας (OTEC).
	",http://data.europa.eu/esco/isced-f/0713,ηλεκτρισμός και ενέργεια
KnowledgeSkillCompetence,http://data.europa.eu/esco/skill/ab0deac2-b872-45c8-ad65-657938d2fe79,λειτουργία ηλιακών θερμικών συστημάτων για ζεστό νερό και θέρμανση,released,skill/competence,sector-specific,ηλιακά συστήματα θερμικής ενέργειας | διαχείριση της λειτουργίας ηλιοθερμικών συστημάτων για ζεστό νερό και θέρμανση | χειρισμός των ηλιακών συλλεκτών σωλήνων | συλλέκτες ηλιακών σωλήνων,"Χρήση συστημάτων ηλιακών συλλεκτών για την παραγωγή και αποθήκευση πόσιμου νερού οικιακής χρήσης και για θέρμανση, και η συμβολή τους στην ενεργειακή απόδοση.
	",http://data.europa.eu/esco/skill/8bf9699c-f964-4e4b-ac3d-55aface09cbc,χειρισμός εξοπλισμού παραγωγής ή διανομής ενέργειας
KnowledgeSkillCompetence,http://data.europa.eu/esco/skill/ab1cb4c3-8a39-4e26-aa53-6e0680eb08dc,οικιακά συστήματα ψύξης,released,knowledge,sector-specific,συστήματα ψύξης | συστήματα κλιματισμού | συστήματα ψύξης στο σπίτι | οικιακή ψύξη,"Τα σύγχρονα και παραδοσιακά συστήματα ψύξης, όπως ο κλιματισμός, ο εξαερισμός ή η ψύξη με ακτινοβολία, και οι σχετικές αρχές εξοικονόμησης ενέργειας.
	",http://data.europa.eu/esco/isced-f/0713,ηλεκτρισμός και ενέργεια
KnowledgeSkillCompetence,http://data.europa.eu/esco/skill/ae6d655d-bbce-4701-ba04-d687cfa90eda,διαφύλαξη της βιοποικιλότητας,released,skill/competence,sector-specific,,"Προστασία της βιοποικιλότητας μεταξύ των ζώων, των φυτών και των μικροοργανισμών με την υιοθέτηση περιβαλλοντικά βιώσιμων δράσεων, όπως η διατήρηση των φυσικών οικοτόπων και η διατήρηση της φύσης.
	",http://data.europa.eu/esco/skill/d168d98c-b7bb-4b9a-b1dc-eac008af4df3 | http://data.europa.eu/esco/skill/8064ae65-5d1b-44e1-9aaf-246a4285a9a6,εφαρμογή σχεδίων δράσης για τη βιοποικιλότητα | τήρηση των νόμων και προτύπων περιβαλλοντικής προστασίας
KnowledgeSkillCompetence,http://data.europa.eu/esco/skill/aeb400b6-d38c-45cc-9252-3c6983c614bb,διενέργεια οικολογικών μελετών,released,skill/competence,sector-specific,,Διεξαγωγή επιτόπιων ερευνών για τη συλλογή πληροφοριών σχετικά με τον αριθμό και την κατανομή των έμβιων όντων.,http://data.europa.eu/esco/skill/7eafec38-621a-4b6e-9298-bfe70ec0b253,διεξαγωγή ακαδημαϊκής έρευνας ή έρευνας αγοράς
KnowledgeSkillCompetence,http://data.europa.eu/esco/skill/afdcb380-ef9f-4785-b877-cc551f035034,αγρονομία,released,knowledge,cross-sector,,Η μελέτη της γεωργικής παραγωγής σε συνδυασμό με την προστασία και την αποκατάσταση του φυσικού περιβάλλοντος. Περιλαμβάνει τις αρχές και μεθόδους της κριτικής επιλογής και τις κατάλληλες μεθόδους εφαρμογής για αειφόρο γεωργία.,http://data.europa.eu/esco/isced-f/0811,φυτική και ζωική παραγωγή
KnowledgeSkillCompetence,http://data.europa.eu/esco/skill/affb720b-98e7-4ae6-b833-b12e94fa8987,υδροπονία,released,knowledge,sector-specific,,"Η καλλιέργεια φυτών χωρίς τη χρήση εδάφους, με την εφαρμογή ανόργανων θρεπτικών διαλυμάτων.
	",http://data.europa.eu/esco/isced-f/0812,κηπευτική παραγωγή
KnowledgeSkillCompetence,http://data.europa.eu/esco/skill/b013ae1f-5efc-42b5-8dab-8a8add39bbd8,επιβολή κανονισμών για την αποθήκευση καυσίμων,released,skill/competence,sector-specific,,"Επιβολή των κανονισμών για την αποθήκευση καυσίμων, σύμφωνα με τις κυβερνητικές και τις περιβαλλοντικές πολιτικές και κανονισμούς.",http://data.europa.eu/esco/skill/802deca0-b880-4d1a-b366-e13b27621baf,συμμόρφωση με επιχειρησιακές διαδικασίες
KnowledgeSkillCompetence,http://data.europa.eu/esco/skill/b115cabc-c030-45b2-ac8e-922d45716183,μετατροπή της βιομάζας,released,knowledge,sector-specific,,"Διαδικασία μετατροπής κατά την οποία το βιολογικό υλικό μετατρέπεται σε θερμότητα μέσω καύσης ή βιοκαυσίμων, μέσω χημικών, θερμικών και βιοχημικών μεθόδων.",http://data.europa.eu/esco/skill/e9ff446f-6a8a-4e35-a611-176508964be3 | http://data.europa.eu/esco/skill/609d6bb4-db16-4578-87fc-57b11a701cc2 | http://data.europa.eu/esco/isced-f/0512,εναλλακτικά καύσιμα | βιοοικονομία | βιοχημεία
KnowledgeSkillCompetence,http://data.europa.eu/esco/skill/b13e0689-636d-42d0-86c3-df9d6f85a882,διαχείριση του συστήματος περιβαλλοντικής διαχείρισης,released,skill/competence,cross-sector,,Ανάπτυξη και εφαρμογή συστήματος περιβαλλοντικής διαχείρισης.,http://data.europa.eu/esco/skill/4c3ab565-747c-4db3-8c47-79e8d6f98cf4 | http://data.europa.eu/esco/skill/8064ae65-5d1b-44e1-9aaf-246a4285a9a6,υιοθέτηση τρόπων μείωσης των αρνητικών επιπτώσεων της κατανάλωσης | τήρηση των νόμων και προτύπων περιβαλλοντικής προστασίας
KnowledgeSkillCompetence,http://data.europa.eu/esco/skill/b1b118c4-3291-484e-b64d-6d51fd5da8b3,μηχανική περιβάλλοντος,released,knowledge,cross-sector,περιβαλλοντική τεχνική,"Η εφαρμογή επιστημονικών και μηχανικών θεωριών και αρχών που αποσκοπούν στη βελτίωση του περιβάλλοντος και της βιωσιμότητας, όπως η παροχή καθαρών αγαθών ενδιαίτησης (όπως ο αέρας, το νερό και η γη) για τους ανθρώπους και άλλους οργανισμούς, η περιβαλλοντική αποκατάσταση σε περίπτωση ρύπανσης, η ανάπτυξη βιώσιμης ενέργειας και η βελτίωση των μεθόδων διαχείρισης αποβλήτων και μείωσης αποβλήτων.",http://data.europa.eu/esco/isced-f/0712,τεχνολογία προστασίας του περιβάλλοντος
KnowledgeSkillCompetence,http://data.europa.eu/esco/skill/b21072bc-7c50-4ec7-a822-5233e9363b53,κίνδυνοι μόλυνσης παρασκευασμένων ζωοτροφών,released,knowledge,sector-specific,,Οι κίνδυνοι μόλυνσης και αλλοίωσης που συνδέονται με τις ζωοτροφές. Πρόληψη και ενέργειες.,http://data.europa.eu/esco/isced-f/0811,φυτική και ζωική παραγωγή
KnowledgeSkillCompetence,http://data.europa.eu/esco/skill/b25c3eb8-fd63-4d77-8308-7061dbd271c1,διαφύλαξη των φυσικών πόρων,released,skill/competence,sector-specific,,Προστασία των υδάτων και των φυσικών πόρων και συντονισμός των δράσεων. Συνεργασία με περιβαλλοντικές υπηρεσίες και προσωπικό διαχείρισης πόρων.,http://data.europa.eu/esco/skill/8064ae65-5d1b-44e1-9aaf-246a4285a9a6,τήρηση των νόμων και προτύπων περιβαλλοντικής προστασίας
KnowledgeSkillCompetence,http://data.europa.eu/esco/skill/b2b970ad-0276-4069-ba31-899a53191b95,συστήματα βιολογικών φίλτρων,released,knowledge,occupation-specific,,Οι τεχνικές που χρησιμοποιούνται για τον έλεγχο της ρύπανσης μέσω διαδικασιών βιοδιήθησης.,http://data.europa.eu/esco/isced-f/0712,τεχνολογία προστασίας του περιβάλλοντος
KnowledgeSkillCompetence,http://data.europa.eu/esco/skill/b2f05068-c409-43ec-ba58-b5dfe991ca5e,παροχή συμβουλών σχετικά με την εταιρική κοινωνική ευθύνη,released,skill/competence,occupation-specific,,"Ενημέρωση του κοινού σχετικά με την κοινωνική ευθύνη των εταιρειών και των οργανισμών στην κοινωνία και παροχή συμβουλών σχετικά με τα θέματα για την παράταση της βιωσιμότητάς τους.
	",http://data.europa.eu/esco/skill/062a9fde-cd91-44f9-9a2f-9e2bc3b281fd,παροχή συμβουλών για περιβαλλοντικά ζητήματα
KnowledgeSkillCompetence,http://data.europa.eu/esco/skill/b30c2dd2-996c-4984-9c68-ce05bf26f1e1,εκπαίδευση του προσωπικού σχετικά με προγράμματα ανακύκλωσης,released,skill/competence,cross-sector,,Εκπαίδευση των υπαλλήλων σχετικά με το είδος των μεθόδων και των προγραμμάτων ανακύκλωσης που είναι διαθέσιμα σε μια εταιρεία καθώς και σχετικά με όλες τις διαδικασίες και τις πολιτικές της οι οποίες θα πρέπει να λαμβάνονται υπόψη.,http://data.europa.eu/esco/skill/699e7c26-6502-4e78-a823-3656ff5a5b8b | http://data.europa.eu/esco/skill/9601b2a8-68e4-4906-9306-a23679b8f0b0 | http://data.europa.eu/esco/skill/6c4fa8c8-e9e1-49b5-897f-6b61fe649488,παροχή οδηγιών σε τρίτους | επιτήρηση του προσωπικού | κατάρτιση σχετικά με επιχειρησιακές διαδικασίες
KnowledgeSkillCompetence,http://data.europa.eu/esco/skill/b34f8562-9fcc-4e58-bd1c-8088ebadd315,παροχή συμβουλών σχετικά με τη διαφύλαξη του φυσικού περιβάλλοντος,released,skill/competence,sector-specific,,Παροχή πληροφοριών και προτεινόμενων δράσεων σχετικά με τη διαφύλαξη του φυσικού περιβάλλοντος.,http://data.europa.eu/esco/skill/045f71e6-0699-4169-8a54-9c6b96f3174d | http://data.europa.eu/esco/skill/062a9fde-cd91-44f9-9a2f-9e2bc3b281fd,παροχή συμβουλών σε άλλους | παροχή συμβουλών για περιβαλλοντικά ζητήματα
KnowledgeSkillCompetence,http://data.europa.eu/esco/skill/b422efe7-b151-4120-86ae-db11a48dd0fa,παροχή συμβουλών σχετικά με τη λήψη μέτρων περιβαλλοντικής αποκατάστασης,released,skill/competence,cross-sector,,Παροχή συμβουλών σχετικά με την ανάπτυξη και την υλοποίηση δράσεων που αποσκοπούν στην εξάλειψη των πηγών ρύπανσης και μόλυνσης από το περιβάλλον.,http://data.europa.eu/esco/skill/045f71e6-0699-4169-8a54-9c6b96f3174d | http://data.europa.eu/esco/skill/062a9fde-cd91-44f9-9a2f-9e2bc3b281fd,παροχή συμβουλών σε άλλους | παροχή συμβουλών για περιβαλλοντικά ζητήματα
KnowledgeSkillCompetence,http://data.europa.eu/esco/skill/b4db1a85-2488-4dc9-bd53-3dcb3f9deac7,αρχές γονιμοποίησης,released,knowledge,cross-sector,,"Η μελέτη των φυτών, της δομής του εδάφους, και των κλιματικών και περιβαλλοντικών παραγόντων κατά την αγρονομική παραγωγή.",http://data.europa.eu/esco/isced-f/0811,φυτική και ζωική παραγωγή
KnowledgeSkillCompetence,http://data.europa.eu/esco/skill/b552832c-ad26-4901-b76c-232a53c74aba,συντονισμός παραγωγής ηλεκτρικής ενέργειας,released,skill/competence,sector-specific,,Γνωστοποίηση της τρέχουσας ζήτησης για παραγωγή ηλεκτρικής ενέργειας σε εργαζομένους και εγκαταστάσεις παραγωγής ηλεκτρικής ενέργειας προκειμένου για τη διασφάλιση της ανάλογης αύξησης ή μείωσης της παραγωγής ηλεκτρικής ενέργειας.,http://data.europa.eu/esco/skill/75d8e5d9-bef3-418b-9011-01bff9f27207 | http://data.europa.eu/esco/skill/a19c5139-1250-4a60-9c31-a3243cca06cc,καθοδήγηση άλλων ατόμων | επικοινωνία με συναδέλφους και πελάτες
KnowledgeSkillCompetence,http://data.europa.eu/esco/skill/b55376e1-41c3-45f8-9b35-d3e7b1288a33,αξιολόγηση του οικολογικού αποτυπώματος οχημάτων,released,skill/competence,sector-specific,αξιολόγηση των εκπομπών CO2 του οχήματος | αξιολόγηση των εκπομπών αερίων του θερμοκηπίου των οχημάτων,"Αξιολόγηση του οικολογικού αποτυπώματος των οχημάτων και χρήση διαφόρων μεθόδων για την ανάλυση των εκπομπών αερίων του θερμοκηπίου, όπως οι εκπομπές CO2.
	",http://data.europa.eu/esco/skill/f7fc7bf8-f41d-44af-81e3-09b88e9779e6,δοκιμές ηλεκτρικών και μηχανικών συστημάτων ή εξοπλισμού
KnowledgeSkillCompetence,http://data.europa.eu/esco/skill/b589ce7c-588f-4045-be2d-9332c2d2278d,μηχανική επιφανειών,released,knowledge,cross-sector,,"Ο κλάδος της μηχανικής που μελετά τρόπους για την αντιμετώπιση της περιβαλλοντικής φθοράς, όπως διάβρωση και παραμόρφωση των επιφανειών των υλικών, αλλοιώνοντας τις ιδιότητες των επιφανειών και καθιστώντας τες ανθεκτικές προς το περιβάλλον στο οποίο θα χρησιμοποιηθούν.",http://data.europa.eu/esco/skill/b1b118c4-3291-484e-b64d-6d51fd5da8b3 | http://data.europa.eu/esco/isced-f/0712,μηχανική περιβάλλοντος | τεχνολογία προστασίας του περιβάλλοντος
KnowledgeSkillCompetence,http://data.europa.eu/esco/skill/b589fa82-f177-4cce-9fb4-31bbbebf792b,πράσινη χημεία,released,knowledge,sector-specific,βιώσιμη χημεία | οικολογική χημεία,"Η διαδικασία δημιουργίας χημικών προϊόντων που μειώνουν ή ακυρώνουν τις αρνητικές επιπτώσεις στο περιβάλλον οι οποίες προκαλούνται από τη χρήση επικίνδυνων ουσιών. Ακολουθεί όλες τις φάσεις της παραγωγής χημικών προϊόντων, από τον σχεδιασμό έως την κατασκευή και τη διάθεσή τους.
	",http://data.europa.eu/esco/isced-f/0711,χημική μηχανική και διαδικασίες
KnowledgeSkillCompetence,http://data.europa.eu/esco/skill/b70ab677-5781-40b5-9198-d98f4a34310f,τοξικολογία,released,knowledge,cross-sector,,"Οι αρνητικές επιπτώσεις των χημικών ουσιών σε ζωντανούς οργανισμούς, η δόση τους και την έκθεσή τους σε αυτές.",http://data.europa.eu/esco/isced-f/0512,βιοχημεία
KnowledgeSkillCompetence,http://data.europa.eu/esco/skill/b71fc6e4-14eb-488b-9f26-a7c15fd6d6e8,εκπόνηση μελέτης σκοπιμότητας για τη γεωθερμική ενέργεια,released,skill/competence,sector-specific,κάνει μια μελέτη σκοπιμότητας για τη γεωθερμική ενέργεια,"Διενέργεια αξιολόγησης και εκτίμησης του δυναμικού ενός συστήματος γεωθερμικής ενέργειας. Εκπόνηση τυποποιημένης μελέτης προκειμένου να προσδιοριστεί το κόστος, οι περιορισμοί και τα διαθέσιμα κατασκευαστικά στοιχεία, και διεξαγωγή έρευνας για την υποστήριξη της διαδικασίας λήψης αποφάσεων. Διερεύνηση του καλύτερου τύπου συστήματος σε συνδυασμό με τον διαθέσιμο τύπο αντλίας θερμότητας.
	",http://data.europa.eu/esco/skill/d74df140-eb69-43e2-bac9-1cafc824d702 | http://data.europa.eu/esco/skill/ec528c47-65f4-4187-9dc1-5a8889f84a06,διενέργεια μελέτης σκοπιμότητας | ανάλυση επιχειρηματικών δραστηριοτήτων
KnowledgeSkillCompetence,http://data.europa.eu/esco/skill/b7a26b32-c457-49aa-9a78-25ade10090e3,συντήρηση ανεμογεννητριών,released,skill/competence,sector-specific,επισκευή ανεμογεννητριών,"Εκτέλεση όλων των απαιτούμενων δραστηριοτήτων για τη διατήρηση των ανεμογεννητριών σε λειτουργική κατάσταση. Λίπανση κινητών στοιχείων όπως κιβώτια ταχυτήτων και έδρανα, έλεγχος των συνδέσεων εντός του συστήματος και επίλυση τυχόν σημαντικών ζητημάτων που ενδέχεται να προκύψουν.
	",http://data.europa.eu/esco/skill/ec0401f1-f690-46be-934b-f6f5611085f5,"συντήρηση εξοπλισμού ηλεκτρικού, ηλεκτρονικού και ακριβείας"
KnowledgeSkillCompetence,http://data.europa.eu/esco/skill/b8316819-feca-403d-902f-a86562fd91e9,ανάλυση επιχειρηματικών δικτύων μεταφοράς,released,skill/competence,cross-sector,,Ανάλυση διαφόρων επιχειρηματικών δικτύων μεταφοράς προκειμένου για την οργάνωση της αποτελεσματικότερης ρύθμισης των τρόπων μεταφοράς. Ανάλυση των δικτύων εκείνων που αποσκοπούν στην επίτευξη του χαμηλότερου κόστους και της μέγιστης δυνατής απόδοσης.,http://data.europa.eu/esco/skill/5da3c765-10a3-49eb-934c-ec401ceb1a34 | http://data.europa.eu/esco/skill/56042303-972b-41be-9310-58467599ff7e | http://data.europa.eu/esco/skill/1f2950c0-ef1e-44b4-9a55-125ccd7b78af,ανάλυση επιχειρηματικών σχεδίων | ανάλυση εταιρικών διαδικασιών | ανάλυση και αξιολόγηση πληροφοριών και δεδομένων
KnowledgeSkillCompetence,http://data.europa.eu/esco/skill/b970e437-2f8b-42e3-ae49-6718a0cca44f,επαναχρησιμοποίηση υδάτων,released,knowledge,cross-sector,,Αρχές σχετικά με τις διαδικασίες επαναχρησιμοποίησης υδάτων σε σύνθετα συστήματα κυκλοφορίας.,http://data.europa.eu/esco/isced-f/0732,οικοδομές και έργα πολιτικού μηχανικού
KnowledgeSkillCompetence,http://data.europa.eu/esco/skill/b9931096-a9b9-4db4-b210-6fcada68c2ff,συντονισμός μεταφοράς απόβλητων υλικών,released,skill/competence,occupation-specific,,"Οργάνωση της μεταφοράς επικίνδυνων ή μη επικίνδυνων αποβλήτων από τον χώρο του πελάτη σε εγκατάσταση επεξεργασίας, αποθήκευσης ή διάθεσης αποβλήτων και διασφάλιση της συμμόρφωσης όλων των διαδικασιών με την περιβαλλοντική νομοθεσία.",http://data.europa.eu/esco/skill/4c3ab565-747c-4db3-8c47-79e8d6f98cf4 | http://data.europa.eu/esco/skill/e6eeb84c-ad99-42e2-b883-e6ce338aef59,υιοθέτηση τρόπων μείωσης των αρνητικών επιπτώσεων της κατανάλωσης | επιχειρησιακός σχεδιασμός και σχεδιασμός παραγωγικής διαδικασίας
KnowledgeSkillCompetence,http://data.europa.eu/esco/skill/b9f67432-0057-4247-aa84-469f8c53b39d,προϊόντα αποβλήτων και υπολειμμάτων,released,knowledge,sector-specific,προϊόντα αποβλήτων και άχρηστων υλικών,"Τα απόβλητα και υπολείμματα προς διάθεση, και οι λειτουργικότητες, ιδιότητες τους και νομικές και κανονιστικές απαιτήσεις τους.",http://data.europa.eu/esco/skill/d6d3fee7-47e2-47f4-a0ec-6c75f28c6abd | http://data.europa.eu/esco/isced-f/1021,κατανόηση προϊόντων | δημόσια καθαριότητα
KnowledgeSkillCompetence,http://data.europa.eu/esco/skill/ba54cf3c-dd64-48ea-8a9d-ee621a05fb07,εκτίμηση της κατανάλωσης ενέργειας συστημάτων εξαερισμού,released,skill/competence,sector-specific,κάνει ενεργειακό υπολογισμό των συστημάτων εξαερισμού,"Υπολογισμός και αξιολόγηση της συνολικής χρήσης ενέργειας του συστήματος εξαερισμού όσον αφορά την κατανάλωση ηλεκτρικής ενέργειας, την απώλεια θερμότητας του συστήματος και του κτιρίου, σε ετήσια βάση, προκειμένου να επιλεγεί μια προσαρμοσμένη ιδέα.
	",http://data.europa.eu/esco/skill/f5f15f9c-6334-4728-8dc5-3a20a00dfc37,εκτέλεση υπολογισμών
KnowledgeSkillCompetence,http://data.europa.eu/esco/skill/ba8b530e-8f6f-4667-b734-3358797c0595,έγκριση τύπου οχήματος,released,knowledge,sector-specific,Σύστημα έγκρισης τύπου ολικού οχήματος | ομολογιοποίηση αυτοκινήτου | Έγκριση τύπου ΕΕ,"Η διαδικασία με την οποία πιστοποιείται ότι ένα όχημα ή τα συστήματα και τα κατασκευαστικά στοιχεία του πληρούν τις απαιτήσεις που ορίζονται από τα ισχύοντα περιβαλλοντικά, διοικητικά και τεχνικά πρότυπα και κανονισμούς.
	",http://data.europa.eu/esco/isced-f/1041,υπηρεσίες μεταφορών
KnowledgeSkillCompetence,http://data.europa.eu/esco/skill/bb4f3174-8d64-478b-8d9b-5f37cbf557b7,διαχείριση των ροών επισκεπτών σε φυσικές προστατευόμενες περιοχές,released,skill/competence,sector-specific,,"Καθοδήγηση των ροών επισκεπτών σε φυσικές προστατευόμενες περιοχές, ώστε να ελαχιστοποιείται ο μακροπρόθεσμος αντίκτυπος των επισκεπτών και να διασφαλίζεται η διατήρηση της τοπικής χλωρίδας και πανίδας, σύμφωνα με τους περιβαλλοντικούς κανονισμούς.
	",http://data.europa.eu/esco/skill/15fa3879-ac0e-46e6-ae36-609bae9c19c3,παρακολούθηση επιχειρησιακών δραστηριοτήτων
KnowledgeSkillCompetence,http://data.europa.eu/esco/skill/bb859329-0cd8-45c0-a09f-48b6dcd9fc1a,προστασία των δένδρων,released,skill/competence,sector-specific,,Διατήρηση των δένδρων λαμβάνοντας υπόψη την υγεία και την κατάσταση των δένδρων και τα σχέδια για τη διατήρηση και την προστασία της περιοχής. Σε αυτήν περιλαμβάνεται η κοπή δένδρων ή κλαδιών με εφαρμογή των γνώσεων σχετικά με τη βιολογία του δέντρου.,http://data.europa.eu/esco/skill/8df12fb1-7f41-4068-8d05-007e8fec8f33 | http://data.europa.eu/esco/skill/8064ae65-5d1b-44e1-9aaf-246a4285a9a6,διαφύλαξη των δασών | τήρηση των νόμων και προτύπων περιβαλλοντικής προστασίας
KnowledgeSkillCompetence,http://data.europa.eu/esco/skill/bbfb0e36-807c-492f-bed2-267224ba7bc7,διεξαγωγή έρευνας για την πρόληψη της σπατάλης τροφίμων,released,skill/competence,cross-sector,διεξαγωγή έρευνας για τη μείωση της σπατάλης τροφίμων | ανάλυση δεδομένων σχετικά με την πρόληψη της σπατάλης τροφίμων και τη συγκριτική μείωση του κόστους των τροφίμων,"Διερεύνηση και αξιολόγηση μεθόδων, εξοπλισμού και κόστους για τη μείωση και τη διαχείριση της σπατάλης τροφίμων. Παρακολούθηση των καταγεγραμμένων δεδομένων μετρήσεων και προσδιορισμός τομέων που επιδέχονται βελτίωση όσον αφορά την πρόληψη της σπατάλης τροφίμων.
	",http://data.europa.eu/esco/skill/7eafec38-621a-4b6e-9298-bfe70ec0b253,διεξαγωγή ακαδημαϊκής έρευνας ή έρευνας αγοράς
KnowledgeSkillCompetence,http://data.europa.eu/esco/skill/bc70f963-c1c0-49a5-b940-3e28e163db45,σχεδιασμός μέτρων για τη διαφύλαξη της πολιτιστικής κληρονομιάς,released,skill/competence,sector-specific,,"Εκπόνηση σχεδίων προστασίας προς εφαρμογή έναντι απροσδόκητων καταστροφών με σκοπό τη μείωση των επιπτώσεων στην πολιτιστική κληρονομιά όπως κτίρια, κατασκευές ή τοπία.
	",http://data.europa.eu/esco/skill/164510d1-1216-4dc0-b9d1-a7f6af19e469,εκπόνηση σχεδίων έκτακτης ανάγκης και αντιμετώπισης έκτακτων περιστατικών
KnowledgeSkillCompetence,http://data.europa.eu/esco/skill/bc97c755-2174-4d02-adaf-21b8b1863742,διαχείριση των περιβαλλοντικών πτυχών των εσωτερικών πλωτών μεταφορών,released,skill/competence,sector-specific,διαχείριση των οικολογικών επιπτώσεων της εσωτερικής ναυσιπλοΐας | διαχείριση των οικολογικών επιπτώσεων των εσωτερικών πλωτών μεταφορών | διαχείριση των περιβαλλοντικών πτυχών της ναυσιπλοΐας στις εσωτερικές πλωτές οδούς | αντιμετώπιση περιβαλλοντικών παραμέτρων στις εσωτερικές πλωτές μεταφορές | αξιολόγηση των επιπτώσεων της ναυσιπλοΐας στις εσωτερικές πλωτές οδούς στο περιβάλλον | αντιμετώπιση περιβαλλοντικών ζητημάτων στις εσωτερικές πλωτές μεταφορές,"Η εξέταση των οικολογικών πτυχών στη λειτουργία των πλοίων, προκειμένου να χρησιμοποιούνται τα σκάφη με αποτελεσματικό και φιλικό προς το περιβάλλον τρόπο. Κατανόηση των περιβαλλοντικών πτυχών κατά την πλοήγηση σε εσωτερικές πλωτές οδούς.",http://data.europa.eu/esco/skill/8064ae65-5d1b-44e1-9aaf-246a4285a9a6,τήρηση των νόμων και προτύπων περιβαλλοντικής προστασίας
KnowledgeSkillCompetence,http://data.europa.eu/esco/skill/bce60ecd-ceee-4dbd-b619-70c9789ec634,δοκιμή στεγανότητας και πίεσης ψυκτικών κυκλωμάτων,released,skill/competence,occupation-specific,εκτέλεση δοκιμής κενού | εκτέλεση δοκιμής πίεσης αζώτου | δοκιμή πίεσης ψύξης,"Διενέργεια δοκιμών πίεσης του συστήματος σε εξοπλισμό ψύξης, κλιματισμού ή αντλιών θερμότητας με τη χρήση αντλίας πεπιεσμένου αερίου και αντλίας κενού για τον έλεγχο της στεγανότητας του ψυκτικού κυκλώματος και των μερών του.
	",http://data.europa.eu/esco/skill/a7065828-10aa-4aba-b7d4-f23a30df5060,"εγκατάσταση και επισκευή εξοπλισμού ηλεκτρικού, ηλεκτρονικού και ακριβείας"
KnowledgeSkillCompetence,http://data.europa.eu/esco/skill/bd70f004-e1d6-43f0-96f1-59c014a4ea01,συντονισμός των περιβαλλοντικών προσπαθειών,released,skill/competence,cross-sector,,"Οργάνωση και ενσωμάτωση όλων των περιβαλλοντικών προσπαθειών της εταιρείας, συμπεριλαμβανομένων του ελέγχου της ρύπανσης, της ανακύκλωσης, της διαχείρισης αποβλήτων, της περιβαλλοντικής υγείας, της διατήρησης και της ανανεώσιμης ενέργειας.",http://data.europa.eu/esco/skill/4c3ab565-747c-4db3-8c47-79e8d6f98cf4 | http://data.europa.eu/esco/skill/8064ae65-5d1b-44e1-9aaf-246a4285a9a6,υιοθέτηση τρόπων μείωσης των αρνητικών επιπτώσεων της κατανάλωσης | τήρηση των νόμων και προτύπων περιβαλλοντικής προστασίας
KnowledgeSkillCompetence,http://data.europa.eu/esco/skill/be973dc1-6aa9-4aed-954c-644affe78639,τοποθέτηση ταινιών μόνωσης,released,skill/competence,cross-sector,,"Τοποθέτηση ταινιών μόνωσης, οι οποίες εμποδίζουν την ανταλλαγή αέρα μεταξύ εσωτερικών και εξωτερικών χώρων.",http://data.europa.eu/esco/skill/0edd863d-b02d-4714-a1a2-835d6dd23c55,εγκατάσταση μονωτικών υλικών
KnowledgeSkillCompetence,http://data.europa.eu/esco/skill/bed97655-cb0c-4f05-bfd7-9a79d058619d,προγράμματα για την προστασία της άγριας πανίδας και χλωρίδας,released,knowledge,sector-specific,,"Έργα για τη συντήρηση της άγριας πανίδας και χλωρίδας και των ζώων, τα οποία αποσκοπούν στην προστασία και τη διατήρηση των οικοσυστημάτων και των οικοτόπων ενός ευρέος φάσματος ζώων που απειλούνται από την αστικοποίηση.",http://data.europa.eu/esco/isced-f/0522,φυσικό περιβάλλον και  άγρια πανίδα και χλωρίδα
KnowledgeSkillCompetence,http://data.europa.eu/esco/skill/bf056c12-eaba-4f00-b5a9-c4add7f841f3,υλικά τοπίου,released,knowledge,sector-specific,,"Πεδίο πληροφοριών που διαφοροποιεί ορισμένα απαιτούμενα υλικά, όπως υπολείμματα ξυλείας και τεμαχίδια ξύλου, τσιμέντο, χαλίκια και εδάφη, για τον εξωραϊσμό των τοπίων.",http://data.europa.eu/esco/isced-f/0812,κηπευτική παραγωγή
KnowledgeSkillCompetence,http://data.europa.eu/esco/skill/bf4779c9-ce55-4110-a996-a7014ca3f1f9,πράσινες τεχνολογίες αυτοκινητοβιομηχανίας,released,knowledge,sector-specific,οικολογικές τεχνολογίες αυτοκινητοβιομηχανίας | λύσεις βιώσιμης κινητικότητας,"Τεχνολογίες που καθιστούν δυνατή την ανάπτυξη βιώσιμων πρακτικών στην αυτοκινητοβιομηχανία. Επικεντρώνονται στη μείωση των αρνητικών επιπτώσεων της εν λόγω βιομηχανίας στο περιβάλλον, όπως η ατμοσφαιρική ρύπανση ή η χρήση μη ανανεώσιμων πηγών ενέργειας, καθώς και στη χρήση πράσινων μεθόδων κατά τον σχεδιασμό και την κατασκευή προϊόντων αυτοκινητοβιομηχανίας.
	",http://data.europa.eu/esco/isced-f/0712,τεχνολογία προστασίας του περιβάλλοντος
KnowledgeSkillCompetence,http://data.europa.eu/esco/skill/bf9a2403-850d-4dd3-b266-edaabebc8ab0,αξιολόγηση του ολοκληρωμένου σχεδιασμού κτιρίων,released,skill/competence,sector-specific,ανάλυση ολοκληρωμένου σχεδιασμού,"Χρήση σκοπών και στόχων ως μέσου μέτρησης της επιτυχίας των προτάσεων σχεδιασμού. Εφαρμογή, συνδυασμός και αξιολόγηση προηγμένων μεθόδων για την ανάλυση της αλληλεπίδρασης μεταξύ ενεργειακών συστημάτων, αρχιτεκτονικών ιδεών, σχεδιασμού κτιρίων, χρήσης κτιρίων, εξωτερικού κλίματος και συστημάτων θέρμανσης, αερισμού και κλιματισμού (HVAC).
	",http://data.europa.eu/esco/skill/1f2950c0-ef1e-44b4-9a55-125ccd7b78af,ανάλυση και αξιολόγηση πληροφοριών και δεδομένων
KnowledgeSkillCompetence,http://data.europa.eu/esco/skill/bfa5427c-83ec-404f-8465-dd49b42fde8e,καθαρισμός επαναχρησιμοποιούμενης συσκευασίας,released,knowledge,sector-specific,,Μέθοδοι καθαρισμού και απολύμανσης των επαναχρησιμοποιούμενων συσκευασιών για την πρόληψη ή την εξάλειψη υπολειμμάτων οργανικής ή ανόργανης φύσης σε συσκευασίες.,http://data.europa.eu/esco/isced-f/1021,δημόσια καθαριότητα
KnowledgeSkillCompetence,http://data.europa.eu/esco/skill/c0133edf-845a-47bf-968b-bd4a5bd03bbf,χρήση εξοπλισμού θερμότητας υδατοκαλλιεργειών,released,skill/competence,sector-specific,,"Χειρισμός κατά περίπτωση εξοπλισμού θέρμανσης και αντλιών νερού, όπως ηλεκτρικοί θερμαντήρες, εναλλάκτες θερμότητας, αντλίες θερμότητας και ηλιακές αντλίες.",http://data.europa.eu/esco/skill/8bf9699c-f964-4e4b-ac3d-55aface09cbc,χειρισμός εξοπλισμού παραγωγής ή διανομής ενέργειας
KnowledgeSkillCompetence,http://data.europa.eu/esco/skill/c0ccbd15-36f3-4515-ae0b-b4062d225ee2,τήρηση των κανονισμών για τα απαγορευμένα υλικά,released,skill/competence,sector-specific,,"Συμμόρφωση με τους κανονισμούς για την απαγόρευση των βαρέων μετάλλων σε συγκολλητικά κράματα, των επιβραδυντικών φλόγας στα πλαστικά και των φθαλικών πλαστικοποιητών στα πλαστικά και στις μονώσεις των καλωδιώσεων, σύμφωνα με τις οδηγίες της ΕΕ για τον περιορισμό της χρήσης επικίνδυνων ουσιών/ΑΗΗΕ και τη νομοθεσία της Κίνας για τον περιορισμό των επικίνδυνων ουσιών.",http://data.europa.eu/esco/skill/35dc2a23-cdc3-4291-930f-927ba2911949,διασφάλιση της συμμόρφωσης με τη νομοθεσία
KnowledgeSkillCompetence,http://data.europa.eu/esco/skill/c1de3963-05eb-4e45-8496-58156a345fb1,μετατόπιση ζήτησης ενέργειας,released,skill/competence,sector-specific,,"Αντιμετώπιση της προσωρινής διακοπής της λειτουργίας των συστημάτων παραγωγής ηλεκτρικής ενέργειας, με τη μετατόπιση της ζήτησης ενέργειας. Στόχος είναι ο περιορισμός των διακοπών παροχής ρεύματος στους πελάτες κατά τη διάρκεια του εντοπισμού και της αντιμετώπισης συγκεκριμένων προβλημάτων.",http://data.europa.eu/esco/skill/8bf9699c-f964-4e4b-ac3d-55aface09cbc,χειρισμός εξοπλισμού παραγωγής ή διανομής ενέργειας
KnowledgeSkillCompetence,http://data.europa.eu/esco/skill/c214d86e-fbb8-45c0-87d4-f2cefc954057,επιλογή βιώσιμων τεχνολογιών στον σχεδιασμό,released,skill/competence,sector-specific,επιλέξτε βιώσιμες τεχνολογίες στο σχεδιασμό nzeb,"Παραγωγή ολιστικού σχεδιασμού, ο οποίος περιλαμβάνει παθητικά μέτρα που συμπληρώνονται από ενεργητικές τεχνολογίες με εύλογο τρόπο.
	",http://data.europa.eu/esco/skill/62afcfdd-a2a6-4143-bafb-59c77e15a01c | http://data.europa.eu/esco/skill/01c03003-516d-43c6-8477-45c472413521,παροχή συμβουλών σχετικά με προϊόντα και υπηρεσίες | παροχή συμβουλών σχετικά με κατασκευαστικά υλικά
KnowledgeSkillCompetence,http://data.europa.eu/esco/skill/c291df22-0d6b-4cea-8feb-11c350a33081,παρακολούθηση επιπέδων ακτινοβολίας,released,skill/competence,cross-sector,,"Χρήση εξοπλισμού και τεχνικών μέτρησης και δοκιμών για τον εντοπισμό των επιπέδων ακτινοβολίας ή ραδιενεργών ουσιών, με σκοπό τον έλεγχο της έκθεσης και την ελαχιστοποίηση των κινδύνων για την υγεία, την ασφάλεια και το περιβάλλον.",http://data.europa.eu/esco/skill/d519fadd-85bf-475f-bf14-c53a0290687d | http://data.europa.eu/esco/skill/d2d9051a-10e1-41c5-9cfb-bbdc58016176,παρακολούθηση περιβαλλοντικών συνθηκών | τήρηση προληπτικών μέτρων ασφάλειας στις πρακτικές εργασίας
KnowledgeSkillCompetence,http://data.europa.eu/esco/skill/c29fed5c-f03b-4389-b110-29b6db00cd01,διάθεση αποβλήτων που δεν προέρχονται από τρόφιμα στη βιομηχανία τροφίμων,released,skill/competence,sector-specific,,Διάθεση αποβλήτων που δεν προέρχονται από τρόφιμα στη βιομηχανία τροφίμων με την εφαρμογή περιβαλλοντικά αποδεκτών διαδικασιών για τη διάθεσή τους.,http://data.europa.eu/esco/skill/61d1dab2-6007-4b7c-9380-cd88207fa30f,διάθεση μη επικίνδυνων αποβλήτων ή υπολειμμάτων
KnowledgeSkillCompetence,http://data.europa.eu/esco/skill/c3108ed8-de97-41fc-9ff7-8c028e662734,βιοτεχνολογία στην υδατοκαλλιέργεια,released,knowledge,cross-sector,,Βιοτεχνολογία και αλυσιδωτές αντιδράσεις πολυμεράσης για μελέτες που σχετίζονται με βιώσιμες μεθόδους παραγωγής υδατοκαλλιεργειών.,http://data.europa.eu/esco/skill/61bef658-d7f9-4759-b1b0-0f9cb3bc581a | http://data.europa.eu/esco/isced-f/0831,βιοτεχνολογία | αλιεία
KnowledgeSkillCompetence,http://data.europa.eu/esco/skill/c33877c2-be85-458b-ab59-327c1c6a3507,επισκευή εξοπλισμού εξαερισμού,released,skill/competence,cross-sector,,"Επιθεώρηση του συστήματος εξαερισμού για την ανίχνευση βλαβών, καθαρισμός των αεραγωγών, αντικατάσταση των φίλτρων θέρμανσης και προγραμματισμός περαιτέρω συντήρησης ή επισκευών.",http://data.europa.eu/esco/skill/b85caa4a-f04b-4331-80df-11404fd71225,"εγκατάσταση εξοπλισμού θέρμανσης, αερισμού και κλιματισμού"
KnowledgeSkillCompetence,http://data.europa.eu/esco/skill/c36dc79e-3414-4283-a85d-f664a523837f,εκπαίδευση του κοινού σχετικά με τα άγρια ζώα και φυτά,released,skill/competence,cross-sector,,"Συνομιλίες με ομάδες ενηλίκων και παιδιών για τη διδασκαλία του τρόπου με τον οποίο μπορούν να απολαμβάνουν το δάσος χωρίς να προκαλούν ζημία σε αυτό ή στους ίδιους. Ομιλίες σε σχολεία ή συνομιλίες με συγκεκριμένες ομάδες νέων, εάν ζητηθεί. Ανάπτυξη και διδασκαλία προγραμμάτων που σχετίζονται με την προστασία της φύσης.",http://data.europa.eu/esco/skill/335be43a-3267-400e-b5cb-c9e234dc7544,διδασκαλία ακαδημαϊκών ή επαγγελματικών θεμάτων
KnowledgeSkillCompetence,http://data.europa.eu/esco/skill/c3ac5c4c-b4b9-4842-b871-43e12cfc0442,πράσινες οικοδομικές πρακτικές,released,knowledge,sector-specific,βιώσιμες μέθοδοι κατασκευής | ΚΣΜΚΕ (κτίρια σχεδόν μηδενικής κατανάλωσης ενέργειας) | nzeb (Nearly Zero Energy Building},"Οι πρακτικές που αφορούν τον σχεδιασμό και τη δημιουργία κτιριακών δομών με περιβαλλοντικά υπεύθυνο, οικονομικά αποδοτικό και αποδοτικό ως προς τους πόρους τρόπο. Οι πράσινες οικοδομικές πρακτικές, όπως η χρήση φιλικών προς το περιβάλλον δομικών υλικών, συμπληρώνουν τις κλασικές οικοδομικές πρακτικές που επιδιώκουν έναν βιώσιμο και υψηλών επιδόσεων κύκλο ζωής των κτιρίων.
	",http://data.europa.eu/esco/isced-f/0732,οικοδομές και έργα πολιτικού μηχανικού
KnowledgeSkillCompetence,http://data.europa.eu/esco/skill/c3bb5700-a94d-407a-8cd0-147727378f25,επιπτώσεις αστικής ρύπανσης,released,knowledge,sector-specific,,"Η συλλογή των ρύπων που δημιουργούνται από τις πόλεις και οι επιπτώσεις τους στον αέρα, το νερό και το έδαφος σε ολόκληρο το περιβάλλον. 
 
 
 ",http://data.europa.eu/esco/isced-f/0712,τεχνολογία προστασίας του περιβάλλοντος
KnowledgeSkillCompetence,http://data.europa.eu/esco/skill/c4867766-50f8-489e-98d7-262da5589c0a,ηλιακά προϊόντα,released,knowledge,cross-sector,φωτοβολταϊκά προϊόντα,"Οι ποικιλίες και τα βασικά χαρακτηριστικά των ηλιακών προϊόντων, όπως οι ηλιακοί συλλέκτες, οι ηλιακοί θερμαντήρες νερού ή οι ηλιακοί φορτιστές. Επιπλέον, η γνώση των λειτουργικών τους δυνατοτήτων, των κατασκευαστικών τους στοιχείων και των νομικών απαιτήσεων.
	",http://data.europa.eu/esco/skill/f8413360-6114-40de-a276-c59b764b9913 | http://data.europa.eu/esco/isced-f/0713,τεχνολογίες ανανεώσιμων πηγών ενέργειας | ηλεκτρισμός και ενέργεια
KnowledgeSkillCompetence,http://data.europa.eu/esco/skill/c4b03a17-a93e-4a8e-9846-4c4d469d4001,αγροοικολογία,released,knowledge,sector-specific,,"Η μελέτη και η εφαρμογή οικολογικών και αγρονομικών εννοιών και αρχών στα συστήματα γεωργικής παραγωγής.
	",http://data.europa.eu/esco/skill/a8429098-ddac-481b-91e7-688d021c092e | http://data.europa.eu/esco/isced-f/0811,οικολογία | φυτική και ζωική παραγωγή
KnowledgeSkillCompetence,http://data.europa.eu/esco/skill/c4ba12d1-4698-42fa-8abb-789462ea2586,προστασία του περιβάλλοντος από τον αντίκτυπο των ψηφιακών τεχνολογιών,released,skill/competence,occupation-specific,προστασία του περιβάλλοντος από τις επιπτώσεις των ψηφιακών τεχνολογιών,Επίγνωση των περιβαλλοντικών επιπτώσεων των ψηφιακών τεχνολογιών και της χρήσης τους.,http://data.europa.eu/esco/skill/2aaad52d-599e-4e77-a681-bbc236825821 | http://data.europa.eu/esco/skill/426ceaba-6867-481c-bb6b-aee3933da7d2 | http://data.europa.eu/esco/skill/8064ae65-5d1b-44e1-9aaf-246a4285a9a6,αξιολόγηση των περιβαλλοντικών επιπτώσεων της προσωπικής συμπεριφοράς | ασφάλεια της τεχνολογίας πληροφοριών και επικοινωνιών | τήρηση των νόμων και προτύπων περιβαλλοντικής προστασίας
KnowledgeSkillCompetence,http://data.europa.eu/esco/skill/c4e9f0d0-bbdd-42d7-83a5-2c131f6d67c2,εκπόνηση ενεργειακής πολιτικής,released,skill/competence,sector-specific,,"Ανάπτυξη και διατήρηση της στρατηγικής του οργανισμού, όσον αφορά την ενεργειακή του απόδοση.",http://data.europa.eu/esco/skill/8ed41305-4abf-4b54-9f8f-0e043d26feba,ανάπτυξη πολιτικών και κατάρτιση νομοθεσίας
KnowledgeSkillCompetence,http://data.europa.eu/esco/skill/c4f97536-866b-4a4f-b91d-da07809ef2d8,εκπόνηση μελέτης σκοπιμότητας για το υδρογόνο,released,skill/competence,sector-specific,αξιολόγηση της χρήσης υδρογόνου | να διεξάγει έρευνα για το υδρογόνο | αξιολόγηση της σκοπιμότητας του υδρογόνου | διερεύνηση της εφαρμογής του υδρογόνου,"Διενέργεια αξιολόγησης και εκτίμησης της χρήσης υδρογόνου ως εναλλακτικού καυσίμου. Σύγκριση κόστους, τεχνολογιών και διαθέσιμων πηγών για την παραγωγή, τη μεταφορά και την αποθήκευση υδρογόνου. Συνεκτίμηση των περιβαλλοντικών επιπτώσεων για την υποστήριξη της διαδικασίας λήψης αποφάσεων.
	",http://data.europa.eu/esco/skill/d74df140-eb69-43e2-bac9-1cafc824d702 | http://data.europa.eu/esco/skill/ec528c47-65f4-4187-9dc1-5a8889f84a06,διενέργεια μελέτης σκοπιμότητας | ανάλυση επιχειρηματικών δραστηριοτήτων
KnowledgeSkillCompetence,http://data.europa.eu/esco/skill/c5320743-60f2-40dc-bc13-337cc3834892,μελέτη των υπόγειων υδάτων,released,skill/competence,sector-specific,,"Προετοιμασία και διεξαγωγή επιτόπιων μελετών για τον προσδιορισμό της ποιότητας των υπόγειων υδάτων. Ανάλυση και ερμηνεία χαρτών, μοντέλων και γεωγραφικών δεδομένων. Σύνθεση εικόνας για τα υπόγεια ύδατα και τη ρύπανση των εδαφών. Υποβολή εκθέσεων σχετικά με ζητήματα που αφορούν τα υπόγεια ύδατα υγειονομικής ταφής, π.χ. τοπική ρύπανση που προκαλείται από προϊόντα καύσης άνθρακα.",http://data.europa.eu/esco/skill/2db2667c-bbaf-4e30-8640-c9a647bd2512 | http://data.europa.eu/esco/skill/3eef7ff2-3ade-41d4-b084-2bd2a3949e1c,διενέργεια ανάλυσης των υδάτων | εκτίμηση της γης ή ακινήτων
KnowledgeSkillCompetence,http://data.europa.eu/esco/skill/c565e722-0e14-4f57-99ff-267dd9ea2510,συνεργασία σε διεθνή ενεργειακά προγράμματα,released,skill/competence,sector-specific,,"Παροχή εμπειρογνωμοσύνης, όσον αφορά την εξοικονόμηση ενέργειας και την ενεργειακή απόδοση για την υλοποίηση διεθνών έργων, συμπεριλαμβανομένων έργων στον τομέα της αναπτυξιακής συνεργασίας.",http://data.europa.eu/esco/skill/062a9fde-cd91-44f9-9a2f-9e2bc3b281fd,παροχή συμβουλών για περιβαλλοντικά ζητήματα
KnowledgeSkillCompetence,http://data.europa.eu/esco/skill/c582dd36-a83d-4d61-b87a-364b84950a3f,εγκατάσταση περιεκτών ανακύκλωσης,released,skill/competence,sector-specific,,"Μέριμνα για την εγκατάσταση περιεκτών ανακυκλώσιμων αποβλήτων, όπως χάρτινες συσκευασίες, γυάλινες φιάλες και είδη συσκευασίας, στα κατάλληλα σημεία.",http://data.europa.eu/esco/skill/61d1dab2-6007-4b7c-9380-cd88207fa30f,διάθεση μη επικίνδυνων αποβλήτων ή υπολειμμάτων
KnowledgeSkillCompetence,http://data.europa.eu/esco/skill/c5afeb33-4291-44c9-a89a-373185d0bfef,"μελέτη της σχέσης μεταξύ των κτιρίων, των ανθρώπων και του περιβάλλοντος",released,skill/competence,occupation-specific,"να αναλύσει τη σχέση μεταξύ κτιρίων, ανθρώπων και περιβάλλοντος | κατανόηση της αλληλεπίδρασης μεταξύ κτιρίων, ανθρώπων και περιβάλλοντος","Κατανόηση των σχέσεων και των αλληλεπιδράσεων μεταξύ ανθρώπων, κτιρίων και του περιβάλλοντος με σκοπό την προσαρμογή των αρχιτεκτονικών έργων στις ανθρώπινες ανάγκες.",http://data.europa.eu/esco/skill/8fde007e-ea4c-48c2-84c5-752834acd31d,"διενέργεια μελετών, ερευνών και εξετάσεων"
KnowledgeSkillCompetence,http://data.europa.eu/esco/skill/c65ac31c-fdaf-4e87-beca-8ed952c3aa35,παραγωγή ενέργειας από βιοαέριο,released,knowledge,sector-specific,ενέργεια βιοαερίου | συστήματα βιοαερίου | παραγωγή ενέργειας βιοαερίου,"Παραγωγή ενέργειας για θέρμανση και πόσιμο ζεστό νερό με τη χρήση βιοαερίου (το βιοαέριο παράγεται εκτός εγκατάστασης) και η συμβολή της στην ενεργειακή απόδοση.
	",http://data.europa.eu/esco/skill/f8413360-6114-40de-a276-c59b764b9913 | http://data.europa.eu/esco/isced-f/0713,τεχνολογίες ανανεώσιμων πηγών ενέργειας | ηλεκτρισμός και ενέργεια
KnowledgeSkillCompetence,http://data.europa.eu/esco/skill/c71e5209-dfb8-456d-a1ad-5ac657a92812,χρήση γεωπονικών μοντέλων,released,skill/competence,sector-specific,Εφαρμογή μοντελοποίησης καλλιεργειών | κατασκευή γεωπονικών μοντέλων,"Κατασκευή και εφαρμογή φυσικών και μαθηματικών τύπων για τη μελέτη της λίπανσης από τον γεωργό, τη διαχείριση του προγραμματισμού άρδευσης, τον καθορισμό στόχων αναπαραγωγής, τη στήριξη των επιλογών καλλιέργειας σε ένα δεδομένο περιβάλλον και την αξιολόγηση των περιβαλλοντικών επιδόσεων της φυτικής παραγωγής.
	",http://data.europa.eu/esco/skill/47b0d855-ea3c-45e9-8dcf-0e12e62261c4 | http://data.europa.eu/esco/skill/38d49d88-9069-467b-b29e-3cae739bdd4d,υπολογισμός και εκτίμηση | ανάπτυξη μοντέλων πρόβλεψης
KnowledgeSkillCompetence,http://data.europa.eu/esco/skill/c76ea1b8-25a3-4084-a684-dcf10b7c880c,οικολογική παιδαγωγική,released,knowledge,sector-specific,περιβαλλοντική εκπαίδευση,"Εκπαιδευτική προσέγγιση η οποία προάγει την περιβαλλοντική ευαισθητοποίηση μέσω της ενσωμάτωσης οικολογικών αρχών και αρχών βιωσιμότητας στη διδασκαλία. Αποσκοπεί στην αύξηση της κοινωνικής ευθύνης και στην εξάλειψη των κοινωνικοπεριβαλλοντικών αδικιών.
	",http://data.europa.eu/esco/isced-f/0111,παιδαγωγικές σπουδές
KnowledgeSkillCompetence,http://data.europa.eu/esco/skill/c8195036-dab3-4d87-b83b-395a59b18a42,λήψη αποφάσεων σχετικά με τη διαχείριση των δασών,released,skill/competence,sector-specific,,Λήψη αποφάσεων για θέματα σχετικά με διάφορες πτυχές που αφορούν τη διαχείριση φυσικών πόρων όπως τα δάση και οι δασικές εκτάσεις.,http://data.europa.eu/esco/skill/d62d2b4c-a6f8-439e-8a1b-4f29ab5f2c47 | http://data.europa.eu/esco/skill/c7f96545-46c4-451a-b284-014f4baed5ed,λήψη αποφάσεων
KnowledgeSkillCompetence,http://data.europa.eu/esco/skill/c8b34758-5954-4388-b475-a4e57b3906ac,τεχνολογία εκκόλαψης πράσινων υδάτων,released,knowledge,occupation-specific,τεχνολογία εκκόλαψης σε πράσινα ύδατα,Η τεχνολογία εκκόλαψης πράσινων υδάτων που χρησιμοποιείται σε εκκολαπτήρια υδατοκαλλιεργειών.,http://data.europa.eu/esco/isced-f/0831,αλιεία
KnowledgeSkillCompetence,http://data.europa.eu/esco/skill/c8b4b02c-d9ce-4e24-ab43-5dd52c6dff48,παροχή συμβουλών για τη μείωση των εκπομπών άνθρακα,released,skill/competence,cross-sector,παροχή συμβουλών σχετικά με τη μείωση του αποτυπώματος άνθρακα | συμβουλευτική για τη μείωση των εκπομπών διοξειδίου του άνθρακα | συμβουλή για τη μείωση του αποτυπώματος άνθρακα | συμβουλή για τη μείωση των εκπομπών άνθρακα,"Παροχή συμβουλών για τη μείωση των βιομηχανικών εκπομπών άνθρακα, αναγνώριση κινήτρων και ενημέρωση για τους ισχύοντες κανονισμούς και πολιτικές σχετικά με τις εκπομπές άνθρακα, καθώς και για καινοτόμες μεθόδους μείωσης.",http://data.europa.eu/esco/skill/062a9fde-cd91-44f9-9a2f-9e2bc3b281fd,παροχή συμβουλών για περιβαλλοντικά ζητήματα
KnowledgeSkillCompetence,http://data.europa.eu/esco/skill/c9b97523-d520-4494-aa60-e3bc9ef0d8a4,κονιορτοποίηση πλαστικού απόβλητου,released,skill/competence,sector-specific,,Κονιορτοποίηση πλαστικού απόβλητου για περαιτέρω επαναχρησιμοποίηση.,http://data.europa.eu/esco/skill/a7956044-f468-4bc1-a83c-a8821b903a09,"χειρισμός μηχανημάτων κοπής, λείανσης και στίλβωσης"
KnowledgeSkillCompetence,http://data.europa.eu/esco/skill/c9bb544b-99a1-4335-bcea-23f84b01095a,εκπόνηση στρατηγικών διαχείρισης ακίνδυνων αποβλήτων,released,skill/competence,cross-sector,,"Εκπόνηση στρατηγικών που αποσκοπούν στην αύξηση αποδοτικότητας, κατά την οποία μια μονάδα επεξεργάζεται, μεταφέρει και διαθέτει ακίνδυνα απόβλητα, όπως συσκευασίες, υφάσματα, άχρηστα υλικά, θραύσματα και χαρτί.",http://data.europa.eu/esco/skill/6ee936b0-4e0c-4e04-97c7-1f4ee9230d67 | http://data.europa.eu/esco/skill/7a8fb784-67fa-41e9-a75c-6b491d91f800,ανάπτυξη στόχων και στρατηγικών | ανάπτυξη στρατηγικής για την επίλυση προβλημάτων
KnowledgeSkillCompetence,http://data.europa.eu/esco/skill/c9eea75d-918e-4733-bf1d-86ecd7a04946,διενέργεια μελετών και εξωτερικών ερευνών,released,skill/competence,occupation-specific,,"Σχεδιασμός και διενέργεια μελετών και εξωτερικών ερευνών, ανάλογα με τις απαιτήσεις. Αρχιτεκτονική επιθεώρηση με τη χρήση καθιερωμένων τεχνικών και διαδικασιών.",http://data.europa.eu/esco/skill/7eafec38-621a-4b6e-9298-bfe70ec0b253,διεξαγωγή ακαδημαϊκής έρευνας ή έρευνας αγοράς
KnowledgeSkillCompetence,http://data.europa.eu/esco/skill/ca4ae285-244f-4321-83d6-b109bd1693bc,τήρηση χρονοδιαγραμμάτων συλλογής ανακυκλώσιμων προϊόντων,released,skill/competence,cross-sector,,"Τήρηση και εφαρμογή χρονοδιαγραμμάτων συλλογής αποβλήτων, τα οποία παραδίδονται από τους οργανισμούς που συλλέγουν και επεξεργάζονται τα υλικά για ανακύκλωση, με στόχο τη βελτιστοποίηση της αποδοτικότητας και της εξυπηρέτησης.",http://data.europa.eu/esco/skill/61d1dab2-6007-4b7c-9380-cd88207fa30f,διάθεση μη επικίνδυνων αποβλήτων ή υπολειμμάτων
KnowledgeSkillCompetence,http://data.europa.eu/esco/skill/cb21f7c2-6bf6-46b5-a638-ad494e95ffbf,εφαρμογή περιβαλλοντικών μέτρων στις οδικές μεταφορές,released,skill/competence,occupation-specific,,"Εφαρμογή στρατηγικών της Ευρωπαϊκής Επιτροπής για τον μετριασμό των εκπομπών CO², επιβολή περιβαλλοντικών μέτρων για τη διασφάλιση της επίτευξης των στόχων για μείωση των εκπομπών CO².",http://data.europa.eu/esco/skill/f6d7ba88-5234-4994-944d-843ca453c923 | http://data.europa.eu/esco/skill/8064ae65-5d1b-44e1-9aaf-246a4285a9a6,εφαρμογή μέτρων περιβαλλοντικής προστασίας | τήρηση των νόμων και προτύπων περιβαλλοντικής προστασίας
KnowledgeSkillCompetence,http://data.europa.eu/esco/skill/cc0a45a7-4883-4122-af11-7ca6c45a37c2,σχεδιασμός συστημάτων κελύφους κτιρίων,released,skill/competence,sector-specific,μηχανικός συστημάτων κελύφους,"Σχεδιασμός συστήματος κελύφους ως μέρος ενός πλήρους ενεργειακού συστήματος κτιρίου, λαμβανομένων υπόψη των πρακτικών εξοικονόμησης ενέργειας.
	",http://data.europa.eu/esco/skill/883eab8c-d8a6-4e8b-9b11-7d9001e172ab,σχεδιασμός συστημάτων και προϊόντων
KnowledgeSkillCompetence,http://data.europa.eu/esco/skill/ce541a71-0eaa-40e7-999d-793d1f16fa4c,προσαρμογή αποδοτικών πρακτικών επεξεργασίας τροφίμων,released,skill/competence,sector-specific,,"Διασφάλιση της προσαρμογής των αποδοτικότερων τεχνικών παραγωγής με στόχο την εκπλήρωση των εργασιών επεξεργασίας τροφίμων το συντομότερο δυνατόν, με τη λιγότερη δυνατή προσπάθεια και το χαμηλότερο κόστος.",http://data.europa.eu/esco/skill/7a93e22f-54d8-4bf0-9213-d711f6601b49 | http://data.europa.eu/esco/skill/15fa3879-ac0e-46e6-ae36-609bae9c19c3,αποδοτική εργασία | παρακολούθηση επιχειρησιακών δραστηριοτήτων
KnowledgeSkillCompetence,http://data.europa.eu/esco/skill/ce689fb5-2c21-4f96-a4b0-d02d4af35923,σχεδιασμός παθητικών ενεργειακών μέτρων,released,skill/competence,sector-specific,μηχανικός παθητικά μέτρα,"Τα συστήματα σχεδιασμού που επιτυγχάνουν ενεργειακή απόδοση με τη χρήση παθητικών μέτρων (δηλαδή φυσικό φως και εξαερισμός, έλεγχος ηλιακού κέρδους) είναι λιγότερο επιρρεπή σε αστοχίες και χωρίς κόστος και απαιτήσεις συντήρησης. Συμπλήρωση των παθητικών μέτρων με όσο το δυνατόν λιγότερα ενεργητικά μέτρα.
	",http://data.europa.eu/esco/skill/39fa260c-4f85-48e3-83ce-e292e696c233,σχεδιασμός ηλεκτρικών ή ηλεκτρονικών συστημάτων ή εξοπλισμού
KnowledgeSkillCompetence,http://data.europa.eu/esco/skill/cfbe1cdb-1738-45a1-b442-75cbda1fff06,σχεδιασμός των χώρων εναπόθεσης ορυκτών αποβλήτων,released,skill/competence,cross-sector,,Ανάπτυξη και εφαρμογή ασφαλούς και αποτελεσματικής διαχείρισης αποβλήτων και χώρων εναπόθεσης. Ελαχιστοποίηση του οικολογικού αποτυπώματος της δραστηριότητας και τήρηση των νομικών απαιτήσεων.,http://data.europa.eu/esco/skill/c23e0a2f-f04b-45bc-b0dd-20571f6b502c,ανάπτυξη επιχειρησιακών πολιτικών και διαδικασιών
KnowledgeSkillCompetence,http://data.europa.eu/esco/skill/cfccea88-0558-40d4-b896-56a1e7993e24,κλιματολογία,released,knowledge,cross-sector,,Το επιστημονικό πεδίο που ασχολείται με την έρευνα για τις μέσες καιρικές συνθήκες κατά τη διάρκεια μιας καθορισμένης χρονικής περιόδου και τον τρόπο με τον οποίο αυτές επηρεάζουν τη φύση στη Γη.,http://data.europa.eu/esco/isced-f/0532,επιστήμες της γης
KnowledgeSkillCompetence,http://data.europa.eu/esco/skill/d0fc1d32-c64d-4b53-923f-953f648715ab,υπηρεσίες συνεπιβατισμού,released,knowledge,occupation-specific,υπηρεσίες κοινής μετακίνησης,"Υπηρεσίες που προωθούν τα κοινά ταξίδια με αυτοκίνητο με σκοπό τη μείωση του κόστους ταξιδιού και την προώθηση της βιωσιμότητας.
	",http://data.europa.eu/esco/isced-f/1041,υπηρεσίες μεταφορών
KnowledgeSkillCompetence,http://data.europa.eu/esco/skill/d10030a4-f49c-4125-8646-6b091efe5089,παρακολούθηση της καλής μεταχείρισης των ζώων,released,skill/competence,cross-sector,,"Παρακολούθηση της φυσικής κατάστασης και της συμπεριφοράς των ζώων και αναφορά τυχόν ανησυχιών ή απρόβλεπτων αλλαγών, συμπεριλαμβανομένων των ενδείξεων που αφορούν την υγεία ή την κακή κατάσταση της υγείας, την εμφάνιση, την κατάσταση στέγασης των ζώων, την πρόσληψη τροφής και νερού και τις περιβαλλοντικές συνθήκες.",http://data.europa.eu/esco/skill/c5ff50d7-97d3-401e-90ac-e5ae756a52de,παρακολούθηση των υγειονομικών συνθηκών ανθρώπων και ζώων
KnowledgeSkillCompetence,http://data.europa.eu/esco/skill/d13f1685-9848-4c9e-a40a-686ddb407858,κανονισμοί περί αφαίρεσης αμίαντου,released,knowledge,cross-sector,κανονισμοί περί απαμιάντωσης,"Η νομοθεσία και οι κανονισμοί που διέπουν την απομάκρυνση του αμίαντου από κτίρια ή κατασκευές, την ασφαλή απομάκρυνση των μολυσμένων υλικών και τους κανονισμούς για την αποφυγή και την πρόληψη της μόλυνσης.",http://data.europa.eu/esco/isced-f/1022,επαγγελματική υγεία και ασφάλεια
KnowledgeSkillCompetence,http://data.europa.eu/esco/skill/d168d98c-b7bb-4b9a-b1dc-eac008af4df3,εφαρμογή σχεδίων δράσης για τη βιοποικιλότητα,released,skill/competence,sector-specific,,"Προώθηση και εφαρμογή σχεδίων δράσης για τη βιοποικιλότητα σε τοπικό και εθνικό επίπεδο, σε συνεργασία με τοπικές/εθνικές νομοθετικές και εθελοντικές οργανώσεις.",http://data.europa.eu/esco/skill/a6c3bda0-c759-495e-b2c5-062b3abe2097,εφαρμογή νέων διαδικασιών ή διεργασιών
KnowledgeSkillCompetence,http://data.europa.eu/esco/skill/d1ec6846-dd8a-4810-8115-474cdf271540,κανονισμοί για ουσίες,released,knowledge,sector-specific,,"Οι εθνικοί και διεθνείς κανονισμοί για την ταξινόμηση, την επισήμανση και τη συσκευασία ουσιών και μειγμάτων, π.χ. ο κανονισμός (ΕΚ) αριθ. 1272/2008.",http://data.europa.eu/esco/isced-f/0531,χημεία
KnowledgeSkillCompetence,http://data.europa.eu/esco/skill/d1ee1caa-1956-48f6-a009-318204bf908e,μοντελοποίηση υπόγειων υδάτων,released,skill/competence,occupation-specific,,"Μοντελοποίηση της ροής υπόγειων υδάτων, ανάλυση της θερμοκρασίας και των χαρακτηριστικών των υπόγειων υδάτων, εντοπισμός γεωλογικών σχηματισμών και σημείων ανθρωπογενούς επιρροής.",http://data.europa.eu/esco/skill/2db2667c-bbaf-4e30-8640-c9a647bd2512 | http://data.europa.eu/esco/skill/1f2950c0-ef1e-44b4-9a55-125ccd7b78af,διενέργεια ανάλυσης των υδάτων | ανάλυση και αξιολόγηση πληροφοριών και δεδομένων
KnowledgeSkillCompetence,http://data.europa.eu/esco/skill/d1f73ae9-d348-4aac-b5d5-9b6d508401d3,τεχνολογίες αποδοτικής χρήσης των πόρων,released,knowledge,cross-sector,τεχνολογίες βελτιστοποίησης πόρων | αποδοτικότητα των πόρων | αποδοτική χρήση των πόρων,"Βιώσιμες τεχνολογίες καθιστούν δυνατή την παραγωγή μεγαλύτερης αξίας με τη χρήση περιορισμένων πόρων, μειώνοντας παράλληλα τον αντίκτυπο στο περιβάλλον και περιορίζοντας τους κινδύνους έλλειψης.
	",http://data.europa.eu/esco/skill/103f7814-d262-4df6-a1b6-759bc51f76cb | http://data.europa.eu/esco/isced-f/0712,βιώσιμες τεχνολογίες | τεχνολογία προστασίας του περιβάλλοντος
KnowledgeSkillCompetence,http://data.europa.eu/esco/skill/d28bf3f7-4659-4405-9979-b1270c4c4322,διαχείριση του αερισμού της καμίνου,released,skill/competence,sector-specific,,Διαχείριση ειδικού και ενεργειακά αποδοτικού συστήματος αερισμού της καμίνου.,http://data.europa.eu/esco/skill/bdf2aa76-360d-429d-a967-bdb691f241fa,"χειρισμός καμίνων, κλιβάνων και εξοπλισμού ξήρανσης"
KnowledgeSkillCompetence,http://data.europa.eu/esco/skill/d2c81ad1-2439-43cf-9c63-204187b8f771,μετριασμός της κατασπατάλησης των πόρων,released,skill/competence,cross-sector,,Αξιολόγηση και προσδιορισμός των δυνατοτήτων αποδοτικότερης χρήσης των πόρων με διαρκή προσπάθεια της μείωσης κατασπατάλησης των υπηρεσιών κοινής ωφελείας.,http://data.europa.eu/esco/skill/2aaad52d-599e-4e77-a681-bbc236825821 | http://data.europa.eu/esco/skill/cbe1b24e-00f3-4b17-94e9-1fcd34a11c3e,αξιολόγηση των περιβαλλοντικών επιπτώσεων της προσωπικής συμπεριφοράς | προσδιορισμός ευκαιριών
KnowledgeSkillCompetence,http://data.europa.eu/esco/skill/d2c9c20e-ff2f-4684-bf93-1d04c78f698f,συντήρηση του συστήματος ελέγχου αφαλάτωσης,released,skill/competence,sector-specific,,Συντήρηση συστήματος για τη λήψη πόσιμου νερού από αλατούχα ύδατα.,http://data.europa.eu/esco/skill/75d2ac62-700a-41d1-b920-5cd7aaa78553 | http://data.europa.eu/esco/skill/d3b2c894-33fb-47c4-aff0-27935a082bf6,"χειρισμός συστημάτων ελέγχου | χειρισμός εξοπλισμού ή συστημάτων επεξεργασίας πετρελαίου, χημικών ή νερού"
KnowledgeSkillCompetence,http://data.europa.eu/esco/skill/d3672a07-6a5b-49f4-bdd3-fcd539594556,βιοντίζελ,released,knowledge,occupation-specific,,"Καύσιμο ντίζελ με βάση το φυτικό ή το ζωικό λίπος, το οποίο παράγεται από τα λιπίδια που αντιδρούν με τις αλκοόλες.",http://data.europa.eu/esco/isced-f/0531,χημεία
KnowledgeSkillCompetence,http://data.europa.eu/esco/skill/d3a8ef9c-8572-438c-91dc-010537070be3,διαχείριση των περιβαλλοντικών επιπτώσεων,released,skill/competence,cross-sector,,"Εφαρμογή μέτρων για την ελαχιστοποίηση των βιολογικών, χημικών και φυσικών επιπτώσεων της εξορυκτικής δραστηριότητας στο περιβάλλον.",http://data.europa.eu/esco/skill/8064ae65-5d1b-44e1-9aaf-246a4285a9a6,τήρηση των νόμων και προτύπων περιβαλλοντικής προστασίας
KnowledgeSkillCompetence,http://data.europa.eu/esco/skill/d483ae95-5f25-4601-ba97-113bbb7a31b0,παρακολούθηση του σχεδίου περιβαλλοντικής διαχείρισης αγροκτήματος,released,skill/competence,sector-specific,,Ταυτοποίηση περιβαλλοντικών χαρακτηρισμών και οδηγιών που σχετίζονται με συγκεκριμένο αγρόκτημα και ενσωματώνουν τις απαιτήσεις τους στη διαδικασία σχεδιασμού του αγροκτήματος. Παρακολούθηση της εφαρμογής του σχεδίου περιβαλλοντικής διαχείρισης αγροκτήματος και των επανεξέταση των χρονοδιαγραμμάτων.,http://data.europa.eu/esco/skill/b13e0689-636d-42d0-86c3-df9d6f85a882 | http://data.europa.eu/esco/skill/8064ae65-5d1b-44e1-9aaf-246a4285a9a6,διαχείριση του συστήματος περιβαλλοντικής διαχείρισης | τήρηση των νόμων και προτύπων περιβαλλοντικής προστασίας
KnowledgeSkillCompetence,http://data.europa.eu/esco/skill/d53eab76-e8ff-4e28-af26-7e012951c763,μέτρηση επιδόσεων βιωσιμότητας της εταιρείας,released,skill/competence,cross-sector,μέτρηση της απόδοσης βιωσιμότητας της εταιρείας | αξιολόγηση των επιδόσεων βιωσιμότητας,"Παρακολούθηση των δεικτών βιωσιμότητας και ανάλυση της αποτελεσματικότητας της εταιρείας όσον αφορά τις επιδόσεις βιωσιμότητας, σε σχέση με τους στόχους βιώσιμης ανάπτυξης ή τα παγκόσμια πρότυπα για την υποβολή εκθέσεων σχετικά με τη βιωσιμότητα.
	",http://data.europa.eu/esco/skill/8064ae65-5d1b-44e1-9aaf-246a4285a9a6,τήρηση των νόμων και προτύπων περιβαλλοντικής προστασίας
KnowledgeSkillCompetence,http://data.europa.eu/esco/skill/d589970b-933d-4656-bcb6-a43b3cc67888,παρακολούθηση της ποιότητας των υδάτων,released,skill/competence,cross-sector,,"Μέτρηση ποιότητας υδάτων: θερμοκρασία, οξυγόνο, αλατότητα, pH, N2, NO2, NH4, CO2, θολερότητα, χλωροφύλλη. Παρακολούθηση μικροβιολογικής ποιότητας υδάτων.",http://data.europa.eu/esco/skill/0b3930a2-8a13-4932-8a09-4c72ec8af464,παρακολούθηση της ποιότητας των εμπορευμάτων
KnowledgeSkillCompetence,http://data.europa.eu/esco/skill/d5bcc417-a004-4165-b7f1-ab739eadd2f4,χαρακτηριστικά έξυπνων πόλεων,released,knowledge,sector-specific,,"Χρήση τεχνολογιών μαζικών δεδομένων στο πλαίσιο έξυπνων πόλεων με σκοπό την ανάπτυξη καινοτόμων οικοσυστημάτων λογισμικού στα οποία μπορούν να δημιουργηθούν προηγμένες λειτουργίες κινητικότητας.
	",http://data.europa.eu/esco/isced-f/0619,τεχνολογίες πληροφορικής και επικοινωνιών που δεν ταξινομούνται αλλού
KnowledgeSkillCompetence,http://data.europa.eu/esco/skill/d62755fd-2b38-45b8-aed6-22b4cb36f8c8,επιτήρηση εγκαταστάσεων υδατοκαλλιέργειας,released,skill/competence,sector-specific,,"Επιτήρηση των εγκαταστάσεων υδατοκαλλιέργειας και προσδιορισμός των αναγκών εξοπλισμού. Κατανόηση σκίτσων, σχεδίων και αρχών σχεδιασμού διαφόρων συστημάτων συγκράτησης εξοπλισμού υδατοκαλλιέργειας.",http://data.europa.eu/esco/skill/87dff904-fb74-4d59-972e-1c2387579d94,καθοδήγηση των επιχειρησιακών δραστηριοτήτων
KnowledgeSkillCompetence,http://data.europa.eu/esco/skill/d7d39ebe-3960-4c8f-a504-19b441990cfa,διάθεση αποβλήτων από παρασκευασμένες ζωοτροφές,released,skill/competence,occupation-specific,,Διάθεση αποβλήτων από παρασκευασμένες ζωοτροφές με επιδίωξη της ελαχιστοποίησης των περιβαλλοντικών επιπτώσεων της σύνθεσης των ζωοτροφών. Τήρηση της σχετικής νομοθεσίας.,http://data.europa.eu/esco/skill/61d1dab2-6007-4b7c-9380-cd88207fa30f | http://data.europa.eu/esco/skill/73a9561d-112c-4d8a-9d5f-b2c11c5bbd5f,διάθεση μη επικίνδυνων αποβλήτων ή υπολειμμάτων | διαχείριση και διάθεση αποβλήτων
KnowledgeSkillCompetence,http://data.europa.eu/esco/skill/d7d53919-5313-4f23-a701-d12f86c03a60,χρήση τεχνολογιών αποδοτικής χρήσης των πόρων στον τομέα της φιλοξενίας,released,skill/competence,sector-specific,,"Εφαρμογή τεχνολογικών βελτιώσεων σε εγκαταστάσεις φιλοξενίας, όπως ατμομάγειρες χωρίς σύνδεση, βαλβίδες ψεκασμού πρόπλυσης και νεροχύτες χαμηλής ροής, που βελτιστοποιούν την κατανάλωση νερού και ενέργειας κατά το πλύσιμο πιάτων, τον καθαρισμό και την προετοιμασία τροφής.
	",http://data.europa.eu/esco/skill/8064ae65-5d1b-44e1-9aaf-246a4285a9a6,τήρηση των νόμων και προτύπων περιβαλλοντικής προστασίας
KnowledgeSkillCompetence,http://data.europa.eu/esco/skill/d81b58ba-52e4-45fa-9f7c-f59b87fa6041,συστήματα οικιακού αυτοματισμού,released,knowledge,sector-specific,,"Έξυπνες εγκαταστάσεις για φωτισμό, θέρμανση, ασφάλεια κ.λπ. σε κατοικίες, οι οποίες μπορούν να ελέγχονται εξ αποστάσεως. Τα συστήματα οικιακού αυτοματισμού αποσκοπούν στη βελτίωση της ποιότητας ζωής εντός των κατοικιών και των κτιρίων, συμπεριλαμβανομένης της ενίσχυσης της ανεξαρτησίας των ατόμων με αναπηρία και της συμβολής στην εξοικονόμηση ενέργειας.
	",http://data.europa.eu/esco/isced-f/0714,ηλεκτρονική και αυτοματισμός
KnowledgeSkillCompetence,http://data.europa.eu/esco/skill/d84326c9-a3d3-4e22-a6a1-1ad42a356f10,παροχή συμβουλών βιωσιμότητας,released,knowledge,sector-specific,υπηρεσίες παροχής συμβουλών για τη βιωσιμότητα | συμβουλευτικές υπηρεσίες αειφορίας,"Η προσέγγιση συμβουλευτικής που χρησιμοποιείται προκειμένου να διευκολυνθεί η καλύτερη ενημέρωση των επιχειρήσεων σχετικά με τον αντίκτυπό τους στη βιωσιμότητα και η εφαρμογή, από μέρους τους, στρατηγικών ώστε να καταστούν οι ίδιες περισσότερο αποτελεσματικές και φιλικές προς το περιβάλλον.
	",http://data.europa.eu/esco/isced-f/0712,τεχνολογία προστασίας του περιβάλλοντος
KnowledgeSkillCompetence,http://data.europa.eu/esco/skill/d86babea-bf8b-4552-81a8-daf706066ad6,διαχείριση των περιβαλλοντικών επιπτώσεων των εργασιών,released,skill/competence,cross-sector,,Διαχείριση της αλληλεπίδρασης με τις περιβαλλοντικές επιπτώσεις από τις επιχειρήσεις. Προσδιορισμός και αξιολόγηση των περιβαλλοντικών επιπτώσεων της διαδικασίας παραγωγής και των συναφών υπηρεσιών και ρύθμιση της μείωσης των περιβαλλοντικών επιπτώσεων και των επιπτώσεων προς τους ανθρώπους. Οργάνωση σχεδίων δράσης και παρακολούθηση τυχόν δεικτών βελτίωσης.,http://data.europa.eu/esco/skill/4c3ab565-747c-4db3-8c47-79e8d6f98cf4 | http://data.europa.eu/esco/skill/8064ae65-5d1b-44e1-9aaf-246a4285a9a6,υιοθέτηση τρόπων μείωσης των αρνητικών επιπτώσεων της κατανάλωσης | τήρηση των νόμων και προτύπων περιβαλλοντικής προστασίας
KnowledgeSkillCompetence,http://data.europa.eu/esco/skill/d96b6330-c73f-443f-9048-702b2226f62b,επεξεργασία μολυσμένου νερού,released,skill/competence,sector-specific,,"Επεξεργασία μολυσμένου νερού με χρήση ποικιλίας τεχνικών όπως λιμνοθάλασσες και οι καλαμιώνες.
	",http://data.europa.eu/esco/skill/8bde58aa-9d5b-422b-801c-ff9186dd648e,χειρισμός και διάθεση επικίνδυνων υλικών
KnowledgeSkillCompetence,http://data.europa.eu/esco/skill/d9beab8e-1bd0-42a3-bf3e-58a8f647ad96,εγκατάσταση μηχανισμού καθαρισμού νερού,released,skill/competence,sector-specific,,Εγκατάσταση διαφόρων τύπων μηχανισμών που αποτρέπουν την είσοδο ακαθαρσιών στα ανακτώμενα ύδατα. Εγκατάσταση μικρονικών φίλτρων και μεμβρανών για το φιλτράρισμα υπολειμμάτων και την αποτροπή της εισόδου κουνουπιών από την παροχή νερού. Χρησιμοποιούνται μηχανισμοί με σφαιρίδια για το φιλτράρισμα της πρώτης έκπλυσης από το βρόχινο νερό της οροφής.,http://data.europa.eu/esco/skill/1abc1d86-e529-42ab-828f-8d4fc225b076 | http://data.europa.eu/esco/skill/2fbc1a35-a641-4016-9534-12364f4cb2a1 | http://data.europa.eu/esco/skill/0b8d15c9-7b4f-4163-b863-fe5b756d3e7f,διήθηση υγρών | εγκατάσταση υδατοδεξαμενής | επισκευή και εγκατάσταση μηχανικού εξοπλισμού
KnowledgeSkillCompetence,http://data.europa.eu/esco/skill/d9d3eb78-a7c6-4076-9e19-df225af2ec62,διαχείριση προϋπολογισμού προγράμματος ανακύκλωσης,released,skill/competence,cross-sector,,Διαχείριση του ετήσιου προγράμματος ανακύκλωσης και του αντίστοιχου προϋπολογισμού ενός οργανισμού.,http://data.europa.eu/esco/skill/193af349-b20e-4277-94bf-b184e92b8d6a,διαχείριση προϋπολογισμών ή κονδυλίων
KnowledgeSkillCompetence,http://data.europa.eu/esco/skill/da896663-08b3-409d-aa3d-31f39a8e8d2b,εκπόνηση μελέτης σκοπιμότητας για συστήματα βιομάζας,released,skill/competence,sector-specific,κάνει μια μελέτη σκοπιμότητας για το σύστημα βιομάζας | εκπόνηση μελέτης σκοπιμότητας για (μεγάλα) συστήματα βιομάζας | εκπόνηση μελέτης σκοπιμότητας συστημάτων βιομάζας,"Διενέργεια αξιολόγησης και εκτίμησης του δυναμικού μιας εγκατάστασης βιομάζας. Εκπόνηση τυποποιημένης μελέτης προκειμένου να προσδιοριστεί το κόστος, οι περιορισμοί και τα διαθέσιμα κατασκευαστικά στοιχεία, και διεξαγωγή έρευνας για την υποστήριξη της διαδικασίας λήψης αποφάσεων.
	",http://data.europa.eu/esco/skill/d74df140-eb69-43e2-bac9-1cafc824d702 | http://data.europa.eu/esco/skill/ec528c47-65f4-4187-9dc1-5a8889f84a06,διενέργεια μελέτης σκοπιμότητας | ανάλυση επιχειρηματικών δραστηριοτήτων
KnowledgeSkillCompetence,http://data.europa.eu/esco/skill/dab7c301-2a33-454e-8fed-23218fa28eee,περιβαλλοντικός σχεδιασμός,released,knowledge,sector-specific,διαδικασία περιβαλλοντικού σχεδιασμού,"Η προσέγγιση που χρησιμοποιείται για την αντιμετώπιση περιβαλλοντικών προβλημάτων που σχετίζονται με κτίρια, σχέδια και προϊόντα σε διάφορα πεδία, όπως η μηχανική, ο σχεδιασμός εσωτερικών χώρων και η αρχιτεκτονική.
	",http://data.europa.eu/esco/isced-f/0788,"διεπιστημονικά προγράμματα και προσόντα που περιλαμβάνουν μηχανικό, μεταποιητικό και κατασκευαστικό τομέα"
KnowledgeSkillCompetence,http://data.europa.eu/esco/skill/dacaebb5-5d85-4f3e-9adb-7c82b4f53189,διάθεση αποβλήτων τροφίμων,released,skill/competence,sector-specific,,Διάθεση ή συλλογή των αποβλήτων τροφίμων με σκοπό την ανακύκλωση ή την απόρριψη από τη διαδικασία παραγωγής. Τήρηση καθιερωμένων διαδικασιών για την απόρριψή τους λαμβάνοντας υπόψη το περιβάλλον και τα θέματα ασφάλειας σύμφωνα με τις νομοθεσίες.,http://data.europa.eu/esco/skill/4aba6668-6118-4953-804b-869cef94422a | http://data.europa.eu/esco/skill/61d1dab2-6007-4b7c-9380-cd88207fa30f | http://data.europa.eu/esco/skill/73a9561d-112c-4d8a-9d5f-b2c11c5bbd5f,διάθεση ακίνδυνων αποβλήτων | διάθεση μη επικίνδυνων αποβλήτων ή υπολειμμάτων | διαχείριση και διάθεση αποβλήτων
KnowledgeSkillCompetence,http://data.europa.eu/esco/skill/dada8e80-2a53-41bf-9eac-f8c1f9971bed,βιώσιμα οικοδομικά υλικά,released,knowledge,sector-specific,πράσινη νανοεπικάλυψη κτιρίου | βιώσιμα υλικά για εξοικονόμηση κόστους | βιώσιμα υλικά κατασκευής | υλικά οικοδομικής κατασκευής | βιώσιμα δομικά υλικά,"Τα είδη οικοδομικών υλικών που ελαχιστοποιούν τις αρνητικές επιπτώσεις του κτιρίου στο εξωτερικό περιβάλλον, καθ’ όλη τη διάρκεια του κύκλου ζωής τους.
	",http://data.europa.eu/esco/skill/e26e07ca-4a35-42e3-940d-e5868fd38fba | http://data.europa.eu/esco/isced-f/0732,βιομηχανία οικοδομικών υλικών | οικοδομές και έργα πολιτικού μηχανικού
KnowledgeSkillCompetence,http://data.europa.eu/esco/skill/db54a4d7-9ea9-4c3d-9bd9-9169e6c1fb4f,αλλαγή συστημάτων διανομής ηλεκτρικής ισχύος,released,skill/competence,sector-specific,,"Επανεξέταση των διαδικασιών, των χρονοδιαγραμμάτων και των βάσεων δεδομένων για τον εντοπισμό και την εισήγηση αλλαγών στα υφιστάμενα συστήματα διανομής ενέργειας, ώστε να τηρούνται οι λειτουργικές απαιτήσεις και οι κανονισμοί.",http://data.europa.eu/esco/skill/4463a721-69f3-413d-8321-43e3af13a4f1 | http://data.europa.eu/esco/skill/f2cf57fe-d4cb-4b4a-831d-73171cc73909,"χρήση βάσεων δεδομένων | αξιολόγηση συστημάτων, προγραμμάτων, εξοπλισμού και προϊόντων"
KnowledgeSkillCompetence,http://data.europa.eu/esco/skill/db9050db-ae5d-4be8-8114-c26f272c3bda,διαχείριση της υγείας και της ασφάλειας,released,skill/competence,sector-specific,,"Διαχείριση του συνόλου των πολιτικών για την υγεία, την ασφάλεια και τη βιωσιμότητα και εφαρμογή τους σε ευρεία κλίμακα.",http://data.europa.eu/esco/skill/5bcec244-3efe-45ac-8891-0ab4a91e9c48,τήρηση των διαδικασιών υγείας και ασφάλειας
KnowledgeSkillCompetence,http://data.europa.eu/esco/skill/dbbe485f-b9c2-42df-ba1c-144a2ecfb119,αξιολόγηση πιθανών συγκρούσεων στον τομέα της υδατοκαλλιέργειας,released,skill/competence,occupation-specific,αξιολόγηση των διαφορών που θα μπορούσαν να προκύψουν με τους τελικούς χρήστες,Αξιολόγηση πιθανών διαφορών με άλλα ενδιαφερόμενα μέρη όσον αφορά τις περιβαλλοντικές επιπτώσεις της υδατοκαλλιέργειας και τις συγκρούσεις συμφερόντων με άλλους χρήστες της παράκτιας ζώνης.,http://data.europa.eu/esco/skill/4c3ab565-747c-4db3-8c47-79e8d6f98cf4 | http://data.europa.eu/esco/skill/1f2950c0-ef1e-44b4-9a55-125ccd7b78af,υιοθέτηση τρόπων μείωσης των αρνητικών επιπτώσεων της κατανάλωσης | ανάλυση και αξιολόγηση πληροφοριών και δεδομένων
KnowledgeSkillCompetence,http://data.europa.eu/esco/skill/dbe63ddf-76f8-4177-a482-fee995a57b77,ολοκληρωμένη φυτοπροστασία,released,knowledge,sector-specific,ολοκληρωμένες τεχνικές διαχείρισης επιβλαβών οργανισμών | ολοκληρωμένες μεθόδους διαχείρισης επιβλαβών οργανισμών | Τεχνικές IPM | Μέθοδοι IPM | IPM,"Μια ολοκληρωμένη προσέγγιση για την πρόληψη και/ή την καταστολή επιβλαβών για τα φυτά οργανισμών, η οποία αποσκοπεί στη διατήρηση της χρήσης φυτοφαρμάκων και άλλων μορφών παρέμβασης μόνο σε δικαιολογημένα από οικονομικής και οικολογικής πλευράς επίπεδα, τα οποία μειώνουν ή ελαχιστοποιούν τους κινδύνους για την ανθρώπινη υγεία και το περιβάλλον.
	",http://data.europa.eu/esco/skill/6e84c2b5-935a-4958-a410-da42efaf7c27 | http://data.europa.eu/esco/isced-f/0811,τεχνικές διαχείρισης επιβλαβών οργανισμών | φυτική και ζωική παραγωγή
KnowledgeSkillCompetence,http://data.europa.eu/esco/skill/dbef5042-4b99-4e6f-b2ed-1d33b07b3ed6,παροχή συμβουλών σχετικά με λύσεις βιωσιμότητας,released,skill/competence,cross-sector,,"Παροχή συμβουλών σε εταιρείες σχετικά με λύσεις για την ανάπτυξη βιώσιμων διαδικασιών παραγωγής, τη βελτίωση της αποδοτικότητας και της επαναχρησιμοποίησης των υλικών και τη μείωση του αποτυπώματος άνθρακα.
	",http://data.europa.eu/esco/skill/062a9fde-cd91-44f9-9a2f-9e2bc3b281fd,παροχή συμβουλών για περιβαλλοντικά ζητήματα
KnowledgeSkillCompetence,http://data.europa.eu/esco/skill/dce16d2c-278a-4161-9847-8435e52c96d3,διαχείριση υδάτινων ροών και λεκανών απορροής,released,skill/competence,sector-specific,,"Διαχείριση των ροών υδάτων και των λεκανών απορροής σε λίμνες, λιμνοθάλασσες και υδατοφράκτες.",http://data.europa.eu/esco/skill/583b1fb5-be8d-41f0-aa81-0b6bef4793c2,εγκατάσταση εξοπλισμού ή συστημάτων σωληνώσεων ή υδραυλικών
KnowledgeSkillCompetence,http://data.europa.eu/esco/skill/dd5451c6-a006-4218-bf94-348d81bed42f,γεωργία συντήρησης,released,knowledge,sector-specific,,"Οι τεχνικές, οι μέθοδοι και οι αρχές που προάγουν τη βιώσιμη χρήση της γης και του εδάφους στη φυτική παραγωγή. Βασίζεται στις τρεις αρχές της μόνιμης εδαφοκάλυψης, της ελάχιστης διατάραξης του εδάφους και της διαφοροποίησης των φυτικών ειδών.
	",http://data.europa.eu/esco/isced-f/0811,φυτική και ζωική παραγωγή
KnowledgeSkillCompetence,http://data.europa.eu/esco/skill/dda26251-7331-41fd-871f-1106ca468189,κυκλοφοριακή τεχνική,released,knowledge,cross-sector,τεχνική της κίνησης,"Υποκλάδος της επιστήμης πολιτικού μηχανικού που εφαρμόζει μεθόδους μηχανικής για τη δημιουργία ασφαλών και αποτελεσματικών ροών κυκλοφορίας προσώπων και εμπορευμάτων σε δρόμους, συμπεριλαμβανομένων των πεζοδρομίων, των φωτεινών σηματοδοτών και των εγκαταστάσεων για ποδήλατα.",http://data.europa.eu/esco/skill/82887396-e5bf-4306-af51-3fe8d82790b2 | http://data.europa.eu/esco/isced-f/0732,έργα πολιτικού μηχανικού | οικοδομές και έργα πολιτικού μηχανικού
KnowledgeSkillCompetence,http://data.europa.eu/esco/skill/dda745dd-b8d6-45d8-8c74-e05495ce90f5,στόχοι βιώσιμης ανάπτυξης,released,knowledge,cross-sector,,"Ο κατάλογος των 17 παγκόσμιων στόχων που καθορίστηκαν από τη Γενική Συνέλευση των Ηνωμένων Εθνών, ο οποίος σχεδιάστηκε ως στρατηγική για την επίτευξη ενός καλύτερου και πιο βιώσιμου μέλλοντος για όλους.
	",http://data.europa.eu/esco/isced-f/0319,κοινωνικές και συμπεριφορικές επιστήμες που δεν ταξινομούνται αλλού
KnowledgeSkillCompetence,http://data.europa.eu/esco/skill/ddbf25f1-b91a-4083-9ef1-cc113a46e4c0,οικοσυστήματα,released,knowledge,cross-sector,,Τα χαρακτηριστικά του συστήματος όπου συγκατοικούν οι ζώντες οργανισμοί και αλληλεπιδρούν με μη ζωντανά στοιχεία.,http://data.europa.eu/esco/isced-f/0521,περιβαλλοντικές επιστήμες
KnowledgeSkillCompetence,http://data.europa.eu/esco/skill/ddce2912-bc0f-4a47-aa2b-c1de48bc4b44,διατήρηση της ενέργειας,released,knowledge,cross-sector,εξοικονόμηση ενέργειας | ενεργειακή βελτιστοποίηση,"Η πρακτική της μείωσης της κατανάλωσης ενέργειας και της χρήσης μικρότερου αριθμού ενεργειακών υπηρεσιών. Ως βιώσιμη διαδικασία, η διατήρηση της ενέργειας επιτυγχάνεται με την αντικατάσταση της χρησιμοποιούμενης ενέργειας από εναλλακτικές πηγές, τη χρήση αποδοτικότερων ενεργειακών προϊόντων ή την αποφυγή συγκεκριμένων ενεργειακών προϊόντων ή υπηρεσιών για τη διατήρησή της.
	",http://data.europa.eu/esco/isced-f/0712,τεχνολογία προστασίας του περιβάλλοντος
KnowledgeSkillCompetence,http://data.europa.eu/esco/skill/de131ede-cbfe-4e34-aff4-96f16831c3c4,ενημέρωση για τη ρύπανση που προκαλείται από ατυχήματα,released,skill/competence,sector-specific,,"Όταν ένα περιστατικό προκαλεί ρύπανση,εξέταση της έκτασης της ζημίας και των επιπτώσεων που μπορεί να υπάρξουν και να αναφορά στον σχετικό φορέα τηρώντας τις διαδικασίες υποβολής εκθέσεων σχετικά με τη ρύπανση.",http://data.europa.eu/esco/skill/be6ab363-3de1-427f-a8ef-85d5b0250822 | http://data.europa.eu/esco/skill/20136935-e6a1-417b-81df-9b94d4c2c371 | http://data.europa.eu/esco/skill/24310a7b-5db1-4917-a705-4835630227ca,αναφορά γεγονότων | αναφορά περιστατικών και ελαττωμάτων | δημιουργία εκθέσεων περιστατικών
KnowledgeSkillCompetence,http://data.europa.eu/esco/skill/debd4fe7-58c9-499e-8a7e-b42984afe728,"διανομή θέρμανσης, ψύξης και ζεστού νερού",released,knowledge,sector-specific,συστήματα θέρμανσης ψύξης και πόσιμου ζεστού νερού,"Οι αρχές σχεδιασμού των συστημάτων διανομής νερού για θέρμανση, ψύξη και ζεστό νερό οικιακής χρήσης και η σχέση με τη μόνωση, εξοικονόμηση ενέργειας μέσω βέλτιστου υδραυλικού σχεδιασμού. Η φύση της απώλειας ενέργειας στα συστήματα αυτά που προκαλείται από τη μεταφορά θερμότητας, την απώλεια πίεσης (αντίσταση σωλήνων και βαλβίδων) και την ηλεκτρική ισχύ για αντλίες και βαλβίδες.
	",http://data.europa.eu/esco/isced-f/0713,ηλεκτρισμός και ενέργεια
KnowledgeSkillCompetence,http://data.europa.eu/esco/skill/df179770-1c8d-4673-a270-481b7e4e6010,σχεδιασμός μικρής κλίμακας συστήματος αιολικής ενέργειας,released,skill/competence,sector-specific,σχεδιασμός ενός μίνι συστήματος αιολικής ενέργειας,"Σχεδιασμός μικρής κλίμακας συστήματος αιολικής ενέργειας, συμπεριλαμβανομένων των συσσωρευτών και των μετατροπέων ισχύος, σύμφωνα με άλλες πηγές ηλεκτρικής ενέργειας, και της αντοχής της κατασκευής για την τοποθέτηση μικρών στροβίλων.
	",http://data.europa.eu/esco/skill/39fa260c-4f85-48e3-83ce-e292e696c233,σχεδιασμός ηλεκτρικών ή ηλεκτρονικών συστημάτων ή εξοπλισμού
KnowledgeSkillCompetence,http://data.europa.eu/esco/skill/dfa7be8d-a98d-4fa5-a759-86b6357f38cf,έλεγχος αιτήσεων επιχορήγησης,released,skill/competence,occupation-specific,έλεγχος αιτήσεων επιδότησης,"Παρακολούθηση των αιτήσεων επιχορήγησης που υποβάλλονται από ιδιώτες, φιλανθρωπικά ιδρύματα, ομάδες της κοινότητας ή πανεπιστημιακές ερευνητικές υπηρεσίες, προκειμένου να επιβεβαιώνεται ότι πληρούν τα κριτήρια χρηματοδότησης.",http://data.europa.eu/esco/skill/e67fd42d-25f1-4124-b0be-3b1e3bfdd70c,επαλήθευση ταυτότητας και εγγράφων τεκμηρίωσης
KnowledgeSkillCompetence,http://data.europa.eu/esco/skill/dff0087d-25e4-40bf-979e-32fdf2445438,ανάπτυξη στρατηγικών για τη μείωση της σπατάλης τροφίμων,released,skill/competence,cross-sector,εντοπισμός τομέων για τη μείωση των αποβλήτων τροφίμων | μείωση της σπατάλης τροφίμων,"Ανάπτυξη πολιτικών όπως τα γεύματα προσωπικού ή η αναδιανομή τροφίμων για τη μείωση, την επαναχρησιμοποίηση και την ανακύκλωση των αποβλήτων τροφίμων, όπου είναι δυνατόν. Περιλαμβάνεται η επανεξέταση των πολιτικών προμηθειών προκειμένου να προσδιοριστούν τομείς για μείωση της σπατάλης τροφίμων, π.χ. ποσότητες και ποιότητα των τροφίμων.
	",http://data.europa.eu/esco/skill/c23e0a2f-f04b-45bc-b0dd-20571f6b502c,ανάπτυξη επιχειρησιακών πολιτικών και διαδικασιών
KnowledgeSkillCompetence,http://data.europa.eu/esco/skill/e0475631-c151-4413-829c-cb5c76b83271,μέτρηση βιωσιμότητας τουριστικών δραστηριοτήτων,released,skill/competence,sector-specific,,"Συλλογή πληροφοριών, παρακολούθηση και αξιολόγηση των επιπτώσεων του τουρισμού στο περιβάλλον, μεταξύ άλλων στις προστατευόμενες περιοχές, στην τοπική πολιτιστική κληρονομιά και βιοποικιλότητα, σε μια προσπάθεια μείωσης του αποτυπώματος άνθρακα των δραστηριοτήτων στη βιομηχανία. Περιλαμβάνεται η διεξαγωγή ερευνών σχετικά με τους επισκέπτες και η μέτρηση τυχόν αποζημίωσης που απαιτείται για την αντιστάθμιση των ζημιών.
	",http://data.europa.eu/esco/skill/d519fadd-85bf-475f-bf14-c53a0290687d,παρακολούθηση περιβαλλοντικών συνθηκών
KnowledgeSkillCompetence,http://data.europa.eu/esco/skill/e0701805-94ab-4c79-9624-39a7202cbe4f,απομείωση της αξίας στοιχείου ενεργητικού,released,skill/competence,occupation-specific,απόσβεση της αξίας περιουσιακού στοιχείου,"Ο υπολογισμός της μείωσης της αξίας ενός περιουσιακού στοιχείου που προκαλείται, για παράδειγμα, από ζημίες ή μεταβολές στο περιβάλλον, σύμφωνα με τη νομοθεσία.",http://data.europa.eu/esco/skill/19ba11f3-9c99-41fd-a7c9-f77e6a026186 | http://data.europa.eu/esco/skill/f55fac09-92a2-4a88-9a96-ee9fb5b18519,εκτέλεση υπολογισμών | προσδιορισμός της αξίας αγαθών ή υπηρεσιών
KnowledgeSkillCompetence,http://data.europa.eu/esco/skill/e16fca1b-b3e2-4823-bba1-7c755c1caf58,παροχή συμβουλών σχετικά με τη νιτρορύπανση,released,skill/competence,sector-specific,,"Παροχή συμβουλών σχετικά με τις επιπτώσεις και τις συνέπειες της ρύπανσης (συμπεριλαμβανομένης της ρύπανσης του εδάφους λόγω λιπασμάτων) που προκαλείται από εκπομπές υποξειδίου του αζώτου, οι οποίες συμβάλλουν στην εξάντληση της στιβάδας του όζοντος, και υποβολή προτάσεων για λύσεις με σκοπό τον μετριασμό τέτοιου είδους δράσεων.
	",http://data.europa.eu/esco/skill/062a9fde-cd91-44f9-9a2f-9e2bc3b281fd,παροχή συμβουλών για περιβαλλοντικά ζητήματα
KnowledgeSkillCompetence,http://data.europa.eu/esco/skill/e1da04bb-4de8-4d17-af8a-75ea893fe36a,προώθηση υπεύθυνης συμπεριφοράς καταναλωτών,released,skill/competence,occupation-specific,,"Προώθηση πολιτικών, δράσεων και εκπαιδευτικών προγραμμάτων που ενθαρρύνουν τον υγιεινό τρόπο ζωής και την προορατική συμμετοχή στη βιώσιμη κατανάλωση, και που οδηγούν σε αλλαγές της στάσης των καταναλωτών, των καταναλωτικών συνηθειών και προσδοκιών.",http://data.europa.eu/esco/skill/efb60300-0d55-4b2c-8038-8409587a4727,"προώθηση προϊόντων, υπηρεσιών ή προγραμμάτων"
KnowledgeSkillCompetence,http://data.europa.eu/esco/skill/e2028206-3060-4e81-8350-77baefabefde,επίβλεψη υδροβιότοπων κατά την εκτέλεση έργων,released,skill/competence,cross-sector,,"Επίβλεψη και προορατική ανταπόκριση στις προκλήσεις που θέτουν οι υγροβιότοποι κατά την ανάπτυξη των έργων. Επιδίωξη επίδειξης φροντίδας και συντήρησης των υγροτόπων, με παράλληλη αναζήτηση των πλέον οικονομικά αποδοτικών ως προς το περιβάλλον λύσεων για την ανάπτυξη έργων υποδομής.",http://data.europa.eu/esco/skill/d519fadd-85bf-475f-bf14-c53a0290687d | http://data.europa.eu/esco/skill/d5dbc342-8e39-4998-8237-ebbe05a381ce,παρακολούθηση περιβαλλοντικών συνθηκών | διαχείριση έργων έρευνας και ανάπτυξης
KnowledgeSkillCompetence,http://data.europa.eu/esco/skill/e2bb641f-f647-4229-a48e-9a5ef3526c23,διασφάλιση της προστασίας των ειδών που απειλούνται με εξαφάνιση και των προστατευόμενων περιοχών,released,skill/competence,sector-specific,,"Διασφάλιση ότι τα έργα δεν επηρεάζουν αρνητικά τα αποδημητικά πτηνά, τα σπάνια ή απειλούμενα είδη ζώων, τους κρίσιμους οικοτόπους ή τις περιβαλλοντικά προστατευόμενες περιοχές.",http://data.europa.eu/esco/skill/8064ae65-5d1b-44e1-9aaf-246a4285a9a6,τήρηση των νόμων και προτύπων περιβαλλοντικής προστασίας
KnowledgeSkillCompetence,http://data.europa.eu/esco/skill/e361af91-3e68-4e59-b0e2-bca0ffb416fa,θαλάσσιες πηγές ενέργειας,released,knowledge,sector-specific,παλιρροιακή δύναμη | MHK | κυματική ισχύς | ωκεάνια δύναμη,"Η ενέργεια που παράγεται από τη φυσική κίνηση των υδάτων, όπως τα ωκεάνια κύματα, οι παλίρροιες, τα ρεύματα, καθώς και από διαφορές θερμοκρασίας των υδάτων ως θερμική ενέργεια βαθέων ψυχρών υδάτων. Επιπλέον, αξιοποιείται ως ανανεώσιμη πηγή ενέργειας.
	",http://data.europa.eu/esco/skill/f8413360-6114-40de-a276-c59b764b9913 | http://data.europa.eu/esco/isced-f/0713,τεχνολογίες ανανεώσιμων πηγών ενέργειας | ηλεκτρισμός και ενέργεια
KnowledgeSkillCompetence,http://data.europa.eu/esco/skill/e36c1f47-3913-4d35-a6ae-fd9a7243483f,σχεδιασμός του δικτύου εξαερισμού,released,skill/competence,sector-specific,,"Σχεδιασμός του δικτύου εξαερισμού. Προετοιμασία και σχεδιασμός της διάταξης του εξαερισμού με χρήση εξειδικευμένου λογισμικού. Σχεδιασμός συστημάτων θέρμανσης ή ψύξης, ανάλογα με τις ανάγκες. Βελτίωση της απόδοσης του δικτύου εξαερισμού, ώστε να μειωθεί η κατανάλωση ενέργειας, συμπεριλαμβανομένης της αλληλεπίδρασης μεταξύ ενός κτιρίου σχεδόν μηδενικής κατανάλωσης ενέργειας (nZEB), της χρήσης του και της σωστής στρατηγικής εξαερισμού.
	",http://data.europa.eu/esco/skill/6caa915b-b80d-4b43-8bbc-54914e0d5032 | http://data.europa.eu/esco/skill/b2c688b0-9106-466d-8b88-eafdfe608e7d,διαχείριση του αερισμού του ορυχείου | σχεδιασμός δομών ή εγκαταστάσεων
KnowledgeSkillCompetence,http://data.europa.eu/esco/skill/e381f278-7218-4f30-a7b6-34dc3eb7e4a8,αναδάσωση,released,knowledge,sector-specific,αποκατάσταση δασών,"Μέθοδοι για την αποκατάσταση αποψιλωμένων εκτάσεων με στόχο την αντιστροφή της καταστροφής των δασών και την οικολογική αποκατάσταση σημαντικού αριθμού εκταρίων. Στο πλαίσιο αυτών των μεθόδων αναδάσωσης εντάσσονται στρατηγικές όπως η φύτευση νέων δέντρων, η προστασία των οικοσυστημάτων από την καταστροφή ή η χρήση σπόρων για σπορά.
	",http://data.europa.eu/esco/isced-f/082,δασοκομία
KnowledgeSkillCompetence,http://data.europa.eu/esco/skill/e3f2c37f-e484-4b4c-ad82-f565a2b98f89,συστήματα παρακολούθησης περιβαλλοντικής διαχείρισης,released,knowledge,sector-specific,συστήματα εποπτείας περιβαλλοντικής διαχείρισης· συστήματα επιτήρησης περιβαλλοντικής διαχείρισης· προγράμματα εποπτείας διαχείρισης περιβαλλοντικών παραμέτρων | συστήματα παρακολούθησης της διαχείρισης περιβαλλοντικών παραμέτρων· συστήματα ρύθμισης περιβαλλοντικών παραμέτρων,Το υλικό και ο εξοπλισμός που είναι κατάλληλα για τη μέτρηση και τη ζωντανή παρακολούθηση των περιβαλλοντικών παραμέτρων.,http://data.europa.eu/esco/isced-f/0712,τεχνολογία προστασίας του περιβάλλοντος
KnowledgeSkillCompetence,http://data.europa.eu/esco/skill/e3fcd642-5f9c-48ee-be58-258dd895d281,συλλογή βιολογικών δεδομένων,released,skill/competence,cross-sector,,"Συλλογή βιολογικών δειγμάτων, καταγραφή και δημιουργία σύνοψης βιολογικών δεδομένων για χρήση σε τεχνικές μελέτες, αναπτύσσοντας σχέδια περιβαλλοντικής διαχείρισης και βιολογικά προϊόντα.",http://data.europa.eu/esco/skill/29dcc31e-a8d6-4a62-b3c1-2de81e966e39,συγκέντρωση πληροφοριών από φυσικές ή ηλεκτρονικές πηγές
KnowledgeSkillCompetence,http://data.europa.eu/esco/skill/e45507ff-c1e2-4e0c-92fb-b6c0e6cb6245,φωτοβολταϊκά συστήματα,released,knowledge,sector-specific,φωτοβολταϊκά | Φ/Β συστήματα,"Συστήματα που μετατρέπουν μια ανανεώσιμη πηγή, όπως ο ήλιος, σε ηλεκτρική ενέργεια. Με βάση την αλυσίδα ενεργειακής μετατροπής, τα φωτοβολταϊκά συστήματα θα μπορούσαν να διαιρεθούν σε τρεις τύπους: φωτοβολταϊκά συστήματα απευθείας δικτύου, συστήματα αλληλεπίδρασης δικτύου και φωτοβολταϊκά συστήματα εκτός δικτύου.
	",http://data.europa.eu/esco/isced-f/0713 | http://data.europa.eu/esco/skill/05e5e14f-ffa6-4106-b311-c6335ccc2bd2,ηλεκτρισμός και ενέργεια | ηλιακή ενέργεια
KnowledgeSkillCompetence,http://data.europa.eu/esco/skill/e4698f9f-bb23-486e-a74a-c8f3a19c3132,διερεύνηση μόλυνσης,released,skill/competence,cross-sector,,"Διενέργεια δοκιμών για τη διερεύνηση των ιδιοτήτων μόλυνσης σε μια περιοχή ή σε επιφάνειες και υλικά, για τον εντοπισμό των αιτίων, της φύσης της και της έκτασης του κινδύνου και της ζημίας.",http://data.europa.eu/esco/skill/d519fadd-85bf-475f-bf14-c53a0290687d,παρακολούθηση περιβαλλοντικών συνθηκών
KnowledgeSkillCompetence,http://data.europa.eu/esco/skill/e4a3c9af-8a5d-49cc-95bb-b77e41588746,επεξεργασία μελιού συγκομιδής,released,skill/competence,sector-specific,,"Συγκομιδή και επεξεργασία του μελιού σύμφωνα με τους κανονισμούς για την υγεία, την ασφάλεια και τη βιοπροφύλαξη.",http://data.europa.eu/esco/skill/ceca8bbe-cd58-49b4-8ef4-9a34a5ac0f75,χειρισμός μηχανημάτων επεξεργασίας τροφίμων
KnowledgeSkillCompetence,http://data.europa.eu/esco/skill/e4ff825c-7376-4135-93cd-3892fd67b7c1,εκπόνηση στρατηγικών περιβαλλοντικής αποκατάστασης,released,skill/competence,cross-sector,,"Εκπόνηση στρατηγικών για την εξάλειψη της ρύπανσης και των ρύπων από το έδαφος, τα υπόγεια ύδατα, τα επιφανειακά ύδατα ή τα ιζήματα, λαμβάνοντας υπόψη τους κανονισμούς για την αποκατάσταση του περιβάλλοντος και τις διαθέσιμες τεχνολογίες.",http://data.europa.eu/esco/skill/4c3ab565-747c-4db3-8c47-79e8d6f98cf4 | http://data.europa.eu/esco/skill/0d75a128-bd88-4c1b-b70d-8e963aeb490c | http://data.europa.eu/esco/skill/8ed41305-4abf-4b54-9f8f-0e043d26feba | http://data.europa.eu/esco/skill/7a8fb784-67fa-41e9-a75c-6b491d91f800 | http://data.europa.eu/esco/skill/507e2b21-1285-47e9-bf09-0db794df1bf0,υιοθέτηση τρόπων μείωσης των αρνητικών επιπτώσεων της κατανάλωσης | υιοθέτηση τρόπων μείωσης της ρύπανσης | ανάπτυξη πολιτικών και κατάρτιση νομοθεσίας | ανάπτυξη στρατηγικής για την επίλυση προβλημάτων | εκπόνηση περιβαλλοντικής πολιτικής
KnowledgeSkillCompetence,http://data.europa.eu/esco/skill/e52c1125-1d27-4e3d-afc9-761ee5f678b3,διαφύλαξη και διατήρηση δένδρων,released,knowledge,sector-specific,,Περιβαλλοντικές απαιτήσεις για τη διαφύλαξη και διατήρηση των δένδρων.,http://data.europa.eu/esco/isced-f/0821,δασοκομία
KnowledgeSkillCompetence,http://data.europa.eu/esco/skill/e541c69c-ea80-4b17-87cb-4001d0b9d303,αξιολόγηση περιβαλλοντικών επιπτώσεων,released,skill/competence,cross-sector,,"Παρακολούθηση των περιβαλλοντικών επιπτώσεων και διενέργεια αξιολογήσεων με σκοπό τον εντοπισμό και τη μείωση των περιβαλλοντικών κινδύνων του οργανισμού, λαμβάνοντας παράλληλα υπόψη το κόστος.",http://data.europa.eu/esco/skill/4c3ab565-747c-4db3-8c47-79e8d6f98cf4 | http://data.europa.eu/esco/skill/d3a8ef9c-8572-438c-91dc-010537070be3 | http://data.europa.eu/esco/skill/7dd94ad3-13d6-43fe-8b94-51fcbf67ced9 | http://data.europa.eu/esco/skill/c4ba12d1-4698-42fa-8abb-789462ea2586 | http://data.europa.eu/esco/skill/8064ae65-5d1b-44e1-9aaf-246a4285a9a6 | http://data.europa.eu/esco/skill/d86babea-bf8b-4552-81a8-daf706066ad6,υιοθέτηση τρόπων μείωσης των αρνητικών επιπτώσεων της κατανάλωσης | διαχείριση των περιβαλλοντικών επιπτώσεων | κριτική σκέψη | προστασία του περιβάλλοντος από τον αντίκτυπο των ψηφιακών τεχνολογιών | τήρηση των νόμων και προτύπων περιβαλλοντικής προστασίας | διαχείριση των περιβαλλοντικών επιπτώσεων των εργασιών
KnowledgeSkillCompetence,http://data.europa.eu/esco/skill/e5727f3b-0dc9-4daf-84e0-d5789b33a6d9,δασική οικολογία,released,knowledge,cross-sector,,"Τα οικοσυστήματα που υπάρχουν σε ένα δάσος, από βακτήρια έως τα δένδρα και τα είδη εδάφους.",http://data.europa.eu/esco/isced-f/0521,περιβαλλοντικές επιστήμες
KnowledgeSkillCompetence,http://data.europa.eu/esco/skill/e5deced2-5636-4ff2-b9bc-dca6cbfc5f72,σχεδιασμός συστήματος συμπαραγωγής ηλεκτρισμού και θερμότητας,released,skill/competence,sector-specific,σχεδιασμός ενός συστήματος chp,"Εκτίμηση της ζήτησης θέρμανσης και ψύξης του κτιρίου, προσδιορισμός της ζήτησης ζεστού νερού οικιακής χρήσης. Τοποθέτηση υδραυλικού συστήματος στη μονάδα ΣΗΘ με εγγυημένη θερμοκρασία απόδοσης και αποδεκτούς αριθμούς διακοπτών ενεργοποίησης/απενεργοποίησης.
	",http://data.europa.eu/esco/skill/39fa260c-4f85-48e3-83ce-e292e696c233,σχεδιασμός ηλεκτρικών ή ηλεκτρονικών συστημάτων ή εξοπλισμού
KnowledgeSkillCompetence,http://data.europa.eu/esco/skill/e5f77488-7561-475a-9888-decd2443d37a,εκπαίδευση προσωπικού σχετικά με τη διαχείριση αποβλήτων,released,skill/competence,sector-specific,,"Εκπαίδευση προσωπικού μιας εγκατάστασης που ασχολείται με τη διαχείριση των αποβλήτων ή με το προσωπικό του οργανισμού που είναι υπεύθυνο για τις στρατηγικές διαχείρισης των αποβλήτων, σχετικά με τις βελτιώσεις που μπορούν να εφαρμοσθούν για τη μείωση των αποβλήτων, την αύξηση της απόδοσης της επεξεργασίας και της διάθεσης των αποβλήτων και τη διασφάλιση της συμμόρφωσης με τη νομοθεσία περί αποβλήτων και περιβάλλοντος.",http://data.europa.eu/esco/skill/699e7c26-6502-4e78-a823-3656ff5a5b8b | http://data.europa.eu/esco/skill/6c4fa8c8-e9e1-49b5-897f-6b61fe649488 | http://data.europa.eu/esco/skill/73a9561d-112c-4d8a-9d5f-b2c11c5bbd5f,παροχή οδηγιών σε τρίτους | κατάρτιση σχετικά με επιχειρησιακές διαδικασίες | διαχείριση και διάθεση αποβλήτων
KnowledgeSkillCompetence,http://data.europa.eu/esco/skill/e64d28b8-9379-440b-ba77-2738486f8e4a,έλεγχος των οσμών που προέρχονται από την παραγωγή παρασκευασμένων ζωοτροφών,released,skill/competence,occupation-specific,,"Έλεγχος των οσμών που παράγονται κατά τη διάρκεια της άλεσης, της θέρμανσης και της ψύξης, της έκκρισης υγρών αποβλήτων και άλλων εκπομπών. Πιθανή χρήση θερμικής διάταξης οξείδωσης για το σκοπό αυτό.",http://data.europa.eu/esco/skill/18f2a44e-28ef-4ae3-8ea2-347e33bd9a4b,λειτουργία μηχανημάτων κατασκευής προϊόντων
KnowledgeSkillCompetence,http://data.europa.eu/esco/skill/e65117b6-97e0-4f45-bd61-e581dcd6ec2a,επιλογή της κατάλληλης συσκευασίας για τα προϊόντα τροφίμων,released,skill/competence,sector-specific,,"Επιλογή της κατάλληλης συσκευασίας για προϊόντα τροφίμων, λαμβάνοντας υπόψη την ελκυστικότητα και την καταλληλότητα της συσκευασίας. Χρήση κατάλληλης συσκευασίας για αποστολή με ασφάλεια και με εύλογο κόστος. Επίγνωση ότι οι συσκευασίες μπορούν επίσης να επηρεάσουν τα χαρακτηριστικά του προϊόντος, όπως το σχήμα, το βάρος ή τη στερεότητα. Στάθμιση διαφόρων παραγόντων όπως το κόστος, η ελκυστικότητα και η συμμόρφωση με τους κανονισμούς και την προστασία του περιβάλλοντος.",http://data.europa.eu/esco/skill/d62d2b4c-a6f8-439e-8a1b-4f29ab5f2c47 | http://data.europa.eu/esco/skill/8da6cd59-61e1-43c4-8dfc-bc69d283ccc7,λήψη αποφάσεων | συσκευασία αντικειμένων
KnowledgeSkillCompetence,http://data.europa.eu/esco/skill/e671c957-b998-49df-b630-7908806966f1,ενημέρωση πελατών σχετικά με την περιβαλλοντική προστασία,released,skill/competence,cross-sector,,Παροχή πληροφοριών στους πελάτες σχετικά με τον αντίκτυπο που έχουν στο περιβάλλον τα συστήματα θέρμανσης και σε ποιο βαθμό ο αντίκτυπος αυτός μπορεί να μειωθεί στο ελάχιστο με τον χειρισμό των συστημάτων με τρόπο φιλικό προς το περιβάλλον ή με χρήση φιλικών προς το περιβάλλον συστημάτων.,http://data.europa.eu/esco/skill/f6d7ba88-5234-4994-944d-843ca453c923 | http://data.europa.eu/esco/skill/045f71e6-0699-4169-8a54-9c6b96f3174d | http://data.europa.eu/esco/skill/062a9fde-cd91-44f9-9a2f-9e2bc3b281fd,εφαρμογή μέτρων περιβαλλοντικής προστασίας | παροχή συμβουλών σε άλλους | παροχή συμβουλών για περιβαλλοντικά ζητήματα
KnowledgeSkillCompetence,http://data.europa.eu/esco/skill/e6bf6e73-230a-434c-97b2-a0c042a8b7ac,εφαρμογή αρχών βιωσιμότητας στην υγειονομική περίθαλψη,released,skill/competence,cross-sector,,Λήψη υπόψη των αρχών της βιωσιμότητας στον τομέα της υγειονομικής περίθαλψης και προσπάθεια για ορθολογική χρήση των πόρων.,http://data.europa.eu/esco/skill/4c3ab565-747c-4db3-8c47-79e8d6f98cf4 | http://data.europa.eu/esco/skill/8064ae65-5d1b-44e1-9aaf-246a4285a9a6,υιοθέτηση τρόπων μείωσης των αρνητικών επιπτώσεων της κατανάλωσης | τήρηση των νόμων και προτύπων περιβαλλοντικής προστασίας
KnowledgeSkillCompetence,http://data.europa.eu/esco/skill/e844bde0-9563-4c07-a7e6-4150d5f06a4b,εκτίμηση της κατανάλωσης νερού,released,skill/competence,occupation-specific,,"Εκτίμηση, μέτρηση και καταγραφή της κατανάλωσης του νερού που απαιτείται για το πότισμα λαχανικών ή των χώρων πρασίνου.",http://data.europa.eu/esco/skill/f5f15f9c-6334-4728-8dc5-3a20a00dfc37,εκτέλεση υπολογισμών
KnowledgeSkillCompetence,http://data.europa.eu/esco/skill/e85cff6b-ee0e-4106-98f0-b57b39a2ea3f,εκτέλεση δραστηριοτήτων καταπολέμησης ασθενειών και επιβλαβών οργανισμών,released,skill/competence,sector-specific,,"Εκτέλεση δραστηριοτήτων καταπολέμησης ασθενειών και επιβλαβών οργανισμών με χρήση συμβατικών ή βιολογικών μεθόδων, λαμβάνοντας υπόψη το κλίμα,το είδος του φυτού ή της καλλιέργειας, την υγεία και την ασφάλεια και τους περιβαλλοντολογικούς κανονισμούς. Αποθήκευση και χειρισμός των παρασιτοκτόνων σύμφωνα με την οδηγία και τη νομοθεσία.",http://data.europa.eu/esco/skill/8064ae65-5d1b-44e1-9aaf-246a4285a9a6,τήρηση των νόμων και προτύπων περιβαλλοντικής προστασίας
KnowledgeSkillCompetence,http://data.europa.eu/esco/skill/e979659d-d06e-4968-b4b2-ac51e379b552,σχεδιασμός στρατηγικών λειτουργίας για υβριδικά συστήματα,released,skill/competence,occupation-specific,,"Σχεδιασμός στρατηγικών λειτουργίας για υβριδικά συστήματα οδήγησης, λαμβανομένων υπόψη των ορίων για την ανάκτηση ενέργειας και τους περιοριστικούς της παράγοντες. Εξέταση των πιθανών οφελών που συνδέονται με τη μετατόπιση φορτίου και του τρόπου με τον οποίο η μετατόπιση φορτίου μπορεί να βελτιώσει τη διαχείριση της ενέργειας. Κατανόηση των προβλημάτων που συνδέονται με τη διαλείπουσα λειτουργία του κινητήρα εσωτερικής καύσης.
	",http://data.europa.eu/esco/skill/39fa260c-4f85-48e3-83ce-e292e696c233,σχεδιασμός ηλεκτρικών ή ηλεκτρονικών συστημάτων ή εξοπλισμού
KnowledgeSkillCompetence,http://data.europa.eu/esco/skill/e9d6ebab-13ad-45ce-a955-fc3f1e56add8,σχεδιασμός μέτρων για τη διαφύλαξη των φυσικών προστατευόμενων περιοχών,released,skill/competence,sector-specific,σχεδιασμός μέτρων για την προστασία των φυσικών προστατευόμενων περιοχών,"Σχεδιασμός μέτρων προστασίας για τις φυσικές περιοχές που προστατεύονται από το νόμο, με σκοπό τη μείωση των αρνητικών επιπτώσεων του τουρισμού ή των φυσικών κινδύνων στις καθορισμένες περιοχές. Περιλαμβάνονται δραστηριότητες όπως ο έλεγχος της χρήσης της γης και των φυσικών πόρων και η παρακολούθηση της ροής επισκεπτών.
	",http://data.europa.eu/esco/skill/8064ae65-5d1b-44e1-9aaf-246a4285a9a6,τήρηση των νόμων και προτύπων περιβαλλοντικής προστασίας
KnowledgeSkillCompetence,http://data.europa.eu/esco/skill/e9e57db9-a6ef-4e44-a33c-a022d7c4a17f,ποιότητα περιβάλλοντος εσωτερικών χώρων,released,knowledge,sector-specific,eiq,"Οι επιπτώσεις που έχει στην ποιότητα του περιβάλλοντος των εσωτερικών χώρων κάθε επιλογή που γίνεται στη διαδικασία σχεδιασμού.
	",http://data.europa.eu/esco/skill/75f312e1-622b-4751-8d93-815b32feaf8d | http://data.europa.eu/esco/isced-f/0712,πρόληψη ρύπανσης | τεχνολογία προστασίας του περιβάλλοντος
KnowledgeSkillCompetence,http://data.europa.eu/esco/skill/e9ff446f-6a8a-4e35-a611-176508964be3,εναλλακτικά καύσιμα,released,knowledge,sector-specific,καύσιμο ουδέτερου άνθρακα | καύσιμο με ουδέτερο ισοζύγιο άνθρακα | καθαρά καύσιμα | αρνητικό καύσιμο άνθρακα | ηλεκτρονικά καύσιμα,"Καύσιμα ή πηγές ενέργειας που χρησιμεύουν, τουλάχιστον εν μέρει, ως υποκατάστατο στον παραδοσιακό ενεργειακό εφοδιασμό των μεταφορών, όπως το πετρέλαιο και οι ορυκτές πηγές. Έχουν τη δυνατότητα να συμβάλουν στις προσπάθειες απανθρακοποίησης και να βελτιώσουν τις περιβαλλοντικές επιδόσεις του τομέα της οικονομίας και των μεταφορών.
	",http://data.europa.eu/esco/skill/279e8cb1-b704-41b3-a1c9-60f130e303b4 | http://data.europa.eu/esco/isced-f/0531,είδη καυσίμων | χημεία
KnowledgeSkillCompetence,http://data.europa.eu/esco/skill/eaef3371-cb14-4d21-90a4-e54dc7c6391c,διαχείριση του συστήματος ελέγχου αφαλάτωσης,released,skill/competence,sector-specific,,Διαχείριση συστήματος αφαίρεσης άλατος για την παραγωγή πόσιμου νερού.,http://data.europa.eu/esco/skill/d3b2c894-33fb-47c4-aff0-27935a082bf6,"χειρισμός εξοπλισμού ή συστημάτων επεξεργασίας πετρελαίου, χημικών ή νερού"
KnowledgeSkillCompetence,http://data.europa.eu/esco/skill/eb65ce8e-61bf-49d1-99bb-cb699ba1005b,ακτινοπροστασία,released,knowledge,cross-sector,προστασία από την έκθεση σε ακτινοβολία,Τα μέτρα και τις διαδικασίες που χρησιμοποιούνται για την προστασία των ανθρώπων και του περιβάλλοντος από τις επιβλαβείς επιδράσεις της ιονίζουσας ακτινοβολίας.,http://data.europa.eu/esco/isced-f/0914,τεχνολογία ιατρικής διάγνωσης και θεραπείας
KnowledgeSkillCompetence,http://data.europa.eu/esco/skill/ec4de8aa-9ba4-412b-832d-93361210eae3,θαλάσσια τεχνολογία,released,knowledge,cross-sector,,"Τεχνολογίες για την ασφαλή χρήση, εκμετάλλευση, προστασία του θαλάσσιου περιβάλλοντος και την παρέμβαση σε αυτό.
	",http://data.europa.eu/esco/isced-f/0732,οικοδομές και έργα πολιτικού μηχανικού
KnowledgeSkillCompetence,http://data.europa.eu/esco/skill/ec66a2f9-db12-4eec-936a-47632bfdccfb,εκπόνηση μελέτης σκοπιμότητας για έξυπνα δίκτυα,released,skill/competence,sector-specific,καθορισμός της έννοιας του έξυπνου δικτύου,"Διενέργεια αξιολόγησης και εκτίμησης του δυναμικού ενός έξυπνου δικτύου στο πλαίσιο του έργου. Εκπόνηση τυποποιημένης μελέτης προκειμένου να προσδιοριστεί η συμβολή, το κόστος και οι περιορισμοί της εξοικονόμησης ενέργειας, και διεξαγωγή έρευνας για την υποστήριξη της διαδικασίας λήψης αποφάσεων. Εξέταση των προκλήσεων και των ευκαιριών που συνδέονται με την εφαρμογή ασύρματων τεχνολογιών για έξυπνα δίκτυα.
	",http://data.europa.eu/esco/skill/d74df140-eb69-43e2-bac9-1cafc824d702 | http://data.europa.eu/esco/skill/ec528c47-65f4-4187-9dc1-5a8889f84a06,διενέργεια μελέτης σκοπιμότητας | ανάλυση επιχειρηματικών δραστηριοτήτων
KnowledgeSkillCompetence,http://data.europa.eu/esco/skill/ec7fd241-e68f-4593-a42a-a12a9bd80cbc,εξαρτήματα υποδημάτων,released,knowledge,sector-specific,,"Εξαρτήματα υποδημάτων για το πάνω μέρος (φόντι, φτέρνα και πλαϊνά, φόδρα, σκληρή μύτη, μασκαρέτο, κ.λπ.) και το κάτω μέρος (σόλες, τακούνια, εσωτερικές σόλες κ.λπ.) Οι οικολογικές ανησυχίες και η σημασία της ανακύκλωσης. Επιλογή των κατάλληλων υλικών και εξαρτημάτων με βάση την επίδρασή τους στο στυλ και τα χαρακτηριστικά των υποδημάτων, τις ιδιότητες και τη δυνατότητα παραγωγής. Διαδικασίες και μέθοδοι χημικής και μηχανικής επεξεργασίας των δερμάτινων και των μη δερμάτινων υλικών.",http://data.europa.eu/esco/isced-f/0723,"κλωστοϋφαντουργικά προϊόντα (ενδύματα, υποδήματα και δέρματα)"
KnowledgeSkillCompetence,http://data.europa.eu/esco/skill/ecd368bc-6383-4a03-9b61-46e0a94750f7,παροχή οδηγιών σχετικά με τεχνολογίες εξοικονόμησης ενέργειας,released,skill/competence,sector-specific,εκπαίδευση σε τεχνολογίες εξοικονόμησης ενέργειας,"Παροχή οδηγιών στον διαχειριστή της εγκατάστασης ή σε παρόμοια πρόσωπα σχετικά με τις παραμέτρους παρακολούθησης προκειμένου να διασφαλίζεται ότι το σύστημα επιτυγχάνει τους σχεδιασμένους στόχους εξοικονόμησης ενέργειας.
	",http://data.europa.eu/esco/skill/699e7c26-6502-4e78-a823-3656ff5a5b8b | http://data.europa.eu/esco/skill/caede8f1-6658-4d78-9eb4-2ad2c7ebf09b,παροχή οδηγιών σε τρίτους | διδασκαλία και κατάρτιση
KnowledgeSkillCompetence,http://data.europa.eu/esco/skill/ed17ddef-52ed-4a24-b6ca-d5ecc53eba24,εφαρμογή συστημάτων σίτισης των ψαριών με πτερύγια,released,skill/competence,sector-specific,,"Εφαρμογή συστημάτων καθημερινής σίτισης των ψαριών με πτερύγια ώστε να λαμβάνονται υπόψη οι περιβαλλοντικές μεταβολές. Παρακολούθηση των συστημάτων σίτισης μέσω της ορθής εφαρμογής των διαδικασιών σίτισης. Εφαρμογή προσαρμογών στα συστήματα σίτισης, ώστε να λαμβάνονται υπόψη οι διακυμάνσεις στην απόδοση της παραγωγής και οι διαφοροποιήσεις των περιβαλλοντικών συνθηκών. Έλεγχος ειδικών συστημάτων σίτισης για την υποστήριξη συγκεκριμένων απαιτήσεων παραγωγής. Διερεύνηση των αλλαγών στη συμπεριφορά σίτισης για τον προσδιορισμό των αιτίων και των απαιτούμενων διορθωτικών μέτρων.",http://data.europa.eu/esco/skill/42f18b92-1c20-46ed-bde0-9bc64ff1e475,σίτιση και περιποίηση ζώων
KnowledgeSkillCompetence,http://data.europa.eu/esco/skill/ed8dbdd1-5b40-4eaf-adaf-3b1f6d16a37b,αποθήκευση επικίνδυνων αποβλήτων,released,knowledge,cross-sector,,Οι κανονισμοί και οι διαδικασίες σχετικά με τη φύλαξη υλικών και ουσιών που ενέχουν κινδύνους για την υγεία και την ασφάλεια.,http://data.europa.eu/esco/isced-f/1021,δημόσια καθαριότητα
KnowledgeSkillCompetence,http://data.europa.eu/esco/skill/edf0690f-629d-4674-a9df-45fd89413e85,αξιολόγηση των περιβαλλοντικών επιπτώσεων στα υπόγεια ύδατα,released,skill/competence,sector-specific,,Εκτίμηση των περιβαλλοντικών επιπτώσεων των δραστηριοτήτων άντλησης και διαχείρισης των υπόγειων υδάτων.,http://data.europa.eu/esco/skill/101d63ee-bb22-4a7c-9e0a-c2716063696a | http://data.europa.eu/esco/skill/7dd94ad3-13d6-43fe-8b94-51fcbf67ced9 | http://data.europa.eu/esco/skill/e541c69c-ea80-4b17-87cb-4001d0b9d303 | http://data.europa.eu/esco/skill/d519fadd-85bf-475f-bf14-c53a0290687d,"διενέργεια αξιολόγησης για την υγεία, την ασφάλεια και το περιβάλλον | κριτική σκέψη | αξιολόγηση περιβαλλοντικών επιπτώσεων | παρακολούθηση περιβαλλοντικών συνθηκών"
KnowledgeSkillCompetence,http://data.europa.eu/esco/skill/ee02393d-27dd-438a-8879-b8088ce45e79,περιβαλλοντικές πολιτικές ΤΠΕ,released,knowledge,occupation-specific,περιβαλλοντική πολιτική ΤΠΕ· περιβαλλοντική τακτική ΤΠΕ | πολιτικές ΤΠΕ όσον αφορά το περιβάλλον· περιβαλλοντικές στρατηγικές ΤΠΕ· περιβαλλοντικές τακτικές ΤΠΕ,"Οι διεθνείς και οργανωσιακές πολιτικές που αφορούν την αξιολόγηση των περιβαλλοντικών επιπτώσεων των καινοτομιών και των εξελίξεων στον τομέα των ΤΠΕ, καθώς και τις μεθόδους για τη μείωση των αρνητικών επιπτώσεων και την εφαρμογή καινοτομιών ΤΠΕ για την προστασία του περιβάλλοντος.",http://data.europa.eu/esco/isced-f/0611,χρήση υπολογιστών
KnowledgeSkillCompetence,http://data.europa.eu/esco/skill/ef010091-ddce-410d-9864-9276ef6fe390,τηλεθέρμανση και τηλεψύξη,released,knowledge,sector-specific,περιφερειακή ενέργεια | δίκτυα θέρμανσης | δίκτυα τηλεθέρμανσης και ψύξης | τοπικά συστήματα ακοής και ψύξης | περιφερειακά ενεργειακά δίκτυα,"Η τηλεθέρμανση και η τηλεψύξη αξιοποιούν τοπικές βιώσιμες πηγές ενέργειας για την παροχή θέρμανσης και πόσιμου ζεστού νερού σε μια ομάδα κτιρίων και συμβάλλουν στη βελτίωση της ενεργειακής απόδοσης.
	",http://data.europa.eu/esco/skill/83fc0b2b-6cd2-46af-b1ff-d3fc83604c26 | http://data.europa.eu/esco/isced-f/0713,ενεργειακή απόδοση | ηλεκτρισμός και ενέργεια
KnowledgeSkillCompetence,http://data.europa.eu/esco/skill/f01fe651-4270-47e8-bb85-e74c8084bd83,μέτρηση της ροής των υδάτων,released,skill/competence,sector-specific,,"Μέτρηση της ροής των υδάτων, της υδροληψίας και των λεκανών απορροής.",http://data.europa.eu/esco/skill/23d7bd85-d8d5-4455-b64d-3b0998f2425d,μέτρηση διαστάσεων και σχετικών ιδιοτήτων
KnowledgeSkillCompetence,http://data.europa.eu/esco/skill/f03a3387-c4a7-41e3-a5d4-dd4577147940,ολοκληρωμένος σχεδιασμός,released,knowledge,sector-specific,ενσωματωμένος σχεδιασμός,"Προσέγγιση του σχεδιασμού η οποία περιλαμβάνει διάφορους συναφείς κλάδους, με στόχο τον σχεδιασμό και την οικοδόμηση σύμφωνα με τις αρχές για κτίρια με σχεδόν μηδενική κατανάλωση ενέργειας. Η αλληλεπίδραση μεταξύ όλων των πτυχών του σχεδιασμού των κτιρίων, της χρήσης των κτιρίων και του εξωτερικού κλίματος.
	",http://data.europa.eu/esco/skill/80c042de-bc1a-4d78-b266-35bc80ba3093 | http://data.europa.eu/esco/isced-f/0731,αρχιτεκτονικός σχεδιασμός | αρχιτεκτονική και πολεοδομία
KnowledgeSkillCompetence,http://data.europa.eu/esco/skill/f12f094b-492f-4e88-b36b-50b8e58b7500,διενέργεια περιβαλλοντικών αξιολογήσεων σε βιομηχανικούς χώρους,released,skill/competence,cross-sector,,Διαχείριση και εποπτεία της αναζήτησης και της αξιολόγησης περιβαλλοντικών χώρων για εξορυκτικές ή βιομηχανικές εγκαταστάσεις. Προσδιορισμός και οριοθέτηση περιοχών για γεωχημική ανάλυση και επιστημονική έρευνα.,http://data.europa.eu/esco/skill/3eef7ff2-3ade-41d4-b084-2bd2a3949e1c,εκτίμηση της γης ή ακινήτων
KnowledgeSkillCompetence,http://data.europa.eu/esco/skill/f14cfbac-07c5-43de-8b63-51518be99826,σχεδιασμός ανεμογεννητριών,released,skill/competence,sector-specific,,"Σχεδιασμός των ηλεκτρικών κατασκευαστικών στοιχείων και των πτερυγίων που χρησιμοποιούνται σε εξοπλισμό ο οποίος παράγει ηλεκτρική ενέργεια από τον άνεμο, ώστε να διασφαλίζεται η βελτιστοποίηση του σχεδιασμού με σκοπό την ασφαλή και αποτελεσματική παραγωγή ενέργειας.",http://data.europa.eu/esco/skill/39fa260c-4f85-48e3-83ce-e292e696c233,σχεδιασμός ηλεκτρικών ή ηλεκτρονικών συστημάτων ή εξοπλισμού
KnowledgeSkillCompetence,http://data.europa.eu/esco/skill/f191c306-f0eb-4cb8-82fb-3331adbbc6f1,προσαρμογή χρονοδιαγραμμάτων διανομής ενέργειας,released,skill/competence,sector-specific,,Παρακολούθηση των διαδικασιών που αφορούν τη διανομή ενέργειας προκειμένου να εκτιμηθεί κατά πόσον πρέπει να αυξηθεί ή να μειωθεί ο ενεργειακός εφοδιασμός ανάλογα με τις μεταβολές της ζήτησης και ενσωμάτωση των αλλαγών αυτών στο χρονοδιάγραμμα διανομής. Διασφάλιση της συμμόρφωσης με τις αλλαγές.,http://data.europa.eu/esco/skill/75d8e5d9-bef3-418b-9011-01bff9f27207 | http://data.europa.eu/esco/skill/d9013e0e-e937-43d5-ab71-0e917ee882b8 | http://data.europa.eu/esco/skill/8bf9699c-f964-4e4b-ac3d-55aface09cbc,καθοδήγηση άλλων ατόμων | διαχείριση χρόνου | χειρισμός εξοπλισμού παραγωγής ή διανομής ενέργειας
KnowledgeSkillCompetence,http://data.europa.eu/esco/skill/f2071535-4da0-4253-a548-920d170b80e0,σχεδιασμός θερμικού εξοπλισμού,released,skill/competence,sector-specific,,"Σχέδιο μελέτης εξοπλισμού θέρμανσης και ψύξης με τη χρήση αρχών μεταφοράς θερμότητας, όπως η μετάδοση, η μεταφορά, η ακτινοβολία και η καύση. Η θερμοκρασία των συσκευών αυτών θα πρέπει να παραμένει σταθερή και στη βέλτιστη τιμή, καθώς αυτές μεταφέρουν διαρκώς θερμότητα γύρω από το σύστημα.",http://data.europa.eu/esco/skill/c34b06c4-d164-4e49-a784-89d47de42ec2,"σχεδιασμός βιομηχανικών υλικών, συστημάτων ή προϊόντων"
KnowledgeSkillCompetence,http://data.europa.eu/esco/skill/f2412a5c-8072-4cd7-8fa1-806864f91276,υποπροϊόντα,released,knowledge,cross-sector,υποπροϊόν | δευτερογενή υλικά | δευτερεύοντα υλικά,"Έννοιες των υποπροϊόντων και των αποβλήτων. Τύποι αποβλήτων και ευρωπαϊκοί κλάδοι κωδικών αποβλήτων. Λύσεις για την ανάκτηση, επαναχρησιμοποίηση και ανακύκλωση υποπροϊόντων και αποβλήτων σε διάφορους τομείς.",http://data.europa.eu/esco/isced-f/1021,δημόσια καθαριότητα
KnowledgeSkillCompetence,http://data.europa.eu/esco/skill/f29c3331-b0dc-44c6-949f-b646bcfde992,ανάλυση του πληθυσμού των δένδρων,released,skill/competence,sector-specific,,"Συλλογή πληροφοριών για τους πληθυσμούς των δένδρων στο δάσος. Αναζήτηση ασθενειών και ενδείξεων καταστροφής από έντομα, της θνησιμότητας και των κινδύνων πυρκαγιάς.",http://data.europa.eu/esco/skill/7dd94ad3-13d6-43fe-8b94-51fcbf67ced9 | http://data.europa.eu/esco/skill/d519fadd-85bf-475f-bf14-c53a0290687d | http://data.europa.eu/esco/skill/9af1bd12-01bd-4d6a-947b-69e64f23150a,κριτική σκέψη | παρακολούθηση περιβαλλοντικών συνθηκών | επεξεργασία ποιοτικών πληροφοριών
KnowledgeSkillCompetence,http://data.europa.eu/esco/skill/f36dff27-a70e-4c23-b2de-e2dffe84adbf,πολλαπλασιασμός καλλιεργούμενων φυτών,released,knowledge,sector-specific,πολλαπλασιασμός φυτών,"Είδη διαφορετικών μεθόδων πολλαπλασιασμού, υλικών και σπόρων, καθώς και τα κριτήρια υγείας και ποιότητάς τους.",http://data.europa.eu/esco/isced-f/0811,φυτική και ζωική παραγωγή
KnowledgeSkillCompetence,http://data.europa.eu/esco/skill/f3cc52e3-a96c-4549-b841-6e41a846fa99,ενημέρωση για περιβαλλοντικά ζητήματα,released,skill/competence,cross-sector,,"Σύνταξη περιβαλλοντικών εκθέσεων και επικοινωνία σχετικά με ζητήματα. Ενημέρωση του κοινού ή τυχόν ενδιαφερομένων μερών σε δεδομένο πλαίσιο σε ό,τι αφορά τις σχετικές πρόσφατες εξελίξεις στο περιβάλλον, τις προβλέψεις για το μέλλον του περιβάλλοντος και τυχόν προβλήματα και πιθανές λύσεις.",http://data.europa.eu/esco/skill/be6ab363-3de1-427f-a8ef-85d5b0250822 | http://data.europa.eu/esco/skill/062a9fde-cd91-44f9-9a2f-9e2bc3b281fd,αναφορά γεγονότων | παροχή συμβουλών για περιβαλλοντικά ζητήματα
KnowledgeSkillCompetence,http://data.europa.eu/esco/skill/f519caf2-a69f-4357-a8b7-d992e4bfdae3,σχεδιασμός θερμικών απαιτήσεων,released,skill/competence,sector-specific,,Σχεδιασμός απαιτήσεων σε επίπεδο μηχανικού για θερμικά προϊόντα όπως τα συστήματα τηλεπικοινωνιών. Βελτίωση και βελτιστοποίηση των σχεδίων αυτών χρησιμοποιώντας θερμικές λύσεις ή τεχνικές πειραματισμού και επικύρωσης.,http://data.europa.eu/esco/skill/c23e0a2f-f04b-45bc-b0dd-20571f6b502c,ανάπτυξη επιχειρησιακών πολιτικών και διαδικασιών
KnowledgeSkillCompetence,http://data.europa.eu/esco/skill/f5bf985b-ac78-4d23-881a-18a359234528,εταιρική βιωσιμότητα,released,knowledge,sector-specific,στρατηγικές εταιρικής βιωσιμότητας | εταιρικές στρατηγικές βιωσιμότητας,"Επιχειρηματική πρακτική για την επίτευξη μακροπρόθεσμης βιώσιμης ανάπτυξης μέσω της επιδίωξης περιβαλλοντικών, οικονομικών και κοινωνικών στρατηγικών ως των τριών βασικών πυλώνων της.
	",http://data.europa.eu/esco/isced-f/0410,επιχειρήσεις και διοίκηση που δεν προσδιορίζονται περαιτέρω
KnowledgeSkillCompetence,http://data.europa.eu/esco/skill/f64b7f4d-e89e-4920-8674-b75a9cd63389,επιθεώρηση γεννητριών παλιρροϊκών ρευμάτων,released,skill/competence,sector-specific,επιθεωρεί παλιρροϊκές τουρμπίνες | επιθεώρηση μετατροπέων παλιρροιακής ενέργειας,"Διενέργεια τακτικών επιθεωρήσεων στις ανεμογεννήτριες παλιρροϊκών ρευμάτων με προσεκτική επιθεώρηση όλων των μερών, ώστε να εντοπίζονται τυχόν προβλήματα, και να αξιολογείται αν πρέπει να προγραμματιστούν επισκευές.
	",http://data.europa.eu/esco/skill/f7fc7bf8-f41d-44af-81e3-09b88e9779e6,δοκιμές ηλεκτρικών και μηχανικών συστημάτων ή εξοπλισμού
KnowledgeSkillCompetence,http://data.europa.eu/esco/skill/f66b2fc3-2952-41e5-89bf-a9157ea29420,διασφάλιση της συμμόρφωσης με την περιβαλλοντική νομοθεσία στην παραγωγή τροφίμων,released,skill/competence,sector-specific,,Μέριμνα για τη συμμόρφωση με την περιβαλλοντική νομοθεσία στην παραγωγή τροφίμων. Κατανόηση της νομοθεσίας σχετικά με τα περιβαλλοντικά θέματα στον τομέα της μεταποίησης τροφίμων και  εφαρμογή της εν λόγω νομοθεσίας στην πράξη.,http://data.europa.eu/esco/skill/4c3ab565-747c-4db3-8c47-79e8d6f98cf4 | http://data.europa.eu/esco/skill/089ee650-297e-4716-87d1-440743b70a0d | http://data.europa.eu/esco/skill/8064ae65-5d1b-44e1-9aaf-246a4285a9a6,υιοθέτηση τρόπων μείωσης των αρνητικών επιπτώσεων της κατανάλωσης | διασφάλιση της συμμόρφωσης με την περιβαλλοντική νομοθεσία | τήρηση των νόμων και προτύπων περιβαλλοντικής προστασίας
KnowledgeSkillCompetence,http://data.europa.eu/esco/skill/f672b7a0-698e-45f1-a102-51adeaf89200,ανάπτυξη σχεδίων αποδοτικότητας για δραστηριότητες εφοδιαστικής,released,skill/competence,sector-specific,,Εκπόνηση και εφαρμογή σχεδίων για την αύξηση της αποδοτικότητας και τη μείωση των αποβλήτων κατά τη διάρκεια των δραστηριοτήτων εφοδιαστικής.,http://data.europa.eu/esco/skill/c23e0a2f-f04b-45bc-b0dd-20571f6b502c,ανάπτυξη επιχειρησιακών πολιτικών και διαδικασιών
KnowledgeSkillCompetence,http://data.europa.eu/esco/skill/f6d7ba88-5234-4994-944d-843ca453c923,εφαρμογή μέτρων περιβαλλοντικής προστασίας,released,skill/competence,cross-sector,,Επιβολή περιβαλλοντικών κριτηρίων για την πρόληψη περιβαλλοντικών ζημιών. Καταβολή της μέγιστης δυνατής προσπάθειας για την αποδοτική χρήση των πόρων με σκοπό την πρόληψη της δημιουργίας αποβλήτων και τη μείωση του κόστους. Παροχή κινήτρων σε συναδέλφους για λήψη σχετικών μέτρων με σκοπό τη λειτουργία με φιλικό προς το περιβάλλον τρόπο.,http://data.europa.eu/esco/skill/8064ae65-5d1b-44e1-9aaf-246a4285a9a6,τήρηση των νόμων και προτύπων περιβαλλοντικής προστασίας
KnowledgeSkillCompetence,http://data.europa.eu/esco/skill/f7626ae8-eecf-41f4-bc4f-de9e57ed30a6,διαχείριση όμβριων υδάτων,released,knowledge,sector-specific,,"Τα χαρακτηριστικά των ευαίσθητων στο νερό μεθόδων πολεοδομικού σχεδιασμού, όπως οι υγρές λεκάνες, οι ξηρές λεκάνες, η αποστράγγιση και η διείσδυση από την επιφάνεια.",http://data.europa.eu/esco/isced-f/0731,αρχιτεκτονική και πολεοδομία
KnowledgeSkillCompetence,http://data.europa.eu/esco/skill/f76eeb55-2ad1-40ef-ba09-fa60e2c28b40,σχεδιασμός συστήματος τεχνητού φωτισμού,released,skill/competence,sector-specific,,"Διερεύνηση και σχεδιασμός συστήματος τεχνητού φωτισμού βάσει του φωτός της ημέρας, χρονοδιακόπτη ή χρησιμοποιούμενων χώρων, λαμβανομένων υπόψη τυχόν τεχνικών προδιαγραφών και περιορισμών, όπως η ποιότητα ισχύος και η ενεργειακή απόδοση και η επίδραση των χρησιμοποιούμενων υλικών σε λαμπτήρες ή LED στο περιβάλλον.
	",http://data.europa.eu/esco/skill/883eab8c-d8a6-4e8b-9b11-7d9001e172ab,σχεδιασμός συστημάτων και προϊόντων
KnowledgeSkillCompetence,http://data.europa.eu/esco/skill/f7a4fb1d-d951-4c4c-8643-3212c0958f71,παρακολούθηση ηλεκτρογεννητριών,released,skill/competence,sector-specific,,"Παρακολούθηση της λειτουργίας των ηλεκτρικών γεννητριών σε σταθμούς παραγωγής ηλεκτρικής ενέργειας, ώστε να εξασφαλίζεται η λειτουργικότητα και η ασφάλεια, και να εντοπίζονται οι ανάγκες επισκευής και συντήρησης.",http://data.europa.eu/esco/skill/942edf03-a450-4261-b65c-9b447fdddc51 | http://data.europa.eu/esco/skill/6d0cad66-82dd-4854-a03a-68232942c68d,εγκατάσταση γεννητριών | εγκατάσταση ξύλινων και μεταλλικών στοιχείων
KnowledgeSkillCompetence,http://data.europa.eu/esco/skill/f806d624-7700-4e47-9f7b-253d4d6ab9e5,προώθηση της καλής μεταχείρισης των ζώων,released,skill/competence,sector-specific,,"Προώθηση των ορθών πρακτικών και της συνεργασίας για τη διατήρηση και προώθηση υψηλών προτύπων για την καλή μεταχείριση των ζώων ανά πάσα στιγμή, με την προσαρμογή της ατομικής συμπεριφοράς και τη διαχείριση των περιβαλλοντικών παραγόντων.",http://data.europa.eu/esco/skill/d2d9051a-10e1-41c5-9cfb-bbdc58016176 | http://data.europa.eu/esco/skill/5bcec244-3efe-45ac-8891-0ab4a91e9c48,τήρηση προληπτικών μέτρων ασφάλειας στις πρακτικές εργασίας | τήρηση των διαδικασιών υγείας και ασφάλειας
KnowledgeSkillCompetence,http://data.europa.eu/esco/skill/f82b05a7-128b-4a72-a815-044ff6062f62,παροχή συμβουλών σχετικά με διαδικασίες διαχείρισης αποβλήτων,released,skill/competence,cross-sector,,"Παροχή συμβουλών σε οργανισμούς σχετικά με την εφαρμογή των κανονισμών για τα απόβλητα και τις στρατηγικές βελτίωσης για τη διαχείριση και την ελαχιστοποίηση των αποβλήτων, ώστε να αυξηθούν οι περιβαλλοντικά βιώσιμες πρακτικές και η περιβαλλοντική ευαισθητοποίηση.",http://data.europa.eu/esco/skill/045f71e6-0699-4169-8a54-9c6b96f3174d | http://data.europa.eu/esco/skill/b036eb5c-6a48-45b9-b2c6-f42f9e336204,παροχή συμβουλών σε άλλους | παροχή συμβουλών σχετικά με επιχειρηματικά ή επιχειρησιακά θέματα
KnowledgeSkillCompetence,http://data.europa.eu/esco/skill/f8413360-6114-40de-a276-c59b764b9913,τεχνολογίες ανανεώσιμων πηγών ενέργειας,released,knowledge,cross-sector,τεχνολογίες για τις ανανεώσιμες πηγές ενέργειας | τεχνολογίες για ανανεώσιμες πηγές ενέργειας | τεχνολογία ανανεώσιμων πηγών ενέργειας | τεχνολογία ηλιακής ενέργειας | τεχνολογία ενέργειας βιοκαυσίμων | τεχνολογία για ανανεώσιμες πηγές ενέργειας | τεχνολογία αιολικής ενέργειας | ενεργειακή τεχνολογία βιοκαυσίμων | τεχνολογία για τις ανανεώσιμες πηγές ενέργειας,"Τα διάφορα είδη ενεργειακών πηγών που δεν μπορούν να εξαντληθούν, όπως η αιολική ενέργεια, η ηλιακή ενέργεια, το νερό, η βιομάζα και η παραγωγή ενέργειας από βιοκαύσιμα. Διάφορες τεχνολογίες που χρησιμοποιούνται όλο και περισσότερο για την εφαρμογή αυτών των τύπων ενέργειας, όπως οι ανεμογεννήτριες, τα υδροηλεκτρικά φράγματα, τα φωτοβολταϊκά  συστήματα και τα συγκεντρωτικά ηλιακά συστήματα.",http://data.europa.eu/esco/skill/1e38f5be-bb7d-42c5-8301-c16cf400f8ee | http://data.europa.eu/esco/isced-f/0713,ενέργεια από ανανεώσιμες πηγές | ηλεκτρισμός και ενέργεια
KnowledgeSkillCompetence,http://data.europa.eu/esco/skill/f8460277-3c9a-4be4-b203-600a2a295f47,έλεγχος ασθενειών φυτών,released,knowledge,sector-specific,,"Τύποι και χαρακτηριστικά ασθενειών σε φυτά και καλλιέργειες. Διάφορα είδη μεθόδων ελέγχου, δραστηριότητες που χρησιμοποιούν συμβατικές ή βιολογικές μεθόδους με βάση το είδος του φυτού ή της καλλιέργειας, τις περιβαλλοντικές και κλιματικές συνθήκες και τους κανονισμούς για την υγεία και την ασφάλεια. Αποθήκευση και χειρισμός των προϊόντων.",http://data.europa.eu/esco/isced-f/0811,φυτική και ζωική παραγωγή
KnowledgeSkillCompetence,http://data.europa.eu/esco/skill/f85c6fbb-51c9-4b3f-adc9-391df4b2da65,σχεδιασμός συστημάτων γεωθερμικής ενέργειας,released,skill/competence,sector-specific,μηχανικό σύστημα γεωθερμικής ενέργειας,"Λεπτομερής σχεδιασμός συστήματος γεωθερμικής ενέργειας. Προσδιορισμός των ορίων του εργοταξίου, π.χ., απαιτούμενος χώρος, έκταση, βάθος. Κατάρτιση λεπτομερών περιγραφών και σχεδίων του σχεδίου.
	",http://data.europa.eu/esco/skill/39fa260c-4f85-48e3-83ce-e292e696c233,σχεδιασμός ηλεκτρικών ή ηλεκτρονικών συστημάτων ή εξοπλισμού
KnowledgeSkillCompetence,http://data.europa.eu/esco/skill/f9032d23-4b04-4cbb-8152-2cafc2d394d2,χειρισμός δονούμενου τροφοδότη θραυσμάτων,released,skill/competence,cross-sector,,Λειτουργία τροφοδότη θραυσμάτων που μεταφέρει θραύσματα ή άλλα απόβλητα σε κάδο απορριμμάτων.,http://data.europa.eu/esco/skill/8d80f33a-ab38-429b-a4ed-3b1a6f8f3b4a,χειρισμός μηχανημάτων ανάμειξης και διαχωρισμού
KnowledgeSkillCompetence,http://data.europa.eu/esco/skill/f975091a-e5a5-4472-ac17-11680e53e98f,εφαρμογή καινοτομιών στις τρέχουσες πρακτικές,released,skill/competence,cross-sector,εφαρμογή καινοτόμων ιδεών | εφαρμογή βελτιώσεων | αναζήτηση τρόπων βελτίωσης της επιχείρησης | αναζήτηση καινοτόμων ιδεών,"Αναζήτηση βελτιώσεων και παρουσίαση καινοτόμων λύσεων, δημιουργικότητας και εναλλακτικής σκέψης για την ανάπτυξη νέων τεχνολογιών, μεθόδων ή ιδεών σχετικά με προβλήματα που σχετίζονται με την εργασία και την αντιμετώπισή τους.",http://data.europa.eu/esco/skill/c624c6a3-b0ba-4a31-a296-0d433fe47e41 | http://data.europa.eu/esco/skill/1a4cc54f-1e53-442b-a6d2-1682dc8ef8f9 | http://data.europa.eu/esco/skill/e2a5e046-3357-493e-bbdc-8d0ef82005cc,δημιουργική σκέψη | δημιουργική χρήση ψηφιακών τεχνολογιών | παρακολούθηση των εξελίξεων στον τομέα της εμπειρογνωμοσύνης
KnowledgeSkillCompetence,http://data.europa.eu/esco/skill/f9b7be6c-29a0-4021-980e-a0e3b0005205,επιθεώρηση μετατροπέων κυματικής ενέργειας,released,skill/competence,sector-specific,,"Διενέργεια τακτικών επιθεωρήσεων στους μετατροπείς κυματικής ενέργειας με προσεκτική επιθεώρηση όλων των μερών, ώστε να εντοπίζονται τυχόν προβλήματα, και να αξιολογείται αν πρέπει να προγραμματιστούν επισκευές.
	",http://data.europa.eu/esco/skill/f7fc7bf8-f41d-44af-81e3-09b88e9779e6,δοκιμές ηλεκτρικών και μηχανικών συστημάτων ή εξοπλισμού
KnowledgeSkillCompetence,http://data.europa.eu/esco/skill/fac6dbca-0d38-48a0-a255-d2beea8156d6,πρόληψη θαλάσσιας ρύπανσης,released,skill/competence,sector-specific,,Διεξαγωγή επιθεωρήσεων και λήψη μέτρων για την πρόληψη ή τον μετριασμό της θαλάσσιας ρύπανσης. Συμμόρφωση με τους διεθνείς κώδικες και τα διεθνή ψηφίσματα.,http://data.europa.eu/esco/skill/0d75a128-bd88-4c1b-b70d-8e963aeb490c | http://data.europa.eu/esco/skill/5aec5b83-df71-483e-90b9-21e56a0a3cb2 | http://data.europa.eu/esco/skill/d519fadd-85bf-475f-bf14-c53a0290687d,υιοθέτηση τρόπων μείωσης της ρύπανσης | μέτρηση ρύπανσης | παρακολούθηση περιβαλλοντικών συνθηκών
KnowledgeSkillCompetence,http://data.europa.eu/esco/skill/fc0ea6f4-8182-4127-a92b-fd53be15ec30,ανάπτυξη βιοκαταλυτικών διεργασιών,released,skill/competence,sector-specific,,Ανάπτυξη καυσίμων ή χημικών ουσιών υψηλής ποιότητας από βιομάζα με τη χρήση μικροοργανισμών όπως ένζυμα ή μαγιά.,http://data.europa.eu/esco/skill/7ca69606-5ffc-4668-ae53-713c1f1612e6,χειρισμός επιστημονικού και εργαστηριακού εξοπλισμού
KnowledgeSkillCompetence,http://data.europa.eu/esco/skill/fc6890aa-1dbd-4aa1-bae2-4699965eeaf0,διαχείριση δασοπυρκαγιών,released,skill/competence,sector-specific,,"Προστασία της ζωής, της ιδιοκτησίας και των πόρων μέσω της πρόληψης των δασικών πυρκαγιών. Ανίχνευση, έλεγχος, περιορισμός και κατάσβεση των πυρκαγιών όποτε αυτές εκδηλώνονται. Ενσωμάτωση των γνώσεων σχετικά με τα συστήματα πυρασφάλειας, τις συνέπειες της πυρκαγιάς και τις αξίες που κινδυνεύουν, το απαιτούμενο επίπεδο προστασίας των δασών και το κόστος των δραστηριοτήτων που σχετίζονται με τις πυρκαγιές.",http://data.europa.eu/esco/skill/3d9873e5-7128-49d9-9048-f72b8ea4b29e | http://data.europa.eu/esco/skill/d519fadd-85bf-475f-bf14-c53a0290687d,διαχείριση δασών | παρακολούθηση περιβαλλοντικών συνθηκών
KnowledgeSkillCompetence,http://data.europa.eu/esco/skill/fc7ed09d-3010-4054-8136-a534b16fb35e,εκπόνηση προγραμμάτων εργασιών σε περιοχές οικολογικής προστασίας,released,skill/competence,sector-specific,,"Εκπόνηση, εφαρμογή και επανεξέταση προγραμμάτων εργασιών σε περιοχές οικολογικής προστασίας (παροχή υπηρεσιών), ώστε να καταστεί δυνατή η ολοκλήρωση με τη χρήση των ήδη κατανεμημένων πόρων και εντός χρονοδιαγράμματος.",http://data.europa.eu/esco/skill/e6eeb84c-ad99-42e2-b883-e6ce338aef59,επιχειρησιακός σχεδιασμός και σχεδιασμός παραγωγικής διαδικασίας
KnowledgeSkillCompetence,http://data.europa.eu/esco/skill/fcc29203-1f8d-4c54-90ee-78cb18467695,επιτήρηση της επεξεργασίας λυμάτων,released,skill/competence,sector-specific,,Επιτήρηση της επεξεργασίας λυμάτων σύμφωνα με τους περιβαλλοντικούς κανονισμούς.,http://data.europa.eu/esco/skill/87dff904-fb74-4d59-972e-1c2387579d94,καθοδήγηση των επιχειρησιακών δραστηριοτήτων
KnowledgeSkillCompetence,http://data.europa.eu/esco/skill/fcffe2a5-6253-4848-92e7-749304aca647,ανάπτυξη καινοτόμων λύσεων κινητικότητας,released,skill/competence,cross-sector,καθορισμός καινοτόμων ιδεών κινητικότητας | καθορισμός καινοτόμων υπηρεσιών κινητικότητας | ανάπτυξη υπηρεσιών κοινής χρήσης ποδηλάτων | ανάπτυξη υπηρεσιών κινητικότητας κατ' απαίτηση | ανάπτυξη καινοτόμων λύσεων μετακίνησης με τη χρήση ψηφιακών τεχνολογιών | δημιουργία καινοτόμων λύσεων για τη μετακίνηση μέσω ψηφιακής τεχνολογίας | ανάπτυξη εφαρμογών κινητικότητας,"Επεξεργασία καινοτόμων ιδεών για την ανάπτυξη λύσεων μεταφορών βασισμένων στην ενοποίηση των ψηφιακών τεχνολογιών και τη διαχείριση δεδομένων, και προώθηση της μετάβασης από τις μεταφορές με μέσα ιδίας ιδιοκτησίας στις υπηρεσίες κατά παραγγελία και κοινής κινητικότητας.
	",http://data.europa.eu/esco/skill/b590d4e5-7c62-4b4a-abc2-c270b482e0ce,σχεδιασμός συστημάτων ή εφαρμογών τπε
KnowledgeSkillCompetence,http://data.europa.eu/esco/skill/fd082998-8cea-4abc-8504-03f7e4b7088e,σχεδιασμός συστήματος διαχείρισης κτιρίου,released,skill/competence,sector-specific,μηχανικός bms,"Σχεδιασμός του συστήματος διαχείρισης κτιρίου (BMS). Περιγραφή των στρατηγικών αυτοματοποίησης και της ζητούμενης λειτουργικότητας. Στάθμιση και εξισορρόπηση μεταξύ των στοιχείων και των συστημάτων που θα πρέπει να περιλαμβάνονται στο BMS, καθώς και εξέταση εκείνων που είναι λιγότερο χρήσιμο να συμπεριληφθούν, σε σχέση με την εξοικονόμηση ενέργειας.
	",http://data.europa.eu/esco/skill/39fa260c-4f85-48e3-83ce-e292e696c233,σχεδιασμός ηλεκτρικών ή ηλεκτρονικών συστημάτων ή εξοπλισμού
KnowledgeSkillCompetence,http://data.europa.eu/esco/skill/fd2930ce-cd21-4eb2-87f7-115c3d197e24,διαφύλαξη των υδάτινων πόρων,released,skill/competence,occupation-specific,,Προσπάθεια διαφύλαξης των υπόγειων αρδευτικών υδάτων. Συναντήσεις με οργανισμούς που ασχολούνται με την εξοικονόμηση νερού και συνεργασία με τις διοικήσεις σχετικά με τις εξελίξεις της πολιτικής για τη διαφύλαξη των υδάτινων πόρων.,http://data.europa.eu/esco/skill/0a4c5823-8b09-4e6b-95b4-8036ef3b9c4c,προάσπιση των ατομικών αναγκών ή των αναγκών της κοινότητας
KnowledgeSkillCompetence,http://data.europa.eu/esco/skill/fdfb348c-6aaf-4815-8f50-2f665287c422,προκλήσεις της κλωστοϋφαντουργίας,released,knowledge,sector-specific,,Οι στόχοι αποτελεσματικότητας και τα περιβαλλοντικά ζητήματα που τίθενται από τις προκλήσεις στον τομέα της κλωστοϋφαντουργίας.,http://data.europa.eu/esco/skill/469748ce-051a-407e-9099-0c9415ac2705 | http://data.europa.eu/esco/skill/4e373bb6-b9e1-4400-ba59-0313e88e8f94 | http://data.europa.eu/esco/isced-f/0723,"θετική προσέγγιση των προκλήσεων | κλωστοϋφαντουργική βιομηχανία | κλωστοϋφαντουργικά προϊόντα (ενδύματα, υποδήματα και δέρματα)"
KnowledgeSkillCompetence,http://data.europa.eu/esco/skill/ff9f1770-2b94-4afa-bf82-1671d7f54b99,συλλογή οικιακών απορριμμάτων,released,skill/competence,sector-specific,,Συλλογή μη επικίνδυνων αποβλήτων από κατοικημένες περιοχές και κατοικίες για την απομάκρυνσή τους από την περιοχή και τη μεταφορά τους σε εγκαταστάσεις επεξεργασίας και διάθεσης αποβλήτων.,http://data.europa.eu/esco/skill/61d1dab2-6007-4b7c-9380-cd88207fa30f,διάθεση μη επικίνδυνων αποβλήτων ή υπολειμμάτων
KnowledgeSkillCompetence,http://data.europa.eu/esco/skill/ffa1d58b-ba09-49bd-a982-e743b2237006,διενέργεια ενεργειακών προσομοιώσεων,released,skill/competence,sector-specific,πραγματοποιεί ενεργειακές προσομοιώσεις,"Αναπαραγωγή της ενεργειακής απόδοσης του κτιρίου με τη χρήση μαθηματικών μοντέλων βασισμένων σε υπολογιστή.
	",http://data.europa.eu/esco/skill/1f2950c0-ef1e-44b4-9a55-125ccd7b78af,ανάλυση και αξιολόγηση πληροφοριών και δεδομένων
