conceptType,conceptUri,code,preferredLabel,status,altLabels,inScheme,description
ISCOGroup,http://data.europa.eu/esco/isco/C0,0,Ένοπλες δυνάμεις,released,,"http://data.europa.eu/esco/concept-scheme/occupations,
http://data.europa.eu/esco/concept-scheme/isco",
ISCOGroup,http://data.europa.eu/esco/isco/C01,01,Αξιωματικοί των ενόπλων δυνάμεων,released,,"http://data.europa.eu/esco/concept-scheme/occupations,
http://data.europa.eu/esco/concept-scheme/isco",
ISCOGroup,http://data.europa.eu/esco/isco/C011,011,Αξιωματικοί των ενόπλων δυνάμεων,released,,"http://data.europa.eu/esco/concept-scheme/occupations,
http://data.europa.eu/esco/concept-scheme/isco",
ISCOGroup,http://data.europa.eu/esco/isco/C0110,0110,Αξιωματικοί των ενόπλων δυνάμεων,released,,"http://data.europa.eu/esco/concept-scheme/occupations,
http://data.europa.eu/esco/concept-scheme/isco",
ISCOGroup,http://data.europa.eu/esco/isco/C02,02,Υπαξιωματικοί των ενόπλων δυνάμεων,released,,"http://data.europa.eu/esco/concept-scheme/occupations,
http://data.europa.eu/esco/concept-scheme/isco",
ISCOGroup,http://data.europa.eu/esco/isco/C021,021,Υπαξιωματικοί των ενόπλων δυνάμεων,released,,"http://data.europa.eu/esco/concept-scheme/occupations,
http://data.europa.eu/esco/concept-scheme/isco",
ISCOGroup,http://data.europa.eu/esco/isco/C0210,0210,Υπαξιωματικοί των ενόπλων δυνάμεων,released,,"http://data.europa.eu/esco/concept-scheme/occupations,
http://data.europa.eu/esco/concept-scheme/isco",
ISCOGroup,http://data.europa.eu/esco/isco/C03,03,Άλλα μέλη των ενόπλων δυνάμεων,released,,"http://data.europa.eu/esco/concept-scheme/occupations,
http://data.europa.eu/esco/concept-scheme/isco",
ISCOGroup,http://data.europa.eu/esco/isco/C031,031,Άλλα μέλη των ενόπλων δυνάμεων,released,,"http://data.europa.eu/esco/concept-scheme/occupations,
http://data.europa.eu/esco/concept-scheme/isco",
ISCOGroup,http://data.europa.eu/esco/isco/C0310,0310,Άλλα μέλη των ενόπλων δυνάμεων,released,,"http://data.europa.eu/esco/concept-scheme/occupations,
http://data.europa.eu/esco/concept-scheme/isco",
ISCOGroup,http://data.europa.eu/esco/isco/C1,1,Ανώτερα διευθυντικά και διοικητικά στελέχη,released,,"http://data.europa.eu/esco/concept-scheme/occupations,
http://data.europa.eu/esco/concept-scheme/isco",
ISCOGroup,http://data.europa.eu/esco/isco/C11,11,"Γενικοί διευθυντές, ανώτερα διοικητικά στελέχη και μέλη των νομοθετικών σωμάτων",released,,"http://data.europa.eu/esco/concept-scheme/occupations,
http://data.europa.eu/esco/concept-scheme/isco",
ISCOGroup,http://data.europa.eu/esco/isco/C111,111,Μέλη των νομοθετικών σωμάτων και ανώτερα διοικητικά στελέχη,released,,"http://data.europa.eu/esco/concept-scheme/occupations,
http://data.europa.eu/esco/concept-scheme/isco",
ISCOGroup,http://data.europa.eu/esco/isco/C1111,1111,Μέλη των νομοθετικών σωμάτων,released,,"http://data.europa.eu/esco/concept-scheme/occupations,
http://data.europa.eu/esco/concept-scheme/isco",
ISCOGroup,http://data.europa.eu/esco/isco/C1112,1112,Ανώτερα διοικητικά στελέχη της δημόσιας διοίκησης,released,,"http://data.europa.eu/esco/concept-scheme/occupations,
http://data.europa.eu/esco/concept-scheme/isco",
ISCOGroup,http://data.europa.eu/esco/isco/C1113,1113,Παραδοσιακοί αρχηγοί και αρχηγοί χωριών (πρωτογέροντες),released,,"http://data.europa.eu/esco/concept-scheme/occupations,
http://data.europa.eu/esco/concept-scheme/isco",
ISCOGroup,http://data.europa.eu/esco/isco/C1114,1114,Ανώτερα διοικητικά στελέχη οργανισμών ειδικών συμφερόντων,released,,"http://data.europa.eu/esco/concept-scheme/occupations,
http://data.europa.eu/esco/concept-scheme/isco",
ISCOGroup,http://data.europa.eu/esco/isco/C112,112,Διευθύνοντες σύμβουλοι και γενικοί διευθυντές,released,,"http://data.europa.eu/esco/concept-scheme/occupations,
http://data.europa.eu/esco/concept-scheme/isco",
ISCOGroup,http://data.europa.eu/esco/isco/C1120,1120,Διευθύνοντες σύμβουλοι και γενικοί διευθυντές,released,,"http://data.europa.eu/esco/concept-scheme/occupations,
http://data.europa.eu/esco/concept-scheme/isco",
ISCOGroup,http://data.europa.eu/esco/isco/C12,12,Διοικητικοί και εμπορικοί διευθυντές,released,,"http://data.europa.eu/esco/concept-scheme/occupations,
http://data.europa.eu/esco/concept-scheme/isco",
ISCOGroup,http://data.europa.eu/esco/isco/C121,121,Διευθυντές επιχειρηματικών υπηρεσιών και διοίκησης,released,,"http://data.europa.eu/esco/concept-scheme/occupations,
http://data.europa.eu/esco/concept-scheme/isco",
ISCOGroup,http://data.europa.eu/esco/isco/C1211,1211,Οικονομικοί διευθυντές,released,,"http://data.europa.eu/esco/concept-scheme/occupations,
http://data.europa.eu/esco/concept-scheme/isco",
ISCOGroup,http://data.europa.eu/esco/isco/C1212,1212,Διευθυντές ανθρώπινου δυναμικού,released,,"http://data.europa.eu/esco/concept-scheme/occupations,
http://data.europa.eu/esco/concept-scheme/isco",
ISCOGroup,http://data.europa.eu/esco/isco/C1213,1213,Διευθυντές χάραξης πολιτικής και σχεδιασμού,released,,"http://data.europa.eu/esco/concept-scheme/occupations,
http://data.europa.eu/esco/concept-scheme/isco",
ISCOGroup,http://data.europa.eu/esco/isco/C1219,1219,Διευθυντές και ανώτερα διευθυντικά στελέχη επιχειρηματικών υπηρεσιών και διοίκησης π.δ.κ.α.,released,,"http://data.europa.eu/esco/concept-scheme/occupations,
http://data.europa.eu/esco/concept-scheme/isco",
ISCOGroup,http://data.europa.eu/esco/isco/C122,122,"Διευθυντές πωλήσεων, μάρκετινγκ και ανάπτυξης",released,,"http://data.europa.eu/esco/concept-scheme/occupations,
http://data.europa.eu/esco/concept-scheme/isco",
ISCOGroup,http://data.europa.eu/esco/isco/C1221,1221,Διευθυντές πωλήσεων και μάρκετινγκ,released,,"http://data.europa.eu/esco/concept-scheme/occupations,
http://data.europa.eu/esco/concept-scheme/isco",
ISCOGroup,http://data.europa.eu/esco/isco/C1222,1222,Διευθυντές διαφήμισης και δημοσίων σχέσεων,released,,"http://data.europa.eu/esco/concept-scheme/occupations,
http://data.europa.eu/esco/concept-scheme/isco",
ISCOGroup,http://data.europa.eu/esco/isco/C1223,1223,Διευθυντές έρευνας και ανάπτυξης,released,,"http://data.europa.eu/esco/concept-scheme/occupations,
http://data.europa.eu/esco/concept-scheme/isco",
ISCOGroup,http://data.europa.eu/esco/isco/C13,13,Διευθυντές παραγωγής και εξειδικευμένων υπηρεσιών,released,,"http://data.europa.eu/esco/concept-scheme/occupations,
http://data.europa.eu/esco/concept-scheme/isco",
ISCOGroup,http://data.europa.eu/esco/isco/C131,131,"Διευθυντές παραγωγής στη γεωργία, στη δασοκομία και στην αλιεία",released,,"http://data.europa.eu/esco/concept-scheme/occupations,
http://data.europa.eu/esco/concept-scheme/isco",
ISCOGroup,http://data.europa.eu/esco/isco/C1311,1311,Διευθυντές παραγωγής στη γεωργία και στη δασοκομία,released,,"http://data.europa.eu/esco/concept-scheme/occupations,
http://data.europa.eu/esco/concept-scheme/isco",
ISCOGroup,http://data.europa.eu/esco/isco/C1312,1312,Διευθυντές παραγωγής στην υδατοκαλλιέργεια και στην αλιεία,released,,"http://data.europa.eu/esco/concept-scheme/occupations,
http://data.europa.eu/esco/concept-scheme/isco",
ISCOGroup,http://data.europa.eu/esco/isco/C132,132,"Διευθυντές επιχειρήσεων μεταποίησης, εξόρυξης, κατασκευών και διανομής",released,,"http://data.europa.eu/esco/concept-scheme/occupations,
http://data.europa.eu/esco/concept-scheme/isco",
ISCOGroup,http://data.europa.eu/esco/isco/C1321,1321,Διευθυντές επιχειρήσεων μεταποίησης,released,,"http://data.europa.eu/esco/concept-scheme/occupations,
http://data.europa.eu/esco/concept-scheme/isco",
ISCOGroup,http://data.europa.eu/esco/isco/C1322,1322,Διευθυντές επιχειρήσεων εξόρυξης,released,,"http://data.europa.eu/esco/concept-scheme/occupations,
http://data.europa.eu/esco/concept-scheme/isco",
ISCOGroup,http://data.europa.eu/esco/isco/C1323,1323,Διευθυντές επιχειρήσεων κατασκευών,released,,"http://data.europa.eu/esco/concept-scheme/occupations,
http://data.europa.eu/esco/concept-scheme/isco",
ISCOGroup,http://data.europa.eu/esco/isco/C1324,1324,"Διευθυντές τροφοδοσίας, διανομής και σχετικών δραστηριοτήτων",released,,"http://data.europa.eu/esco/concept-scheme/occupations,
http://data.europa.eu/esco/concept-scheme/isco",
ISCOGroup,http://data.europa.eu/esco/isco/C133,133,Διευθυντές υπηρεσιών των τεχνολογιών πληροφόρησης και επικοινωνίας,released,,"http://data.europa.eu/esco/concept-scheme/occupations,
http://data.europa.eu/esco/concept-scheme/isco",
ISCOGroup,http://data.europa.eu/esco/isco/C1330,1330,Διευθυντές υπηρεσιών των τεχνολογιών πληροφόρησης και επικοινωνίας,released,,"http://data.europa.eu/esco/concept-scheme/occupations,
http://data.europa.eu/esco/concept-scheme/isco",
ISCOGroup,http://data.europa.eu/esco/isco/C134,134,Διευθυντές επιχειρήσεων παροχής επαγγελματικών υπηρεσιών,released,,"http://data.europa.eu/esco/concept-scheme/occupations,
http://data.europa.eu/esco/concept-scheme/isco",
ISCOGroup,http://data.europa.eu/esco/isco/C1341,1341,Διευθυντές υπηρεσιών παιδικής μέριμνας,released,,"http://data.europa.eu/esco/concept-scheme/occupations,
http://data.europa.eu/esco/concept-scheme/isco",
ISCOGroup,http://data.europa.eu/esco/isco/C1342,1342,Διευθυντές υπηρεσιών υγείας,released,,"http://data.europa.eu/esco/concept-scheme/occupations,
http://data.europa.eu/esco/concept-scheme/isco",
ISCOGroup,http://data.europa.eu/esco/isco/C1343,1343,Διευθυντές υπηρεσιών φροντίδας ηλικιωμένων,released,,"http://data.europa.eu/esco/concept-scheme/occupations,
http://data.europa.eu/esco/concept-scheme/isco",
ISCOGroup,http://data.europa.eu/esco/isco/C1344,1344,Διευθυντές υπηρεσιών κοινωνικής πρόνοιας,released,,"http://data.europa.eu/esco/concept-scheme/occupations,
http://data.europa.eu/esco/concept-scheme/isco",
ISCOGroup,http://data.europa.eu/esco/isco/C1345,1345,Διευθυντές εκπαίδευσης,released,,"http://data.europa.eu/esco/concept-scheme/occupations,
http://data.europa.eu/esco/concept-scheme/isco",
ISCOGroup,http://data.europa.eu/esco/isco/C1346,1346,Διευθυντές υπηρεσιών του χρηματοοικονομικού και ασφαλιστικού κλάδου,released,,"http://data.europa.eu/esco/concept-scheme/occupations,
http://data.europa.eu/esco/concept-scheme/isco",
ISCOGroup,http://data.europa.eu/esco/isco/C1349,1349,Διευθυντές επιχειρήσεων παροχής επαγγελματικών υπηρεσιών π.δ.κ.α.,released,,"http://data.europa.eu/esco/concept-scheme/occupations,
http://data.europa.eu/esco/concept-scheme/isco",
ISCOGroup,http://data.europa.eu/esco/isco/C14,14,"Διευθυντές ξενοδοχείων, εστιατορίων, επιχειρήσεων λιανικού και χονδρικού εμπορίου και άλλων υπηρεσιών",released,,"http://data.europa.eu/esco/concept-scheme/occupations,
http://data.europa.eu/esco/concept-scheme/isco",
ISCOGroup,http://data.europa.eu/esco/isco/C141,141,Διευθυντές ξενοδοχείων και εστιατορίων,released,,"http://data.europa.eu/esco/concept-scheme/occupations,
http://data.europa.eu/esco/concept-scheme/isco",
ISCOGroup,http://data.europa.eu/esco/isco/C1411,1411,Διευθυντές ξενοδοχείων,released,,"http://data.europa.eu/esco/concept-scheme/occupations,
http://data.europa.eu/esco/concept-scheme/isco",
ISCOGroup,http://data.europa.eu/esco/isco/C1412,1412,Διευθυντές εστιατορίων,released,,"http://data.europa.eu/esco/concept-scheme/occupations,
http://data.europa.eu/esco/concept-scheme/isco",
ISCOGroup,http://data.europa.eu/esco/isco/C142,142,Διευθυντές επιχειρήσεων λιανικού και χονδρικού εμπορίου,released,,"http://data.europa.eu/esco/concept-scheme/occupations,
http://data.europa.eu/esco/concept-scheme/isco",
ISCOGroup,http://data.europa.eu/esco/isco/C1420,1420,Διευθυντές επιχειρήσεων λιανικού και χονδρικού εμπορίου,released,,"http://data.europa.eu/esco/concept-scheme/occupations,
http://data.europa.eu/esco/concept-scheme/isco",
ISCOGroup,http://data.europa.eu/esco/isco/C143,143,Διευθυντές άλλων υπηρεσιών,released,,"http://data.europa.eu/esco/concept-scheme/occupations,
http://data.europa.eu/esco/concept-scheme/isco",
ISCOGroup,http://data.europa.eu/esco/isco/C1431,1431,"Διευθυντές αθλητικών κέντρων, κέντρων αναψυχής και πολιτιστικών κέντρων",released,,"http://data.europa.eu/esco/concept-scheme/occupations,
http://data.europa.eu/esco/concept-scheme/isco",
ISCOGroup,http://data.europa.eu/esco/isco/C1439,1439,Διευθυντές υπηρεσιών π.δ.κ.α.,released,,"http://data.europa.eu/esco/concept-scheme/occupations,
http://data.europa.eu/esco/concept-scheme/isco",
ISCOGroup,http://data.europa.eu/esco/isco/C2,2,Επαγγελματίες,released,,"http://data.europa.eu/esco/concept-scheme/occupations,
http://data.europa.eu/esco/concept-scheme/isco",
ISCOGroup,http://data.europa.eu/esco/isco/C21,21,Ασκούντες επιστημονικά επαγγέλματα και μηχανικοί,released,,"http://data.europa.eu/esco/concept-scheme/occupations,
http://data.europa.eu/esco/concept-scheme/isco",
ISCOGroup,http://data.europa.eu/esco/isco/C211,211,"Επαγγελματίες των φυσικών επιστημών, γεωλόγοι και γεωφυσικοί",released,,"http://data.europa.eu/esco/concept-scheme/occupations,
http://data.europa.eu/esco/concept-scheme/isco",
ISCOGroup,http://data.europa.eu/esco/isco/C2111,2111,Φυσικοί και αστρονόμοι,released,,"http://data.europa.eu/esco/concept-scheme/occupations,
http://data.europa.eu/esco/concept-scheme/isco",
ISCOGroup,http://data.europa.eu/esco/isco/C2112,2112,Μετεωρολόγοι,released,,"http://data.europa.eu/esco/concept-scheme/occupations,
http://data.europa.eu/esco/concept-scheme/isco",
ISCOGroup,http://data.europa.eu/esco/isco/C2113,2113,Χημικοί,released,,"http://data.europa.eu/esco/concept-scheme/occupations,
http://data.europa.eu/esco/concept-scheme/isco",
ISCOGroup,http://data.europa.eu/esco/isco/C2114,2114,Γεωλόγοι και γεωφυσικοί,released,,"http://data.europa.eu/esco/concept-scheme/occupations,
http://data.europa.eu/esco/concept-scheme/isco",
ISCOGroup,http://data.europa.eu/esco/isco/C212,212,"Μαθηματικοί, αναλογιστές και στατιστικοί",released,,"http://data.europa.eu/esco/concept-scheme/occupations,
http://data.europa.eu/esco/concept-scheme/isco",
ISCOGroup,http://data.europa.eu/esco/isco/C2120,2120,"Μαθηματικοί, αναλογιστές και στατιστικοί",released,,"http://data.europa.eu/esco/concept-scheme/occupations,
http://data.europa.eu/esco/concept-scheme/isco",
ISCOGroup,http://data.europa.eu/esco/isco/C213,213,Επαγγελματίες των επιστημών της ζωής,released,,"http://data.europa.eu/esco/concept-scheme/occupations,
http://data.europa.eu/esco/concept-scheme/isco",
ISCOGroup,http://data.europa.eu/esco/isco/C2131,2131,"Βιολόγοι, βοτανολόγοι, ζωολόγοι και ασκούντες συναφή επαγγέλματα",released,,"http://data.europa.eu/esco/concept-scheme/occupations,
http://data.europa.eu/esco/concept-scheme/isco",
ISCOGroup,http://data.europa.eu/esco/isco/C2132,2132,"Σύμβουλοι γεωργίας, δασοκομίας και αλιείας",released,,"http://data.europa.eu/esco/concept-scheme/occupations,
http://data.europa.eu/esco/concept-scheme/isco",
ISCOGroup,http://data.europa.eu/esco/isco/C2133,2133,Επαγγελματίες προστασίας του περιβάλλοντος,released,,"http://data.europa.eu/esco/concept-scheme/occupations,
http://data.europa.eu/esco/concept-scheme/isco",
ISCOGroup,http://data.europa.eu/esco/isco/C214,214,Μηχανικοί (εξαιρουμένων των ηλεκτρολόγων τεχνολόγων),released,,"http://data.europa.eu/esco/concept-scheme/occupations,
http://data.europa.eu/esco/concept-scheme/isco",
ISCOGroup,http://data.europa.eu/esco/isco/C2141,2141,Μηχανικοί βιομηχανίας και παραγωγής,released,,"http://data.europa.eu/esco/concept-scheme/occupations,
http://data.europa.eu/esco/concept-scheme/isco",
ISCOGroup,http://data.europa.eu/esco/isco/C2142,2142,Πολιτικοί μηχανικοί,released,,"http://data.europa.eu/esco/concept-scheme/occupations,
http://data.europa.eu/esco/concept-scheme/isco",
ISCOGroup,http://data.europa.eu/esco/isco/C2143,2143,Μηχανικοί περιβάλλοντος,released,,"http://data.europa.eu/esco/concept-scheme/occupations,
http://data.europa.eu/esco/concept-scheme/isco",
ISCOGroup,http://data.europa.eu/esco/isco/C2144,2144,Μηχανολόγοι μηχανικοί,released,,"http://data.europa.eu/esco/concept-scheme/occupations,
http://data.europa.eu/esco/concept-scheme/isco",
ISCOGroup,http://data.europa.eu/esco/isco/C2145,2145,Χημικοί μηχανικοί,released,,"http://data.europa.eu/esco/concept-scheme/occupations,
http://data.europa.eu/esco/concept-scheme/isco",
ISCOGroup,http://data.europa.eu/esco/isco/C2146,2146,"Μηχανικοί ορυχείων, μεταλλειολόγοι και ασκούντες συναφή επαγγέλματα",released,,"http://data.europa.eu/esco/concept-scheme/occupations,
http://data.europa.eu/esco/concept-scheme/isco",
ISCOGroup,http://data.europa.eu/esco/isco/C2149,2149,Μηχανικοί π.δ.κ.α.,released,,"http://data.europa.eu/esco/concept-scheme/occupations,
http://data.europa.eu/esco/concept-scheme/isco",
ISCOGroup,http://data.europa.eu/esco/isco/C215,215,Ηλεκτρολόγοι τεχνολόγοι μηχανικοί,released,,"http://data.europa.eu/esco/concept-scheme/occupations,
http://data.europa.eu/esco/concept-scheme/isco",
ISCOGroup,http://data.europa.eu/esco/isco/C2151,2151,Ηλεκτρολόγοι μηχανικοί,released,,"http://data.europa.eu/esco/concept-scheme/occupations,
http://data.europa.eu/esco/concept-scheme/isco",
ISCOGroup,http://data.europa.eu/esco/isco/C2152,2152,Ηλεκτρονικοί μηχανικοί,released,,"http://data.europa.eu/esco/concept-scheme/occupations,
http://data.europa.eu/esco/concept-scheme/isco",
ISCOGroup,http://data.europa.eu/esco/isco/C2153,2153,Μηχανικοί τηλεπικοινωνιών,released,,"http://data.europa.eu/esco/concept-scheme/occupations,
http://data.europa.eu/esco/concept-scheme/isco",
ISCOGroup,http://data.europa.eu/esco/isco/C216,216,"Αρχιτέκτονες, τοπογράφοι, πολεοδόμοι και σχεδιαστές",released,,"http://data.europa.eu/esco/concept-scheme/occupations,
http://data.europa.eu/esco/concept-scheme/isco",
ISCOGroup,http://data.europa.eu/esco/isco/C2161,2161,Αρχιτέκτονες κτιρίων,released,,"http://data.europa.eu/esco/concept-scheme/occupations,
http://data.europa.eu/esco/concept-scheme/isco",
ISCOGroup,http://data.europa.eu/esco/isco/C2162,2162,Αρχιτέκτονες τοπίου,released,,"http://data.europa.eu/esco/concept-scheme/occupations,
http://data.europa.eu/esco/concept-scheme/isco",
ISCOGroup,http://data.europa.eu/esco/isco/C2163,2163,Σχεδιαστές προϊόντων και ενδυμάτων,released,,"http://data.europa.eu/esco/concept-scheme/occupations,
http://data.europa.eu/esco/concept-scheme/isco",
ISCOGroup,http://data.europa.eu/esco/isco/C2164,2164,Πολεοδόμοι και συγκοινωνιολόγοι,released,,"http://data.europa.eu/esco/concept-scheme/occupations,
http://data.europa.eu/esco/concept-scheme/isco",
ISCOGroup,http://data.europa.eu/esco/isco/C2165,2165,"Χαρτογράφοι, τοπογράφοι-γεωμέτρες και γεωδαίτες",released,,"http://data.europa.eu/esco/concept-scheme/occupations,
http://data.europa.eu/esco/concept-scheme/isco",
ISCOGroup,http://data.europa.eu/esco/isco/C2166,2166,Γραφίστες και σχεδιαστές πολυμέσων,released,,"http://data.europa.eu/esco/concept-scheme/occupations,
http://data.europa.eu/esco/concept-scheme/isco",
ISCOGroup,http://data.europa.eu/esco/isco/C22,22,Επαγγελματίες του τομέα της υγείας,released,,"http://data.europa.eu/esco/concept-scheme/occupations,
http://data.europa.eu/esco/concept-scheme/isco",
ISCOGroup,http://data.europa.eu/esco/isco/C221,221,Ιατροί,released,,"http://data.europa.eu/esco/concept-scheme/occupations,
http://data.europa.eu/esco/concept-scheme/isco",
ISCOGroup,http://data.europa.eu/esco/isco/C2211,2211,Ιατροί γενικής ιατρικής,released,,"http://data.europa.eu/esco/concept-scheme/occupations,
http://data.europa.eu/esco/concept-scheme/isco",
ISCOGroup,http://data.europa.eu/esco/isco/C2212,2212,Ειδικευμένοι ιατροί,released,,"http://data.europa.eu/esco/concept-scheme/occupations,
http://data.europa.eu/esco/concept-scheme/isco",
ISCOGroup,http://data.europa.eu/esco/isco/C222,222,Νοσηλευτές και μαίες,released,,"http://data.europa.eu/esco/concept-scheme/occupations,
http://data.europa.eu/esco/concept-scheme/isco",
ISCOGroup,http://data.europa.eu/esco/isco/C2221,2221,Νοσηλευτές,released,,"http://data.europa.eu/esco/concept-scheme/occupations,
http://data.europa.eu/esco/concept-scheme/isco",
ISCOGroup,http://data.europa.eu/esco/isco/C2222,2222,Μαίες,released,,"http://data.europa.eu/esco/concept-scheme/occupations,
http://data.europa.eu/esco/concept-scheme/isco",
ISCOGroup,http://data.europa.eu/esco/isco/C223,223,Επαγγελματίες παραδοσιακής και συμπληρωματικής ιατρικής,released,,"http://data.europa.eu/esco/concept-scheme/occupations,
http://data.europa.eu/esco/concept-scheme/isco",
ISCOGroup,http://data.europa.eu/esco/isco/C2230,2230,Επαγγελματίες παραδοσιακής και συμπληρωματικής ιατρικής,released,,"http://data.europa.eu/esco/concept-scheme/occupations,
http://data.europa.eu/esco/concept-scheme/isco",
ISCOGroup,http://data.europa.eu/esco/isco/C224,224,Ασκούντες παραϊατρικά επαγγέλματα,released,,"http://data.europa.eu/esco/concept-scheme/occupations,
http://data.europa.eu/esco/concept-scheme/isco",
ISCOGroup,http://data.europa.eu/esco/isco/C2240,2240,Ασκούντες παραϊατρικά επαγγέλματα,released,,"http://data.europa.eu/esco/concept-scheme/occupations,
http://data.europa.eu/esco/concept-scheme/isco",
ISCOGroup,http://data.europa.eu/esco/isco/C225,225,Κτηνίατροι,released,,"http://data.europa.eu/esco/concept-scheme/occupations,
http://data.europa.eu/esco/concept-scheme/isco",
ISCOGroup,http://data.europa.eu/esco/isco/C2250,2250,Κτηνίατροι,released,,"http://data.europa.eu/esco/concept-scheme/occupations,
http://data.europa.eu/esco/concept-scheme/isco",
ISCOGroup,http://data.europa.eu/esco/isco/C226,226,Άλλοι επαγγελματίες του τομέα της υγείας,released,,"http://data.europa.eu/esco/concept-scheme/occupations,
http://data.europa.eu/esco/concept-scheme/isco",
ISCOGroup,http://data.europa.eu/esco/isco/C2261,2261,Οδοντίατροι,released,,"http://data.europa.eu/esco/concept-scheme/occupations,
http://data.europa.eu/esco/concept-scheme/isco",
ISCOGroup,http://data.europa.eu/esco/isco/C2262,2262,Φαρμακοποιοί,released,,"http://data.europa.eu/esco/concept-scheme/occupations,
http://data.europa.eu/esco/concept-scheme/isco",
ISCOGroup,http://data.europa.eu/esco/isco/C2263,2263,Επαγγελματίες περιβαλλοντικής και επαγγελματικής υγείας και υγιεινής,released,,"http://data.europa.eu/esco/concept-scheme/occupations,
http://data.europa.eu/esco/concept-scheme/isco",
ISCOGroup,http://data.europa.eu/esco/isco/C2264,2264,Φυσιοθεραπευτές,released,,"http://data.europa.eu/esco/concept-scheme/occupations,
http://data.europa.eu/esco/concept-scheme/isco",
ISCOGroup,http://data.europa.eu/esco/isco/C2265,2265,Διαιτολόγοι και διατροφολόγοι,released,,"http://data.europa.eu/esco/concept-scheme/occupations,
http://data.europa.eu/esco/concept-scheme/isco",
ISCOGroup,http://data.europa.eu/esco/isco/C2266,2266,Ακουολόγοι και λογοθεραπευτές,released,,"http://data.europa.eu/esco/concept-scheme/occupations,
http://data.europa.eu/esco/concept-scheme/isco",
ISCOGroup,http://data.europa.eu/esco/isco/C2267,2267,Οπτομέτρες και οπτικοί που εξετάζουν την όραση (οφθαλμολόγοι οπτικοί),released,,"http://data.europa.eu/esco/concept-scheme/occupations,
http://data.europa.eu/esco/concept-scheme/isco",
ISCOGroup,http://data.europa.eu/esco/isco/C2269,2269,Επαγγελματίες του τομέα της υγείας π.δ.κ.α.,released,,"http://data.europa.eu/esco/concept-scheme/occupations,
http://data.europa.eu/esco/concept-scheme/isco",
ISCOGroup,http://data.europa.eu/esco/isco/C23,23,Εκπαιδευτικοί,released,,"http://data.europa.eu/esco/concept-scheme/occupations,
http://data.europa.eu/esco/concept-scheme/isco",
ISCOGroup,http://data.europa.eu/esco/isco/C231,231,Διδακτικό προσωπικό ανώτατων εκπαιδευτικών ιδρυμάτων,released,,"http://data.europa.eu/esco/concept-scheme/occupations,
http://data.europa.eu/esco/concept-scheme/isco",
ISCOGroup,http://data.europa.eu/esco/isco/C2310,2310,Διδακτικό προσωπικό ανώτατων εκπαιδευτικών ιδρυμάτων,released,,"http://data.europa.eu/esco/concept-scheme/occupations,
http://data.europa.eu/esco/concept-scheme/isco",
ISCOGroup,http://data.europa.eu/esco/isco/C232,232,Καθηγητές επαγγελματικής εκπαίδευσης,released,,"http://data.europa.eu/esco/concept-scheme/occupations,
http://data.europa.eu/esco/concept-scheme/isco",
ISCOGroup,http://data.europa.eu/esco/isco/C2320,2320,Καθηγητές επαγγελματικής εκπαίδευσης,released,,"http://data.europa.eu/esco/concept-scheme/occupations,
http://data.europa.eu/esco/concept-scheme/isco",
ISCOGroup,http://data.europa.eu/esco/isco/C233,233,Καθηγητές δευτεροβάθμιας εκπαίδευσης,released,,"http://data.europa.eu/esco/concept-scheme/occupations,
http://data.europa.eu/esco/concept-scheme/isco",
ISCOGroup,http://data.europa.eu/esco/isco/C2330,2330,Καθηγητές δευτεροβάθμιας εκπαίδευσης,released,,"http://data.europa.eu/esco/concept-scheme/occupations,
http://data.europa.eu/esco/concept-scheme/isco",
ISCOGroup,http://data.europa.eu/esco/isco/C234,234,Δάσκαλοι πρωτοβάθμιας εκπαίδευσης και νηπιαγωγοί,released,,"http://data.europa.eu/esco/concept-scheme/occupations,
http://data.europa.eu/esco/concept-scheme/isco",
ISCOGroup,http://data.europa.eu/esco/isco/C2341,2341,Δάσκαλοι πρωτοβάθμιας εκπαίδευσης,released,,"http://data.europa.eu/esco/concept-scheme/occupations,
http://data.europa.eu/esco/concept-scheme/isco",
ISCOGroup,http://data.europa.eu/esco/isco/C2342,2342,Νηπιαγωγοί,released,,"http://data.europa.eu/esco/concept-scheme/occupations,
http://data.europa.eu/esco/concept-scheme/isco",
ISCOGroup,http://data.europa.eu/esco/isco/C235,235,Άλλοι εκπαιδευτικοί,released,,"http://data.europa.eu/esco/concept-scheme/occupations,
http://data.europa.eu/esco/concept-scheme/isco",
ISCOGroup,http://data.europa.eu/esco/isco/C2351,2351,Ειδικοί επιστήμονες επί των διδακτικών μεθόδων,released,,"http://data.europa.eu/esco/concept-scheme/occupations,
http://data.europa.eu/esco/concept-scheme/isco",
ISCOGroup,http://data.europa.eu/esco/isco/C2352,2352,Εκπαιδευτικοί ειδικής αγωγής,released,,"http://data.europa.eu/esco/concept-scheme/occupations,
http://data.europa.eu/esco/concept-scheme/isco",
ISCOGroup,http://data.europa.eu/esco/isco/C2353,2353,"Άλλοι καθηγητές ξένων γλωσσών, εκτός των εκπαιδευτικών ιδρυμάτων",released,,"http://data.europa.eu/esco/concept-scheme/occupations,
http://data.europa.eu/esco/concept-scheme/isco",
ISCOGroup,http://data.europa.eu/esco/isco/C2354,2354,"Άλλοι καθηγητές μουσικής, εκτός των εκπαιδευτικών ιδρυμάτων",released,,"http://data.europa.eu/esco/concept-scheme/occupations,
http://data.europa.eu/esco/concept-scheme/isco",
ISCOGroup,http://data.europa.eu/esco/isco/C2355,2355,"Άλλοι καθηγητές καλλιτεχνικών, εκτός των εκπαιδευτικών ιδρυμάτων",released,,"http://data.europa.eu/esco/concept-scheme/occupations,
http://data.europa.eu/esco/concept-scheme/isco",
ISCOGroup,http://data.europa.eu/esco/isco/C2356,2356,Εκπαιδευτικοί τεχνολογιών πληροφόρησης,released,,"http://data.europa.eu/esco/concept-scheme/occupations,
http://data.europa.eu/esco/concept-scheme/isco",
ISCOGroup,http://data.europa.eu/esco/isco/C2359,2359,Εκπαιδευτικοί π.δ.κ.α.,released,,"http://data.europa.eu/esco/concept-scheme/occupations,
http://data.europa.eu/esco/concept-scheme/isco",
ISCOGroup,http://data.europa.eu/esco/isco/C24,24,Επαγγελματίες επιχειρήσεων και διοίκησης,released,,"http://data.europa.eu/esco/concept-scheme/occupations,
http://data.europa.eu/esco/concept-scheme/isco",
ISCOGroup,http://data.europa.eu/esco/isco/C241,241,Επαγγελματίες του χρηματοοικονομικού τομέα,released,,"http://data.europa.eu/esco/concept-scheme/occupations,
http://data.europa.eu/esco/concept-scheme/isco",
ISCOGroup,http://data.europa.eu/esco/isco/C2411,2411,Λογιστές,released,,"http://data.europa.eu/esco/concept-scheme/occupations,
http://data.europa.eu/esco/concept-scheme/isco",
ISCOGroup,http://data.europa.eu/esco/isco/C2412,2412,Χρηματοοικονομικοί σύμβουλοι και σύμβουλοι επενδύσεων,released,,"http://data.europa.eu/esco/concept-scheme/occupations,
http://data.europa.eu/esco/concept-scheme/isco",
ISCOGroup,http://data.europa.eu/esco/isco/C2413,2413,Οικονομικοί αναλυτές,released,,"http://data.europa.eu/esco/concept-scheme/occupations,
http://data.europa.eu/esco/concept-scheme/isco",
ISCOGroup,http://data.europa.eu/esco/isco/C242,242,Επαγγελματίες διοίκησης,released,,"http://data.europa.eu/esco/concept-scheme/occupations,
http://data.europa.eu/esco/concept-scheme/isco",
ISCOGroup,http://data.europa.eu/esco/isco/C2421,2421,Αναλυτές διοίκησης και οργάνωσης,released,,"http://data.europa.eu/esco/concept-scheme/occupations,
http://data.europa.eu/esco/concept-scheme/isco",
ISCOGroup,http://data.europa.eu/esco/isco/C2422,2422,Επαγγελματίες διαχείρισης πολιτικής,released,,"http://data.europa.eu/esco/concept-scheme/occupations,
http://data.europa.eu/esco/concept-scheme/isco",
ISCOGroup,http://data.europa.eu/esco/isco/C2423,2423,Επαγγελματίες σύμβουλοι προσωπικού και επαγγελματικού προσανατολισμού,released,,"http://data.europa.eu/esco/concept-scheme/occupations,
http://data.europa.eu/esco/concept-scheme/isco",
ISCOGroup,http://data.europa.eu/esco/isco/C2424,2424,Επαγγελματίες σύμβουλοι επιμόρφωσης και ανάπτυξης του προσωπικού,released,,"http://data.europa.eu/esco/concept-scheme/occupations,
http://data.europa.eu/esco/concept-scheme/isco",
ISCOGroup,http://data.europa.eu/esco/isco/C243,243,"Επαγγελματίες σύμβουλοι πωλήσεων, μάρκετινγκ και δημοσίων σχέσεων",released,,"http://data.europa.eu/esco/concept-scheme/occupations,
http://data.europa.eu/esco/concept-scheme/isco",
ISCOGroup,http://data.europa.eu/esco/isco/C2431,2431,Επαγγελματίες σύμβουλοι διαφήμισης και μάρκετινγκ,released,,"http://data.europa.eu/esco/concept-scheme/occupations,
http://data.europa.eu/esco/concept-scheme/isco",
ISCOGroup,http://data.europa.eu/esco/isco/C2432,2432,Επαγγελματίες σύμβουλοι δημοσίων σχέσεων,released,,"http://data.europa.eu/esco/concept-scheme/occupations,
http://data.europa.eu/esco/concept-scheme/isco",
ISCOGroup,http://data.europa.eu/esco/isco/C2433,2433,Επαγγελματίες σύμβουλοι τεχνικών και ιατρικών πωλήσεων (εξαιρουμένου του τομέα των ΤΠΕ),released,,"http://data.europa.eu/esco/concept-scheme/occupations,
http://data.europa.eu/esco/concept-scheme/isco",
ISCOGroup,http://data.europa.eu/esco/isco/C2434,2434,Επαγγελματίες σύμβουλοι πωλήσεων στον τομέα των τεχνολογιών πληροφόρησης και επικοινωνίας,released,,"http://data.europa.eu/esco/concept-scheme/occupations,
http://data.europa.eu/esco/concept-scheme/isco",
ISCOGroup,http://data.europa.eu/esco/isco/C25,25,Επαγγελματίες του τομέα των τεχνολογιών πληροφόρησης και επικοινωνίας,released,,"http://data.europa.eu/esco/concept-scheme/occupations,
http://data.europa.eu/esco/concept-scheme/isco",
ISCOGroup,http://data.europa.eu/esco/isco/C251,251,Σχεδιαστές και αναλυτές λογισμικού και εφαρμογών,released,,"http://data.europa.eu/esco/concept-scheme/occupations,
http://data.europa.eu/esco/concept-scheme/isco",
ISCOGroup,http://data.europa.eu/esco/isco/C2511,2511,Αναλυτές συστημάτων,released,,"http://data.europa.eu/esco/concept-scheme/occupations,
http://data.europa.eu/esco/concept-scheme/isco",
ISCOGroup,http://data.europa.eu/esco/isco/C2512,2512,Σχεδιαστές λογισμικού,released,,"http://data.europa.eu/esco/concept-scheme/occupations,
http://data.europa.eu/esco/concept-scheme/isco",
ISCOGroup,http://data.europa.eu/esco/isco/C2513,2513,Σχεδιαστές διαδικτύου και πολυμέσων,released,,"http://data.europa.eu/esco/concept-scheme/occupations,
http://data.europa.eu/esco/concept-scheme/isco",
ISCOGroup,http://data.europa.eu/esco/isco/C2514,2514,Προγραμματιστές εφαρμογών,released,,"http://data.europa.eu/esco/concept-scheme/occupations,
http://data.europa.eu/esco/concept-scheme/isco",
ISCOGroup,http://data.europa.eu/esco/isco/C2519,2519,Σχεδιαστές και αναλυτές λογισμικού και εφαρμογών π.δ.κ.α.,released,,"http://data.europa.eu/esco/concept-scheme/occupations,
http://data.europa.eu/esco/concept-scheme/isco",
ISCOGroup,http://data.europa.eu/esco/isco/C252,252,Επαγγελματίες βάσεων δεδομένων και δικτύων,released,,"http://data.europa.eu/esco/concept-scheme/occupations,
http://data.europa.eu/esco/concept-scheme/isco",
ISCOGroup,http://data.europa.eu/esco/isco/C2521,2521,Σχεδιαστές και διαχειριστές βάσεων δεδομένων,released,,"http://data.europa.eu/esco/concept-scheme/occupations,
http://data.europa.eu/esco/concept-scheme/isco",
ISCOGroup,http://data.europa.eu/esco/isco/C2522,2522,Διαχειριστές συστημάτων,released,,"http://data.europa.eu/esco/concept-scheme/occupations,
http://data.europa.eu/esco/concept-scheme/isco",
ISCOGroup,http://data.europa.eu/esco/isco/C2523,2523,Επαγγελματίες δικτύων Η/Υ,released,,"http://data.europa.eu/esco/concept-scheme/occupations,
http://data.europa.eu/esco/concept-scheme/isco",
ISCOGroup,http://data.europa.eu/esco/isco/C2529,2529,Επαγγελματίες βάσεων δεδομένων και δικτύων π.δ.κ.α.,released,,"http://data.europa.eu/esco/concept-scheme/occupations,
http://data.europa.eu/esco/concept-scheme/isco",
ISCOGroup,http://data.europa.eu/esco/isco/C26,26,"Επαγγελματίες του νομικού, κοινωνικού και πολιτιστικού κλάδου",released,,"http://data.europa.eu/esco/concept-scheme/occupations,
http://data.europa.eu/esco/concept-scheme/isco",
ISCOGroup,http://data.europa.eu/esco/isco/C261,261,Επαγγελματίες νομικοί,released,,"http://data.europa.eu/esco/concept-scheme/occupations,
http://data.europa.eu/esco/concept-scheme/isco",
ISCOGroup,http://data.europa.eu/esco/isco/C2611,2611,Δικηγόροι,released,,"http://data.europa.eu/esco/concept-scheme/occupations,
http://data.europa.eu/esco/concept-scheme/isco",
ISCOGroup,http://data.europa.eu/esco/isco/C2612,2612,Δικαστές,released,,"http://data.europa.eu/esco/concept-scheme/occupations,
http://data.europa.eu/esco/concept-scheme/isco",
ISCOGroup,http://data.europa.eu/esco/isco/C2619,2619,Επαγγελματίες του νομικού κλάδου π.δ.κ.α.,released,,"http://data.europa.eu/esco/concept-scheme/occupations,
http://data.europa.eu/esco/concept-scheme/isco",
ISCOGroup,http://data.europa.eu/esco/isco/C262,262,"Βιβλιοθηκονόμοι, αρχειοφύλακες και έφοροι αρχαιοτήτων, μουσείων και αιθουσών έργων τέχνης",released,,"http://data.europa.eu/esco/concept-scheme/occupations,
http://data.europa.eu/esco/concept-scheme/isco",
ISCOGroup,http://data.europa.eu/esco/isco/C2621,2621,"Αρχειοφύλακες και έφοροι αρχαιοτήτων, μουσείων και αιθουσών έργων τέχνης",released,,"http://data.europa.eu/esco/concept-scheme/occupations,
http://data.europa.eu/esco/concept-scheme/isco",
ISCOGroup,http://data.europa.eu/esco/isco/C2622,2622,Βιβλιοθηκονόμοι και ασκούντες συναφή επαγγέλματα στον τομέα της τεκμηρίωσης και της πληροφόρησης,released,,"http://data.europa.eu/esco/concept-scheme/occupations,
http://data.europa.eu/esco/concept-scheme/isco",
ISCOGroup,http://data.europa.eu/esco/isco/C263,263,Επαγγελματίες του κοινωνικού και θρησκευτικού τομέα,released,,"http://data.europa.eu/esco/concept-scheme/occupations,
http://data.europa.eu/esco/concept-scheme/isco",
ISCOGroup,http://data.europa.eu/esco/isco/C2631,2631,Οικονομολόγοι,released,,"http://data.europa.eu/esco/concept-scheme/occupations,
http://data.europa.eu/esco/concept-scheme/isco",
ISCOGroup,http://data.europa.eu/esco/isco/C2632,2632,"Κοινωνιολόγοι, ανθρωπολόγοι και ασκούντες συναφή επαγγέλματα",released,,"http://data.europa.eu/esco/concept-scheme/occupations,
http://data.europa.eu/esco/concept-scheme/isco",
ISCOGroup,http://data.europa.eu/esco/isco/C2633,2633,"Φιλόσοφοι, ιστορικοί και πολιτικοί επιστήμονες",released,,"http://data.europa.eu/esco/concept-scheme/occupations,
http://data.europa.eu/esco/concept-scheme/isco",
ISCOGroup,http://data.europa.eu/esco/isco/C2634,2634,Ψυχολόγοι,released,,"http://data.europa.eu/esco/concept-scheme/occupations,
http://data.europa.eu/esco/concept-scheme/isco",
ISCOGroup,http://data.europa.eu/esco/isco/C2635,2635,Κοινωνικοί λειτουργοί και σύμβουλοι,released,,"http://data.europa.eu/esco/concept-scheme/occupations,
http://data.europa.eu/esco/concept-scheme/isco",
ISCOGroup,http://data.europa.eu/esco/isco/C2636,2636,Κληρικοί και επαγγελματίες του θρησκευτικού τομέα,released,,"http://data.europa.eu/esco/concept-scheme/occupations,
http://data.europa.eu/esco/concept-scheme/isco",
ISCOGroup,http://data.europa.eu/esco/isco/C264,264,"Συγγραφείς, δημοσιογράφοι και γλωσσολόγοι",released,,"http://data.europa.eu/esco/concept-scheme/occupations,
http://data.europa.eu/esco/concept-scheme/isco",
ISCOGroup,http://data.europa.eu/esco/isco/C2641,2641,Συγγραφείς και ασκούντες συναφή επαγγέλματα,released,,"http://data.europa.eu/esco/concept-scheme/occupations,
http://data.europa.eu/esco/concept-scheme/isco",
ISCOGroup,http://data.europa.eu/esco/isco/C2642,2642,Δημοσιογράφοι,released,,"http://data.europa.eu/esco/concept-scheme/occupations,
http://data.europa.eu/esco/concept-scheme/isco",
ISCOGroup,http://data.europa.eu/esco/isco/C2643,2643,"Μεταφραστές, διερμηνείς και άλλοι γλωσσολόγοι",released,,"http://data.europa.eu/esco/concept-scheme/occupations,
http://data.europa.eu/esco/concept-scheme/isco",
ISCOGroup,http://data.europa.eu/esco/isco/C265,265,Καλλιτέχνες εν γένει,released,,"http://data.europa.eu/esco/concept-scheme/occupations,
http://data.europa.eu/esco/concept-scheme/isco",
ISCOGroup,http://data.europa.eu/esco/isco/C2651,2651,Εικαστικοί καλλιτέχνες,released,,"http://data.europa.eu/esco/concept-scheme/occupations,
http://data.europa.eu/esco/concept-scheme/isco",
ISCOGroup,http://data.europa.eu/esco/isco/C2652,2652,"Μουσικοί, τραγουδιστές και συνθέτες",released,,"http://data.europa.eu/esco/concept-scheme/occupations,
http://data.europa.eu/esco/concept-scheme/isco",
ISCOGroup,http://data.europa.eu/esco/isco/C2653,2653,Χορευτές και χορογράφοι,released,,"http://data.europa.eu/esco/concept-scheme/occupations,
http://data.europa.eu/esco/concept-scheme/isco",
ISCOGroup,http://data.europa.eu/esco/isco/C2654,2654,"Σκηνοθέτες κινηματογράφου, θεάτρου και συναφείς διευθυντές και παραγωγοί",released,,"http://data.europa.eu/esco/concept-scheme/occupations,
http://data.europa.eu/esco/concept-scheme/isco",
ISCOGroup,http://data.europa.eu/esco/isco/C2655,2655,Ηθοποιοί,released,,"http://data.europa.eu/esco/concept-scheme/occupations,
http://data.europa.eu/esco/concept-scheme/isco",
ISCOGroup,http://data.europa.eu/esco/isco/C2656,2656,"Παρουσιαστές ραδιοφώνου, τηλεόρασης και άλλων μέσων μαζικής επικοινωνίας",released,,"http://data.europa.eu/esco/concept-scheme/occupations,
http://data.europa.eu/esco/concept-scheme/isco",
ISCOGroup,http://data.europa.eu/esco/isco/C2659,2659,Καλλιτέχνες εν γένει π.δ.κ.α.,released,,"http://data.europa.eu/esco/concept-scheme/occupations,
http://data.europa.eu/esco/concept-scheme/isco",
ISCOGroup,http://data.europa.eu/esco/isco/C3,3,Τεχνικοί και ασκούντες συναφή επαγγέλματα,released,,"http://data.europa.eu/esco/concept-scheme/occupations,
http://data.europa.eu/esco/concept-scheme/isco",
ISCOGroup,http://data.europa.eu/esco/isco/C31,31,Τεχνικοί θετικών επιστημών και μηχανικής,released,,"http://data.europa.eu/esco/concept-scheme/occupations,
http://data.europa.eu/esco/concept-scheme/isco",
ISCOGroup,http://data.europa.eu/esco/isco/C311,311,Τεχνικοί επιστημών φυσικής και μηχανικής,released,,"http://data.europa.eu/esco/concept-scheme/occupations,
http://data.europa.eu/esco/concept-scheme/isco",
ISCOGroup,http://data.europa.eu/esco/isco/C3111,3111,Τεχνικοί φυσικοχημικών επιστημών,released,,"http://data.europa.eu/esco/concept-scheme/occupations,
http://data.europa.eu/esco/concept-scheme/isco",
ISCOGroup,http://data.europa.eu/esco/isco/C3112,3112,Τεχνικοί δομικών έργων,released,,"http://data.europa.eu/esco/concept-scheme/occupations,
http://data.europa.eu/esco/concept-scheme/isco",
ISCOGroup,http://data.europa.eu/esco/isco/C3113,3113,Τεχνικοί ηλεκτρολόγοι μηχανικοί,released,,"http://data.europa.eu/esco/concept-scheme/occupations,
http://data.europa.eu/esco/concept-scheme/isco",
ISCOGroup,http://data.europa.eu/esco/isco/C3114,3114,Τεχνικοί ηλεκτρονικοί μηχανικοί,released,,"http://data.europa.eu/esco/concept-scheme/occupations,
http://data.europa.eu/esco/concept-scheme/isco",
ISCOGroup,http://data.europa.eu/esco/isco/C3115,3115,Τεχνικοί μηχανολόγοι μηχανικοί,released,,"http://data.europa.eu/esco/concept-scheme/occupations,
http://data.europa.eu/esco/concept-scheme/isco",
ISCOGroup,http://data.europa.eu/esco/isco/C3116,3116,Τεχνικοί χημικοί μηχανικοί,released,,"http://data.europa.eu/esco/concept-scheme/occupations,
http://data.europa.eu/esco/concept-scheme/isco",
ISCOGroup,http://data.europa.eu/esco/isco/C3117,3117,Τεχνικοί μεταλλειολόγοι και μεταλλουργοί,released,,"http://data.europa.eu/esco/concept-scheme/occupations,
http://data.europa.eu/esco/concept-scheme/isco",
ISCOGroup,http://data.europa.eu/esco/isco/C3118,3118,Σχεδιαστές αρχιτεκτονικού σχεδίου,released,,"http://data.europa.eu/esco/concept-scheme/occupations,
http://data.europa.eu/esco/concept-scheme/isco",
ISCOGroup,http://data.europa.eu/esco/isco/C3119,3119,Τεχνικοί επιστημών φυσικής και μηχανικής π.δ.κ.α.,released,,"http://data.europa.eu/esco/concept-scheme/occupations,
http://data.europa.eu/esco/concept-scheme/isco",
ISCOGroup,http://data.europa.eu/esco/isco/C312,312,"Επόπτες ορυχείων, μεταποιητικών και κατασκευαστικών μονάδων",released,,"http://data.europa.eu/esco/concept-scheme/occupations,
http://data.europa.eu/esco/concept-scheme/isco",
ISCOGroup,http://data.europa.eu/esco/isco/C3121,3121,Επόπτες ορυχείων,released,,"http://data.europa.eu/esco/concept-scheme/occupations,
http://data.europa.eu/esco/concept-scheme/isco",
ISCOGroup,http://data.europa.eu/esco/isco/C3122,3122,Επόπτες μεταποιητικών μονάδων,released,,"http://data.europa.eu/esco/concept-scheme/occupations,
http://data.europa.eu/esco/concept-scheme/isco",
ISCOGroup,http://data.europa.eu/esco/isco/C3123,3123,Επόπτες κατασκευαστικών μονάδων,released,,"http://data.europa.eu/esco/concept-scheme/occupations,
http://data.europa.eu/esco/concept-scheme/isco",
ISCOGroup,http://data.europa.eu/esco/isco/C313,313,Τεχνικοί ελέγχου διαδικασίας,released,,"http://data.europa.eu/esco/concept-scheme/occupations,
http://data.europa.eu/esco/concept-scheme/isco",
ISCOGroup,http://data.europa.eu/esco/isco/C3131,3131,Χειριστές μονάδων παραγωγής ηλεκτρικής ενέργειας,released,,"http://data.europa.eu/esco/concept-scheme/occupations,
http://data.europa.eu/esco/concept-scheme/isco",
ISCOGroup,http://data.europa.eu/esco/isco/C3132,3132,Χειριστές μονάδων αποτέφρωσης και επεξεργασίας νερού,released,,"http://data.europa.eu/esco/concept-scheme/occupations,
http://data.europa.eu/esco/concept-scheme/isco",
ISCOGroup,http://data.europa.eu/esco/isco/C3133,3133,Ελεγκτές μονάδων χημικής επεξεργασίας,released,,"http://data.europa.eu/esco/concept-scheme/occupations,
http://data.europa.eu/esco/concept-scheme/isco",
ISCOGroup,http://data.europa.eu/esco/isco/C3134,3134,Χειριστές μονάδων διύλισης πετρελαίου και φυσικού αερίου,released,,"http://data.europa.eu/esco/concept-scheme/occupations,
http://data.europa.eu/esco/concept-scheme/isco",
ISCOGroup,http://data.europa.eu/esco/isco/C3135,3135,Ελεγκτές διαδικασίας παραγωγής μετάλλων,released,,"http://data.europa.eu/esco/concept-scheme/occupations,
http://data.europa.eu/esco/concept-scheme/isco",
ISCOGroup,http://data.europa.eu/esco/isco/C3139,3139,Τεχνικοί ελέγχου διαδικασίας π.δ.κ.α.,released,,"http://data.europa.eu/esco/concept-scheme/occupations,
http://data.europa.eu/esco/concept-scheme/isco",
ISCOGroup,http://data.europa.eu/esco/isco/C314,314,Τεχνικοί των επιστημών της ζωής και ασκούντες συναφή επαγγέλματα,released,,"http://data.europa.eu/esco/concept-scheme/occupations,
http://data.europa.eu/esco/concept-scheme/isco",
ISCOGroup,http://data.europa.eu/esco/isco/C3141,3141,Τεχνικοί των επιστημών της ζωής (εξαιρουμένων των ιατρικών),released,,"http://data.europa.eu/esco/concept-scheme/occupations,
http://data.europa.eu/esco/concept-scheme/isco",
ISCOGroup,http://data.europa.eu/esco/isco/C3142,3142,Τεχνικοί γεωργίας,released,,"http://data.europa.eu/esco/concept-scheme/occupations,
http://data.europa.eu/esco/concept-scheme/isco",
ISCOGroup,http://data.europa.eu/esco/isco/C3143,3143,Τεχνικοί δασοκομίας,released,,"http://data.europa.eu/esco/concept-scheme/occupations,
http://data.europa.eu/esco/concept-scheme/isco",
ISCOGroup,http://data.europa.eu/esco/isco/C315,315,Ελεγκτές και τεχνικοί ναυσιπλοΐας και αεροπλοΐας,released,,"http://data.europa.eu/esco/concept-scheme/occupations,
http://data.europa.eu/esco/concept-scheme/isco",
ISCOGroup,http://data.europa.eu/esco/isco/C3151,3151,Μηχανικοί ναυσιπλοΐας,released,,"http://data.europa.eu/esco/concept-scheme/occupations,
http://data.europa.eu/esco/concept-scheme/isco",
ISCOGroup,http://data.europa.eu/esco/isco/C3152,3152,Αξιωματικοί καταστρώματος και πλοηγοί πλοίων,released,,"http://data.europa.eu/esco/concept-scheme/occupations,
http://data.europa.eu/esco/concept-scheme/isco",
ISCOGroup,http://data.europa.eu/esco/isco/C3153,3153,Πιλότοι αεροσκαφών και ασκούντες συναφή επαγγέλματα,released,,"http://data.europa.eu/esco/concept-scheme/occupations,
http://data.europa.eu/esco/concept-scheme/isco",
ISCOGroup,http://data.europa.eu/esco/isco/C3154,3154,Ελεγκτές εναέριας κυκλοφορίας,released,,"http://data.europa.eu/esco/concept-scheme/occupations,
http://data.europa.eu/esco/concept-scheme/isco",
ISCOGroup,http://data.europa.eu/esco/isco/C3155,3155,Τεχνικοί ηλεκτρονικοί ασφάλειας εναέριας κυκλοφορίας,released,,"http://data.europa.eu/esco/concept-scheme/occupations,
http://data.europa.eu/esco/concept-scheme/isco",
ISCOGroup,http://data.europa.eu/esco/isco/C32,32,Τεχνικοί του τομέα της υγείας,released,,"http://data.europa.eu/esco/concept-scheme/occupations,
http://data.europa.eu/esco/concept-scheme/isco",
ISCOGroup,http://data.europa.eu/esco/isco/C321,321,Τεχνικοί ιατρικής και φαρμακευτικής,released,,"http://data.europa.eu/esco/concept-scheme/occupations,
http://data.europa.eu/esco/concept-scheme/isco",
ISCOGroup,http://data.europa.eu/esco/isco/C3211,3211,Τεχνικοί εξοπλισμού ιατρικής απεικόνισης και θεραπευτικού εξοπλισμού,released,,"http://data.europa.eu/esco/concept-scheme/occupations,
http://data.europa.eu/esco/concept-scheme/isco",
ISCOGroup,http://data.europa.eu/esco/isco/C3212,3212,Τεχνικοί εργαστηρίων ιατρικής και παθολογίας,released,,"http://data.europa.eu/esco/concept-scheme/occupations,
http://data.europa.eu/esco/concept-scheme/isco",
ISCOGroup,http://data.europa.eu/esco/isco/C3213,3213,Τεχνικοί και βοηθοί φαρμακοποιών,released,,"http://data.europa.eu/esco/concept-scheme/occupations,
http://data.europa.eu/esco/concept-scheme/isco",
ISCOGroup,http://data.europa.eu/esco/isco/C3214,3214,Τεχνικοί ιατρικής και οδοντικής προσθετικής,released,,"http://data.europa.eu/esco/concept-scheme/occupations,
http://data.europa.eu/esco/concept-scheme/isco",
ISCOGroup,http://data.europa.eu/esco/isco/C322,322,Βοηθοί επαγγελματιών νοσηλευτικής και μαιευτικής,released,,"http://data.europa.eu/esco/concept-scheme/occupations,
http://data.europa.eu/esco/concept-scheme/isco",
ISCOGroup,http://data.europa.eu/esco/isco/C3221,3221,Βοηθοί επαγγελματιών νοσηλευτικής,released,,"http://data.europa.eu/esco/concept-scheme/occupations,
http://data.europa.eu/esco/concept-scheme/isco",
ISCOGroup,http://data.europa.eu/esco/isco/C3222,3222,Βοηθοί επαγγελματιών μαιευτικής,released,,"http://data.europa.eu/esco/concept-scheme/occupations,
http://data.europa.eu/esco/concept-scheme/isco",
ISCOGroup,http://data.europa.eu/esco/isco/C323,323,Βοηθοί επαγγελματιών παραδοσιακής και συμπληρωματικής ιατρικής,released,,"http://data.europa.eu/esco/concept-scheme/occupations,
http://data.europa.eu/esco/concept-scheme/isco",
ISCOGroup,http://data.europa.eu/esco/isco/C3230,3230,Βοηθοί επαγγελματιών παραδοσιακής και συμπληρωματικής ιατρικής,released,,"http://data.europa.eu/esco/concept-scheme/occupations,
http://data.europa.eu/esco/concept-scheme/isco",
ISCOGroup,http://data.europa.eu/esco/isco/C324,324,Τεχνικοί και βοηθοί κτηνιάτρων,released,,"http://data.europa.eu/esco/concept-scheme/occupations,
http://data.europa.eu/esco/concept-scheme/isco",
ISCOGroup,http://data.europa.eu/esco/isco/C3240,3240,Τεχνικοί και βοηθοί κτηνιάτρων,released,,"http://data.europa.eu/esco/concept-scheme/occupations,
http://data.europa.eu/esco/concept-scheme/isco",
ISCOGroup,http://data.europa.eu/esco/isco/C325,325,Άλλοι βοηθοί επαγγελματιών του τομέα της υγείας,released,,"http://data.europa.eu/esco/concept-scheme/occupations,
http://data.europa.eu/esco/concept-scheme/isco",
ISCOGroup,http://data.europa.eu/esco/isco/C3251,3251,Βοηθοί οδοντιάτρων και οδοντοθεραπευτές,released,,"http://data.europa.eu/esco/concept-scheme/occupations,
http://data.europa.eu/esco/concept-scheme/isco",
ISCOGroup,http://data.europa.eu/esco/isco/C3252,3252,Τεχνικοί ιατρικών αρχείων και πληροφοριών υγείας,released,,"http://data.europa.eu/esco/concept-scheme/occupations,
http://data.europa.eu/esco/concept-scheme/isco",
ISCOGroup,http://data.europa.eu/esco/isco/C3253,3253,Εργαζόμενοι σε κοινοτικές υπηρεσίες υγείας,released,,"http://data.europa.eu/esco/concept-scheme/occupations,
http://data.europa.eu/esco/concept-scheme/isco",
ISCOGroup,http://data.europa.eu/esco/isco/C3254,3254,Οπτικοί που εκτελούν συνταγές,released,,"http://data.europa.eu/esco/concept-scheme/occupations,
http://data.europa.eu/esco/concept-scheme/isco",
ISCOGroup,http://data.europa.eu/esco/isco/C3255,3255,Τεχνικοί και βοηθοί φυσιοθεραπείας,released,,"http://data.europa.eu/esco/concept-scheme/occupations,
http://data.europa.eu/esco/concept-scheme/isco",
ISCOGroup,http://data.europa.eu/esco/isco/C3256,3256,Βοηθοί επαγγελματιών ιατρικής,released,,"http://data.europa.eu/esco/concept-scheme/occupations,
http://data.europa.eu/esco/concept-scheme/isco",
ISCOGroup,http://data.europa.eu/esco/isco/C3257,3257,Επιθεωρητές και βοηθοί επαγγελματιών περιβαλλοντικής και επαγγελματικής υγείας,released,,"http://data.europa.eu/esco/concept-scheme/occupations,
http://data.europa.eu/esco/concept-scheme/isco",
ISCOGroup,http://data.europa.eu/esco/isco/C3258,3258,Εργαζόμενοι σε ασθενοφόρα,released,,"http://data.europa.eu/esco/concept-scheme/occupations,
http://data.europa.eu/esco/concept-scheme/isco",
ISCOGroup,http://data.europa.eu/esco/isco/C3259,3259,Βοηθοί επαγγελματιών του τομέα της υγείας π.δ.κ.α.,released,,"http://data.europa.eu/esco/concept-scheme/occupations,
http://data.europa.eu/esco/concept-scheme/isco",
ISCOGroup,http://data.europa.eu/esco/isco/C33,33,Βοηθοί Επαγγελματιών επιχειρήσεων και διοίκησης,released,,"http://data.europa.eu/esco/concept-scheme/occupations,
http://data.europa.eu/esco/concept-scheme/isco",
ISCOGroup,http://data.europa.eu/esco/isco/C331,331,Βοηθοί Επαγγελματιών του χρηματοοικονομικού και μαθηματικού κλάδου,released,,"http://data.europa.eu/esco/concept-scheme/occupations,
http://data.europa.eu/esco/concept-scheme/isco",
ISCOGroup,http://data.europa.eu/esco/isco/C3311,3311,Μεσίτες χρηματιστηριακών και άλλων αξιών,released,,"http://data.europa.eu/esco/concept-scheme/occupations,
http://data.europa.eu/esco/concept-scheme/isco",
ISCOGroup,http://data.europa.eu/esco/isco/C3312,3312,Υπεύθυνοι χορήγησης δανείων και πιστώσεων,released,,"http://data.europa.eu/esco/concept-scheme/occupations,
http://data.europa.eu/esco/concept-scheme/isco",
ISCOGroup,http://data.europa.eu/esco/isco/C3313,3313,Βοηθοί λογιστών,released,,"http://data.europa.eu/esco/concept-scheme/occupations,
http://data.europa.eu/esco/concept-scheme/isco",
ISCOGroup,http://data.europa.eu/esco/isco/C3314,3314,"Βοηθοί επαγγελματιών στατιστικής, μαθηματικών και ασκούντες συναφή επαγγέλματα",released,,"http://data.europa.eu/esco/concept-scheme/occupations,
http://data.europa.eu/esco/concept-scheme/isco",
ISCOGroup,http://data.europa.eu/esco/isco/C3315,3315,Εκτιμητές αξιών και ζημιών,released,,"http://data.europa.eu/esco/concept-scheme/occupations,
http://data.europa.eu/esco/concept-scheme/isco",
ISCOGroup,http://data.europa.eu/esco/isco/C332,332,Πράκτορες και μεσίτες αγοραπωλησιών,released,,"http://data.europa.eu/esco/concept-scheme/occupations,
http://data.europa.eu/esco/concept-scheme/isco",
ISCOGroup,http://data.europa.eu/esco/isco/C3321,3321,Αντιπρόσωποι ασφαλειών,released,,"http://data.europa.eu/esco/concept-scheme/occupations,
http://data.europa.eu/esco/concept-scheme/isco",
ISCOGroup,http://data.europa.eu/esco/isco/C3322,3322,Εμπορικοί αντιπρόσωποι,released,,"http://data.europa.eu/esco/concept-scheme/occupations,
http://data.europa.eu/esco/concept-scheme/isco",
ISCOGroup,http://data.europa.eu/esco/isco/C3323,3323,Προμηθευτές επιχειρήσεων,released,,"http://data.europa.eu/esco/concept-scheme/occupations,
http://data.europa.eu/esco/concept-scheme/isco",
ISCOGroup,http://data.europa.eu/esco/isco/C3324,3324,Εμπορευματομεσίτες,released,,"http://data.europa.eu/esco/concept-scheme/occupations,
http://data.europa.eu/esco/concept-scheme/isco",
ISCOGroup,http://data.europa.eu/esco/isco/C333,333,Πράκτορες παροχής υπηρεσιών σε επιχειρήσεις,released,,"http://data.europa.eu/esco/concept-scheme/occupations,
http://data.europa.eu/esco/concept-scheme/isco",
ISCOGroup,http://data.europa.eu/esco/isco/C3331,3331,Εκτελωνιστές και πράκτορες μεταφορών,released,,"http://data.europa.eu/esco/concept-scheme/occupations,
http://data.europa.eu/esco/concept-scheme/isco",
ISCOGroup,http://data.europa.eu/esco/isco/C3332,3332,Διοργανωτές συνεδρίων και εκδηλώσεων,released,,"http://data.europa.eu/esco/concept-scheme/occupations,
http://data.europa.eu/esco/concept-scheme/isco",
ISCOGroup,http://data.europa.eu/esco/isco/C3333,3333,"Πράκτορες εύρεσης εργασίας, εν γένει",released,,"http://data.europa.eu/esco/concept-scheme/occupations,
http://data.europa.eu/esco/concept-scheme/isco",
ISCOGroup,http://data.europa.eu/esco/isco/C3334,3334,Μεσίτες ακίνητης περιουσίας,released,,"http://data.europa.eu/esco/concept-scheme/occupations,
http://data.europa.eu/esco/concept-scheme/isco",
ISCOGroup,http://data.europa.eu/esco/isco/C3339,3339,Πράκτορες παροχής υπηρεσιών σε επιχειρήσεις π.δ.κ.α.,released,,"http://data.europa.eu/esco/concept-scheme/occupations,
http://data.europa.eu/esco/concept-scheme/isco",
ISCOGroup,http://data.europa.eu/esco/isco/C334,334,Γραμματείς διοίκησης και ειδικευμένοι(-ες) γραμματείς,released,,"http://data.europa.eu/esco/concept-scheme/occupations,
http://data.europa.eu/esco/concept-scheme/isco",
ISCOGroup,http://data.europa.eu/esco/isco/C3341,3341,Επόπτες γραφείου,released,,"http://data.europa.eu/esco/concept-scheme/occupations,
http://data.europa.eu/esco/concept-scheme/isco",
ISCOGroup,http://data.europa.eu/esco/isco/C3342,3342,Γραμματείς νομικών γραφείων,released,,"http://data.europa.eu/esco/concept-scheme/occupations,
http://data.europa.eu/esco/concept-scheme/isco",
ISCOGroup,http://data.europa.eu/esco/isco/C3343,3343,Γραμματείς ανώτερων διοικητικών και διευθυντικών στελεχών,released,,"http://data.europa.eu/esco/concept-scheme/occupations,
http://data.europa.eu/esco/concept-scheme/isco",
ISCOGroup,http://data.europa.eu/esco/isco/C3344,3344,Γραμματείς ιατρών,released,,"http://data.europa.eu/esco/concept-scheme/occupations,
http://data.europa.eu/esco/concept-scheme/isco",
ISCOGroup,http://data.europa.eu/esco/isco/C335,335,Λειτουργοί και ελεγκτές ρυθμιστικών-εκτελεστικών κρατικών υπηρεσιών,released,,"http://data.europa.eu/esco/concept-scheme/occupations,
http://data.europa.eu/esco/concept-scheme/isco",
ISCOGroup,http://data.europa.eu/esco/isco/C3351,3351,Τελωνειακοί και συνοριακοί ελεγκτές,released,,"http://data.europa.eu/esco/concept-scheme/occupations,
http://data.europa.eu/esco/concept-scheme/isco",
ISCOGroup,http://data.europa.eu/esco/isco/C3352,3352,"Υπάλληλοι δημόσιων οικονομικών υπηρεσιών, ειδικοί επί φορολογικών θεμάτων",released,,"http://data.europa.eu/esco/concept-scheme/occupations,
http://data.europa.eu/esco/concept-scheme/isco",
ISCOGroup,http://data.europa.eu/esco/isco/C3353,3353,Υπάλληλοι χορήγησης κρατικών κοινωνικών επιδομάτων,released,,"http://data.europa.eu/esco/concept-scheme/occupations,
http://data.europa.eu/esco/concept-scheme/isco",
ISCOGroup,http://data.europa.eu/esco/isco/C3354,3354,Υπάλληλοι χορήγησης κρατικών αδειών,released,,"http://data.europa.eu/esco/concept-scheme/occupations,
http://data.europa.eu/esco/concept-scheme/isco",
ISCOGroup,http://data.europa.eu/esco/isco/C3355,3355,Αστυνομικοί επιθεωρητές και ερευνητές (ντέτεκτιβς),released,,"http://data.europa.eu/esco/concept-scheme/occupations,
http://data.europa.eu/esco/concept-scheme/isco",
ISCOGroup,http://data.europa.eu/esco/isco/C3359,3359,Λειτουργοί και ελεγκτές ρυθμιστικών-εκτελεστικών κρατικών υπηρεσιών π.δ.κ.α.,released,,"http://data.europa.eu/esco/concept-scheme/occupations,
http://data.europa.eu/esco/concept-scheme/isco",
ISCOGroup,http://data.europa.eu/esco/isco/C34,34,"Βοηθοί επαγγελματιών του νομικού, κοινωνικού και πολιτιστικού τομέα και ασκούντες συναφή επαγγέλματα",released,,"http://data.europa.eu/esco/concept-scheme/occupations,
http://data.europa.eu/esco/concept-scheme/isco",
ISCOGroup,http://data.europa.eu/esco/isco/C341,341,"Βοηθοί επαγγελματιών του νομικού, κοινωνικού και θρησκευτικού τομέα",released,,"http://data.europa.eu/esco/concept-scheme/occupations,
http://data.europa.eu/esco/concept-scheme/isco",
ISCOGroup,http://data.europa.eu/esco/isco/C3411,3411,Βοηθοί επαγγελματιών του νομικού τομέα και ασκούντες συναφή επαγγέλματα,released,,"http://data.europa.eu/esco/concept-scheme/occupations,
http://data.europa.eu/esco/concept-scheme/isco",
ISCOGroup,http://data.europa.eu/esco/isco/C3412,3412,Βοηθοί κοινωνικών λειτουργών,released,,"http://data.europa.eu/esco/concept-scheme/occupations,
http://data.europa.eu/esco/concept-scheme/isco",
ISCOGroup,http://data.europa.eu/esco/isco/C3413,3413,Βοηθοί κληρικών και επαγγελματιών του θρησκευτικού τομέα,released,,"http://data.europa.eu/esco/concept-scheme/occupations,
http://data.europa.eu/esco/concept-scheme/isco",
ISCOGroup,http://data.europa.eu/esco/isco/C342,342,Εργαζόμενοι στον τομέα του αθλητισμού και της σωματικής αγωγής,released,,"http://data.europa.eu/esco/concept-scheme/occupations,
http://data.europa.eu/esco/concept-scheme/isco",
ISCOGroup,http://data.europa.eu/esco/isco/C3421,3421,"Επαγγελματίες αθλητές, εν γένει",released,,"http://data.europa.eu/esco/concept-scheme/occupations,
http://data.europa.eu/esco/concept-scheme/isco",
ISCOGroup,http://data.europa.eu/esco/isco/C3422,3422,"Προπονητές, εκπαιδευτές και διαιτητές",released,,"http://data.europa.eu/esco/concept-scheme/occupations,
http://data.europa.eu/esco/concept-scheme/isco",
ISCOGroup,http://data.europa.eu/esco/isco/C3423,3423,"Γυμναστές, εκπαιδευτές και επικεφαλής προγραμμάτων ευεξίας και αναψυχής",released,,"http://data.europa.eu/esco/concept-scheme/occupations,
http://data.europa.eu/esco/concept-scheme/isco",
ISCOGroup,http://data.europa.eu/esco/isco/C343,343,Βοηθοί επαγγελματιών του καλλιτεχνικού και πολιτιστικού τομέα και της μαγειρικής,released,,"http://data.europa.eu/esco/concept-scheme/occupations,
http://data.europa.eu/esco/concept-scheme/isco",
ISCOGroup,http://data.europa.eu/esco/isco/C3431,3431,Φωτογράφοι,released,,"http://data.europa.eu/esco/concept-scheme/occupations,
http://data.europa.eu/esco/concept-scheme/isco",
ISCOGroup,http://data.europa.eu/esco/isco/C3432,3432,Διακοσμητές και σχεδιαστές εσωτερικών χώρων,released,,"http://data.europa.eu/esco/concept-scheme/occupations,
http://data.europa.eu/esco/concept-scheme/isco",
ISCOGroup,http://data.europa.eu/esco/isco/C3433,3433,"Τεχνικοί γκαλερί, μουσείων και βιβλιοθηκών",released,,"http://data.europa.eu/esco/concept-scheme/occupations,
http://data.europa.eu/esco/concept-scheme/isco",
ISCOGroup,http://data.europa.eu/esco/isco/C3434,3434,Αρχιμάγειροι,released,,"http://data.europa.eu/esco/concept-scheme/occupations,
http://data.europa.eu/esco/concept-scheme/isco",
ISCOGroup,http://data.europa.eu/esco/isco/C3435,3435,Άλλοι βοηθοί επαγγελματιών του καλλιτεχνικού και πολιτιστικού τομέα,released,,"http://data.europa.eu/esco/concept-scheme/occupations,
http://data.europa.eu/esco/concept-scheme/isco",
ISCOGroup,http://data.europa.eu/esco/isco/C35,35,Τεχνικοί του τομέα της πληροφόρησης και επικοινωνίας,released,,"http://data.europa.eu/esco/concept-scheme/occupations,
http://data.europa.eu/esco/concept-scheme/isco",
ISCOGroup,http://data.europa.eu/esco/isco/C351,351,Τεχνικοί λειτουργιών και υποστήριξης χρηστών τεχνολογιών πληροφόρησης και επικοινωνίας,released,,"http://data.europa.eu/esco/concept-scheme/occupations,
http://data.europa.eu/esco/concept-scheme/isco",
ISCOGroup,http://data.europa.eu/esco/isco/C3511,3511,Τεχνικοί λειτουργιών των τεχνολογιών πληροφόρησης και επικοινωνίας,released,,"http://data.europa.eu/esco/concept-scheme/occupations,
http://data.europa.eu/esco/concept-scheme/isco",
ISCOGroup,http://data.europa.eu/esco/isco/C3512,3512,Τεχνικοί υποστήριξης χρηστών των τεχνολογιών πληροφόρησης και επικοινωνίας,released,,"http://data.europa.eu/esco/concept-scheme/occupations,
http://data.europa.eu/esco/concept-scheme/isco",
ISCOGroup,http://data.europa.eu/esco/isco/C3513,3513,Τεχνικοί δικτύων και συστημάτων Η/Υ,released,,"http://data.europa.eu/esco/concept-scheme/occupations,
http://data.europa.eu/esco/concept-scheme/isco",
ISCOGroup,http://data.europa.eu/esco/isco/C3514,3514,Τεχνικοί του διαδικτύου,released,,"http://data.europa.eu/esco/concept-scheme/occupations,
http://data.europa.eu/esco/concept-scheme/isco",
ISCOGroup,http://data.europa.eu/esco/isco/C352,352,Τεχνικοί τηλεπικοινωνιών και εκπομπών ραδιοφώνου και τηλεόρασης,released,,"http://data.europa.eu/esco/concept-scheme/occupations,
http://data.europa.eu/esco/concept-scheme/isco",
ISCOGroup,http://data.europa.eu/esco/isco/C3521,3521,Τεχνικοί εκπομπών ραδιοφώνου και τηλεόρασης και οπτικοακουστικών μέσων,released,,"http://data.europa.eu/esco/concept-scheme/occupations,
http://data.europa.eu/esco/concept-scheme/isco",
ISCOGroup,http://data.europa.eu/esco/isco/C3522,3522,Τεχνικοί μηχανικοί τηλεπικοινωνιών,released,,"http://data.europa.eu/esco/concept-scheme/occupations,
http://data.europa.eu/esco/concept-scheme/isco",
ISCOGroup,http://data.europa.eu/esco/isco/C4,4,Υπάλληλοι γραφείου,released,,"http://data.europa.eu/esco/concept-scheme/occupations,
http://data.europa.eu/esco/concept-scheme/isco",
ISCOGroup,http://data.europa.eu/esco/isco/C41,41,Υπάλληλοι γενικών καθηκόντων και χειριστές μηχανών με πληκτρολόγιο,released,,"http://data.europa.eu/esco/concept-scheme/occupations,
http://data.europa.eu/esco/concept-scheme/isco",
ISCOGroup,http://data.europa.eu/esco/isco/C411,411,Υπάλληλοι γενικών καθηκόντων,released,,"http://data.europa.eu/esco/concept-scheme/occupations,
http://data.europa.eu/esco/concept-scheme/isco",
ISCOGroup,http://data.europa.eu/esco/isco/C4110,4110,Υπάλληλοι γενικών καθηκόντων,released,,"http://data.europa.eu/esco/concept-scheme/occupations,
http://data.europa.eu/esco/concept-scheme/isco",
ISCOGroup,http://data.europa.eu/esco/isco/C412,412,Γραμματείς (γενικών καθηκόντων),released,,"http://data.europa.eu/esco/concept-scheme/occupations,
http://data.europa.eu/esco/concept-scheme/isco",
ISCOGroup,http://data.europa.eu/esco/isco/C4120,4120,Γραμματείς (γενικών καθηκόντων),released,,"http://data.europa.eu/esco/concept-scheme/occupations,
http://data.europa.eu/esco/concept-scheme/isco",
ISCOGroup,http://data.europa.eu/esco/isco/C413,413,Χειριστές μηχανών με πληκτρολόγιο,released,,"http://data.europa.eu/esco/concept-scheme/occupations,
http://data.europa.eu/esco/concept-scheme/isco",
ISCOGroup,http://data.europa.eu/esco/isco/C4131,4131,Δακτυλογράφοι και χειριστές μηχανών επεξεργασίας κειμένου,released,,"http://data.europa.eu/esco/concept-scheme/occupations,
http://data.europa.eu/esco/concept-scheme/isco",
ISCOGroup,http://data.europa.eu/esco/isco/C4132,4132,Χειριστές μηχανών εισαγωγής δεδομένων,released,,"http://data.europa.eu/esco/concept-scheme/occupations,
http://data.europa.eu/esco/concept-scheme/isco",
ISCOGroup,http://data.europa.eu/esco/isco/C42,42,Υπάλληλοι εξυπηρέτησης πελατών,released,,"http://data.europa.eu/esco/concept-scheme/occupations,
http://data.europa.eu/esco/concept-scheme/isco",
ISCOGroup,http://data.europa.eu/esco/isco/C421,421,"Ταμίες, εισπράκτορες και ασκούντες συναφή επαγγέλματα",released,,"http://data.europa.eu/esco/concept-scheme/occupations,
http://data.europa.eu/esco/concept-scheme/isco",
ISCOGroup,http://data.europa.eu/esco/isco/C4211,4211,Ταμίες τραπεζών και ασκούντες συναφή επαγγέλματα,released,,"http://data.europa.eu/esco/concept-scheme/occupations,
http://data.europa.eu/esco/concept-scheme/isco",
ISCOGroup,http://data.europa.eu/esco/isco/C4212,4212,"Πράκτορες στοιχημάτων, κρουπιέρηδες και εργαζόμενοι σε επιχειρήσεις τυχερών παιγνίων",released,,"http://data.europa.eu/esco/concept-scheme/occupations,
http://data.europa.eu/esco/concept-scheme/isco",
ISCOGroup,http://data.europa.eu/esco/isco/C4213,4213,Ενεχυροδανειστές και δανειστές χρηματικών ποσών,released,,"http://data.europa.eu/esco/concept-scheme/occupations,
http://data.europa.eu/esco/concept-scheme/isco",
ISCOGroup,http://data.europa.eu/esco/isco/C4214,4214,Εισπράκτορες χρεών και ασκούντες συναφή επαγγέλματα,released,,"http://data.europa.eu/esco/concept-scheme/occupations,
http://data.europa.eu/esco/concept-scheme/isco",
ISCOGroup,http://data.europa.eu/esco/isco/C422,422,Υπάλληλοι πληροφόρησης πελατών,released,,"http://data.europa.eu/esco/concept-scheme/occupations,
http://data.europa.eu/esco/concept-scheme/isco",
ISCOGroup,http://data.europa.eu/esco/isco/C4221,4221,Ταξιδιωτικοί σύμβουλοι και υπάλληλοι ταξιδιωτικών γραφείων,released,,"http://data.europa.eu/esco/concept-scheme/occupations,
http://data.europa.eu/esco/concept-scheme/isco",
ISCOGroup,http://data.europa.eu/esco/isco/C4222,4222,Υπάλληλοι κέντρων πληροφόρησης,released,,"http://data.europa.eu/esco/concept-scheme/occupations,
http://data.europa.eu/esco/concept-scheme/isco",
ISCOGroup,http://data.europa.eu/esco/isco/C4223,4223,Χειριστές τηλεφωνικών κέντρων,released,,"http://data.europa.eu/esco/concept-scheme/occupations,
http://data.europa.eu/esco/concept-scheme/isco",
ISCOGroup,http://data.europa.eu/esco/isco/C4224,4224,Υπάλληλοι υποδοχής σε ξενοδοχεία,released,,"http://data.europa.eu/esco/concept-scheme/occupations,
http://data.europa.eu/esco/concept-scheme/isco",
ISCOGroup,http://data.europa.eu/esco/isco/C4225,4225,Υπάλληλοι ενημέρωσης πελατών,released,,"http://data.europa.eu/esco/concept-scheme/occupations,
http://data.europa.eu/esco/concept-scheme/isco",
ISCOGroup,http://data.europa.eu/esco/isco/C4226,4226,Υπάλληλοι υποδοχής (εν γένει),released,,"http://data.europa.eu/esco/concept-scheme/occupations,
http://data.europa.eu/esco/concept-scheme/isco",
ISCOGroup,http://data.europa.eu/esco/isco/C4227,4227,Συνεντεύκτες ερευνών αγοράς και λοιπών ερευνών,released,,"http://data.europa.eu/esco/concept-scheme/occupations,
http://data.europa.eu/esco/concept-scheme/isco",
ISCOGroup,http://data.europa.eu/esco/isco/C4229,4229,Υπάλληλοι πληροφόρησης πελατών π.δ.κ.α.,released,,"http://data.europa.eu/esco/concept-scheme/occupations,
http://data.europa.eu/esco/concept-scheme/isco",
ISCOGroup,http://data.europa.eu/esco/isco/C43,43,Υπάλληλοι καταγραφής αριθμητικών δεδομένων και υλικών,released,,"http://data.europa.eu/esco/concept-scheme/occupations,
http://data.europa.eu/esco/concept-scheme/isco",
ISCOGroup,http://data.europa.eu/esco/isco/C431,431,Υπάλληλοι καταγραφής αριθμητικών δεδομένων,released,,"http://data.europa.eu/esco/concept-scheme/occupations,
http://data.europa.eu/esco/concept-scheme/isco",
ISCOGroup,http://data.europa.eu/esco/isco/C4311,4311,Υπάλληλοι λογιστηρίου και τήρησης λογιστικών βιβλίων,released,,"http://data.europa.eu/esco/concept-scheme/occupations,
http://data.europa.eu/esco/concept-scheme/isco",
ISCOGroup,http://data.europa.eu/esco/isco/C4312,4312,"Υπάλληλοι στατιστικών, οικονομικών και ασφαλιστικών υπηρεσιών",released,,"http://data.europa.eu/esco/concept-scheme/occupations,
http://data.europa.eu/esco/concept-scheme/isco",
ISCOGroup,http://data.europa.eu/esco/isco/C4313,4313,Υπάλληλοι μισθοδοσίας,released,,"http://data.europa.eu/esco/concept-scheme/occupations,
http://data.europa.eu/esco/concept-scheme/isco",
ISCOGroup,http://data.europa.eu/esco/isco/C432,432,Υπάλληλοι καταγραφής υλικών και υπηρεσιών μεταφορών,released,,"http://data.europa.eu/esco/concept-scheme/occupations,
http://data.europa.eu/esco/concept-scheme/isco",
ISCOGroup,http://data.europa.eu/esco/isco/C4321,4321,Αποθηκάριοι και ζυγιστές,released,,"http://data.europa.eu/esco/concept-scheme/occupations,
http://data.europa.eu/esco/concept-scheme/isco",
ISCOGroup,http://data.europa.eu/esco/isco/C4322,4322,Υπάλληλοι προγραμματισμού υλικών και παραγωγής,released,,"http://data.europa.eu/esco/concept-scheme/occupations,
http://data.europa.eu/esco/concept-scheme/isco",
ISCOGroup,http://data.europa.eu/esco/isco/C4323,4323,Υπάλληλοι υπηρεσιών μεταφορών,released,,"http://data.europa.eu/esco/concept-scheme/occupations,
http://data.europa.eu/esco/concept-scheme/isco",
ISCOGroup,http://data.europa.eu/esco/isco/C44,44,Άλλοι υπάλληλοι γραφείου,released,,"http://data.europa.eu/esco/concept-scheme/occupations,
http://data.europa.eu/esco/concept-scheme/isco",
ISCOGroup,http://data.europa.eu/esco/isco/C441,441,Άλλοι υπάλληλοι γραφείου,released,,"http://data.europa.eu/esco/concept-scheme/occupations,
http://data.europa.eu/esco/concept-scheme/isco",
ISCOGroup,http://data.europa.eu/esco/isco/C4411,4411,Υπάλληλοι βιβλιοθηκών,released,,"http://data.europa.eu/esco/concept-scheme/occupations,
http://data.europa.eu/esco/concept-scheme/isco",
ISCOGroup,http://data.europa.eu/esco/isco/C4412,4412,Ταχυδρομικοί και υπάλληλοι διαλογής αλληλογραφίας,released,,"http://data.europa.eu/esco/concept-scheme/occupations,
http://data.europa.eu/esco/concept-scheme/isco",
ISCOGroup,http://data.europa.eu/esco/isco/C4413,4413,"Κωδικογράφοι, διορθωτές δοκιμίων και ασκούντες συναφή επαγγέλματα",released,,"http://data.europa.eu/esco/concept-scheme/occupations,
http://data.europa.eu/esco/concept-scheme/isco",
ISCOGroup,http://data.europa.eu/esco/isco/C4414,4414,Γραφείς και ασκούντες συναφή επαγγέλματα,released,,"http://data.europa.eu/esco/concept-scheme/occupations,
http://data.europa.eu/esco/concept-scheme/isco",
ISCOGroup,http://data.europa.eu/esco/isco/C4415,4415,Αρχειοθέτες και χειριστές φωτοαντιγραφικών μηχανημάτων,released,,"http://data.europa.eu/esco/concept-scheme/occupations,
http://data.europa.eu/esco/concept-scheme/isco",
ISCOGroup,http://data.europa.eu/esco/isco/C4416,4416,Υπάλληλοι προσωπικού,released,,"http://data.europa.eu/esco/concept-scheme/occupations,
http://data.europa.eu/esco/concept-scheme/isco",
ISCOGroup,http://data.europa.eu/esco/isco/C4419,4419,Υπάλληλοι γραφείου π.δ.κ.α.,released,,"http://data.europa.eu/esco/concept-scheme/occupations,
http://data.europa.eu/esco/concept-scheme/isco",
ISCOGroup,http://data.europa.eu/esco/isco/C5,5,Απασχολούμενοι στην παροχή υπηρεσιών και πωλητές,released,,"http://data.europa.eu/esco/concept-scheme/occupations,
http://data.europa.eu/esco/concept-scheme/isco",
ISCOGroup,http://data.europa.eu/esco/isco/C51,51,Απασχολούμενοι στην παροχή προσωπικών υπηρεσιών,released,,"http://data.europa.eu/esco/concept-scheme/occupations,
http://data.europa.eu/esco/concept-scheme/isco",
ISCOGroup,http://data.europa.eu/esco/isco/C511,511,"Ταξιδιωτικοί συνοδοί, εισπράκτορες και ξεναγοί",released,,"http://data.europa.eu/esco/concept-scheme/occupations,
http://data.europa.eu/esco/concept-scheme/isco",
ISCOGroup,http://data.europa.eu/esco/isco/C5111,5111,Ταξιδιωτικοί συνοδοί και φροντιστές,released,,"http://data.europa.eu/esco/concept-scheme/occupations,
http://data.europa.eu/esco/concept-scheme/isco",
ISCOGroup,http://data.europa.eu/esco/isco/C5112,5112,Εισπράκτορες μεταφορικών μέσων,released,,"http://data.europa.eu/esco/concept-scheme/occupations,
http://data.europa.eu/esco/concept-scheme/isco",
ISCOGroup,http://data.europa.eu/esco/isco/C5113,5113,Ξεναγοί,released,,"http://data.europa.eu/esco/concept-scheme/occupations,
http://data.europa.eu/esco/concept-scheme/isco",
ISCOGroup,http://data.europa.eu/esco/isco/C512,512,Μάγειροι,released,,"http://data.europa.eu/esco/concept-scheme/occupations,
http://data.europa.eu/esco/concept-scheme/isco",
ISCOGroup,http://data.europa.eu/esco/isco/C5120,5120,Μάγειροι,released,,"http://data.europa.eu/esco/concept-scheme/occupations,
http://data.europa.eu/esco/concept-scheme/isco",
ISCOGroup,http://data.europa.eu/esco/isco/C513,513,Σερβιτόροι και μπάρμεν,released,,"http://data.europa.eu/esco/concept-scheme/occupations,
http://data.europa.eu/esco/concept-scheme/isco",
ISCOGroup,http://data.europa.eu/esco/isco/C5131,5131,Σερβιτόροι,released,,"http://data.europa.eu/esco/concept-scheme/occupations,
http://data.europa.eu/esco/concept-scheme/isco",
ISCOGroup,http://data.europa.eu/esco/isco/C5132,5132,Μπάρμεν,released,,"http://data.europa.eu/esco/concept-scheme/occupations,
http://data.europa.eu/esco/concept-scheme/isco",
ISCOGroup,http://data.europa.eu/esco/isco/C514,514,"Κομμωτές/κομμώτριες, αισθητικοί και ασκούντες συναφή επαγγέλματα",released,,"http://data.europa.eu/esco/concept-scheme/occupations,
http://data.europa.eu/esco/concept-scheme/isco",
ISCOGroup,http://data.europa.eu/esco/isco/C5141,5141,Κομμωτές/κομμώτριες,released,,"http://data.europa.eu/esco/concept-scheme/occupations,
http://data.europa.eu/esco/concept-scheme/isco",
ISCOGroup,http://data.europa.eu/esco/isco/C5142,5142,Αισθητικοί και ασκούντες συναφή επαγγέλματα,released,,"http://data.europa.eu/esco/concept-scheme/occupations,
http://data.europa.eu/esco/concept-scheme/isco",
ISCOGroup,http://data.europa.eu/esco/isco/C515,515,Επόπτες καθαρισμού και φροντιστές κτιρίων και κατοικιών,released,,"http://data.europa.eu/esco/concept-scheme/occupations,
http://data.europa.eu/esco/concept-scheme/isco",
ISCOGroup,http://data.europa.eu/esco/isco/C5151,5151,"Επόπτες καθαριότητας και φροντιστές γραφείων, ξενοδοχείων και άλλων εγκαταστάσεων",released,,"http://data.europa.eu/esco/concept-scheme/occupations,
http://data.europa.eu/esco/concept-scheme/isco",
ISCOGroup,http://data.europa.eu/esco/isco/C5152,5152,Οικονόμοι σπιτιών,released,,"http://data.europa.eu/esco/concept-scheme/occupations,
http://data.europa.eu/esco/concept-scheme/isco",
ISCOGroup,http://data.europa.eu/esco/isco/C5153,5153,Διαχειριστές κτιρίων,released,,"http://data.europa.eu/esco/concept-scheme/occupations,
http://data.europa.eu/esco/concept-scheme/isco",
ISCOGroup,http://data.europa.eu/esco/isco/C516,516,Άλλοι απασχολούμενοι στην παροχή προσωπικών υπηρεσιών,released,,"http://data.europa.eu/esco/concept-scheme/occupations,
http://data.europa.eu/esco/concept-scheme/isco",
ISCOGroup,http://data.europa.eu/esco/isco/C5161,5161,"Αστρολόγοι, μελλοντολόγοι και ασκούντες συναφή επαγγέλματα",released,,"http://data.europa.eu/esco/concept-scheme/occupations,
http://data.europa.eu/esco/concept-scheme/isco",
ISCOGroup,http://data.europa.eu/esco/isco/C5162,5162,Προσωπικοί συνοδοί και προσωπικοί υπηρέτες,released,,"http://data.europa.eu/esco/concept-scheme/occupations,
http://data.europa.eu/esco/concept-scheme/isco",
ISCOGroup,http://data.europa.eu/esco/isco/C5163,5163,Εργολάβοι κηδειών και ταριχευτές,released,,"http://data.europa.eu/esco/concept-scheme/occupations,
http://data.europa.eu/esco/concept-scheme/isco",
ISCOGroup,http://data.europa.eu/esco/isco/C5164,5164,Φροντιστές ζώων συντροφιάς και απασχολούμενοι με την περιποίηση ζώων,released,,"http://data.europa.eu/esco/concept-scheme/occupations,
http://data.europa.eu/esco/concept-scheme/isco",
ISCOGroup,http://data.europa.eu/esco/isco/C5165,5165,Δάσκαλοι οδήγησης,released,,"http://data.europa.eu/esco/concept-scheme/occupations,
http://data.europa.eu/esco/concept-scheme/isco",
ISCOGroup,http://data.europa.eu/esco/isco/C5169,5169,Απασχολούμενοι στην παροχή προσωπικών υπηρεσιών π.δ.κ.α.,released,,"http://data.europa.eu/esco/concept-scheme/occupations,
http://data.europa.eu/esco/concept-scheme/isco",
ISCOGroup,http://data.europa.eu/esco/isco/C52,52,Πωλητές,released,,"http://data.europa.eu/esco/concept-scheme/occupations,
http://data.europa.eu/esco/concept-scheme/isco",
ISCOGroup,http://data.europa.eu/esco/isco/C521,521,Πλανόδιοι πωλητές και πωλητές σε υπαίθριες αγορές,released,,"http://data.europa.eu/esco/concept-scheme/occupations,
http://data.europa.eu/esco/concept-scheme/isco",
ISCOGroup,http://data.europa.eu/esco/isco/C5211,5211,Πωλητές σε υπαίθριους πάγκους και υπαίθριες αγορές,released,,"http://data.europa.eu/esco/concept-scheme/occupations,
http://data.europa.eu/esco/concept-scheme/isco",
ISCOGroup,http://data.europa.eu/esco/isco/C5212,5212,Πλανόδιοι πωλητές τροφίμων,released,,"http://data.europa.eu/esco/concept-scheme/occupations,
http://data.europa.eu/esco/concept-scheme/isco",
ISCOGroup,http://data.europa.eu/esco/isco/C522,522,Πωλητές σε καταστήματα,released,,"http://data.europa.eu/esco/concept-scheme/occupations,
http://data.europa.eu/esco/concept-scheme/isco",
ISCOGroup,http://data.europa.eu/esco/isco/C5221,5221,Καταστηματάρχες,released,,"http://data.europa.eu/esco/concept-scheme/occupations,
http://data.europa.eu/esco/concept-scheme/isco",
ISCOGroup,http://data.europa.eu/esco/isco/C5222,5222,Επόπτες καταστημάτων,released,,"http://data.europa.eu/esco/concept-scheme/occupations,
http://data.europa.eu/esco/concept-scheme/isco",
ISCOGroup,http://data.europa.eu/esco/isco/C5223,5223,Βοηθοί πωλήσεων σε καταστήματα,released,,"http://data.europa.eu/esco/concept-scheme/occupations,
http://data.europa.eu/esco/concept-scheme/isco",
ISCOGroup,http://data.europa.eu/esco/isco/C523,523,Ταμίες και υπάλληλοι έκδοσης εισιτηρίων,released,,"http://data.europa.eu/esco/concept-scheme/occupations,
http://data.europa.eu/esco/concept-scheme/isco",
ISCOGroup,http://data.europa.eu/esco/isco/C5230,5230,Ταμίες και υπάλληλοι έκδοσης εισιτηρίων,released,,"http://data.europa.eu/esco/concept-scheme/occupations,
http://data.europa.eu/esco/concept-scheme/isco",
ISCOGroup,http://data.europa.eu/esco/isco/C524,524,Άλλοι πωλητές,released,,"http://data.europa.eu/esco/concept-scheme/occupations,
http://data.europa.eu/esco/concept-scheme/isco",
ISCOGroup,http://data.europa.eu/esco/isco/C5241,5241,Μοντέλα επίδειξης μόδας (μανεκέν) και άλλα μοντέλα,released,,"http://data.europa.eu/esco/concept-scheme/occupations,
http://data.europa.eu/esco/concept-scheme/isco",
ISCOGroup,http://data.europa.eu/esco/isco/C5242,5242,Υπάλληλοι επίδειξης προϊόντων,released,,"http://data.europa.eu/esco/concept-scheme/occupations,
http://data.europa.eu/esco/concept-scheme/isco",
ISCOGroup,http://data.europa.eu/esco/isco/C5243,5243,Πωλητές κατ’ οίκον (πλασιέ),released,,"http://data.europa.eu/esco/concept-scheme/occupations,
http://data.europa.eu/esco/concept-scheme/isco",
ISCOGroup,http://data.europa.eu/esco/isco/C5244,5244,Πωλητές μέσω κέντρων επικοινωνίας (τηλεμάρκετινκ),released,,"http://data.europa.eu/esco/concept-scheme/occupations,
http://data.europa.eu/esco/concept-scheme/isco",
ISCOGroup,http://data.europa.eu/esco/isco/C5245,5245,Υπάλληλοι πρατηρίων καυσίμων και σταθμών εξυπηρέτησης,released,,"http://data.europa.eu/esco/concept-scheme/occupations,
http://data.europa.eu/esco/concept-scheme/isco",
ISCOGroup,http://data.europa.eu/esco/isco/C5246,5246,Υπάλληλοι σίτισης,released,,"http://data.europa.eu/esco/concept-scheme/occupations,
http://data.europa.eu/esco/concept-scheme/isco",
ISCOGroup,http://data.europa.eu/esco/isco/C5249,5249,Πωλητές π.δ.κ.α.,released,,"http://data.europa.eu/esco/concept-scheme/occupations,
http://data.europa.eu/esco/concept-scheme/isco",
ISCOGroup,http://data.europa.eu/esco/isco/C53,53,Απασχολούμενοι στην παροχή ατομικής φροντίδας,released,,"http://data.europa.eu/esco/concept-scheme/occupations,
http://data.europa.eu/esco/concept-scheme/isco",
ISCOGroup,http://data.europa.eu/esco/isco/C531,531,Παιδοκόμοι και βοηθοί δασκάλων,released,,"http://data.europa.eu/esco/concept-scheme/occupations,
http://data.europa.eu/esco/concept-scheme/isco",
ISCOGroup,http://data.europa.eu/esco/isco/C5311,5311,Παιδοκόμοι,released,,"http://data.europa.eu/esco/concept-scheme/occupations,
http://data.europa.eu/esco/concept-scheme/isco",
ISCOGroup,http://data.europa.eu/esco/isco/C5312,5312,Βοηθοί δασκάλων,released,,"http://data.europa.eu/esco/concept-scheme/occupations,
http://data.europa.eu/esco/concept-scheme/isco",
ISCOGroup,http://data.europa.eu/esco/isco/C532,532,Απασχολούμενοι στην παροχή ατομικής φροντίδας στον τομέα των υπηρεσιών υγείας,released,,"http://data.europa.eu/esco/concept-scheme/occupations,
http://data.europa.eu/esco/concept-scheme/isco",
ISCOGroup,http://data.europa.eu/esco/isco/C5321,5321,Βοηθοί στον τομέα της υγείας,released,,"http://data.europa.eu/esco/concept-scheme/occupations,
http://data.europa.eu/esco/concept-scheme/isco",
ISCOGroup,http://data.europa.eu/esco/isco/C5322,5322,Νοσοκόμοι που απασχολούνται κατ’ οίκον,released,,"http://data.europa.eu/esco/concept-scheme/occupations,
http://data.europa.eu/esco/concept-scheme/isco",
ISCOGroup,http://data.europa.eu/esco/isco/C5329,5329,Απασχολούμενοι στην παροχή ατομικής φροντίδας στον τομέα των υπηρεσιών υγείας π.δ.κ.α.,released,,"http://data.europa.eu/esco/concept-scheme/occupations,
http://data.europa.eu/esco/concept-scheme/isco",
ISCOGroup,http://data.europa.eu/esco/isco/C54,54,Απασχολούμενοι στην παροχή υπηρεσιών προστασίας,released,,"http://data.europa.eu/esco/concept-scheme/occupations,
http://data.europa.eu/esco/concept-scheme/isco",
ISCOGroup,http://data.europa.eu/esco/isco/C541,541,Απασχολούμενοι στην παροχή υπηρεσιών προστασίας,released,,"http://data.europa.eu/esco/concept-scheme/occupations,
http://data.europa.eu/esco/concept-scheme/isco",
ISCOGroup,http://data.europa.eu/esco/isco/C5411,5411,Πυροσβέστες,released,,"http://data.europa.eu/esco/concept-scheme/occupations,
http://data.europa.eu/esco/concept-scheme/isco",
ISCOGroup,http://data.europa.eu/esco/isco/C5412,5412,Αστυνομικοί,released,,"http://data.europa.eu/esco/concept-scheme/occupations,
http://data.europa.eu/esco/concept-scheme/isco",
ISCOGroup,http://data.europa.eu/esco/isco/C5413,5413,Δεσμοφύλακες,released,,"http://data.europa.eu/esco/concept-scheme/occupations,
http://data.europa.eu/esco/concept-scheme/isco",
ISCOGroup,http://data.europa.eu/esco/isco/C5414,5414,Φύλακες ασφαλείας χώρων,released,,"http://data.europa.eu/esco/concept-scheme/occupations,
http://data.europa.eu/esco/concept-scheme/isco",
ISCOGroup,http://data.europa.eu/esco/isco/C5419,5419,Απασχολούμενοι στην παροχή υπηρεσιών προστασίας π.δ.κ.α.,released,,"http://data.europa.eu/esco/concept-scheme/occupations,
http://data.europa.eu/esco/concept-scheme/isco",
ISCOGroup,http://data.europa.eu/esco/isco/C6,6,"Ειδικευμένοι γεωργοί, κτηνοτρόφοι, δασοκόμοι και αλιείς",released,,"http://data.europa.eu/esco/concept-scheme/occupations,
http://data.europa.eu/esco/concept-scheme/isco",
ISCOGroup,http://data.europa.eu/esco/isco/C61,61,"Ειδικευμένοι γεωργοί και κτηνοτρόφοι, επαγγελματίες",released,,"http://data.europa.eu/esco/concept-scheme/occupations,
http://data.europa.eu/esco/concept-scheme/isco",
ISCOGroup,http://data.europa.eu/esco/isco/C611,611,"Καλλιεργητές κηπευτικών και φυτωρίων, επαγγελματίες",released,,"http://data.europa.eu/esco/concept-scheme/occupations,
http://data.europa.eu/esco/concept-scheme/isco",
ISCOGroup,http://data.europa.eu/esco/isco/C6111,6111,Καλλιεργητές σε ανοικτούς αγρούς και καλλιεργητές λαχανικών,released,,"http://data.europa.eu/esco/concept-scheme/occupations,
http://data.europa.eu/esco/concept-scheme/isco",
ISCOGroup,http://data.europa.eu/esco/isco/C6112,6112,Καλλιεργητές δένδρων και θάμνων,released,,"http://data.europa.eu/esco/concept-scheme/occupations,
http://data.europa.eu/esco/concept-scheme/isco",
ISCOGroup,http://data.europa.eu/esco/isco/C6113,6113,"Καλλιεργητές κηπευτικών, ανθέων και φυτωρίων",released,,"http://data.europa.eu/esco/concept-scheme/occupations,
http://data.europa.eu/esco/concept-scheme/isco",
ISCOGroup,http://data.europa.eu/esco/isco/C6114,6114,Γεωργοί μεικτών εκμεταλλεύσεων,released,,"http://data.europa.eu/esco/concept-scheme/occupations,
http://data.europa.eu/esco/concept-scheme/isco",
ISCOGroup,http://data.europa.eu/esco/isco/C612,612,Κτηνοτρόφοι,released,,"http://data.europa.eu/esco/concept-scheme/occupations,
http://data.europa.eu/esco/concept-scheme/isco",
ISCOGroup,http://data.europa.eu/esco/isco/C6121,6121,Κτηνοτρόφοι γαλακτοπαραγωγών και λοιπών ζώων,released,,"http://data.europa.eu/esco/concept-scheme/occupations,
http://data.europa.eu/esco/concept-scheme/isco",
ISCOGroup,http://data.europa.eu/esco/isco/C6122,6122,Πτηνοτρόφοι,released,,"http://data.europa.eu/esco/concept-scheme/occupations,
http://data.europa.eu/esco/concept-scheme/isco",
ISCOGroup,http://data.europa.eu/esco/isco/C6123,6123,Μελισσοκόμοι και σηροτρόφοι,released,,"http://data.europa.eu/esco/concept-scheme/occupations,
http://data.europa.eu/esco/concept-scheme/isco",
ISCOGroup,http://data.europa.eu/esco/isco/C6129,6129,Κτηνοτρόφοι π.δ.κ.α.,released,,"http://data.europa.eu/esco/concept-scheme/occupations,
http://data.europa.eu/esco/concept-scheme/isco",
ISCOGroup,http://data.europa.eu/esco/isco/C613,613,Γεωργοκτηνοτρόφοι μεικτών εκμεταλλεύσεων,released,,"http://data.europa.eu/esco/concept-scheme/occupations,
http://data.europa.eu/esco/concept-scheme/isco",
ISCOGroup,http://data.europa.eu/esco/isco/C6130,6130,Γεωργοκτηνοτρόφοι μεικτών εκμεταλλεύσεων,released,,"http://data.europa.eu/esco/concept-scheme/occupations,
http://data.europa.eu/esco/concept-scheme/isco",
ISCOGroup,http://data.europa.eu/esco/isco/C62,62,"Ειδικευμένοι δασοκόμοι, υλοτόμοι, αλιείς και κυνηγοί, επαγγελματίες",released,,"http://data.europa.eu/esco/concept-scheme/occupations,
http://data.europa.eu/esco/concept-scheme/isco",
ISCOGroup,http://data.europa.eu/esco/isco/C621,621,"Δασοκόμοι, υλοτόμοι και ασκούντες συναφή επαγγέλματα",released,,"http://data.europa.eu/esco/concept-scheme/occupations,
http://data.europa.eu/esco/concept-scheme/isco",
ISCOGroup,http://data.europa.eu/esco/isco/C6210,6210,"Δασοκόμοι, υλοτόμοι και ασκούντες συναφή επαγγέλματα",released,,"http://data.europa.eu/esco/concept-scheme/occupations,
http://data.europa.eu/esco/concept-scheme/isco",
ISCOGroup,http://data.europa.eu/esco/isco/C622,622,"Αλιείς, κυνηγοί και παγιδευτές θηραμάτων",released,,"http://data.europa.eu/esco/concept-scheme/occupations,
http://data.europa.eu/esco/concept-scheme/isco",
ISCOGroup,http://data.europa.eu/esco/isco/C6221,6221,Υδατοκαλλιεργητές,released,,"http://data.europa.eu/esco/concept-scheme/occupations,
http://data.europa.eu/esco/concept-scheme/isco",
ISCOGroup,http://data.europa.eu/esco/isco/C6222,6222,Αλιείς παράκτιων και εσωτερικών υδάτων,released,,"http://data.europa.eu/esco/concept-scheme/occupations,
http://data.europa.eu/esco/concept-scheme/isco",
ISCOGroup,http://data.europa.eu/esco/isco/C6223,6223,Αλιείς ανοικτής θαλάσσης,released,,"http://data.europa.eu/esco/concept-scheme/occupations,
http://data.europa.eu/esco/concept-scheme/isco",
ISCOGroup,http://data.europa.eu/esco/isco/C6224,6224,Κυνηγοί και παγιδευτές θηραμάτων,released,,"http://data.europa.eu/esco/concept-scheme/occupations,
http://data.europa.eu/esco/concept-scheme/isco",
ISCOGroup,http://data.europa.eu/esco/isco/C63,63,"Γεωργοί, κτηνοτρόφοι, αλιείς, κυνηγοί και συλλέκτες θηραμάτων για ίδια κατανάλωση",released,,"http://data.europa.eu/esco/concept-scheme/occupations,
http://data.europa.eu/esco/concept-scheme/isco",
ISCOGroup,http://data.europa.eu/esco/isco/C631,631,"Καλλιεργητές γεωργοί, για ίδια κατανάλωση",released,,"http://data.europa.eu/esco/concept-scheme/occupations,
http://data.europa.eu/esco/concept-scheme/isco",
ISCOGroup,http://data.europa.eu/esco/isco/C6310,6310,"Καλλιεργητές γεωργοί, για ίδια κατανάλωση",released,,"http://data.europa.eu/esco/concept-scheme/occupations,
http://data.europa.eu/esco/concept-scheme/isco",
ISCOGroup,http://data.europa.eu/esco/isco/C632,632,"Κτηνοτρόφοι, για ίδια κατανάλωση",released,,"http://data.europa.eu/esco/concept-scheme/occupations,
http://data.europa.eu/esco/concept-scheme/isco",
ISCOGroup,http://data.europa.eu/esco/isco/C6320,6320,"Κτηνοτρόφοι, για ίδια κατανάλωση",released,,"http://data.europa.eu/esco/concept-scheme/occupations,
http://data.europa.eu/esco/concept-scheme/isco",
ISCOGroup,http://data.europa.eu/esco/isco/C633,633,"Γεωργοκτηνοτρόφοι μεικτών εκμεταλλεύσεων, για ίδια κατανάλωση",released,,"http://data.europa.eu/esco/concept-scheme/occupations,
http://data.europa.eu/esco/concept-scheme/isco",
ISCOGroup,http://data.europa.eu/esco/isco/C6330,6330,"Γεωργοκτηνοτρόφοι μεικτών εκμεταλλεύσεων, για ίδια κατανάλωση",released,,"http://data.europa.eu/esco/concept-scheme/occupations,
http://data.europa.eu/esco/concept-scheme/isco",
ISCOGroup,http://data.europa.eu/esco/isco/C634,634,"Αλιείς, κυνηγοί, παγιδευτές και συλλέκτες θηραμάτων, για ίδια κατανάλωση",released,,"http://data.europa.eu/esco/concept-scheme/occupations,
http://data.europa.eu/esco/concept-scheme/isco",
ISCOGroup,http://data.europa.eu/esco/isco/C6340,6340,"Αλιείς, κυνηγοί, παγιδευτές και συλλέκτες θηραμάτων, για ίδια κατανάλωση",released,,"http://data.europa.eu/esco/concept-scheme/occupations,
http://data.europa.eu/esco/concept-scheme/isco",
ISCOGroup,http://data.europa.eu/esco/isco/C7,7,Ειδικευμένοι τεχνίτες και ασκούντες συναφή επαγγέλματα,released,,"http://data.europa.eu/esco/concept-scheme/occupations,
http://data.europa.eu/esco/concept-scheme/isco",
ISCOGroup,http://data.europa.eu/esco/isco/C71,71,"Τεχνίτες ανέγερσης και αποπεράτωσης κτιρίων, εξαιρουμένων των ηλεκτρολόγων",released,,"http://data.europa.eu/esco/concept-scheme/occupations,
http://data.europa.eu/esco/concept-scheme/isco",
ISCOGroup,http://data.europa.eu/esco/isco/C711,711,Κτίστες και ασκούντες συναφή επαγγέλματα,released,,"http://data.europa.eu/esco/concept-scheme/occupations,
http://data.europa.eu/esco/concept-scheme/isco",
ISCOGroup,http://data.europa.eu/esco/isco/C7111,7111,Κτίστες κτιρίων,released,,"http://data.europa.eu/esco/concept-scheme/occupations,
http://data.europa.eu/esco/concept-scheme/isco",
ISCOGroup,http://data.europa.eu/esco/isco/C7112,7112,Κτίστες που χρησιμοποιούν τούβλα και ασκούντες συναφή επαγγέλματα,released,,"http://data.europa.eu/esco/concept-scheme/occupations,
http://data.europa.eu/esco/concept-scheme/isco",
ISCOGroup,http://data.europa.eu/esco/isco/C7113,7113,"Κτίστες που χρησιμοποιούν πέτρες, λιθοκόπτες και λιθοξόοι",released,,"http://data.europa.eu/esco/concept-scheme/occupations,
http://data.europa.eu/esco/concept-scheme/isco",
ISCOGroup,http://data.europa.eu/esco/isco/C7114,7114,"Σκυροκονιαστές (μπετατζήδες), τεχνίτες κατασκευής δαπέδων και ασκούντες συναφή επαγγέλματα",released,,"http://data.europa.eu/esco/concept-scheme/occupations,
http://data.europa.eu/esco/concept-scheme/isco",
ISCOGroup,http://data.europa.eu/esco/isco/C7115,7115,Ξυλουργοί και μαραγκοί,released,,"http://data.europa.eu/esco/concept-scheme/occupations,
http://data.europa.eu/esco/concept-scheme/isco",
ISCOGroup,http://data.europa.eu/esco/isco/C7119,7119,Κτίστες και ασκούντες συναφή επαγγέλματα π.δ.κ.α.,released,,"http://data.europa.eu/esco/concept-scheme/occupations,
http://data.europa.eu/esco/concept-scheme/isco",
ISCOGroup,http://data.europa.eu/esco/isco/C712,712,Τεχνίτες αποπεράτωσης κτιρίων και ασκούντες συναφή επαγγέλματα,released,,"http://data.europa.eu/esco/concept-scheme/occupations,
http://data.europa.eu/esco/concept-scheme/isco",
ISCOGroup,http://data.europa.eu/esco/isco/C7121,7121,Τεχνίτες στεγών,released,,"http://data.europa.eu/esco/concept-scheme/occupations,
http://data.europa.eu/esco/concept-scheme/isco",
ISCOGroup,http://data.europa.eu/esco/isco/C7122,7122,Επιστρωτές δαπέδων και επενδυτές τοίχου,released,,"http://data.europa.eu/esco/concept-scheme/occupations,
http://data.europa.eu/esco/concept-scheme/isco",
ISCOGroup,http://data.europa.eu/esco/isco/C7123,7123,"Γυψοτεχνίτες, σοβατζήδες",released,,"http://data.europa.eu/esco/concept-scheme/occupations,
http://data.europa.eu/esco/concept-scheme/isco",
ISCOGroup,http://data.europa.eu/esco/isco/C7124,7124,Τεχνίτες μονώσεων,released,,"http://data.europa.eu/esco/concept-scheme/occupations,
http://data.europa.eu/esco/concept-scheme/isco",
ISCOGroup,http://data.europa.eu/esco/isco/C7125,7125,Τεχνίτες τοποθέτησης υαλοπινάκων,released,,"http://data.europa.eu/esco/concept-scheme/occupations,
http://data.europa.eu/esco/concept-scheme/isco",
ISCOGroup,http://data.europa.eu/esco/isco/C7126,7126,Υδραυλικοί και εγκαταστάτες σωληνώσεων,released,,"http://data.europa.eu/esco/concept-scheme/occupations,
http://data.europa.eu/esco/concept-scheme/isco",
ISCOGroup,http://data.europa.eu/esco/isco/C7127,7127,Μηχανικοί κλιματιστικών και ψυκτικοί,released,,"http://data.europa.eu/esco/concept-scheme/occupations,
http://data.europa.eu/esco/concept-scheme/isco",
ISCOGroup,http://data.europa.eu/esco/isco/C713,713,"Ελαιοχρωματιστές, βαφείς, καθαριστές και ασκούντες συναφή επαγγέλματα",released,,"http://data.europa.eu/esco/concept-scheme/occupations,
http://data.europa.eu/esco/concept-scheme/isco",
ISCOGroup,http://data.europa.eu/esco/isco/C7131,7131,"Ελαιοχρωματιστές, βαφείς, και ασκούντες συναφή επαγγέλματα",released,,"http://data.europa.eu/esco/concept-scheme/occupations,
http://data.europa.eu/esco/concept-scheme/isco",
ISCOGroup,http://data.europa.eu/esco/isco/C7132,7132,Βαφείς διά ψεκασμού και στιλβωτές,released,,"http://data.europa.eu/esco/concept-scheme/occupations,
http://data.europa.eu/esco/concept-scheme/isco",
ISCOGroup,http://data.europa.eu/esco/isco/C7133,7133,Καθαριστές εξωτερικών επιφανειών κτιρίων,released,,"http://data.europa.eu/esco/concept-scheme/occupations,
http://data.europa.eu/esco/concept-scheme/isco",
ISCOGroup,http://data.europa.eu/esco/isco/C72,72,"Τεχνίτες μετάλλων, μηχανημάτων και ασκούντες συναφή επαγγέλματα",released,,"http://data.europa.eu/esco/concept-scheme/occupations,
http://data.europa.eu/esco/concept-scheme/isco",
ISCOGroup,http://data.europa.eu/esco/isco/C721,721,"Χύτες μετάλλων, συγκολλητές, ελασματουργοί, τεχνίτες μεταλλικών δομικών κατασκευών, σιδηρουργοί και ασκούντες συναφή επαγγέλματα",released,,"http://data.europa.eu/esco/concept-scheme/occupations,
http://data.europa.eu/esco/concept-scheme/isco",
ISCOGroup,http://data.europa.eu/esco/isco/C7211,7211,Χύτες και κατασκευαστές τύπων (καλουπιών) και πυρήνων μεταλλουργίας,released,,"http://data.europa.eu/esco/concept-scheme/occupations,
http://data.europa.eu/esco/concept-scheme/isco",
ISCOGroup,http://data.europa.eu/esco/isco/C7212,7212,Συγκολλητές και φλογοκόπτες μετάλλων,released,,"http://data.europa.eu/esco/concept-scheme/occupations,
http://data.europa.eu/esco/concept-scheme/isco",
ISCOGroup,http://data.europa.eu/esco/isco/C7213,7213,"Τεχνίτες κατασκευής, εγκατάστασης και επισκευής ειδών από φύλλα μετάλλων (ελασματουργοί-φανοποιοί)",released,,"http://data.europa.eu/esco/concept-scheme/occupations,
http://data.europa.eu/esco/concept-scheme/isco",
ISCOGroup,http://data.europa.eu/esco/isco/C7214,7214,Τεχνίτες προετοιμασίας και ανέγερσης μεταλλικών δομικών κατασκευών,released,,"http://data.europa.eu/esco/concept-scheme/occupations,
http://data.europa.eu/esco/concept-scheme/isco",
ISCOGroup,http://data.europa.eu/esco/isco/C7215,7215,Τεχνίτες συναρμογής και μάτισης καλωδίων και συρματόσχοινων,released,,"http://data.europa.eu/esco/concept-scheme/occupations,
http://data.europa.eu/esco/concept-scheme/isco",
ISCOGroup,http://data.europa.eu/esco/isco/C722,722,"Σιδηρουργοί, κατασκευαστές εργαλείων και ασκούντες συναφή επαγγέλματα",released,,"http://data.europa.eu/esco/concept-scheme/occupations,
http://data.europa.eu/esco/concept-scheme/isco",
ISCOGroup,http://data.europa.eu/esco/isco/C7221,7221,"Σιδηρουργοί, σφυρηλάτες (βαρειολόγοι) και χειριστές πρέσας κατεργασίας σιδήρου (μορφόπρεσας)",released,,"http://data.europa.eu/esco/concept-scheme/occupations,
http://data.europa.eu/esco/concept-scheme/isco",
ISCOGroup,http://data.europa.eu/esco/isco/C7222,7222,Κατασκευαστές εργαλείων και ασκούντες συναφή επαγγέλματα,released,,"http://data.europa.eu/esco/concept-scheme/occupations,
http://data.europa.eu/esco/concept-scheme/isco",
ISCOGroup,http://data.europa.eu/esco/isco/C7223,7223,Ρυθμιστές και ρυθμιστές-χειριστές εργαλειομηχανών κατεργασίας μετάλλων,released,,"http://data.europa.eu/esco/concept-scheme/occupations,
http://data.europa.eu/esco/concept-scheme/isco",
ISCOGroup,http://data.europa.eu/esco/isco/C7224,7224,"Στιλβωτές μετάλλων, χειριστές λειαντικών τροχών και τροχιστές εργαλείων",released,,"http://data.europa.eu/esco/concept-scheme/occupations,
http://data.europa.eu/esco/concept-scheme/isco",
ISCOGroup,http://data.europa.eu/esco/isco/C723,723,Μηχανικοί και επισκευαστές μηχανημάτων,released,,"http://data.europa.eu/esco/concept-scheme/occupations,
http://data.europa.eu/esco/concept-scheme/isco",
ISCOGroup,http://data.europa.eu/esco/isco/C7231,7231,Μηχανικοί και επισκευαστές αυτοκίνητων οχημάτων,released,,"http://data.europa.eu/esco/concept-scheme/occupations,
http://data.europa.eu/esco/concept-scheme/isco",
ISCOGroup,http://data.europa.eu/esco/isco/C7232,7232,Μηχανικοί και επισκευαστές κινητήρων αεροσκαφών,released,,"http://data.europa.eu/esco/concept-scheme/occupations,
http://data.europa.eu/esco/concept-scheme/isco",
ISCOGroup,http://data.europa.eu/esco/isco/C7233,7233,Μηχανικοί και επισκευαστές γεωργικών και βιομηχανικών μηχανημάτων,released,,"http://data.europa.eu/esco/concept-scheme/occupations,
http://data.europa.eu/esco/concept-scheme/isco",
ISCOGroup,http://data.europa.eu/esco/isco/C7234,7234,Επισκευαστές ποδηλάτων και ασκούντες συναφή επαγγέλματα,released,,"http://data.europa.eu/esco/concept-scheme/occupations,
http://data.europa.eu/esco/concept-scheme/isco",
ISCOGroup,http://data.europa.eu/esco/isco/C73,73,Χειροτέχνες και τυπογράφοι,released,,"http://data.europa.eu/esco/concept-scheme/occupations,
http://data.europa.eu/esco/concept-scheme/isco",
ISCOGroup,http://data.europa.eu/esco/isco/C731,731,Χειροτέχνες,released,,"http://data.europa.eu/esco/concept-scheme/occupations,
http://data.europa.eu/esco/concept-scheme/isco",
ISCOGroup,http://data.europa.eu/esco/isco/C7311,7311,Κατασκευαστές και επισκευαστές οργάνων ακριβείας,released,,"http://data.europa.eu/esco/concept-scheme/occupations,
http://data.europa.eu/esco/concept-scheme/isco",
ISCOGroup,http://data.europa.eu/esco/isco/C7312,7312,Κατασκευαστές και χορδιστές μουσικών οργάνων,released,,"http://data.europa.eu/esco/concept-scheme/occupations,
http://data.europa.eu/esco/concept-scheme/isco",
ISCOGroup,http://data.europa.eu/esco/isco/C7313,7313,Κοσμηματοποιοί και τεχνίτες πολύτιμων μετάλλων,released,,"http://data.europa.eu/esco/concept-scheme/occupations,
http://data.europa.eu/esco/concept-scheme/isco",
ISCOGroup,http://data.europa.eu/esco/isco/C7314,7314,Αγγειοπλάστες και ασκούντες συναφή επαγγέλματα,released,,"http://data.europa.eu/esco/concept-scheme/occupations,
http://data.europa.eu/esco/concept-scheme/isco",
ISCOGroup,http://data.europa.eu/esco/isco/C7315,7315,"Τεχνίτες, κόπτες, λειαντές και φινιριστές γυαλιού",released,,"http://data.europa.eu/esco/concept-scheme/occupations,
http://data.europa.eu/esco/concept-scheme/isco",
ISCOGroup,http://data.europa.eu/esco/isco/C7316,7316,"Επιγραφοποιοί, ζωγράφοι διακοσμήσεων, και χαράκτες",released,,"http://data.europa.eu/esco/concept-scheme/occupations,
http://data.europa.eu/esco/concept-scheme/isco",
ISCOGroup,http://data.europa.eu/esco/isco/C7317,7317,"Χειροτέχνες ξύλου, καλαθοπλεκτικής και συναφών υλικών",released,,"http://data.europa.eu/esco/concept-scheme/occupations,
http://data.europa.eu/esco/concept-scheme/isco",
ISCOGroup,http://data.europa.eu/esco/isco/C7318,7318,"Χειροτέχνες υφάσματος, δέρματος και συναφών υλικών",released,,"http://data.europa.eu/esco/concept-scheme/occupations,
http://data.europa.eu/esco/concept-scheme/isco",
ISCOGroup,http://data.europa.eu/esco/isco/C7319,7319,Χειροτέχνες π.δ.κ.α.,released,,"http://data.europa.eu/esco/concept-scheme/occupations,
http://data.europa.eu/esco/concept-scheme/isco",
ISCOGroup,http://data.europa.eu/esco/isco/C732,732,Τυπογράφοι και ασκούντες συναφή επαγγέλματα,released,,"http://data.europa.eu/esco/concept-scheme/occupations,
http://data.europa.eu/esco/concept-scheme/isco",
ISCOGroup,http://data.europa.eu/esco/isco/C7321,7321,Τεχνικοί προεκτύπωσης,released,,"http://data.europa.eu/esco/concept-scheme/occupations,
http://data.europa.eu/esco/concept-scheme/isco",
ISCOGroup,http://data.europa.eu/esco/isco/C7322,7322,Τυπογράφοι,released,,"http://data.europa.eu/esco/concept-scheme/occupations,
http://data.europa.eu/esco/concept-scheme/isco",
ISCOGroup,http://data.europa.eu/esco/isco/C7323,7323,Βιβλιοδέτες και φινιριστές εκτυπώσεων,released,,"http://data.europa.eu/esco/concept-scheme/occupations,
http://data.europa.eu/esco/concept-scheme/isco",
ISCOGroup,http://data.europa.eu/esco/isco/C74,74,Ηλεκτρολόγοι και ηλεκτρονικοί,released,,"http://data.europa.eu/esco/concept-scheme/occupations,
http://data.europa.eu/esco/concept-scheme/isco",
ISCOGroup,http://data.europa.eu/esco/isco/C741,741,Εγκαταστάτες και επισκευαστές ηλεκτρολογικού εξοπλισμού,released,,"http://data.europa.eu/esco/concept-scheme/occupations,
http://data.europa.eu/esco/concept-scheme/isco",
ISCOGroup,http://data.europa.eu/esco/isco/C7411,7411,Ηλεκτρολόγοι κτιρίων και ασκούντες συναφή επαγγέλματα,released,,"http://data.europa.eu/esco/concept-scheme/occupations,
http://data.europa.eu/esco/concept-scheme/isco",
ISCOGroup,http://data.europa.eu/esco/isco/C7412,7412,Μηχανικοί και εφαρμοστές ηλεκτρολογικού εξοπλισμού,released,,"http://data.europa.eu/esco/concept-scheme/occupations,
http://data.europa.eu/esco/concept-scheme/isco",
ISCOGroup,http://data.europa.eu/esco/isco/C7413,7413,Εγκαταστάτες και επισκευαστές ηλεκτρικών γραμμών,released,,"http://data.europa.eu/esco/concept-scheme/occupations,
http://data.europa.eu/esco/concept-scheme/isco",
ISCOGroup,http://data.europa.eu/esco/isco/C742,742,Εγκαταστάτες και επισκευαστές ηλεκτρονικού και τηλεπικοινωνιακού εξοπλισμού,released,,"http://data.europa.eu/esco/concept-scheme/occupations,
http://data.europa.eu/esco/concept-scheme/isco",
ISCOGroup,http://data.europa.eu/esco/isco/C7421,7421,Μηχανικοί και συντηρητές ηλεκτρονικού εξοπλισμού,released,,"http://data.europa.eu/esco/concept-scheme/occupations,
http://data.europa.eu/esco/concept-scheme/isco",
ISCOGroup,http://data.europa.eu/esco/isco/C7422,7422,Εγκαταστάτες και συντηρητές τεχνολογικού εξοπλισμού πληροφόρησης και επικοινωνίας,released,,"http://data.europa.eu/esco/concept-scheme/occupations,
http://data.europa.eu/esco/concept-scheme/isco",
ISCOGroup,http://data.europa.eu/esco/isco/C75,75,"Τεχνίτες επεξεργασίας τροφίμων, επεξεργασίας ξύλου, ειδών ένδυσης και ασκούντες συναφή επαγγέλματα",released,,"http://data.europa.eu/esco/concept-scheme/occupations,
http://data.europa.eu/esco/concept-scheme/isco",
ISCOGroup,http://data.europa.eu/esco/isco/C751,751,Τεχνίτες επεξεργασίας τροφίμων και ασκούντες συναφή επαγγέλματα,released,,"http://data.europa.eu/esco/concept-scheme/occupations,
http://data.europa.eu/esco/concept-scheme/isco",
ISCOGroup,http://data.europa.eu/esco/isco/C7511,7511,"Σφαγείς, επεξεργαστές κρεάτων και αλιευμάτων και ασκούντες συναφή επαγγέλματα επεξεργασίας τροφίμων",released,,"http://data.europa.eu/esco/concept-scheme/occupations,
http://data.europa.eu/esco/concept-scheme/isco",
ISCOGroup,http://data.europa.eu/esco/isco/C7512,7512,"Αρτοποιοί, ζαχαροπλάστες",released,,"http://data.europa.eu/esco/concept-scheme/occupations,
http://data.europa.eu/esco/concept-scheme/isco",
ISCOGroup,http://data.europa.eu/esco/isco/C7513,7513,Παρασκευαστές γαλακτοκομικών προϊόντων,released,,"http://data.europa.eu/esco/concept-scheme/occupations,
http://data.europa.eu/esco/concept-scheme/isco",
ISCOGroup,http://data.europa.eu/esco/isco/C7514,7514,"Συντηρητές φρούτων, λαχανικών και ασκούντες συναφή επαγγέλματα",released,,"http://data.europa.eu/esco/concept-scheme/occupations,
http://data.europa.eu/esco/concept-scheme/isco",
ISCOGroup,http://data.europa.eu/esco/isco/C7515,7515,Δοκιμαστές και αξιολογητές τροφίμων και ποτών,released,,"http://data.europa.eu/esco/concept-scheme/occupations,
http://data.europa.eu/esco/concept-scheme/isco",
ISCOGroup,http://data.europa.eu/esco/isco/C7516,7516,Τεχνίτες επεξεργασίας καπνού και παραγωγής προϊόντων καπνού,released,,"http://data.europa.eu/esco/concept-scheme/occupations,
http://data.europa.eu/esco/concept-scheme/isco",
ISCOGroup,http://data.europa.eu/esco/isco/C752,752,"Τεχνίτες επεξεργασίας ξύλου, επιπλοποιοί και ασκούντες συναφή επαγγέλματα",released,,"http://data.europa.eu/esco/concept-scheme/occupations,
http://data.europa.eu/esco/concept-scheme/isco",
ISCOGroup,http://data.europa.eu/esco/isco/C7521,7521,Τεχνίτες επεξεργασίας ξύλου,released,,"http://data.europa.eu/esco/concept-scheme/occupations,
http://data.europa.eu/esco/concept-scheme/isco",
ISCOGroup,http://data.europa.eu/esco/isco/C7522,7522,Επιπλοποιοί και ασκούντες συναφή επαγγέλματα,released,,"http://data.europa.eu/esco/concept-scheme/occupations,
http://data.europa.eu/esco/concept-scheme/isco",
ISCOGroup,http://data.europa.eu/esco/isco/C7523,7523,Ρυθμιστές και ρυθμιστές-χειριστές μηχανημάτων επεξεργασίας ξύλου,released,,"http://data.europa.eu/esco/concept-scheme/occupations,
http://data.europa.eu/esco/concept-scheme/isco",
ISCOGroup,http://data.europa.eu/esco/isco/C753,753,Τεχνίτες ειδών ένδυσης και ασκούντες συναφή επαγγέλματα,released,,"http://data.europa.eu/esco/concept-scheme/occupations,
http://data.europa.eu/esco/concept-scheme/isco",
ISCOGroup,http://data.europa.eu/esco/isco/C7531,7531,"Ράφτες, γουνοποιοί και πιλοποιοί",released,,"http://data.europa.eu/esco/concept-scheme/occupations,
http://data.europa.eu/esco/concept-scheme/isco",
ISCOGroup,http://data.europa.eu/esco/isco/C7532,7532,Κατασκευαστές προτύπων (πατρόν) και κόπτες υφασμάτων και συναφών ειδών,released,,"http://data.europa.eu/esco/concept-scheme/occupations,
http://data.europa.eu/esco/concept-scheme/isco",
ISCOGroup,http://data.europa.eu/esco/isco/C7533,7533,"Γαζωτές, κεντητές και ασκούντες συναφή επαγγέλματα",released,,"http://data.europa.eu/esco/concept-scheme/occupations,
http://data.europa.eu/esco/concept-scheme/isco",
ISCOGroup,http://data.europa.eu/esco/isco/C7534,7534,Τεχνίτες ταπετσαριών και ασκούντες συναφή επαγγέλματα,released,,"http://data.europa.eu/esco/concept-scheme/occupations,
http://data.europa.eu/esco/concept-scheme/isco",
ISCOGroup,http://data.europa.eu/esco/isco/C7535,7535,"Τεχνίτες βυρσοδεψίας και επεξεργαστές δορών, δερμάτων και γουνών",released,,"http://data.europa.eu/esco/concept-scheme/occupations,
http://data.europa.eu/esco/concept-scheme/isco",
ISCOGroup,http://data.europa.eu/esco/isco/C7536,7536,Υποδηματοποιοί και ασκούντες συναφή επαγγέλματα,released,,"http://data.europa.eu/esco/concept-scheme/occupations,
http://data.europa.eu/esco/concept-scheme/isco",
ISCOGroup,http://data.europa.eu/esco/isco/C754,754,Άλλοι τεχνίτες και ασκούντες συναφή επαγγέλματα,released,,"http://data.europa.eu/esco/concept-scheme/occupations,
http://data.europa.eu/esco/concept-scheme/isco",
ISCOGroup,http://data.europa.eu/esco/isco/C7541,7541,Υποβρύχιοι δύτες,released,,"http://data.europa.eu/esco/concept-scheme/occupations,
http://data.europa.eu/esco/concept-scheme/isco",
ISCOGroup,http://data.europa.eu/esco/isco/C7542,7542,Γομωτές και πυροδότες,released,,"http://data.europa.eu/esco/concept-scheme/occupations,
http://data.europa.eu/esco/concept-scheme/isco",
ISCOGroup,http://data.europa.eu/esco/isco/C7543,7543,Αξιολογητές και δοκιμαστές προϊόντων (εξαιρουμένων των τροφίμων και ποτών),released,,"http://data.europa.eu/esco/concept-scheme/occupations,
http://data.europa.eu/esco/concept-scheme/isco",
ISCOGroup,http://data.europa.eu/esco/isco/C7544,7544,"Απολυμαντές και υπεύθυνοι για τον έλεγχο εντόμων, παρασίτων και ζιζανίων",released,,"http://data.europa.eu/esco/concept-scheme/occupations,
http://data.europa.eu/esco/concept-scheme/isco",
ISCOGroup,http://data.europa.eu/esco/isco/C7549,7549,Τεχνίτες και ασκούντες συναφή επαγγέλματα π.δ.κ.α.,released,,"http://data.europa.eu/esco/concept-scheme/occupations,
http://data.europa.eu/esco/concept-scheme/isco",
ISCOGroup,http://data.europa.eu/esco/isco/C8,8,"Χειριστές βιομηχανικών εγκαταστάσεων, μηχανημάτων και εξοπλισμού και συναρμολογητές (μονταδόροι)",released,,"http://data.europa.eu/esco/concept-scheme/occupations,
http://data.europa.eu/esco/concept-scheme/isco",
ISCOGroup,http://data.europa.eu/esco/isco/C81,81,"Χειριστές σταθερών βιομηχανικών εγκαταστάσεων, μηχανημάτων και εξοπλισμού",released,,"http://data.europa.eu/esco/concept-scheme/occupations,
http://data.europa.eu/esco/concept-scheme/isco",
ISCOGroup,http://data.europa.eu/esco/isco/C811,811,Χειριστές εγκαταστάσεων ορυχείων και εγκαταστάσεων επεξεργασίας μεταλλευμάτων,released,,"http://data.europa.eu/esco/concept-scheme/occupations,
http://data.europa.eu/esco/concept-scheme/isco",
ISCOGroup,http://data.europa.eu/esco/isco/C8111,8111,Μεταλλωρύχοι και λατόμοι,released,,"http://data.europa.eu/esco/concept-scheme/occupations,
http://data.europa.eu/esco/concept-scheme/isco",
ISCOGroup,http://data.europa.eu/esco/isco/C8112,8112,Χειριστές εγκαταστάσεων επεξεργασίας ορυκτών μεταλλευμάτων και πετρωμάτων,released,,"http://data.europa.eu/esco/concept-scheme/occupations,
http://data.europa.eu/esco/concept-scheme/isco",
ISCOGroup,http://data.europa.eu/esco/isco/C8113,8113,Χειριστές γεωτρύπανων διάνοιξης φρεάτων και ασκούντες συναφή επαγγέλματα,released,,"http://data.europa.eu/esco/concept-scheme/occupations,
http://data.europa.eu/esco/concept-scheme/isco",
ISCOGroup,http://data.europa.eu/esco/isco/C8114,8114,"Χειριστές μηχανών παραγωγής προϊόντων από τσιμέντο, πέτρα και άλλα μη μεταλλικά ορυκτά",released,,"http://data.europa.eu/esco/concept-scheme/occupations,
http://data.europa.eu/esco/concept-scheme/isco",
ISCOGroup,http://data.europa.eu/esco/isco/C812,812,Χειριστές εξοπλισμού επεξεργασίας και φινιρίσματος μεταλλικών προϊόντων,released,,"http://data.europa.eu/esco/concept-scheme/occupations,
http://data.europa.eu/esco/concept-scheme/isco",
ISCOGroup,http://data.europa.eu/esco/isco/C8121,8121,Χειριστές εξοπλισμού επεξεργασίας μεταλλικών προϊόντων,released,,"http://data.europa.eu/esco/concept-scheme/occupations,
http://data.europa.eu/esco/concept-scheme/isco",
ISCOGroup,http://data.europa.eu/esco/isco/C8122,8122,"Χειριστές μηχανών φινιρίσματος, επιμετάλλωσης και επίχρισης μεταλλικών προϊόντων",released,,"http://data.europa.eu/esco/concept-scheme/occupations,
http://data.europa.eu/esco/concept-scheme/isco",
ISCOGroup,http://data.europa.eu/esco/isco/C813,813,Χειριστές εγκαταστάσεων και μηχανών παραγωγής χημικών και φωτογραφικών προϊόντων,released,,"http://data.europa.eu/esco/concept-scheme/occupations,
http://data.europa.eu/esco/concept-scheme/isco",
ISCOGroup,http://data.europa.eu/esco/isco/C8131,8131,Χειριστές εγκαταστάσεων και μηχανών παραγωγής χημικών προϊόντων,released,,"http://data.europa.eu/esco/concept-scheme/occupations,
http://data.europa.eu/esco/concept-scheme/isco",
ISCOGroup,http://data.europa.eu/esco/isco/C8132,8132,Χειριστές μηχανών παραγωγής φωτογραφικών προϊόντων,released,,"http://data.europa.eu/esco/concept-scheme/occupations,
http://data.europa.eu/esco/concept-scheme/isco",
ISCOGroup,http://data.europa.eu/esco/isco/C814,814,"Χειριστές μηχανών παραγωγής προϊόντων από ελαστικό, πλαστικό, χαρτί και χαρτόνι",released,,"http://data.europa.eu/esco/concept-scheme/occupations,
http://data.europa.eu/esco/concept-scheme/isco",
ISCOGroup,http://data.europa.eu/esco/isco/C8141,8141,Χειριστές μηχανών παραγωγής προϊόντων από ελαστικό,released,,"http://data.europa.eu/esco/concept-scheme/occupations,
http://data.europa.eu/esco/concept-scheme/isco",
ISCOGroup,http://data.europa.eu/esco/isco/C8142,8142,Χειριστές μηχανών παραγωγής προϊόντων από πλαστικό,released,,"http://data.europa.eu/esco/concept-scheme/occupations,
http://data.europa.eu/esco/concept-scheme/isco",
ISCOGroup,http://data.europa.eu/esco/isco/C8143,8143,Χειριστές μηχανών παραγωγής προϊόντων από χαρτί και χαρτόνι,released,,"http://data.europa.eu/esco/concept-scheme/occupations,
http://data.europa.eu/esco/concept-scheme/isco",
ISCOGroup,http://data.europa.eu/esco/isco/C815,815,"Χειριστές μηχανών παραγωγής κλωστοϋφαντουργικών, γούνινων και δερμάτινων προϊόντων",released,,"http://data.europa.eu/esco/concept-scheme/occupations,
http://data.europa.eu/esco/concept-scheme/isco",
ISCOGroup,http://data.europa.eu/esco/isco/C8151,8151,"Χειριστές μηχανών προπαρασκευής ινών, κλωστικών μηχανών και στριπτηρίων",released,,"http://data.europa.eu/esco/concept-scheme/occupations,
http://data.europa.eu/esco/concept-scheme/isco",
ISCOGroup,http://data.europa.eu/esco/isco/C8152,8152,Χειριστές υφαντικών και πλεκτικών μηχανών,released,,"http://data.europa.eu/esco/concept-scheme/occupations,
http://data.europa.eu/esco/concept-scheme/isco",
ISCOGroup,http://data.europa.eu/esco/isco/C8153,8153,Χειριστές ραπτομηχανών,released,,"http://data.europa.eu/esco/concept-scheme/occupations,
http://data.europa.eu/esco/concept-scheme/isco",
ISCOGroup,http://data.europa.eu/esco/isco/C8154,8154,"Χειριστές μηχανών αποχρωματισμού, βαφής και φινιρίσματος υφαντουργικών προϊόντων",released,,"http://data.europa.eu/esco/concept-scheme/occupations,
http://data.europa.eu/esco/concept-scheme/isco",
ISCOGroup,http://data.europa.eu/esco/isco/C8155,8155,Χειριστές μηχανών προπαρασκευής γούνας και δέρματος,released,,"http://data.europa.eu/esco/concept-scheme/occupations,
http://data.europa.eu/esco/concept-scheme/isco",
ISCOGroup,http://data.europa.eu/esco/isco/C8156,8156,Χειριστές μηχανών υποδηματοποιίας και κατασκευής παρόμοιων ειδών,released,,"http://data.europa.eu/esco/concept-scheme/occupations,
http://data.europa.eu/esco/concept-scheme/isco",
ISCOGroup,http://data.europa.eu/esco/isco/C8157,8157,Χειριστές μηχανών πλυντηρίων-καθαριστηρίων,released,,"http://data.europa.eu/esco/concept-scheme/occupations,
http://data.europa.eu/esco/concept-scheme/isco",
ISCOGroup,http://data.europa.eu/esco/isco/C8159,8159,"Χειριστές μηχανών παραγωγής κλωστοϋφαντουργικών, γούνινων και δερμάτινων προϊόντων π.δ.κ.α.",released,,"http://data.europa.eu/esco/concept-scheme/occupations,
http://data.europa.eu/esco/concept-scheme/isco",
ISCOGroup,http://data.europa.eu/esco/isco/C816,816,Χειριστές μηχανών παραγωγής ειδών διατροφής και συναφών προϊόντων,released,,"http://data.europa.eu/esco/concept-scheme/occupations,
http://data.europa.eu/esco/concept-scheme/isco",
ISCOGroup,http://data.europa.eu/esco/isco/C8160,8160,Χειριστές μηχανών παραγωγής ειδών διατροφής και συναφών προϊόντων,released,,"http://data.europa.eu/esco/concept-scheme/occupations,
http://data.europa.eu/esco/concept-scheme/isco",
ISCOGroup,http://data.europa.eu/esco/isco/C817,817,"Χειριστές εγκαταστάσεων επεξεργασίας ξύλου, χαρτοποιίας και χαρτονοποιίας",released,,"http://data.europa.eu/esco/concept-scheme/occupations,
http://data.europa.eu/esco/concept-scheme/isco",
ISCOGroup,http://data.europa.eu/esco/isco/C8171,8171,"Χειριστές εγκαταστάσεων παραγωγής χαρτοπολτού, χαρτοποιίας και χαρτονοποιίας",released,,"http://data.europa.eu/esco/concept-scheme/occupations,
http://data.europa.eu/esco/concept-scheme/isco",
ISCOGroup,http://data.europa.eu/esco/isco/C8172,8172,Χειριστές εγκαταστάσεων επεξεργασίας ξύλου,released,,"http://data.europa.eu/esco/concept-scheme/occupations,
http://data.europa.eu/esco/concept-scheme/isco",
ISCOGroup,http://data.europa.eu/esco/isco/C818,818,Άλλοι χειριστές σταθερών εγκαταστάσεων και μηχανών,released,,"http://data.europa.eu/esco/concept-scheme/occupations,
http://data.europa.eu/esco/concept-scheme/isco",
ISCOGroup,http://data.europa.eu/esco/isco/C8181,8181,Χειριστές εγκαταστάσεων υαλουργίας και κεραμικής,released,,"http://data.europa.eu/esco/concept-scheme/occupations,
http://data.europa.eu/esco/concept-scheme/isco",
ISCOGroup,http://data.europa.eu/esco/isco/C8182,8182,Χειριστές ατμομηχανών και ατμολεβήτων,released,,"http://data.europa.eu/esco/concept-scheme/occupations,
http://data.europa.eu/esco/concept-scheme/isco",
ISCOGroup,http://data.europa.eu/esco/isco/C8183,8183,"Χειριστές μηχανών συσκευασίας, εμφιάλωσης και επικόλλησης ετικετών (επισήμανσης)",released,,"http://data.europa.eu/esco/concept-scheme/occupations,
http://data.europa.eu/esco/concept-scheme/isco",
ISCOGroup,http://data.europa.eu/esco/isco/C8189,8189,Χειριστές σταθερών εγκαταστάσεων και μηχανών π.δ.κ.α.,released,,"http://data.europa.eu/esco/concept-scheme/occupations,
http://data.europa.eu/esco/concept-scheme/isco",
ISCOGroup,http://data.europa.eu/esco/isco/C82,82,Συναρμολογητές (μονταδόροι),released,,"http://data.europa.eu/esco/concept-scheme/occupations,
http://data.europa.eu/esco/concept-scheme/isco",
ISCOGroup,http://data.europa.eu/esco/isco/C821,821,Συναρμολογητές (μονταδόροι),released,,"http://data.europa.eu/esco/concept-scheme/occupations,
http://data.europa.eu/esco/concept-scheme/isco",
ISCOGroup,http://data.europa.eu/esco/isco/C8211,8211,Συναρμολογητές μηχανημάτων και μηχανών,released,,"http://data.europa.eu/esco/concept-scheme/occupations,
http://data.europa.eu/esco/concept-scheme/isco",
ISCOGroup,http://data.europa.eu/esco/isco/C8212,8212,Συναρμολογητές ηλεκτρολογικού και ηλεκτρονικού εξοπλισμού,released,,"http://data.europa.eu/esco/concept-scheme/occupations,
http://data.europa.eu/esco/concept-scheme/isco",
ISCOGroup,http://data.europa.eu/esco/isco/C8219,8219,Συναρμολογητές π.δ.κ.α.,released,,"http://data.europa.eu/esco/concept-scheme/occupations,
http://data.europa.eu/esco/concept-scheme/isco",
ISCOGroup,http://data.europa.eu/esco/isco/C83,83,Οδηγοί μέσων μεταφοράς και χειριστές κινητού εξοπλισμού,released,,"http://data.europa.eu/esco/concept-scheme/occupations,
http://data.europa.eu/esco/concept-scheme/isco",
ISCOGroup,http://data.europa.eu/esco/isco/C831,831,Μηχανοδηγοί και ασκούντες συναφή επαγγέλματα,released,,"http://data.europa.eu/esco/concept-scheme/occupations,
http://data.europa.eu/esco/concept-scheme/isco",
ISCOGroup,http://data.europa.eu/esco/isco/C8311,8311,Μηχανοδηγοί σιδηροδρόμων,released,,"http://data.europa.eu/esco/concept-scheme/occupations,
http://data.europa.eu/esco/concept-scheme/isco",
ISCOGroup,http://data.europa.eu/esco/isco/C8312,8312,"Τροχοπεδητές, σηματοδότες και κλειδούχοι σιδηροδρόμων",released,,"http://data.europa.eu/esco/concept-scheme/occupations,
http://data.europa.eu/esco/concept-scheme/isco",
ISCOGroup,http://data.europa.eu/esco/isco/C832,832,"Οδηγοί αυτοκινήτων, μικρών φορτηγών και μοτοσικλετών",released,,"http://data.europa.eu/esco/concept-scheme/occupations,
http://data.europa.eu/esco/concept-scheme/isco",
ISCOGroup,http://data.europa.eu/esco/isco/C8321,8321,Οδηγοί μοτοσικλετών,released,,"http://data.europa.eu/esco/concept-scheme/occupations,
http://data.europa.eu/esco/concept-scheme/isco",
ISCOGroup,http://data.europa.eu/esco/isco/C8322,8322,"Οδηγοί αυτοκινήτων, ταξί και μικρών φορτηγών",released,,"http://data.europa.eu/esco/concept-scheme/occupations,
http://data.europa.eu/esco/concept-scheme/isco",
ISCOGroup,http://data.europa.eu/esco/isco/C833,833,Οδηγοί φορτηγών και λεωφορείων,released,,"http://data.europa.eu/esco/concept-scheme/occupations,
http://data.europa.eu/esco/concept-scheme/isco",
ISCOGroup,http://data.europa.eu/esco/isco/C8331,8331,Οδηγοί λεωφορείων και τραμ,released,,"http://data.europa.eu/esco/concept-scheme/occupations,
http://data.europa.eu/esco/concept-scheme/isco",
ISCOGroup,http://data.europa.eu/esco/isco/C8332,8332,Οδηγοί φορτηγών και βαρέων φορτηγών,released,,"http://data.europa.eu/esco/concept-scheme/occupations,
http://data.europa.eu/esco/concept-scheme/isco",
ISCOGroup,http://data.europa.eu/esco/isco/C834,834,Χειριστές κινητού εξοπλισμού,released,,"http://data.europa.eu/esco/concept-scheme/occupations,
http://data.europa.eu/esco/concept-scheme/isco",
ISCOGroup,http://data.europa.eu/esco/isco/C8341,8341,Χειριστές κινητού αγροτικού και δασοκομικού εξοπλισμού,released,,"http://data.europa.eu/esco/concept-scheme/occupations,
http://data.europa.eu/esco/concept-scheme/isco",
ISCOGroup,http://data.europa.eu/esco/isco/C8342,8342,Χειριστές χωματουργικών και παρόμοιων μηχανημάτων,released,,"http://data.europa.eu/esco/concept-scheme/occupations,
http://data.europa.eu/esco/concept-scheme/isco",
ISCOGroup,http://data.europa.eu/esco/isco/C8343,8343,"Χειριστές γερανών, ανυψωτήρων και παρόμοιων μηχανημάτων",released,,"http://data.europa.eu/esco/concept-scheme/occupations,
http://data.europa.eu/esco/concept-scheme/isco",
ISCOGroup,http://data.europa.eu/esco/isco/C8344,8344,Χειριστές μηχανημάτων ανύψωσης,released,,"http://data.europa.eu/esco/concept-scheme/occupations,
http://data.europa.eu/esco/concept-scheme/isco",
ISCOGroup,http://data.europa.eu/esco/isco/C835,835,Ναυτικοί-πλήρωμα καταστρώματος και ασκούντες συναφή επαγγέλματα,released,,"http://data.europa.eu/esco/concept-scheme/occupations,
http://data.europa.eu/esco/concept-scheme/isco",
ISCOGroup,http://data.europa.eu/esco/isco/C8350,8350,Ναυτικοί-πλήρωμα καταστρώματος και ασκούντες συναφή επαγγέλματα,released,,"http://data.europa.eu/esco/concept-scheme/occupations,
http://data.europa.eu/esco/concept-scheme/isco",
ISCOGroup,http://data.europa.eu/esco/isco/C9,9,"Ανειδίκευτοι εργάτες, χειρωνάκτες και μικροεπαγγελματίες",released,,"http://data.europa.eu/esco/concept-scheme/occupations,
http://data.europa.eu/esco/concept-scheme/isco",
ISCOGroup,http://data.europa.eu/esco/isco/C91,91,Καθαριστές και βοηθοί,released,,"http://data.europa.eu/esco/concept-scheme/occupations,
http://data.europa.eu/esco/concept-scheme/isco",
ISCOGroup,http://data.europa.eu/esco/isco/C911,911,"Καθαριστές και βοηθοί οικιών, ξενοδοχείων και γραφείων",released,,"http://data.europa.eu/esco/concept-scheme/occupations,
http://data.europa.eu/esco/concept-scheme/isco",
ISCOGroup,http://data.europa.eu/esco/isco/C9111,9111,Οικιακοί βοηθοί και καθαριστές,released,,"http://data.europa.eu/esco/concept-scheme/occupations,
http://data.europa.eu/esco/concept-scheme/isco",
ISCOGroup,http://data.europa.eu/esco/isco/C9112,9112,"Καθαριστές και βοηθοί γραφείων, ξενοδοχείων και άλλων χώρων",released,,"http://data.europa.eu/esco/concept-scheme/occupations,
http://data.europa.eu/esco/concept-scheme/isco",
ISCOGroup,http://data.europa.eu/esco/isco/C912,912,"Καθαριστές οχημάτων, παραθύρων και ασκούντες συναφή επαγγέλματα",released,,"http://data.europa.eu/esco/concept-scheme/occupations,
http://data.europa.eu/esco/concept-scheme/isco",
ISCOGroup,http://data.europa.eu/esco/isco/C9121,9121,Πλύντες στο χέρι και σιδερωτές με χειροκίνητο σίδερο,released,,"http://data.europa.eu/esco/concept-scheme/occupations,
http://data.europa.eu/esco/concept-scheme/isco",
ISCOGroup,http://data.europa.eu/esco/isco/C9122,9122,Καθαριστές οχημάτων,released,,"http://data.europa.eu/esco/concept-scheme/occupations,
http://data.europa.eu/esco/concept-scheme/isco",
ISCOGroup,http://data.europa.eu/esco/isco/C9123,9123,Καθαριστές παραθύρων,released,,"http://data.europa.eu/esco/concept-scheme/occupations,
http://data.europa.eu/esco/concept-scheme/isco",
ISCOGroup,http://data.europa.eu/esco/isco/C9129,9129,Άλλοι καθαριστές,released,,"http://data.europa.eu/esco/concept-scheme/occupations,
http://data.europa.eu/esco/concept-scheme/isco",
ISCOGroup,http://data.europa.eu/esco/isco/C92,92,"Ανειδίκευτοι εργάτες γεωργίας, δασοκομίας και αλιείας",released,,"http://data.europa.eu/esco/concept-scheme/occupations,
http://data.europa.eu/esco/concept-scheme/isco",
ISCOGroup,http://data.europa.eu/esco/isco/C921,921,"Ανειδίκευτοι εργάτες γεωργίας, δασοκομίας και αλιείας",released,,"http://data.europa.eu/esco/concept-scheme/occupations,
http://data.europa.eu/esco/concept-scheme/isco",
ISCOGroup,http://data.europa.eu/esco/isco/C9211,9211,Ανειδίκευτοι εργάτες γεωργίας,released,,"http://data.europa.eu/esco/concept-scheme/occupations,
http://data.europa.eu/esco/concept-scheme/isco",
ISCOGroup,http://data.europa.eu/esco/isco/C9212,9212,Ανειδίκευτοι εργάτες κτηνοτροφίας,released,,"http://data.europa.eu/esco/concept-scheme/occupations,
http://data.europa.eu/esco/concept-scheme/isco",
ISCOGroup,http://data.europa.eu/esco/isco/C9213,9213,Ανειδίκευτοι εργάτες μεικτών γεωργοκτηνοτροφικών εκμεταλλεύσεων,released,,"http://data.europa.eu/esco/concept-scheme/occupations,
http://data.europa.eu/esco/concept-scheme/isco",
ISCOGroup,http://data.europa.eu/esco/isco/C9214,9214,Ανειδίκευτοι εργάτες ανθοκομίας και φυτοκομίας,released,,"http://data.europa.eu/esco/concept-scheme/occupations,
http://data.europa.eu/esco/concept-scheme/isco",
ISCOGroup,http://data.europa.eu/esco/isco/C9215,9215,Ανειδίκευτοι εργάτες δασοκομίας,released,,"http://data.europa.eu/esco/concept-scheme/occupations,
http://data.europa.eu/esco/concept-scheme/isco",
ISCOGroup,http://data.europa.eu/esco/isco/C9216,9216,Ανειδίκευτοι εργάτες αλιείας και υδατοκαλλιέργειας,released,,"http://data.europa.eu/esco/concept-scheme/occupations,
http://data.europa.eu/esco/concept-scheme/isco",
ISCOGroup,http://data.europa.eu/esco/isco/C93,93,"Ανειδίκευτοι εργάτες ορυχείων, κατασκευών, μεταποίησης και μεταφορών",released,,"http://data.europa.eu/esco/concept-scheme/occupations,
http://data.europa.eu/esco/concept-scheme/isco",
ISCOGroup,http://data.europa.eu/esco/isco/C931,931,Ανειδίκευτοι εργάτες ορυχείων και κατασκευών,released,,"http://data.europa.eu/esco/concept-scheme/occupations,
http://data.europa.eu/esco/concept-scheme/isco",
ISCOGroup,http://data.europa.eu/esco/isco/C9311,9311,Ανειδίκευτοι εργάτες ορυχείων και λατομείων,released,,"http://data.europa.eu/esco/concept-scheme/occupations,
http://data.europa.eu/esco/concept-scheme/isco",
ISCOGroup,http://data.europa.eu/esco/isco/C9312,9312,Ανειδίκευτοι εργάτες έργων πολιτικού μηχανικού,released,,"http://data.europa.eu/esco/concept-scheme/occupations,
http://data.europa.eu/esco/concept-scheme/isco",
ISCOGroup,http://data.europa.eu/esco/isco/C9313,9313,Ανειδίκευτοι εργάτες οικοδομών,released,,"http://data.europa.eu/esco/concept-scheme/occupations,
http://data.europa.eu/esco/concept-scheme/isco",
ISCOGroup,http://data.europa.eu/esco/isco/C932,932,Ανειδίκευτοι εργάτες μεταποίησης,released,,"http://data.europa.eu/esco/concept-scheme/occupations,
http://data.europa.eu/esco/concept-scheme/isco",
ISCOGroup,http://data.europa.eu/esco/isco/C9321,9321,"Συσκευαστές προϊόντων, με το χέρι",released,,"http://data.europa.eu/esco/concept-scheme/occupations,
http://data.europa.eu/esco/concept-scheme/isco",
ISCOGroup,http://data.europa.eu/esco/isco/C9329,9329,Ανειδίκευτοι εργάτες μεταποίησης π.δ.κ.α.,released,,"http://data.europa.eu/esco/concept-scheme/occupations,
http://data.europa.eu/esco/concept-scheme/isco",
ISCOGroup,http://data.europa.eu/esco/isco/C933,933,Ανειδίκευτοι εργάτες μεταφορών και αποθήκευσης,released,,"http://data.europa.eu/esco/concept-scheme/occupations,
http://data.europa.eu/esco/concept-scheme/isco",
ISCOGroup,http://data.europa.eu/esco/isco/C9331,9331,Οδηγοί χειροκίνητων και ποδοκίνητων οχημάτων,released,,"http://data.europa.eu/esco/concept-scheme/occupations,
http://data.europa.eu/esco/concept-scheme/isco",
ISCOGroup,http://data.europa.eu/esco/isco/C9332,9332,Οδηγοί ζωήλατων οχημάτων και μηχανημάτων,released,,"http://data.europa.eu/esco/concept-scheme/occupations,
http://data.europa.eu/esco/concept-scheme/isco",
ISCOGroup,http://data.europa.eu/esco/isco/C9333,9333,Φορτοεκφορτωτές,released,,"http://data.europa.eu/esco/concept-scheme/occupations,
http://data.europa.eu/esco/concept-scheme/isco",
ISCOGroup,http://data.europa.eu/esco/isco/C9334,9334,Εργάτες τοποθέτησης προϊόντων στα ράφια,released,,"http://data.europa.eu/esco/concept-scheme/occupations,
http://data.europa.eu/esco/concept-scheme/isco",
ISCOGroup,http://data.europa.eu/esco/isco/C94,94,Βοηθοί παρασκευής φαγητών,released,,"http://data.europa.eu/esco/concept-scheme/occupations,
http://data.europa.eu/esco/concept-scheme/isco",
ISCOGroup,http://data.europa.eu/esco/isco/C941,941,Βοηθοί παρασκευής φαγητών,released,,"http://data.europa.eu/esco/concept-scheme/occupations,
http://data.europa.eu/esco/concept-scheme/isco",
ISCOGroup,http://data.europa.eu/esco/isco/C9411,9411,Παρασκευαστές φαγητών ταχείας εστίασης (fast food),released,,"http://data.europa.eu/esco/concept-scheme/occupations,
http://data.europa.eu/esco/concept-scheme/isco",
ISCOGroup,http://data.europa.eu/esco/isco/C9412,9412,Βοηθοί μαγειρείων,released,,"http://data.europa.eu/esco/concept-scheme/occupations,
http://data.europa.eu/esco/concept-scheme/isco",
ISCOGroup,http://data.europa.eu/esco/isco/C95,95,"Πλανόδιοι πωλητές, πρόσωπα που παρέχουν μικροϋπηρεσίες στο δρόμο και ασκούντες συναφή επαγγέλματα",released,,"http://data.europa.eu/esco/concept-scheme/occupations,
http://data.europa.eu/esco/concept-scheme/isco",
ISCOGroup,http://data.europa.eu/esco/isco/C951,951,Πρόσωπα που παρέχουν μικροϋπηρεσίες στο δρόμο και ασκούντες συναφή επαγγέλματα,released,,"http://data.europa.eu/esco/concept-scheme/occupations,
http://data.europa.eu/esco/concept-scheme/isco",
ISCOGroup,http://data.europa.eu/esco/isco/C9510,9510,Πρόσωπα που παρέχουν μικροϋπηρεσίες στο δρόμο και ασκούντες συναφή επαγγέλματα,released,,"http://data.europa.eu/esco/concept-scheme/occupations,
http://data.europa.eu/esco/concept-scheme/isco",
ISCOGroup,http://data.europa.eu/esco/isco/C952,952,Πλανόδιοι πωλητές (εξαιρουμένων των πωλητών τροφίμων),released,,"http://data.europa.eu/esco/concept-scheme/occupations,
http://data.europa.eu/esco/concept-scheme/isco",
ISCOGroup,http://data.europa.eu/esco/isco/C9520,9520,Πλανόδιοι πωλητές (εξαιρουμένων των πωλητών τροφίμων),released,,"http://data.europa.eu/esco/concept-scheme/occupations,
http://data.europa.eu/esco/concept-scheme/isco",
ISCOGroup,http://data.europa.eu/esco/isco/C96,96,Συλλέκτες απορριμμάτων και άλλοι ανειδίκευτοι εργάτες,released,,"http://data.europa.eu/esco/concept-scheme/occupations,
http://data.europa.eu/esco/concept-scheme/isco",
ISCOGroup,http://data.europa.eu/esco/isco/C961,961,Συλλέκτες απορριμμάτων,released,,"http://data.europa.eu/esco/concept-scheme/occupations,
http://data.europa.eu/esco/concept-scheme/isco",
ISCOGroup,http://data.europa.eu/esco/isco/C9611,9611,Συλλέκτες απορριμμάτων και ανακυκλούμενων υλικών,released,,"http://data.europa.eu/esco/concept-scheme/occupations,
http://data.europa.eu/esco/concept-scheme/isco",
ISCOGroup,http://data.europa.eu/esco/isco/C9612,9612,Εργάτες διαλογής απορριμμάτων,released,,"http://data.europa.eu/esco/concept-scheme/occupations,
http://data.europa.eu/esco/concept-scheme/isco",
ISCOGroup,http://data.europa.eu/esco/isco/C9613,9613,Οδοκαθαριστές και ασκούντες συναφή επαγγέλματα,released,,"http://data.europa.eu/esco/concept-scheme/occupations,
http://data.europa.eu/esco/concept-scheme/isco",
ISCOGroup,http://data.europa.eu/esco/isco/C962,962,Άλλοι ανειδίκευτοι εργάτες,released,,"http://data.europa.eu/esco/concept-scheme/occupations,
http://data.europa.eu/esco/concept-scheme/isco",
ISCOGroup,http://data.europa.eu/esco/isco/C9621,9621,"Αγγελιοφόροι, διανομείς δεμάτων και αχθοφόροι αποσκευών",released,,"http://data.europa.eu/esco/concept-scheme/occupations,
http://data.europa.eu/esco/concept-scheme/isco",
ISCOGroup,http://data.europa.eu/esco/isco/C9622,9622,Εργάτες γενικών καθηκόντων,released,,"http://data.europa.eu/esco/concept-scheme/occupations,
http://data.europa.eu/esco/concept-scheme/isco",
ISCOGroup,http://data.europa.eu/esco/isco/C9623,9623,Καταγραφείς ενδείξεων μετρητών και συλλέκτες χρημάτων από αυτόματους πωλητές,released,,"http://data.europa.eu/esco/concept-scheme/occupations,
http://data.europa.eu/esco/concept-scheme/isco",
ISCOGroup,http://data.europa.eu/esco/isco/C9624,9624,Συλλέκτες νερού και καυσόξυλων,released,,"http://data.europa.eu/esco/concept-scheme/occupations,
http://data.europa.eu/esco/concept-scheme/isco",
ISCOGroup,http://data.europa.eu/esco/isco/C9629,9629,Ανειδίκευτοι εργάτες π.δ.κ.α.,released,,"http://data.europa.eu/esco/concept-scheme/occupations,
http://data.europa.eu/esco/concept-scheme/isco",
