conceptType,conceptUri,skillType,reuseLevel,preferredLabel,status,altLabels,description,broaderConceptUri,broaderConceptPT
KnowledgeSkillCompetence,http://data.europa.eu/esco/skill/01f10952-cb59-4347-9aee-d4fbc51c870a,skill/competence,transversal,παραγωγή γραπτού λόγου στα ουγγρικά,released,,Σύνταξη γραπτών κειμένων στα ουγγρικά.,http://data.europa.eu/esco/skill/ddd3596a-43f3-402e-960a-5f79362a8609,ουγγρικά
KnowledgeSkillCompetence,http://data.europa.eu/esco/skill/021c8a09-6b8d-4708-a5dd-17677e846640,knowledge,transversal,κατανόηση προφορικού λόγου στα λουξεμβουργιανά,released,κατανόηση της προφορικής λουξεμβουργιανής γλώσσας | κατανόηση ομιλούμενης λουξεμβουργιανής γλώσσας,"Κατανόηση προφορικού λόγου που εκφράζεται στη λουξεμβουργιανή γλώσσα.
	",http://data.europa.eu/esco/skill/7d16f1e4-1003-4f1f-9595-5cafb25a67df,λουξεμβουργιανά
KnowledgeSkillCompetence,http://data.europa.eu/esco/skill/02d68c2b-1722-4440-8e25-376650e123c8,skill/competence,transversal,κατανόηση γραπτού λόγου στα κορεάτικα,released,,Ανάγνωση και κατανόηση γραπτού κειμένου στα κορεατικά.,http://data.europa.eu/esco/skill/f9bc2890-d1f2-4a83-bd7b-b150a7679c79,κορεατικά
KnowledgeSkillCompetence,http://data.europa.eu/esco/skill/037b5e5f-db3c-40cd-864e-5b9b9a3a080d,skill/competence,transversal,κατανόηση προφορικού λόγου στα ουγγρικά,released,,Προφορική κατανόηση ουγγρικών.,http://data.europa.eu/esco/skill/ddd3596a-43f3-402e-960a-5f79362a8609,ουγγρικά
KnowledgeSkillCompetence,http://data.europa.eu/esco/skill/03a53283-d3ee-41c1-ab3e-eb806616440e,skill/competence,transversal,κατανόηση προφορικού λόγου στα ουαλικά,released,,Κατανόηση προφορικού λόγου στα ουαλικά.,http://data.europa.eu/esco/skill/8dbd15c6-ecf0-468c-8ae1-f6eb360743dd,ουαλικά
KnowledgeSkillCompetence,http://data.europa.eu/esco/skill/047218cf-3974-4148-86f8-31464253aa08,skill/competence,transversal,προφορική επικοινωνία στα βοσνιακά,released,,Προφορική επικοινωνία στα βοσνιακά.,http://data.europa.eu/esco/skill/a9fdd2c9-4295-4407-ba3c-1547cbce40a2,βοσνιακά
KnowledgeSkillCompetence,http://data.europa.eu/esco/skill/049b5d37-aab3-4b6a-a505-bf254a434b5d,skill/competence,transversal,κατανόηση γραπτού λόγου στα λετονικά,released,,Ανάγνωση και κατανόηση γραπτού κειμένου στα λετονικά.,http://data.europa.eu/esco/skill/5de39924-769c-4301-82a5-525358dffe50,λετονικά
KnowledgeSkillCompetence,http://data.europa.eu/esco/skill/049de1f6-34ec-46f9-a0b1-8fc6f0199413,skill/competence,transversal,παραγωγή γραπτού λόγου στα φινλανδικά,released,,Σύνταξη γραπτών κειμένων στα φινλανδικά.,http://data.europa.eu/esco/skill/0e3493f4-0cad-4fbc-8e02-025f169b8114,φινλανδικά
KnowledgeSkillCompetence,http://data.europa.eu/esco/skill/04bd6e5b-9f81-4c3d-a81f-d7ac2c08dfd9,skill/competence,transversal,κατανόηση προφορικού λόγου στα παντζάμπι,released,,Κατανόηση προφορικού λόξου στα παντζάμπι.,http://data.europa.eu/esco/skill/e05b9e06-d298-4646-b762-acbd485a20e9,παντζάμπι
KnowledgeSkillCompetence,http://data.europa.eu/esco/skill/078a25a4-1ac2-4c83-b0ed-8f8573c4633a,skill/competence,transversal,προφορική επικοινωνία στα οξιτανικά,released,,Προφορική επικοινωνία στα οξιτανικά.,http://data.europa.eu/esco/skill/57cc6587-7efe-4ba5-982f-ac15ce1617ac,οξιτανικά
KnowledgeSkillCompetence,http://data.europa.eu/esco/skill/0799a646-288c-4fcd-a6fd-d97a41c1bf5b,skill/competence,transversal,προφορική επικοινωνία στα τσέχικα,released,,Προφορική επικοινωνία στα τσέχικα.,http://data.europa.eu/esco/skill/da0795a7-6866-4afc-81ed-5e3aa398f058,τσέχικα
KnowledgeSkillCompetence,http://data.europa.eu/esco/skill/07cacd8e-6aaf-4cab-abeb-28319f454606,skill/competence,transversal,κατανόηση γραπτού λόγου στα ουκρανικά,released,,Ανάγνωση και κατανόηση γραπτού κειμένου στα ουκρανικά.,http://data.europa.eu/esco/skill/354b948c-7eef-4ebc-bfd6-f60d7d5acb62,ουκρανικά
KnowledgeSkillCompetence,http://data.europa.eu/esco/skill/08759658-fffc-4951-bea0-1fb51d06eb89,skill/competence,transversal,κατανόηση γραπτού λόγου στα ισπανικά,released,,Ανάγνωση και κατανόηση γραπτών κειμένων στα ισπανικά.,http://data.europa.eu/esco/skill/14ee9f76-3524-43d5-8a1a-5ba8283f8bd7,ισπανικά
KnowledgeSkillCompetence,http://data.europa.eu/esco/skill/08ee9a78-5eb5-426c-b34e-9ef0e0f88cc5,skill/competence,transversal,κατανόηση γραπτού λόγου στα αρμενικά,released,,Ανάγνωση και κατανόηση γραπτών κειμένων στα αρμενικά.,http://data.europa.eu/esco/skill/fcbcdf4c-d079-4010-ab4b-8356fbfa5096,αρμενικά
KnowledgeSkillCompetence,http://data.europa.eu/esco/skill/0a1e6554-1c6b-42c6-970b-8d9a307cdb5e,skill/competence,transversal,παραγωγή γραπτού λόγου στα ιαβανικά,released,,Σύνταξη γραπτών κειμένων στα ιαβανικά.,http://data.europa.eu/esco/skill/7a86907d-1fd5-4e8f-b0f1-f366a14f6f6d,ιαβανικά
KnowledgeSkillCompetence,http://data.europa.eu/esco/skill/0a35de65-e51d-4862-a425-2f4dd5c4a982,skill/competence,transversal,παραγωγή γραπτού λόγου στα βοσνιακά,released,,Σύνταξη γραπτών κειμένων στα βοσνιακά.,http://data.europa.eu/esco/skill/a9fdd2c9-4295-4407-ba3c-1547cbce40a2,βοσνιακά
KnowledgeSkillCompetence,http://data.europa.eu/esco/skill/0b8a3319-54be-4b35-8425-c31d1f42f186,skill/competence,transversal,παραγωγή γραπτού λόγου στα σανσκριτικά,released,,Σύνταξη γραπτών κειμένων στα σανσκριτικά.,http://data.europa.eu/esco/skill/45289df8-d02d-4f08-9802-2c7deae944ad,σανσκριτικά
KnowledgeSkillCompetence,http://data.europa.eu/esco/skill/0dc4ee3d-3e51-4765-bc1c-996707beeea1,skill/competence,transversal,κατανόηση γραπτού λόγου στα σαρδηνιακά,released,,Ανάγνωση και κατανόηση γραπτού κειμένου στα σαρδηνιακά.,http://data.europa.eu/esco/skill/1627c1b9-31e1-4742-bf5c-cfec2ce33cfc,σαρδηνιακά
KnowledgeSkillCompetence,http://data.europa.eu/esco/skill/0e3493f4-0cad-4fbc-8e02-025f169b8114,knowledge,transversal,φινλανδικά,released,,Η φινλανδική γλώσσα. Τα φινλανδικά είναι επίσημη γλώσσα και γλώσσα εργασίας της ΕΕ.,http://data.europa.eu/esco/skill/9adca63b-9c75-4804-8dab-d62872540a10 | http://data.europa.eu/esco/skill/43f425aa-f45d-4bb4-a200-6f82fa211b66,Άριστη γνώση γλωσσών | Γλώσσες
KnowledgeSkillCompetence,http://data.europa.eu/esco/skill/0e91219a-e74a-46e6-bcf9-9e14da031343,skill/competence,transversal,παραγωγή γραπτού λόγου στα ουκρανικά,released,,Παραγωγή γραπτού λόγου στα ουκρανικά.,http://data.europa.eu/esco/skill/354b948c-7eef-4ebc-bfd6-f60d7d5acb62,ουκρανικά
KnowledgeSkillCompetence,http://data.europa.eu/esco/skill/0ee9e985-0ee5-4a73-8a12-78b53b261bb2,skill/competence,transversal,προφορική επικοινωνία στα αγγλικά,released,,Προφορική επικοινωνία στα αγγλικά.,http://data.europa.eu/esco/skill/6d3edede-8951-4621-a835-e04323300fa0,αγγλικά
KnowledgeSkillCompetence,http://data.europa.eu/esco/skill/0efbd0a0-0272-445d-90a8-ebb2a9b5058b,skill/competence,transversal,κατανόηση προφορικού λόγου στα βοσνιακά,released,,Κατανόηση προφορικού λόγου στα βοσνιακά.,http://data.europa.eu/esco/skill/a9fdd2c9-4295-4407-ba3c-1547cbce40a2,βοσνιακά
KnowledgeSkillCompetence,http://data.europa.eu/esco/skill/0f58a178-1382-4df2-95e8-2b3f90e80e24,skill/competence,transversal,προφορική επικοινωνία στα ισπανικά,released,,Προφορική επικοινωνία στα ισπανικά.,http://data.europa.eu/esco/skill/14ee9f76-3524-43d5-8a1a-5ba8283f8bd7,ισπανικά
KnowledgeSkillCompetence,http://data.europa.eu/esco/skill/0f775d62-d543-40dd-aaaf-56195c2bfd80,skill/competence,transversal,κατανόηση προφορικού λόγου στα περσικά,released,,Κατανόηση προφορικού λόγου στα περσικά.,http://data.europa.eu/esco/skill/58cabf75-2520-4358-a210-2cbc628f4aa2,περσικά
KnowledgeSkillCompetence,http://data.europa.eu/esco/skill/10323914-77bf-41f2-b081-42b6e972d08d,skill/competence,transversal,κατανόηση γραπτού λόγου στα ισλανδικά,released,,Ανάγνωση και κατανόηση γραπτού λόγου στα ισλανδικά.,http://data.europa.eu/esco/skill/a18e3090-6afb-4afb-a055-1f83bbe498e3,ισλανδικά
KnowledgeSkillCompetence,http://data.europa.eu/esco/skill/10b306ae-6a1b-4e62-b06d-8702cfc6814c,skill/competence,transversal,κατανόηση γραπτού λόγου στα ταμιλικά,released,,Ανάγνωση και κατανόηση γραπτού λόγου στα ταμιλικά.,http://data.europa.eu/esco/skill/e9e9b625-f59f-4bda-952d-1f9831e6dfda,ταμιλικά
KnowledgeSkillCompetence,http://data.europa.eu/esco/skill/1299a59c-8b90-4838-8bef-0065cdfc8bdf,skill/competence,transversal,παραγωγή γραπτού λόγου στα παντζάμπι,released,,Σύνταξη γραπτών κειμένων στα παντζάμπι.,http://data.europa.eu/esco/skill/e05b9e06-d298-4646-b762-acbd485a20e9,παντζάμπι
KnowledgeSkillCompetence,http://data.europa.eu/esco/skill/13fc11d0-d35f-4a2c-9115-b0e2ed372523,skill/competence,transversal,κατανόηση γραπτού λόγου στα βασκικά,released,,Ανάγνωση και κατανόηση γραπτού κειμένου στα βασκικά.,http://data.europa.eu/esco/skill/a28fa5f1-be5b-4608-8376-acea8c2f8cb1,βασκικά
KnowledgeSkillCompetence,http://data.europa.eu/esco/skill/1408a267-21e1-479e-bd40-197fa14b3024,skill/competence,transversal,κατανόηση προφορικού λόγου στα εσθονικά,released,,Κατανόηση προφορικής έκφρασης στα εσθονικά.,http://data.europa.eu/esco/skill/1b7e6f56-bc73-4bcc-81ae-09252175d418,εσθονικά
KnowledgeSkillCompetence,http://data.europa.eu/esco/skill/1495fc80-05c1-4f5b-82ae-9abc612364cc,skill/competence,transversal,κατανόηση προφορικού λόγου στα μαυροβουνιακά,released,,Κατανόηση προφορικής έκφρασης στα μαυροβουνιακά.,http://data.europa.eu/esco/skill/2358a146-6e8f-43cb-872f-a12ac9c57d60,μαυροβουνιακά
KnowledgeSkillCompetence,http://data.europa.eu/esco/skill/14ee9f76-3524-43d5-8a1a-5ba8283f8bd7,knowledge,transversal,ισπανικά,released,,Η ισπανική γλώσσα. Τα ισπανικά είναι επίσημη γλώσσα και γλώσσα εργασίας της ΕΕ.,http://data.europa.eu/esco/skill/9adca63b-9c75-4804-8dab-d62872540a10 | http://data.europa.eu/esco/skill/43f425aa-f45d-4bb4-a200-6f82fa211b66,Άριστη γνώση γλωσσών | Γλώσσες
KnowledgeSkillCompetence,http://data.europa.eu/esco/skill/14fc9b06-bf35-4b35-8f07-c53856ef18bc,skill/competence,transversal,παραγωγή γραπτού λόγου στα ρωσικά,released,,Σύνταξη γραπτών κειμένων στα ρωσικά.,http://data.europa.eu/esco/skill/6891bbce-20bf-4afc-bd5e-75bdf54c0165,ρωσικά
KnowledgeSkillCompetence,http://data.europa.eu/esco/skill/1500f1a7-d348-4d9e-b0a0-5792645f6c7a,skill/competence,transversal,κατανόηση γραπτού λόγου στα ιαβανικά,released,,Ανάγνωση και κατανόηση γραπτών κειμένων στα ιαβανικά.,http://data.europa.eu/esco/skill/7a86907d-1fd5-4e8f-b0f1-f366a14f6f6d,ιαβανικά
KnowledgeSkillCompetence,http://data.europa.eu/esco/skill/15db81bb-7ee6-4a5f-838f-0e8a731b1fb7,skill/competence,transversal,προφορική επικοινωνία στα μαυροβουνιακά,released,,Προφορική επικοινωνία στα μαυροβουνιακά.,http://data.europa.eu/esco/skill/2358a146-6e8f-43cb-872f-a12ac9c57d60,μαυροβουνιακά
KnowledgeSkillCompetence,http://data.europa.eu/esco/skill/15ea7b6b-1b93-4ed8-b58a-5c54777e0832,knowledge,transversal,μπιχάρι,released,,Η γλώσσα Μπιχάρι.,http://data.europa.eu/esco/skill/9adca63b-9c75-4804-8dab-d62872540a10 | http://data.europa.eu/esco/skill/43f425aa-f45d-4bb4-a200-6f82fa211b66,Άριστη γνώση γλωσσών | Γλώσσες
KnowledgeSkillCompetence,http://data.europa.eu/esco/skill/15f261e6-4379-437e-b137-b0c473ae3e74,knowledge,transversal,μακεδονικά,released,,Η μακεδονική γλώσσα.,http://data.europa.eu/esco/skill/9adca63b-9c75-4804-8dab-d62872540a10 | http://data.europa.eu/esco/skill/43f425aa-f45d-4bb4-a200-6f82fa211b66,Άριστη γνώση γλωσσών | Γλώσσες
KnowledgeSkillCompetence,http://data.europa.eu/esco/skill/1627c1b9-31e1-4742-bf5c-cfec2ce33cfc,knowledge,transversal,σαρδηνιακά,released,,Η γλώσσα της Σαρδηνίας.,http://data.europa.eu/esco/skill/9adca63b-9c75-4804-8dab-d62872540a10 | http://data.europa.eu/esco/skill/43f425aa-f45d-4bb4-a200-6f82fa211b66,Άριστη γνώση γλωσσών | Γλώσσες
KnowledgeSkillCompetence,http://data.europa.eu/esco/skill/1658c54a-05f7-4bde-a2f0-be67bfbda596,skill/competence,transversal,Προφορική επικοινωνία στα ισλανδικά,released,,Προφορική επικοινωνία στην ισλανδική γλώσσα.,http://data.europa.eu/esco/skill/a18e3090-6afb-4afb-a055-1f83bbe498e3,ισλανδικά
KnowledgeSkillCompetence,http://data.europa.eu/esco/skill/16af0cae-57a8-478b-9095-13d3a170c9e7,skill/competence,transversal,κατανόηση προφορικού λόγου στα ιαπωνικά,released,,Κατανόηση προφορικού λόγου στα ιαπωνικά.,http://data.europa.eu/esco/skill/39c675c4-af13-49db-bbed-cf762102f85e,ιαπωνικά
KnowledgeSkillCompetence,http://data.europa.eu/esco/skill/16c86dd8-00fa-4fbd-a0a9-bb59f83ebc85,skill/competence,transversal,παραγωγή γραπτού λόγου στα τσέχικα,released,,Σύνταξη γραπτών κειμένων στα τσέχικα.,http://data.europa.eu/esco/skill/da0795a7-6866-4afc-81ed-5e3aa398f058,τσέχικα
KnowledgeSkillCompetence,http://data.europa.eu/esco/skill/1778faed-42eb-4aba-a41a-83989cb6bc6b,skill/competence,transversal,κατανόηση προφορικού λόγου στα κροατικά,released,,Κατανόηση προφορικής έκφρασης στα κροατικά.,http://data.europa.eu/esco/skill/6bc58e91-1827-4dc7-a9cf-2311edcba0ec,κροατικά
KnowledgeSkillCompetence,http://data.europa.eu/esco/skill/185647bf-e101-4080-9a40-09173d7eefd0,skill/competence,transversal,προφορική επικοινωνία στα ουαλικά,released,,Προφορική επικοινωνία στα ουαλικά.,http://data.europa.eu/esco/skill/8dbd15c6-ecf0-468c-8ae1-f6eb360743dd,ουαλικά
KnowledgeSkillCompetence,http://data.europa.eu/esco/skill/18e55722-e209-49a4-9f2c-ff0a789b3a68,skill/competence,transversal,προφορική επικοινωνία στα ταμιλικά,released,,Προφορική επικοινωνία στα ταμιλικά.,http://data.europa.eu/esco/skill/e9e9b625-f59f-4bda-952d-1f9831e6dfda,ταμιλικά
KnowledgeSkillCompetence,http://data.europa.eu/esco/skill/1988ce17-ce7a-44b9-9fce-5aaea5f811f5,skill/competence,transversal,παραγωγή γραπτού λόγου στα αρμενικά,released,,Σύνταξη γραπτών κειμένων στην αρμενική γλώσσα.,http://data.europa.eu/esco/skill/fcbcdf4c-d079-4010-ab4b-8356fbfa5096,αρμενικά
KnowledgeSkillCompetence,http://data.europa.eu/esco/skill/19b04a30-2e1d-4893-a86c-bde277765c7f,skill/competence,transversal,παραγωγή γραπτού λόγου στα λιθουανικά,released,,Σύνταξη γραπτών κειμένων στα λιθουανικά.,http://data.europa.eu/esco/skill/b3950b87-a980-4cd4-a795-be8a9b63661d,λιθουανικά
KnowledgeSkillCompetence,http://data.europa.eu/esco/skill/1a61a520-f4a5-48fe-9087-3d0e46943d8e,skill/competence,transversal,κατανόηση γραπτού λόγου στα ιρλανδικά,released,,Ανάγνωση και κατανόηση γραπτού κειμένου στα ιρλανδικά.,http://data.europa.eu/esco/skill/8f4c0fe6-10c7-409e-92d6-245f46728209,ιρλανδικά
KnowledgeSkillCompetence,http://data.europa.eu/esco/skill/1b7e6f56-bc73-4bcc-81ae-09252175d418,knowledge,transversal,εσθονικά,released,,Η εσθονική γλώσσα. Η εσθονική γλώσσα είναι επίσημη γλώσσα και γλώσσα εργασίας της ΕΕ.,http://data.europa.eu/esco/skill/9adca63b-9c75-4804-8dab-d62872540a10 | http://data.europa.eu/esco/skill/43f425aa-f45d-4bb4-a200-6f82fa211b66,Άριστη γνώση γλωσσών | Γλώσσες
KnowledgeSkillCompetence,http://data.europa.eu/esco/skill/1d3c5ca3-e154-4a43-883e-7496e8886cd6,skill/competence,transversal,παραγωγή γραπτού λόγου στα ρουμανικά,released,,Σύνταξη γραπτών κειμένων στα ρουμανικά.,http://data.europa.eu/esco/skill/4b9f1ae5-0ee6-4738-8999-9b8191fba808,ρουμανικά
KnowledgeSkillCompetence,http://data.europa.eu/esco/skill/1d5526b3-f17b-46fc-ba7d-f4a32d908a7e,skill/competence,transversal,κατανόηση προφορικού λόγου στα γερμανικά,released,,Κατανόηση προφορικού λόγου στα γερμανικά.,http://data.europa.eu/esco/skill/4812a4ea-dc55-4dc6-b9b0-4a59bba2c647,γερμανικά
KnowledgeSkillCompetence,http://data.europa.eu/esco/skill/1f90c205-f869-4dcf-a374-c4fdeded9cbc,knowledge,transversal,μαλαισιανά,released,,Η μαλαισιανή γλώσσα.,http://data.europa.eu/esco/skill/9adca63b-9c75-4804-8dab-d62872540a10 | http://data.europa.eu/esco/skill/43f425aa-f45d-4bb4-a200-6f82fa211b66,Άριστη γνώση γλωσσών | Γλώσσες
KnowledgeSkillCompetence,http://data.europa.eu/esco/skill/1fe42b38-cd42-4fc7-ae77-14e4c9e96295,knowledge,transversal,κινεζικά,released,,Η κινεζική γλώσσα.,http://data.europa.eu/esco/skill/9adca63b-9c75-4804-8dab-d62872540a10 | http://data.europa.eu/esco/skill/43f425aa-f45d-4bb4-a200-6f82fa211b66,Άριστη γνώση γλωσσών | Γλώσσες
KnowledgeSkillCompetence,http://data.europa.eu/esco/skill/2080075c-0488-4fbf-a786-734dbbef31ce,knowledge,transversal,μαράτι,released,,Η γλώσσα μαράτι.,http://data.europa.eu/esco/skill/9adca63b-9c75-4804-8dab-d62872540a10 | http://data.europa.eu/esco/skill/43f425aa-f45d-4bb4-a200-6f82fa211b66,Άριστη γνώση γλωσσών | Γλώσσες
KnowledgeSkillCompetence,http://data.europa.eu/esco/skill/20d51474-58e1-4fb3-aec3-57bdc187c5ce,skill/competence,transversal,παραγωγή γραπτού λόγου στα τουρκικά,released,,Σύνταξη γραπτών κειμένων στην τουρκική γλώσσα.,http://data.europa.eu/esco/skill/aa66a033-8522-40e9-a5c0-ff2593e2669c,τουρκικά
KnowledgeSkillCompetence,http://data.europa.eu/esco/skill/214da014-b85e-4bb5-961d-1198a05e6b67,skill/competence,transversal,κατανόηση γραπτού λόγου στη μακεδονική γλώσσα,released,,Ανάγνωση και κατανόηση γραπτού κειμένου στη μακεδονική γλώσσα.,http://data.europa.eu/esco/skill/15f261e6-4379-437e-b137-b0c473ae3e74,μακεδονικά
KnowledgeSkillCompetence,http://data.europa.eu/esco/skill/2203ac44-f4a7-4d34-a55f-1af107415988,skill/competence,transversal,κατανόηση γραπτού λόγου στα παντζάμπι,released,,Ανάγνωση και κατανόηση γραπτού κειμένου στα παντζάμπι.,http://data.europa.eu/esco/skill/e05b9e06-d298-4646-b762-acbd485a20e9,παντζάμπι
KnowledgeSkillCompetence,http://data.europa.eu/esco/skill/222bf50b-6739-48b1-a655-658306c3529f,skill/competence,transversal,παραγωγή γραπτού λόγου στα ρομανί,released,,Σύνταξη γραπτών κειμένων στη βουλγαρική γλώσσα ρομανί.,http://data.europa.eu/esco/skill/8ef3eccc-a847-430e-b828-cf178803b8c1,ρομανί
KnowledgeSkillCompetence,http://data.europa.eu/esco/skill/227accd5-5e70-4cc3-8f1c-3f7b52eb6848,skill/competence,transversal,προφορική επικοινωνία στα αραβικά,released,,Προφορική επικοινωνία στα αραβικά.,http://data.europa.eu/esco/skill/33859d93-987c-4caa-a0a9-6159ea7bbc2a,αραβικά
KnowledgeSkillCompetence,http://data.europa.eu/esco/skill/2358a146-6e8f-43cb-872f-a12ac9c57d60,knowledge,transversal,μαυροβουνιακά,released,,Η γλώσσα του Μαυροβουνίου.,http://data.europa.eu/esco/skill/9adca63b-9c75-4804-8dab-d62872540a10 | http://data.europa.eu/esco/skill/43f425aa-f45d-4bb4-a200-6f82fa211b66,Άριστη γνώση γλωσσών | Γλώσσες
KnowledgeSkillCompetence,http://data.europa.eu/esco/skill/237420c1-1882-4ce0-aa48-41a8e61977e5,skill/competence,transversal,κατανόηση προφορικού λόγου στα βιετναμέζικα,released,,Κατανόηση προφορικής έκφρασης στα βιετναμέζικα.,http://data.europa.eu/esco/skill/bf60009d-8afb-4306-9b0d-cfe2f66ab08f,βιετναμέζικα
KnowledgeSkillCompetence,http://data.europa.eu/esco/skill/246980fe-6222-4852-ade8-b372f7e0fd20,knowledge,transversal,σλοβακικά,released,,Η σλοβακική γλώσσα. Η σλοβακική είναι επίσημη γλώσσα και γλώσσα εργασίας της ΕΕ.,http://data.europa.eu/esco/skill/9adca63b-9c75-4804-8dab-d62872540a10 | http://data.europa.eu/esco/skill/43f425aa-f45d-4bb4-a200-6f82fa211b66,Άριστη γνώση γλωσσών | Γλώσσες
KnowledgeSkillCompetence,http://data.europa.eu/esco/skill/25fcf0ff-1615-44b8-a81a-e6e8ce9deed7,skill/competence,transversal,προφορική επικοινωνία στα χίντι,released,,Προφορική επικοινωνία στα χίντι.,http://data.europa.eu/esco/skill/d93a7370-bf56-43f5-be54-e108f8ec3107,χίντι
KnowledgeSkillCompetence,http://data.europa.eu/esco/skill/2704b00a-5d70-40ad-997d-212b323fb32d,skill/competence,transversal,κατανόηση γραπτού λόγου στα τουρκικά,released,,Ανάγνωση και κατανόηση γραπτών κειμένων στα τουρκικά.,http://data.europa.eu/esco/skill/aa66a033-8522-40e9-a5c0-ff2593e2669c,τουρκικά
KnowledgeSkillCompetence,http://data.europa.eu/esco/skill/273a28d6-1bd3-4d13-a906-3d75c1cfdfc1,knowledge,transversal,δανικά,released,,Η δανική γλώσσα. Η δανική είναι επίσημη γλώσσα και γλώσσα εργασίας της ΕΕ.,http://data.europa.eu/esco/skill/9adca63b-9c75-4804-8dab-d62872540a10 | http://data.europa.eu/esco/skill/43f425aa-f45d-4bb4-a200-6f82fa211b66,Άριστη γνώση γλωσσών | Γλώσσες
KnowledgeSkillCompetence,http://data.europa.eu/esco/skill/2874065e-6ca3-430c-912a-467da3c23704,knowledge,transversal,κουρδικά,released,,Η κουρδική γλώσσα.,http://data.europa.eu/esco/skill/9adca63b-9c75-4804-8dab-d62872540a10 | http://data.europa.eu/esco/skill/43f425aa-f45d-4bb4-a200-6f82fa211b66,Άριστη γνώση γλωσσών | Γλώσσες
KnowledgeSkillCompetence,http://data.europa.eu/esco/skill/29c954f2-ed17-4900-bba5-4cfd294f3680,skill/competence,transversal,προφορική επικοινωνία στα τουρκικά,released,,Προφορική επικοινωνία στα τουρκικά.,http://data.europa.eu/esco/skill/aa66a033-8522-40e9-a5c0-ff2593e2669c,τουρκικά
KnowledgeSkillCompetence,http://data.europa.eu/esco/skill/2abb9db5-350c-444c-8292-0e0b2ce00f9a,skill/competence,transversal,προφορική επικοινωνία στα γερμανικά,released,,Προφορική επικοινωνία στα γερμανικά.,http://data.europa.eu/esco/skill/4812a4ea-dc55-4dc6-b9b0-4a59bba2c647,γερμανικά
KnowledgeSkillCompetence,http://data.europa.eu/esco/skill/2ac8e77b-6441-4337-b9a7-ba3d8e270cba,skill/competence,transversal,προφορική επικοινωνία στα καζακικά,released,,Προφορική επικοινωνία στα καζακικά.,http://data.europa.eu/esco/skill/f37dbb3c-dafc-4835-86d1-de9615626f9b,καζακικά
KnowledgeSkillCompetence,http://data.europa.eu/esco/skill/2adb5796-fe66-4971-a57b-b9936a7cab68,skill/competence,transversal,κατανόηση προφορικού λόγου στα μαλέι,released,,Κατανόηση προφορικού λόγου στα μαλέι.,http://data.europa.eu/esco/skill/1f90c205-f869-4dcf-a374-c4fdeded9cbc,μαλαισιανά
KnowledgeSkillCompetence,http://data.europa.eu/esco/skill/2b7b97d3-9d77-45d4-a254-bb6c3047de78,skill/competence,transversal,προφορική επικοινωνία στα περσικά,released,,Προφορική επικοινωνία στα περσικά.,http://data.europa.eu/esco/skill/58cabf75-2520-4358-a210-2cbc628f4aa2,περσικά
KnowledgeSkillCompetence,http://data.europa.eu/esco/skill/2ba106ed-4b44-45cf-8626-ff9a952b24ce,skill/competence,transversal,κατανόηση προφορικού λόγου στα τελούγκου,released,,Κατανόηση προφορικού λόγου στα τελούγκου.,http://data.europa.eu/esco/skill/64fe09ac-f419-4c04-8997-d1dde2e31bfc,τελούγκου
KnowledgeSkillCompetence,http://data.europa.eu/esco/skill/2ce713f2-c684-4fa3-8e56-939e4bfbf4a2,skill/competence,transversal,κατανόηση προφορικού λόγου στα γαλλικά,released,,Κατανόηση προφορικού λόγου στα γαλλικά.,http://data.europa.eu/esco/skill/e747e77e-0ea1-4001-8b07-1d11946b5f1b,γαλλικά
KnowledgeSkillCompetence,http://data.europa.eu/esco/skill/2eac15c1-fe9a-4b53-9f4e-b74747d665e5,skill/competence,transversal,κατανόηση γραπτού λόγου στα μαλέι,released,,Ανάγνωση και κατανόηση γραπτών κειμένων στα μαλέι.,http://data.europa.eu/esco/skill/1f90c205-f869-4dcf-a374-c4fdeded9cbc,μαλαισιανά
KnowledgeSkillCompetence,http://data.europa.eu/esco/skill/2edc3686-dc8b-498d-a174-a1f91917f86d,skill/competence,transversal,κατανόηση γραπτού λόγου στα μαλτέζικα,released,,Ανάγνωση και κατανόηση γραπτών κειμένων στα μαλτέζικα.,http://data.europa.eu/esco/skill/cb50f9cd-3638-409b-8f93-befaf17d313e,μαλτέζικα
KnowledgeSkillCompetence,http://data.europa.eu/esco/skill/2f566fb0-89f0-4d15-bd20-e00c93adff35,skill/competence,transversal,κατανόηση γραπτού λόγου στα γεωργιανά,released,,Ανάγνωση και κατανόηση γραπτών κειμένων στα γεωργιανά.,http://data.europa.eu/esco/skill/b2c1f90a-72ce-4499-ab9a-a9a5c9355d5b,γεωργιανά
KnowledgeSkillCompetence,http://data.europa.eu/esco/skill/2f7f7a05-88ec-4c8a-937f-381dce6b00fd,skill/competence,transversal,παραγωγή γραπτού λόγου στα κορεάτικα,released,,Σύνταξη γραπτών κειμένων στα κορεατικά.,http://data.europa.eu/esco/skill/f9bc2890-d1f2-4a83-bd7b-b150a7679c79,κορεατικά
KnowledgeSkillCompetence,http://data.europa.eu/esco/skill/3048bf6d-27c7-4dc6-ae4b-e55094cec090,skill/competence,transversal,προφορική επικοινωνία στα φινλανδικά,released,,Προφορική επικοινωνία στα φινλανδικά.,http://data.europa.eu/esco/skill/0e3493f4-0cad-4fbc-8e02-025f169b8114,φινλανδικά
KnowledgeSkillCompetence,http://data.europa.eu/esco/skill/33859d93-987c-4caa-a0a9-6159ea7bbc2a,knowledge,transversal,αραβικά,released,,Η αραβική γλώσσα.,http://data.europa.eu/esco/skill/9adca63b-9c75-4804-8dab-d62872540a10 | http://data.europa.eu/esco/skill/43f425aa-f45d-4bb4-a200-6f82fa211b66,Άριστη γνώση γλωσσών | Γλώσσες
KnowledgeSkillCompetence,http://data.europa.eu/esco/skill/3388229a-0bcb-4778-9fa8-d69ac2cede71,skill/competence,transversal,κατανόηση γραπτού λόγου στα λουξεμβουργιανά,released,ανάγνωση και κατανόηση λουξεμβουργιανών γραπτών | ανάγνωση και κατανόηση γραπτών κειμένων στα Λουξεμβουργιανά | κατανόηση γραπτών κειμένων στη λουξεμβουργιανή γλώσσα | κατανόηση γραπτών λουξεμβουργιανών | ερμηνεία και κατανόηση γραπτών κειμένων στα Λουξεμβουργιανά,"Ανάγνωση και κατανόηση γραπτών κειμένων στη λουξεμβουργιανή γλώσσα.
	",http://data.europa.eu/esco/skill/7d16f1e4-1003-4f1f-9595-5cafb25a67df,λουξεμβουργιανά
KnowledgeSkillCompetence,http://data.europa.eu/esco/skill/34085657-5d64-4a68-abef-e5b7df3b3d46,skill/competence,transversal,κατανόηση γραπτού λόγου στα καταλανικά,released,,Ανάγνωση και κατανόηση γραπτών κειμένων στα καταλανικά.,http://data.europa.eu/esco/skill/8ee2b6f2-7017-4b9a-9de2-4dedf0711394,καταλανικά
KnowledgeSkillCompetence,http://data.europa.eu/esco/skill/347d33a8-3698-4549-a7de-722a0216ee40,skill/competence,transversal,κατανόηση προφορικού λόγου στα ολλανδικά,released,,Κατανόηση προφορικού λόγου στα ολλανδικά.,http://data.europa.eu/esco/skill/cad4f44b-28a8-4448-86e5-7389e5ebf3eb,ολλανδικά
KnowledgeSkillCompetence,http://data.europa.eu/esco/skill/354b948c-7eef-4ebc-bfd6-f60d7d5acb62,knowledge,transversal,ουκρανικά,released,,Η ουκρανική γλώσσα.,http://data.europa.eu/esco/skill/9adca63b-9c75-4804-8dab-d62872540a10 | http://data.europa.eu/esco/skill/43f425aa-f45d-4bb4-a200-6f82fa211b66,Άριστη γνώση γλωσσών | Γλώσσες
KnowledgeSkillCompetence,http://data.europa.eu/esco/skill/37624859-cbb6-43cb-a523-aa450877821a,skill/competence,transversal,παραγωγή γραπτού λόγου στα λατινικά,released,,Σύνταξη γραπτών κειμένων στα λατινικά.,http://data.europa.eu/esco/skill/96e70743-6a84-4fee-b226-fe10cddb266e,λατινικά
KnowledgeSkillCompetence,http://data.europa.eu/esco/skill/37992d18-8d7e-4122-ad52-fa5d2d52ebde,skill/competence,transversal,κατανόηση γραπτού λόγου στα ούρντου,released,,Ανάγνωση και κατανόηση γραπτών κειμένων στα ούρντου.,http://data.europa.eu/esco/skill/bc546a09-1103-4184-b757-3508ef5f8490,ούρντου
KnowledgeSkillCompetence,http://data.europa.eu/esco/skill/3993c87c-7719-4186-811b-8ddfb40e76be,skill/competence,transversal,παραγωγή γραπτού λόγου στα αγγλικά,released,,Σύνταξη γραπτού κειμένου στα αγγλικά.,http://data.europa.eu/esco/skill/6d3edede-8951-4621-a835-e04323300fa0,αγγλικά
KnowledgeSkillCompetence,http://data.europa.eu/esco/skill/39a7d447-5a30-41b1-967d-bdcde3288c9e,skill/competence,transversal,παραγωγή γραπτού λόγου στα σλοβακικά,released,,Σύνταξη γραπτού κειμένου στα σλοβακικά.,http://data.europa.eu/esco/skill/246980fe-6222-4852-ade8-b372f7e0fd20,σλοβακικά
KnowledgeSkillCompetence,http://data.europa.eu/esco/skill/39c675c4-af13-49db-bbed-cf762102f85e,knowledge,transversal,ιαπωνικά,released,,Η ιαπωνική γλώσσα.,http://data.europa.eu/esco/skill/9adca63b-9c75-4804-8dab-d62872540a10 | http://data.europa.eu/esco/skill/43f425aa-f45d-4bb4-a200-6f82fa211b66,Άριστη γνώση γλωσσών | Γλώσσες
KnowledgeSkillCompetence,http://data.europa.eu/esco/skill/3a0814b1-5851-43f9-b886-1e496fefcf9c,skill/competence,transversal,κατανόηση γραπτού λόγου στα φινλανδικά,released,,Ανάγνωση και κατανόηση γραπτού κειμένου στα φινλανδικά.,http://data.europa.eu/esco/skill/0e3493f4-0cad-4fbc-8e02-025f169b8114,φινλανδικά
KnowledgeSkillCompetence,http://data.europa.eu/esco/skill/3a660148-e0d6-4b07-b107-10200ebb1b23,skill/competence,transversal,παραγωγή γραπτού λόγου στα αζερικά,released,,Σύνταξη γραπτού κειμένου στα αζερικά.,http://data.europa.eu/esco/skill/5bfce8e7-6f22-4e67-9018-0e4161620f3a,αζερικά
KnowledgeSkillCompetence,http://data.europa.eu/esco/skill/3c98d1d7-52cd-44e7-8083-c02a981e3872,skill/competence,transversal,προφορική επικοινωνία στα γεωργιανά,released,,Προφορική επικοινωνία στα γεωργιανά.,http://data.europa.eu/esco/skill/b2c1f90a-72ce-4499-ab9a-a9a5c9355d5b,γεωργιανά
KnowledgeSkillCompetence,http://data.europa.eu/esco/skill/3cb08443-192d-475b-89ce-15901ed1a900,skill/competence,transversal,προφορική επικοινωνία στα σλοβακικά,released,,Προφορική επικοινωνία στα σλοβακικά.,http://data.europa.eu/esco/skill/246980fe-6222-4852-ade8-b372f7e0fd20,σλοβακικά
KnowledgeSkillCompetence,http://data.europa.eu/esco/skill/3cc1fa63-1b28-44df-a93c-d09b12389a2f,skill/competence,transversal,προφορική επικοινωνία στα βασκικά,released,,Προφορική επικοινωνία στα βασκικά.,http://data.europa.eu/esco/skill/a28fa5f1-be5b-4608-8376-acea8c2f8cb1,βασκικά
KnowledgeSkillCompetence,http://data.europa.eu/esco/skill/3cccda28-82cc-4e47-9442-af0cb4d64016,skill/competence,transversal,παραγωγή γραπτού λόγου στα σερβικά,released,,Σύνταξη γραπτού κειμένου στα σερβικά.,http://data.europa.eu/esco/skill/c5cb0cc1-c40b-4544-a21c-8472f0b5c14a,σερβικά
KnowledgeSkillCompetence,http://data.europa.eu/esco/skill/40842478-ad09-4be9-a889-97299b013609,skill/competence,transversal,παραγωγή γραπτού λόγου στα εβραϊκά,released,,Σύνταξη γραπτού κειμένου στα εβραϊκά.,http://data.europa.eu/esco/skill/8a45f04a-cd28-4ac1-8e8b-ecfd21be0b18,εβραϊκά
KnowledgeSkillCompetence,http://data.europa.eu/esco/skill/41253322-dc32-4d79-941c-3a8c230a1d85,skill/competence,transversal,παραγωγή γραπτού λόγου στα βερβερικά,released,,Σύνταξη γραπτού κειμένου στα βερβερικά.,http://data.europa.eu/esco/skill/6f34bd05-1297-4913-92ff-85a604242b2f,βερβερικά
KnowledgeSkillCompetence,http://data.europa.eu/esco/skill/416ca9da-3a58-4522-89a2-5746576feddd,skill/competence,transversal,παραγωγή γραπτού λόγου στα βιετναμέζικα,released,,Σύνταξη γραπτού κειμένου στα βιετναμέζικα.,http://data.europa.eu/esco/skill/bf60009d-8afb-4306-9b0d-cfe2f66ab08f,βιετναμέζικα
KnowledgeSkillCompetence,http://data.europa.eu/esco/skill/421910b5-70e1-429e-8b32-0df5518b7ddd,skill/competence,transversal,κατανόηση γραπτού λόγου στα τσέχικα,released,,Ανάγνωση και κατανόηση γραπτού κειμένου στα τσέχικα.,http://data.europa.eu/esco/skill/da0795a7-6866-4afc-81ed-5e3aa398f058,τσέχικα
KnowledgeSkillCompetence,http://data.europa.eu/esco/skill/4264f3aa-037e-44f4-bb08-90d2337953ee,skill/competence,transversal,παραγωγή γραπτού λόγου στα πορτογαλικά,released,,Σύνταξη γραπτού κειμένου στα πορτογαλικά.,http://data.europa.eu/esco/skill/584c13e8-fd06-4ca3-a45b-cca5b2f147a7,πορτογαλικά
KnowledgeSkillCompetence,http://data.europa.eu/esco/skill/42b7c03a-3ed5-4dc1-adc0-ff1fb8d4d697,skill/competence,transversal,παραγωγή γραπτού λόγου στα δανικά,released,,Σύνταξη γραπτού κειμένου στα δανικά.,http://data.europa.eu/esco/skill/273a28d6-1bd3-4d13-a906-3d75c1cfdfc1,δανικά
KnowledgeSkillCompetence,http://data.europa.eu/esco/skill/450e047f-bb60-4eaa-bbcf-5e7af43e7f2a,skill/competence,transversal,παραγωγή γραπτού λόγου στα βουλγαρικά,released,,Σύνταξη γραπτού κειμένου στα βουλγαρικά.,http://data.europa.eu/esco/skill/d5fd4958-4ca6-4d06-845f-713e2c459612,βουλγαρικά
KnowledgeSkillCompetence,http://data.europa.eu/esco/skill/45289df8-d02d-4f08-9802-2c7deae944ad,knowledge,cross-sector,σανσκριτικά,released,,Η σανσκριτική γλώσσα.,http://data.europa.eu/esco/skill/e434e71a-f068-44ed-8059-d1af9eb592d7,Κλασικές γλώσσες
KnowledgeSkillCompetence,http://data.europa.eu/esco/skill/45ab3524-935d-4bc0-a7f3-1cf3be7e5987,skill/competence,transversal,παραγωγή γραπτού λόγου στα γεωργιανά,released,,Σύνταξη γραπτού κειμένου στα γεωργιανά.,http://data.europa.eu/esco/skill/b2c1f90a-72ce-4499-ab9a-a9a5c9355d5b,γεωργιανά
KnowledgeSkillCompetence,http://data.europa.eu/esco/skill/46d20520-381c-40c9-9de5-f635d0755923,skill/competence,transversal,κατανόηση γραπτού λόγου στα βουλγαρικά,released,,Ανάγνωση και κατανόηση γραπτού κειμένου στα βουλγαρικά.,http://data.europa.eu/esco/skill/d5fd4958-4ca6-4d06-845f-713e2c459612,βουλγαρικά
KnowledgeSkillCompetence,http://data.europa.eu/esco/skill/4812a4ea-dc55-4dc6-b9b0-4a59bba2c647,knowledge,transversal,γερμανικά,released,,Η γερμανική γλώσσα.,http://data.europa.eu/esco/skill/9adca63b-9c75-4804-8dab-d62872540a10 | http://data.europa.eu/esco/skill/43f425aa-f45d-4bb4-a200-6f82fa211b66,Άριστη γνώση γλωσσών | Γλώσσες
KnowledgeSkillCompetence,http://data.europa.eu/esco/skill/486e4f39-e968-41f4-955e-56e9eba96ef5,skill/competence,transversal,κατανόηση γραπτού λόγου στα γερμανικά,released,,Ανάγνωση και κατανόηση γραπτού κειμένου στα γερμανικά.,http://data.europa.eu/esco/skill/4812a4ea-dc55-4dc6-b9b0-4a59bba2c647,γερμανικά
KnowledgeSkillCompetence,http://data.europa.eu/esco/skill/49edb5ac-b80c-4c02-8509-d0e05889031e,skill/competence,transversal,κατανόηση προφορικού λόγου στα κουρδικά,released,,Κατανόηση προφορικού λόγου στα κουρδικά.,http://data.europa.eu/esco/skill/2874065e-6ca3-430c-912a-467da3c23704,κουρδικά
KnowledgeSkillCompetence,http://data.europa.eu/esco/skill/4aaa3e87-2b29-4a83-bdff-cbe51db03fc5,skill/competence,transversal,παραγωγή γραπτού λόγου στα μαυροβουνιακά,released,,Σύνταξη γραπτού κειμένου στα μαυροβουνιακά.,http://data.europa.eu/esco/skill/2358a146-6e8f-43cb-872f-a12ac9c57d60,μαυροβουνιακά
KnowledgeSkillCompetence,http://data.europa.eu/esco/skill/4b873879-6d5e-46b6-80e2-1ef313b4e0ac,skill/competence,transversal,παραγωγή γραπτού λόγου στα ιαπωνικά,released,,Σύνταξη γραπτού κειμένου στα ιαπωνικά.,http://data.europa.eu/esco/skill/39c675c4-af13-49db-bbed-cf762102f85e,ιαπωνικά
KnowledgeSkillCompetence,http://data.europa.eu/esco/skill/4b9f1ae5-0ee6-4738-8999-9b8191fba808,knowledge,transversal,ρουμανικά,released,,Η ρουμανική γλώσσα. Η ρουμανική είναι επίσημη γλώσσα και γλώσσα εργασίας της ΕΕ.,http://data.europa.eu/esco/skill/9adca63b-9c75-4804-8dab-d62872540a10 | http://data.europa.eu/esco/skill/43f425aa-f45d-4bb4-a200-6f82fa211b66,Άριστη γνώση γλωσσών | Γλώσσες
KnowledgeSkillCompetence,http://data.europa.eu/esco/skill/4c5a2793-c18d-40b9-832d-af8e07f0f171,skill/competence,transversal,παραγωγή γραπτού λόγου στα ισλανδικά,released,,Σύνταξη γραπτού κειμένου στα ισλανδικά.,http://data.europa.eu/esco/skill/a18e3090-6afb-4afb-a055-1f83bbe498e3,ισλανδικά
KnowledgeSkillCompetence,http://data.europa.eu/esco/skill/4c6fe11c-f912-4c81-b74c-2e72943abeb6,skill/competence,transversal,κατανόηση γραπτού λόγου στα λιθουανικά,released,,Ανάγνωση και κατανόηση γραπτού κειμένου στα λιθουανικά.,http://data.europa.eu/esco/skill/b3950b87-a980-4cd4-a795-be8a9b63661d,λιθουανικά
KnowledgeSkillCompetence,http://data.europa.eu/esco/skill/4c92020a-110b-4daf-b1ec-c4e17c3b9b2c,skill/competence,transversal,κατανόηση προφορικού λόγου στα κινεζικά,released,,Κατανόηση προφορικού λόγου στα κινεζικά.,http://data.europa.eu/esco/skill/1fe42b38-cd42-4fc7-ae77-14e4c9e96295,κινεζικά
KnowledgeSkillCompetence,http://data.europa.eu/esco/skill/4ddf697a-b1e9-4ae6-931e-920de761f9df,skill/competence,transversal,προφορική επικοινωνία στα βαλονικά,released,,Προφορική επικοινωνία στα βαλονικά.,http://data.europa.eu/esco/skill/d54d7c00-87c4-4f78-af8d-e84577372974,βαλλονικά
KnowledgeSkillCompetence,http://data.europa.eu/esco/skill/4dfda994-f9a2-4cbd-b224-0ab036e69d6e,skill/competence,transversal,προφορική επικοινωνία στα ρουμανικά,released,,Προφορική επικοινωνία στα ρουμανικά.,http://data.europa.eu/esco/skill/4b9f1ae5-0ee6-4738-8999-9b8191fba808,ρουμανικά
KnowledgeSkillCompetence,http://data.europa.eu/esco/skill/4ff6df71-6988-4300-8966-9fabb2b59186,skill/competence,transversal,κατανόηση γραπτού λόγου στα γαλλικά,released,,Ανάγνωση και κατανόηση γραπτού κειμένου στα γαλλικά.,http://data.europa.eu/esco/skill/e747e77e-0ea1-4001-8b07-1d11946b5f1b,γαλλικά
KnowledgeSkillCompetence,http://data.europa.eu/esco/skill/50d8a1ff-659a-4671-be48-369242b2a3be,skill/competence,transversal,παραγωγή γραπτού λόγου στα μπιχάρι,released,,Σύνταξη γραπτού κειμένου στα μπιχάρι.,http://data.europa.eu/esco/skill/15ea7b6b-1b93-4ed8-b58a-5c54777e0832,μπιχάρι
KnowledgeSkillCompetence,http://data.europa.eu/esco/skill/520b5278-eb9a-4c7d-a80d-a129ffb103da,skill/competence,transversal,προφορική επικοινωνία στα ουγγρικά,released,,Προφορική επικοινωνία στα ουγγρικά.,http://data.europa.eu/esco/skill/ddd3596a-43f3-402e-960a-5f79362a8609,ουγγρικά
KnowledgeSkillCompetence,http://data.europa.eu/esco/skill/52894650-9077-40f0-96d6-6f07d1a6cafa,skill/competence,transversal,παραγωγή γραπτού λόγου στα γερμανικά,released,,Σύνταξη γραπτού κειμένου στα γερμανικά.,http://data.europa.eu/esco/skill/4812a4ea-dc55-4dc6-b9b0-4a59bba2c647,γερμανικά
KnowledgeSkillCompetence,http://data.europa.eu/esco/skill/529d9a4f-5b96-4952-b9e6-114213366565,skill/competence,transversal,κατανόηση προφορικού λόγου στα γεωργιανά,released,,Κατανόηση προφορικού λόγου στα γεωργιανά.,http://data.europa.eu/esco/skill/b2c1f90a-72ce-4499-ab9a-a9a5c9355d5b,γεωργιανά
KnowledgeSkillCompetence,http://data.europa.eu/esco/skill/562c4f04-4f58-4c28-bcc4-49307786067b,skill/competence,transversal,προφορική επικοινωνία στα δανικά,released,,Προφορική επικοινωνία στα δανικά.,http://data.europa.eu/esco/skill/273a28d6-1bd3-4d13-a906-3d75c1cfdfc1,δανικά
KnowledgeSkillCompetence,http://data.europa.eu/esco/skill/57cc6587-7efe-4ba5-982f-ac15ce1617ac,knowledge,transversal,οξιτανικά,released,,Η οξιτανική γλώσσα.,http://data.europa.eu/esco/skill/9adca63b-9c75-4804-8dab-d62872540a10 | http://data.europa.eu/esco/skill/43f425aa-f45d-4bb4-a200-6f82fa211b66,Άριστη γνώση γλωσσών | Γλώσσες
KnowledgeSkillCompetence,http://data.europa.eu/esco/skill/584c13e8-fd06-4ca3-a45b-cca5b2f147a7,knowledge,transversal,πορτογαλικά,released,,Η πορτογαλική γλώσσα. Τα πορτογαλικά είναι μια επίσημη γλώσσα και γλώσσα εργασίας της ΕΕ.,http://data.europa.eu/esco/skill/9adca63b-9c75-4804-8dab-d62872540a10 | http://data.europa.eu/esco/skill/43f425aa-f45d-4bb4-a200-6f82fa211b66,Άριστη γνώση γλωσσών | Γλώσσες
KnowledgeSkillCompetence,http://data.europa.eu/esco/skill/585824c4-ef01-49fd-9b14-be00162a2387,skill/competence,transversal,κατανόηση γραπτού λόγου στα περσικά,released,,Ανάγνωση και κατανόηση γραπτού κειμένου στα περσικά.,http://data.europa.eu/esco/skill/58cabf75-2520-4358-a210-2cbc628f4aa2,περσικά
KnowledgeSkillCompetence,http://data.europa.eu/esco/skill/5885fe45-0fd8-4eea-ac55-f46d46a44e6c,skill/competence,transversal,προφορική επικοινωνία στα αλβανικά,released,,Προφορική επικοινωνία στα αλβανικά.,http://data.europa.eu/esco/skill/f1a08ec9-32d2-4e52-ba4a-66e049019be8,αλβανικά
KnowledgeSkillCompetence,http://data.europa.eu/esco/skill/58cabf75-2520-4358-a210-2cbc628f4aa2,knowledge,transversal,περσικά,released,,Η περσική γλώσσα.,http://data.europa.eu/esco/skill/9adca63b-9c75-4804-8dab-d62872540a10 | http://data.europa.eu/esco/skill/43f425aa-f45d-4bb4-a200-6f82fa211b66,Άριστη γνώση γλωσσών | Γλώσσες
KnowledgeSkillCompetence,http://data.europa.eu/esco/skill/59ac89d7-12bb-470d-818b-222963d1c357,skill/competence,transversal,προφορική επικοινωνία στα γκουχαράτι,released,,Προφορική επικοινωνία στα γκουχαράτι.,http://data.europa.eu/esco/skill/9b0baaa7-fed3-41b7-b74e-9d459f11acfe,γκουχαράτι
KnowledgeSkillCompetence,http://data.europa.eu/esco/skill/5a6ac2a6-6aa3-4b68-b2ef-b2491fb146c1,skill/competence,transversal,παραγωγή γραπτού λόγου στα ουαλικά,released,,Σύνταξη γραπτού κειμένου στα ουαλικά.,http://data.europa.eu/esco/skill/8dbd15c6-ecf0-468c-8ae1-f6eb360743dd,ουαλικά
KnowledgeSkillCompetence,http://data.europa.eu/esco/skill/5b9694a6-58b0-4179-a1bd-4bcda0352ca1,skill/competence,transversal,παραγωγή γραπτού λόγου στη μακεδονική γλώσσα,released,,Σύνταξη γραπτού κειμένου στη μακεδονική γλώσσα.,http://data.europa.eu/esco/skill/15f261e6-4379-437e-b137-b0c473ae3e74,μακεδονικά
KnowledgeSkillCompetence,http://data.europa.eu/esco/skill/5bfce8e7-6f22-4e67-9018-0e4161620f3a,knowledge,transversal,αζερικά,released,,Η αζερική γλώσσα.,http://data.europa.eu/esco/skill/9adca63b-9c75-4804-8dab-d62872540a10 | http://data.europa.eu/esco/skill/43f425aa-f45d-4bb4-a200-6f82fa211b66,Άριστη γνώση γλωσσών | Γλώσσες
KnowledgeSkillCompetence,http://data.europa.eu/esco/skill/5de39924-769c-4301-82a5-525358dffe50,knowledge,transversal,λετονικά,released,,Η λετονική γλώσσα. Η λετονική είναι επίσημη γλώσσα και γλώσσα εργασίας της ΕΕ.,http://data.europa.eu/esco/skill/9adca63b-9c75-4804-8dab-d62872540a10 | http://data.europa.eu/esco/skill/43f425aa-f45d-4bb4-a200-6f82fa211b66,Άριστη γνώση γλωσσών | Γλώσσες
KnowledgeSkillCompetence,http://data.europa.eu/esco/skill/5dfc81aa-c395-4e88-a0e0-a2fbb681ecc0,skill/competence,transversal,παραγωγή γραπτού λόγου στα γαλλικά,released,,Σύνταξη γραπτού κειμένου στα γαλλικά.,http://data.europa.eu/esco/skill/e747e77e-0ea1-4001-8b07-1d11946b5f1b,γαλλικά
KnowledgeSkillCompetence,http://data.europa.eu/esco/skill/5ec5c4f7-1b6d-4642-8470-567e666952a8,skill/competence,transversal,παραγωγή γραπτού λόγου στα γαλικιανά,released,,Σύνταξη γραπτού κειμένου στα γαλικιανά.,http://data.europa.eu/esco/skill/66212ff2-34b9-4812-be58-f53a0b751863,γαλικιανά
KnowledgeSkillCompetence,http://data.europa.eu/esco/skill/5f1e9642-588c-4882-8c90-20c33cc78bc1,skill/competence,transversal,κατανόηση προφορικού λόγου στα ιταλικά,released,,Κατανόηση προφορικού λόγου στα ιταλικά.,http://data.europa.eu/esco/skill/87219dfe-a21c-4160-8cc8-1eabf9b16b44,ιταλικά
KnowledgeSkillCompetence,http://data.europa.eu/esco/skill/5f81f163-7c84-4254-962f-69257cfa9ef5,skill/competence,transversal,κατανόηση γραπτού λόγου στα γκουχαράτι,released,,Ανάγνωση και κατανόηση γραπτού κειμένου στα γκουχαράτι.,http://data.europa.eu/esco/skill/9b0baaa7-fed3-41b7-b74e-9d459f11acfe,γκουχαράτι
KnowledgeSkillCompetence,http://data.europa.eu/esco/skill/5fd4e27b-49de-4609-ae44-91e47ee3d168,skill/competence,transversal,παραγωγή γραπτού λόγου στα τελούγκου,released,,Σύνταξη γραπτού κειμένου στα τελούγκου.,http://data.europa.eu/esco/skill/64fe09ac-f419-4c04-8997-d1dde2e31bfc,τελούγκου
KnowledgeSkillCompetence,http://data.europa.eu/esco/skill/60bb7483-e0a1-4016-a6f3-6b95261ab615,skill/competence,transversal,κατανόηση προφορικού λόγου στα αζερικά,released,,Κατανόηση προφορικού λόγου στα αζερικά.,http://data.europa.eu/esco/skill/5bfce8e7-6f22-4e67-9018-0e4161620f3a,αζερικά
KnowledgeSkillCompetence,http://data.europa.eu/esco/skill/614dcf69-dc56-4cab-bcb1-5bed1b389516,skill/competence,transversal,κατανόηση προφορικού λόγου στα αρμενικά,released,,Κατανόηση προφορικής έκφρασης στα αρμενικά.,http://data.europa.eu/esco/skill/fcbcdf4c-d079-4010-ab4b-8356fbfa5096,αρμενικά
KnowledgeSkillCompetence,http://data.europa.eu/esco/skill/61809be5-6787-46f0-9583-ac3287e17bd6,skill/competence,transversal,προφορική επικοινωνία στα μαράτι,released,,Προφορική επικοινωνία στα μαράτι.,http://data.europa.eu/esco/skill/2080075c-0488-4fbf-a786-734dbbef31ce,μαράτι
KnowledgeSkillCompetence,http://data.europa.eu/esco/skill/61c14f06-9edf-44c3-96af-dcecda598853,skill/competence,transversal,παραγωγή γραπτού λόγου στα λετονικά,released,,Σύνταξη γραπτού κειμένου στα λετονικά.,http://data.europa.eu/esco/skill/5de39924-769c-4301-82a5-525358dffe50,λετονικά
KnowledgeSkillCompetence,http://data.europa.eu/esco/skill/61ea50d7-db19-4160-8da4-1d7bec68bec3,skill/competence,transversal,παραγωγή γραπτού λόγου στα σλοβενικά,released,,Σύνταξη γραπτού κειμένου στα σλοβενικά.,http://data.europa.eu/esco/skill/9ace3aae-aeae-4ed6-b625-26bc58345554,σλοβενικά
KnowledgeSkillCompetence,http://data.europa.eu/esco/skill/633b72c4-1da1-45ae-b989-4d1a5bcab1a7,skill/competence,transversal,κατανόηση προφορικού λόγου στα καταλανικά,released,,Κατανόηση προφορικού λόγου στα καταλανικά.,http://data.europa.eu/esco/skill/8ee2b6f2-7017-4b9a-9de2-4dedf0711394,καταλανικά
KnowledgeSkillCompetence,http://data.europa.eu/esco/skill/64fe09ac-f419-4c04-8997-d1dde2e31bfc,knowledge,transversal,τελούγκου,released,,Η γλώσσα τελούγκου.,http://data.europa.eu/esco/skill/9adca63b-9c75-4804-8dab-d62872540a10 | http://data.europa.eu/esco/skill/43f425aa-f45d-4bb4-a200-6f82fa211b66,Άριστη γνώση γλωσσών | Γλώσσες
KnowledgeSkillCompetence,http://data.europa.eu/esco/skill/64ff8d5f-58a8-4efb-af5a-e161854b3e9a,skill/competence,transversal,κατανόηση προφορικού λόγου στα αγγλικά,released,,Κατανόηση προφορικού λόγου στα αγγλικά.,http://data.europa.eu/esco/skill/6d3edede-8951-4621-a835-e04323300fa0,αγγλικά
KnowledgeSkillCompetence,http://data.europa.eu/esco/skill/65a24ec1-e173-4bd6-b160-270346e0f4bf,skill/competence,transversal,παραγωγή γραπτού λόγου στα ιρλανδικά,released,,Σύνταξη γραπτού κειμένου στα ιρλανδικά.,http://data.europa.eu/esco/skill/8f4c0fe6-10c7-409e-92d6-245f46728209,ιρλανδικά
KnowledgeSkillCompetence,http://data.europa.eu/esco/skill/65d796ba-2cac-41b0-abfb-1f2f980a4893,skill/competence,transversal,προφορική επικοινωνία στα λουξεμβουργιανά,released,προφορική αλληλεπίδραση στα λουξεμβουργιανά | επικοινωνούν προφορικά στα λουξεμβουργιανά | αλληλεπιδρώντας προφορικά στα λουξεμβουργιανά | επικοινωνία προφορικά στα λουξεμβουργιανά | αλληλεπιδρούν λεκτικά στα λουξεμβουργιανά,"Προφορική επικοινωνία στη λουξεμβουργιανή γλώσσα.
	",http://data.europa.eu/esco/skill/7d16f1e4-1003-4f1f-9595-5cafb25a67df,λουξεμβουργιανά
KnowledgeSkillCompetence,http://data.europa.eu/esco/skill/66120d64-6f0f-4b89-8c4f-cd271f8cb7ca,skill/competence,transversal,κατανόηση προφορικού λόγου στα ρομανί,released,,Κατανόηση προφορικού λόγου στα ρομανί.,http://data.europa.eu/esco/skill/8ef3eccc-a847-430e-b828-cf178803b8c1,ρομανί
KnowledgeSkillCompetence,http://data.europa.eu/esco/skill/66212ff2-34b9-4812-be58-f53a0b751863,knowledge,transversal,γαλικιανά,released,,Η γαλικιανή γλώσσα.,http://data.europa.eu/esco/skill/9adca63b-9c75-4804-8dab-d62872540a10 | http://data.europa.eu/esco/skill/43f425aa-f45d-4bb4-a200-6f82fa211b66,Άριστη γνώση γλωσσών | Γλώσσες
KnowledgeSkillCompetence,http://data.europa.eu/esco/skill/67e9583d-621a-42bd-8381-4e85c9e0923a,skill/competence,transversal,προφορική επικοινωνία στα νορβηγικά,released,,Προφορική επικοινωνία στα νορβηγικά.,http://data.europa.eu/esco/skill/829f6eb5-0b26-4152-8eb3-82dd32b2b6f2,νορβηγικά
KnowledgeSkillCompetence,http://data.europa.eu/esco/skill/6891bbce-20bf-4afc-bd5e-75bdf54c0165,knowledge,transversal,ρωσικά,released,,Η ρωσική γλώσσα.,http://data.europa.eu/esco/skill/9adca63b-9c75-4804-8dab-d62872540a10 | http://data.europa.eu/esco/skill/43f425aa-f45d-4bb4-a200-6f82fa211b66,Άριστη γνώση γλωσσών | Γλώσσες
KnowledgeSkillCompetence,http://data.europa.eu/esco/skill/69eb9999-814b-4293-8d6c-633e49f64de4,skill/competence,transversal,παραγωγή γραπτού λόγου στα σουηδικά,released,,Σύνταξη γραπτού κειμένου στα σουηδικά.,http://data.europa.eu/esco/skill/7ee51257-8947-4b69-9bdf-322baf0a6398,σουηδικά
KnowledgeSkillCompetence,http://data.europa.eu/esco/skill/6b7968ae-34fc-44cf-bbe4-28bded032004,skill/competence,transversal,κατανόηση προφορικού λόγου στα πορτογαλικά,released,,Κατανόηση προφορικού λόγου στα πορτογαλικά.,http://data.europa.eu/esco/skill/584c13e8-fd06-4ca3-a45b-cca5b2f147a7,πορτογαλικά
KnowledgeSkillCompetence,http://data.europa.eu/esco/skill/6b99d4ad-f0aa-44bb-a75e-a65c32fc5d2f,skill/competence,transversal,κατανόηση γραπτού λόγου στα ρομανί,released,,Ανάγνωση και κατανόηση γραπτού κειμένου στα ρομανί.,http://data.europa.eu/esco/skill/8ef3eccc-a847-430e-b828-cf178803b8c1,ρομανί
KnowledgeSkillCompetence,http://data.europa.eu/esco/skill/6bc58e91-1827-4dc7-a9cf-2311edcba0ec,knowledge,transversal,κροατικά,released,,Η κροατική γλώσσα. Η κροατική γλώσσα είναι επίσημη γλώσσα και γλώσσα εργασίας της ΕΕ.,http://data.europa.eu/esco/skill/9adca63b-9c75-4804-8dab-d62872540a10 | http://data.europa.eu/esco/skill/43f425aa-f45d-4bb4-a200-6f82fa211b66,Άριστη γνώση γλωσσών | Γλώσσες
KnowledgeSkillCompetence,http://data.europa.eu/esco/skill/6be5f174-9b46-4b76-9aa1-177f3845b615,skill/competence,transversal,προφορική επικοινωνία στα λετονικά,released,,Προφορική επικοινωνία στα λετονικά.,http://data.europa.eu/esco/skill/5de39924-769c-4301-82a5-525358dffe50,λετονικά
KnowledgeSkillCompetence,http://data.europa.eu/esco/skill/6c619869-46b6-4a52-8889-1fc737546b36,skill/competence,transversal,κατανόηση γραπτού λόγου στα αρχαία ελληνικά,released,,Ανάγνωση και κατανόηση γραπτού κειμένου στα αρχαία ελληνικά.,http://data.europa.eu/esco/skill/896b0b7f-e793-4b3f-a7a6-4ab1d237f695,αρχαία ελληνικά
KnowledgeSkillCompetence,http://data.europa.eu/esco/skill/6d3edede-8951-4621-a835-e04323300fa0,knowledge,transversal,αγγλικά,released,,Η αγγλική γλώσσα. Η αγγλική είναι επίσημη γλώσσα και γλώσσα εργασίας της ΕΕ.,http://data.europa.eu/esco/skill/9adca63b-9c75-4804-8dab-d62872540a10 | http://data.europa.eu/esco/skill/43f425aa-f45d-4bb4-a200-6f82fa211b66,Άριστη γνώση γλωσσών | Γλώσσες
KnowledgeSkillCompetence,http://data.europa.eu/esco/skill/6d4feb44-401c-480d-a05b-02ca8b38d7cd,skill/competence,transversal,παραγωγή γραπτού λόγου στα μαλέι,released,,Σύνταξη γραπτού κειμένου στα μαλέι.,http://data.europa.eu/esco/skill/1f90c205-f869-4dcf-a374-c4fdeded9cbc,μαλαισιανά
KnowledgeSkillCompetence,http://data.europa.eu/esco/skill/6f34bd05-1297-4913-92ff-85a604242b2f,knowledge,transversal,βερβερικά,released,,Η γλωσσική οικογένεια των βερβερικών γλωσσών.,http://data.europa.eu/esco/skill/9adca63b-9c75-4804-8dab-d62872540a10 | http://data.europa.eu/esco/skill/43f425aa-f45d-4bb4-a200-6f82fa211b66,Άριστη γνώση γλωσσών | Γλώσσες
KnowledgeSkillCompetence,http://data.europa.eu/esco/skill/6f55e44d-4494-4079-9b8d-01ac6912529e,knowledge,transversal,λευκορωσικά,released,,Η λευκορωσική γλώσσα.,http://data.europa.eu/esco/skill/9adca63b-9c75-4804-8dab-d62872540a10 | http://data.europa.eu/esco/skill/43f425aa-f45d-4bb4-a200-6f82fa211b66,Άριστη γνώση γλωσσών | Γλώσσες
KnowledgeSkillCompetence,http://data.europa.eu/esco/skill/702d3840-308a-4d4a-ab61-f40f87d47fff,skill/competence,transversal,προφορική επικοινωνία στα κινεζικά,released,,Προφορική επικοινωνία στα κινεζικά.,http://data.europa.eu/esco/skill/1fe42b38-cd42-4fc7-ae77-14e4c9e96295,κινεζικά
KnowledgeSkillCompetence,http://data.europa.eu/esco/skill/7077db13-08c2-4482-918c-e6291e04f82b,skill/competence,transversal,κατανόηση γραπτού λόγου στα ιαπωνικά,released,,Ανάγνωση και κατανόηση γραπτού κειμένου στα ιαπωνικά.,http://data.europa.eu/esco/skill/39c675c4-af13-49db-bbed-cf762102f85e,ιαπωνικά
KnowledgeSkillCompetence,http://data.europa.eu/esco/skill/741ef95e-f1cf-4cf4-a021-b293e25eb005,skill/competence,transversal,προφορική επικοινωνία στα μαλτέζικα,released,,Προφορική επικοινωνία στα μαλτέζικα.,http://data.europa.eu/esco/skill/cb50f9cd-3638-409b-8f93-befaf17d313e,μαλτέζικα
KnowledgeSkillCompetence,http://data.europa.eu/esco/skill/74e261bb-9a84-438b-9c6c-42e2a46613dc,skill/competence,transversal,προφορική επικοινωνία στα βουλγαρικά,released,,Προφορική επικοινωνία στα βουλγαρικά.,http://data.europa.eu/esco/skill/d5fd4958-4ca6-4d06-845f-713e2c459612,βουλγαρικά
KnowledgeSkillCompetence,http://data.europa.eu/esco/skill/7629db63-5922-42fa-8c80-9575526f7326,skill/competence,transversal,παραγωγή γραπτού λόγου στα ελληνικά,released,,Σύνταξη γραπτού κειμένου στα ελληνικά.,http://data.europa.eu/esco/skill/ea4ebfa1-e17a-4416-ac54-955f33e6ade7,ελληνικά
KnowledgeSkillCompetence,http://data.europa.eu/esco/skill/76506870-aeac-4bc2-96b2-cbc6702601ea,skill/competence,transversal,παραγωγή γραπτού λόγου στα νορβηγικά,released,,Σύνταξη γραπτού κειμένου στα νορβηγικά.,http://data.europa.eu/esco/skill/829f6eb5-0b26-4152-8eb3-82dd32b2b6f2,νορβηγικά
KnowledgeSkillCompetence,http://data.europa.eu/esco/skill/767f8edf-372a-490b-9346-54de0ba8c654,skill/competence,transversal,κατανόηση προφορικού λόγου στα σλοβενικά,released,,Κατανόηση προφορικού λόγου στα σλοβενικά.,http://data.europa.eu/esco/skill/9ace3aae-aeae-4ed6-b625-26bc58345554,σλοβενικά
KnowledgeSkillCompetence,http://data.europa.eu/esco/skill/768e19df-be76-4e55-9120-8d1b07306293,skill/competence,transversal,κατανόηση γραπτού λόγου στα τελούγκου,released,,Ανάγνωση και κατανόηση γραπτού κειμένου στα τελούγκου.,http://data.europa.eu/esco/skill/64fe09ac-f419-4c04-8997-d1dde2e31bfc,τελούγκου
KnowledgeSkillCompetence,http://data.europa.eu/esco/skill/78001945-0117-4dc7-ae8e-6c6800f1ffd8,skill/competence,transversal,κατανόηση γραπτού λόγου στα βερβερικά,released,,Ανάγνωση και κατανόηση γραπτού κειμένου στα βερβερικά.,http://data.europa.eu/esco/skill/6f34bd05-1297-4913-92ff-85a604242b2f,βερβερικά
KnowledgeSkillCompetence,http://data.europa.eu/esco/skill/7866045d-4d36-45e6-aa60-a8107f43e5b1,skill/competence,transversal,προφορική επικοινωνία στα ιρλανδικά,released,,Προφορική επικοινωνία στα ιρλανδικά.,http://data.europa.eu/esco/skill/8f4c0fe6-10c7-409e-92d6-245f46728209,ιρλανδικά
KnowledgeSkillCompetence,http://data.europa.eu/esco/skill/790a0f2a-5250-4b6b-a013-c23160fcea65,skill/competence,transversal,προφορική επικοινωνία στα παντζάμπι,released,,Προφορική επικοινωνία στα παντζάμπι.,http://data.europa.eu/esco/skill/e05b9e06-d298-4646-b762-acbd485a20e9,παντζάμπι
KnowledgeSkillCompetence,http://data.europa.eu/esco/skill/79444b07-be9c-4cf9-ac91-04e52b2ac1a0,skill/competence,transversal,κατανόηση προφορικού λόγου στα σλοβακικά,released,,Κατανόηση προφορικού λόγου στα σλοβακικά.,http://data.europa.eu/esco/skill/246980fe-6222-4852-ade8-b372f7e0fd20,σλοβακικά
KnowledgeSkillCompetence,http://data.europa.eu/esco/skill/7a86907d-1fd5-4e8f-b0f1-f366a14f6f6d,knowledge,transversal,ιαβανικά,released,,Η ιαβανική γλώσσα.,http://data.europa.eu/esco/skill/9adca63b-9c75-4804-8dab-d62872540a10 | http://data.europa.eu/esco/skill/43f425aa-f45d-4bb4-a200-6f82fa211b66,Άριστη γνώση γλωσσών | Γλώσσες
KnowledgeSkillCompetence,http://data.europa.eu/esco/skill/7bd84008-afc2-4f72-8b49-a1dc4723d479,skill/competence,transversal,κατανόηση προφορικού λόγου στα φινλανδικά,released,,Κατανόηση προφορικού λόγου στα φινλανδικά.,http://data.europa.eu/esco/skill/0e3493f4-0cad-4fbc-8e02-025f169b8114,φινλανδικά
KnowledgeSkillCompetence,http://data.europa.eu/esco/skill/7c16e933-2a3f-40e8-855c-f9e5c5a56199,skill/competence,transversal,κατανόηση γραπτού λόγου στα βαλονικά,released,,Ανάγνωση και κατανόηση γραπτού κειμένου στα βαλονικά.,http://data.europa.eu/esco/skill/d54d7c00-87c4-4f78-af8d-e84577372974,βαλλονικά
KnowledgeSkillCompetence,http://data.europa.eu/esco/skill/7c2e97a5-ac3d-4c01-9a3b-2e395f45d34a,skill/competence,transversal,παραγωγή γραπτού λόγου στα κροατικά,released,,Σύνταξη γραπτού κειμένου στα κροατικά.,http://data.europa.eu/esco/skill/6bc58e91-1827-4dc7-a9cf-2311edcba0ec,κροατικά
KnowledgeSkillCompetence,http://data.europa.eu/esco/skill/7c946ebd-21de-4b08-af66-dff0356b5ad1,skill/competence,transversal,κατανόηση γραπτού λόγου στα λευκορωσικά,released,,Ανάγνωση και κατανόηση γραπτού κειμένου στα λευκορωσικά.,http://data.europa.eu/esco/skill/6f55e44d-4494-4079-9b8d-01ac6912529e,λευκορωσικά
KnowledgeSkillCompetence,http://data.europa.eu/esco/skill/7d16f1e4-1003-4f1f-9595-5cafb25a67df,knowledge,transversal,λουξεμβουργιανά,released,ικανότητα κατανόησης του προφορικού και γραπτού λόγου στα λουξεμβουργιανά και του λόγου και της γραφής στα λουξεμβουργιανά,"Η γλώσσα του Λουξεμβούργου.
	",http://data.europa.eu/esco/skill/9adca63b-9c75-4804-8dab-d62872540a10 | http://data.europa.eu/esco/skill/43f425aa-f45d-4bb4-a200-6f82fa211b66,Άριστη γνώση γλωσσών | Γλώσσες
KnowledgeSkillCompetence,http://data.europa.eu/esco/skill/7da256db-ea36-43e3-ba4c-286b598628d5,skill/competence,transversal,προφορική επικοινωνία στα λευκορωσικά,released,,Προφορική επικοινωνία στα λευκορωσικά.,http://data.europa.eu/esco/skill/6f55e44d-4494-4079-9b8d-01ac6912529e,λευκορωσικά
KnowledgeSkillCompetence,http://data.europa.eu/esco/skill/7e2c0de4-240d-4c6f-9336-56c0ac349212,skill/competence,transversal,κατανόηση γραπτού λόγου στα πολωνικά,released,,Ανάγνωση και κατανόηση γραπτού κειμένου στα πολωνικά.,http://data.europa.eu/esco/skill/f3e9b964-0c2d-46c4-a895-8b3583054d69,πολωνικά
KnowledgeSkillCompetence,http://data.europa.eu/esco/skill/7ed08054-550c-4206-a991-1718dcb68658,skill/competence,transversal,κατανόηση γραπτού λόγου στα μπιχάρι,released,,Ανάγνωση και κατανόηση γραπτού κειμένου στα μπιχάρι.,http://data.europa.eu/esco/skill/15ea7b6b-1b93-4ed8-b58a-5c54777e0832,μπιχάρι
KnowledgeSkillCompetence,http://data.europa.eu/esco/skill/7ee20fe2-facd-4cc5-837b-927429e0e7ac,skill/competence,transversal,κατανόηση γραπτού λόγου στα αγγλικά,released,,Ανάγνωση και κατανόηση γραπτού κειμένου στα αγγλικά.,http://data.europa.eu/esco/skill/6d3edede-8951-4621-a835-e04323300fa0,αγγλικά
KnowledgeSkillCompetence,http://data.europa.eu/esco/skill/7ee51257-8947-4b69-9bdf-322baf0a6398,knowledge,transversal,σουηδικά,released,,Η σουηδική γλώσσα. Η σουηδική είναι επίσημη γλώσσα και γλώσσα εργασίας της ΕΕ.,http://data.europa.eu/esco/skill/9adca63b-9c75-4804-8dab-d62872540a10 | http://data.europa.eu/esco/skill/43f425aa-f45d-4bb4-a200-6f82fa211b66,Άριστη γνώση γλωσσών | Γλώσσες
KnowledgeSkillCompetence,http://data.europa.eu/esco/skill/7f030a50-030e-429e-8f50-02186b27f7ea,skill/competence,transversal,κατανόηση γραπτού λόγου στα μαυροβουνιακά,released,,Ανάγνωση και κατανόηση γραπτού κειμένου στα μαυροβουνιακά.,http://data.europa.eu/esco/skill/2358a146-6e8f-43cb-872f-a12ac9c57d60,μαυροβουνιακά
KnowledgeSkillCompetence,http://data.europa.eu/esco/skill/8024130b-1359-485d-b40f-9b31e25d7c17,skill/competence,transversal,κατανόηση προφορικού λόγου στα βεγγαλικά,released,,Κατανόηση προφορικού λόγου στα βεγγαλικά.,http://data.europa.eu/esco/skill/ede98e07-f07d-41bc-99b0-f88bf0dad438,βεγγαλικά
KnowledgeSkillCompetence,http://data.europa.eu/esco/skill/81192ed1-cabc-48c5-bbc3-9ff06d3f2958,skill/competence,transversal,κατανόηση προφορικού λόγου στα κορεάτικα,released,,Κατανόηση προφορικού λόγου στα κορεάτικα.,http://data.europa.eu/esco/skill/f9bc2890-d1f2-4a83-bd7b-b150a7679c79,κορεατικά
KnowledgeSkillCompetence,http://data.europa.eu/esco/skill/829f6eb5-0b26-4152-8eb3-82dd32b2b6f2,knowledge,transversal,νορβηγικά,released,,Η νορβηγική γλώσσα.,http://data.europa.eu/esco/skill/9adca63b-9c75-4804-8dab-d62872540a10 | http://data.europa.eu/esco/skill/43f425aa-f45d-4bb4-a200-6f82fa211b66,Άριστη γνώση γλωσσών | Γλώσσες
KnowledgeSkillCompetence,http://data.europa.eu/esco/skill/84e1df68-529a-4dbf-9557-5c50de5b27c3,skill/competence,transversal,κατανόηση γραπτού λόγου στα χίντι,released,,Ανάγνωση και κατανόηση γραπτού κειμένου στα χίντι.,http://data.europa.eu/esco/skill/d93a7370-bf56-43f5-be54-e108f8ec3107,χίντι
KnowledgeSkillCompetence,http://data.europa.eu/esco/skill/87087740-89b7-4d0c-a3a1-99c573c81b62,skill/competence,transversal,κατανόηση προφορικού λόγου στα μαράτι,released,,Κατανόηση προφορικού λόγου στα μαράτι.,http://data.europa.eu/esco/skill/2080075c-0488-4fbf-a786-734dbbef31ce,μαράτι
KnowledgeSkillCompetence,http://data.europa.eu/esco/skill/87219dfe-a21c-4160-8cc8-1eabf9b16b44,knowledge,transversal,ιταλικά,released,,Η ιταλική γλώσσα. Η ιταλική γλώσσα είναι επίσημη γλώσσα της ΕΕ.,http://data.europa.eu/esco/skill/9adca63b-9c75-4804-8dab-d62872540a10 | http://data.europa.eu/esco/skill/43f425aa-f45d-4bb4-a200-6f82fa211b66,Άριστη γνώση γλωσσών | Γλώσσες
KnowledgeSkillCompetence,http://data.europa.eu/esco/skill/877057bc-7be8-4d40-9bab-cda10eb4b999,skill/competence,transversal,παραγωγή γραπτού λόγου στα αρχαία ελληνικά,released,,Σύνταξη γραπτού κειμένου στα αρχαία ελληνικά.,http://data.europa.eu/esco/skill/896b0b7f-e793-4b3f-a7a6-4ab1d237f695,αρχαία ελληνικά
KnowledgeSkillCompetence,http://data.europa.eu/esco/skill/88778b48-d8dd-4c7e-8154-6f45fab4b0e9,skill/competence,transversal,κατανόηση προφορικού λόγου στα μαλτέζικα,released,,Κατανόηση προφορικού λόγου στα μαλτέζικα.,http://data.europa.eu/esco/skill/cb50f9cd-3638-409b-8f93-befaf17d313e,μαλτέζικα
KnowledgeSkillCompetence,http://data.europa.eu/esco/skill/894f3286-ae58-4a13-a8ed-9aa7c5c77c18,skill/competence,transversal,προφορική επικοινωνία στα ρομανί,released,,Προφορική επικοινωνία στα ρομανί.,http://data.europa.eu/esco/skill/8ef3eccc-a847-430e-b828-cf178803b8c1,ρομανί
KnowledgeSkillCompetence,http://data.europa.eu/esco/skill/895b3eab-d1e7-443d-8ba3-745f67462207,skill/competence,transversal,προφορική επικοινωνία στα ρωσικά,released,,Προφορική επικοινωνία στα ρωσικά.,http://data.europa.eu/esco/skill/6891bbce-20bf-4afc-bd5e-75bdf54c0165,ρωσικά
KnowledgeSkillCompetence,http://data.europa.eu/esco/skill/896b0b7f-e793-4b3f-a7a6-4ab1d237f695,knowledge,cross-sector,αρχαία ελληνικά,released,,Η αρχαία ελληνική γλώσσα.,http://data.europa.eu/esco/skill/e434e71a-f068-44ed-8059-d1af9eb592d7,Κλασικές γλώσσες
KnowledgeSkillCompetence,http://data.europa.eu/esco/skill/8a45f04a-cd28-4ac1-8e8b-ecfd21be0b18,knowledge,transversal,εβραϊκά,released,,Η εβραϊκή γλώσσα.,http://data.europa.eu/esco/skill/9adca63b-9c75-4804-8dab-d62872540a10 | http://data.europa.eu/esco/skill/43f425aa-f45d-4bb4-a200-6f82fa211b66,Άριστη γνώση γλωσσών | Γλώσσες
KnowledgeSkillCompetence,http://data.europa.eu/esco/skill/8d09f7c2-d10c-4818-a91d-d2f1b8ec7973,skill/competence,transversal,παραγωγή γραπτού λόγου στα γκουχαράτι,released,,Σύνταξη γραπτού κειμένου στα γκουχαράτι.,http://data.europa.eu/esco/skill/9b0baaa7-fed3-41b7-b74e-9d459f11acfe,γκουχαράτι
KnowledgeSkillCompetence,http://data.europa.eu/esco/skill/8dbd15c6-ecf0-468c-8ae1-f6eb360743dd,knowledge,transversal,ουαλικά,released,,Η ουαλική γλώσσα.,http://data.europa.eu/esco/skill/9adca63b-9c75-4804-8dab-d62872540a10 | http://data.europa.eu/esco/skill/43f425aa-f45d-4bb4-a200-6f82fa211b66,Άριστη γνώση γλωσσών | Γλώσσες
KnowledgeSkillCompetence,http://data.europa.eu/esco/skill/8e12171c-d2b4-4a79-a3ff-ebe18913cc9f,skill/competence,transversal,κατανόηση γραπτού λόγου στα καζακικά,released,,Ανάγνωση και κατανόηση γραπτού κειμένου στα καζακικά.,http://data.europa.eu/esco/skill/f37dbb3c-dafc-4835-86d1-de9615626f9b,καζακικά
KnowledgeSkillCompetence,http://data.europa.eu/esco/skill/8e46288c-025c-4d28-8316-13a21f25f964,skill/competence,transversal,κατανόηση προφορικού λόγου στα σερβικά,released,,Κατανόηση προφορικού λόγου στα σερβικά.,http://data.europa.eu/esco/skill/c5cb0cc1-c40b-4544-a21c-8472f0b5c14a,σερβικά
KnowledgeSkillCompetence,http://data.europa.eu/esco/skill/8ee2b6f2-7017-4b9a-9de2-4dedf0711394,knowledge,transversal,καταλανικά,released,,Η καταλανική γλώσσα.,http://data.europa.eu/esco/skill/9adca63b-9c75-4804-8dab-d62872540a10 | http://data.europa.eu/esco/skill/43f425aa-f45d-4bb4-a200-6f82fa211b66,Άριστη γνώση γλωσσών | Γλώσσες
KnowledgeSkillCompetence,http://data.europa.eu/esco/skill/8ef3eccc-a847-430e-b828-cf178803b8c1,knowledge,transversal,ρομανί,released,,Η γλώσσα των γλωσσών ρομανί.,http://data.europa.eu/esco/skill/9adca63b-9c75-4804-8dab-d62872540a10 | http://data.europa.eu/esco/skill/43f425aa-f45d-4bb4-a200-6f82fa211b66,Άριστη γνώση γλωσσών | Γλώσσες
KnowledgeSkillCompetence,http://data.europa.eu/esco/skill/8f1efe4e-5f92-43b0-a329-3c17c1460a37,skill/competence,transversal,κατανόηση γραπτού λόγου στα αζερικά,released,,Ανάγνωση και κατανόηση γραπτού κειμένου στα αζερικά.,http://data.europa.eu/esco/skill/5bfce8e7-6f22-4e67-9018-0e4161620f3a,αζερικά
KnowledgeSkillCompetence,http://data.europa.eu/esco/skill/8f4c0fe6-10c7-409e-92d6-245f46728209,knowledge,transversal,ιρλανδικά,released,,Η ιρλανδική γλώσσα. Η ιρλανδική γλώσσα είναι επίσημη γλώσσα και γλώσσα εργασίας της ΕΕ.,http://data.europa.eu/esco/skill/9adca63b-9c75-4804-8dab-d62872540a10 | http://data.europa.eu/esco/skill/43f425aa-f45d-4bb4-a200-6f82fa211b66,Άριστη γνώση γλωσσών | Γλώσσες
KnowledgeSkillCompetence,http://data.europa.eu/esco/skill/8ff32017-9a19-400c-8de5-8a93198864be,skill/competence,transversal,παραγωγή γραπτού λόγου στα μαλτέζικα,released,,Σύνταξη γραπτού κειμένου στα μαλτέζικα.,http://data.europa.eu/esco/skill/cb50f9cd-3638-409b-8f93-befaf17d313e,μαλτέζικα
KnowledgeSkillCompetence,http://data.europa.eu/esco/skill/91161335-8adf-4567-8fa5-62fb37948664,skill/competence,transversal,παραγωγή γραπτού λόγου στα βαλονικά,released,,Σύνταξη γραπτού κειμένου στα βαλονικά.,http://data.europa.eu/esco/skill/d54d7c00-87c4-4f78-af8d-e84577372974,βαλλονικά
KnowledgeSkillCompetence,http://data.europa.eu/esco/skill/9273eec7-e9ce-4860-88fb-9f30faeea34d,skill/competence,transversal,κατανόηση γραπτού λόγου στα σερβικά,released,,Ανάγνωση και κατανόηση γραπτού κειμένου στα σερβικά.,http://data.europa.eu/esco/skill/c5cb0cc1-c40b-4544-a21c-8472f0b5c14a,σερβικά
KnowledgeSkillCompetence,http://data.europa.eu/esco/skill/92ca09cb-e827-4c49-b318-8f540de4debb,skill/competence,transversal,κατανόηση προφορικού λόγου στα εβραϊκά,released,,Κατανόηση προφορικού λόγου στα εβραϊκά.,http://data.europa.eu/esco/skill/8a45f04a-cd28-4ac1-8e8b-ecfd21be0b18,εβραϊκά
KnowledgeSkillCompetence,http://data.europa.eu/esco/skill/93c6c3ac-e344-460b-888f-662f6dcc7685,skill/competence,transversal,κατανόηση γραπτού λόγου στα λατινικά,released,,Ανάγνωση και κατανόηση γραπτού κειμένου στα λατινικά.,http://data.europa.eu/esco/skill/96e70743-6a84-4fee-b226-fe10cddb266e,λατινικά
KnowledgeSkillCompetence,http://data.europa.eu/esco/skill/943fe908-c465-4e91-944c-20e2242fd03a,skill/competence,transversal,κατανόηση προφορικού λόγου στα βουλγαρικά,released,,Κατανόηση προφορικού λόγου στα βουλγαρικά.,http://data.europa.eu/esco/skill/d5fd4958-4ca6-4d06-845f-713e2c459612,βουλγαρικά
KnowledgeSkillCompetence,http://data.europa.eu/esco/skill/96ab25a3-c89b-43ea-833b-26b637c3b6ed,skill/competence,transversal,κατανόηση γραπτού λόγου στα ολλανδικά,released,,Ανάγνωση και κατανόηση γραπτού κειμένου στα ολλανδικά.,http://data.europa.eu/esco/skill/cad4f44b-28a8-4448-86e5-7389e5ebf3eb,ολλανδικά
KnowledgeSkillCompetence,http://data.europa.eu/esco/skill/96e70743-6a84-4fee-b226-fe10cddb266e,knowledge,cross-sector,λατινικά,released,,Η λατινική γλώσσα.,http://data.europa.eu/esco/skill/e434e71a-f068-44ed-8059-d1af9eb592d7,Κλασικές γλώσσες
KnowledgeSkillCompetence,http://data.europa.eu/esco/skill/97ca0f19-c53f-4c38-b983-398345cba227,skill/competence,transversal,παραγωγή γραπτού λόγου στα αλβανικά,released,,Σύνταξη γραπτού κειμένου στα αλβανικά.,http://data.europa.eu/esco/skill/f1a08ec9-32d2-4e52-ba4a-66e049019be8,αλβανικά
KnowledgeSkillCompetence,http://data.europa.eu/esco/skill/98d31888-bb47-4f54-b339-bd0b9c289048,skill/competence,transversal,προφορική επικοινωνία στα σλοβενικά,released,,Προφορική επικοινωνία στα σλοβενικά,http://data.europa.eu/esco/skill/9ace3aae-aeae-4ed6-b625-26bc58345554,σλοβενικά
KnowledgeSkillCompetence,http://data.europa.eu/esco/skill/99933cd7-7868-4f83-8bb3-d747433159d3,skill/competence,transversal,κατανόηση προφορικού λόγου στα λιθουανικά,released,,Κατανόηση προφορικού λόγου στα λιθουανικά.,http://data.europa.eu/esco/skill/b3950b87-a980-4cd4-a795-be8a9b63661d,λιθουανικά
KnowledgeSkillCompetence,http://data.europa.eu/esco/skill/9996836f-788c-4f04-a792-c831b2e94e2f,skill/competence,transversal,κατανόηση γραπτού λόγου στα μαράτι,released,,Ανάγνωση και κατανόηση γραπτού κειμένου στα μαράτι.,http://data.europa.eu/esco/skill/2080075c-0488-4fbf-a786-734dbbef31ce,μαράτι
KnowledgeSkillCompetence,http://data.europa.eu/esco/skill/99b3532b-2f47-47f5-b194-708957acf0a8,skill/competence,transversal,κατανόηση προφορικού λόγου στα βασκικά,released,,Κατανόηση προφορικού λόγου στα βασκικά.,http://data.europa.eu/esco/skill/a28fa5f1-be5b-4608-8376-acea8c2f8cb1,βασκικά
KnowledgeSkillCompetence,http://data.europa.eu/esco/skill/9a42bdc6-8496-4874-b9f5-b48207a85282,skill/competence,transversal,προφορική επικοινωνία στα ελληνικά,released,,Προφορική επικοινωνία στα ελληνικά,http://data.europa.eu/esco/skill/ea4ebfa1-e17a-4416-ac54-955f33e6ade7,ελληνικά
KnowledgeSkillCompetence,http://data.europa.eu/esco/skill/9ace3aae-aeae-4ed6-b625-26bc58345554,knowledge,transversal,σλοβενικά,released,,Η σλοβενική γλώσσα. Η σλοβενική γλώσσα είναι επίσημη γλώσσα και γλώσσα εργασίας της ΕΕ.,http://data.europa.eu/esco/skill/9adca63b-9c75-4804-8dab-d62872540a10 | http://data.europa.eu/esco/skill/43f425aa-f45d-4bb4-a200-6f82fa211b66,Άριστη γνώση γλωσσών | Γλώσσες
KnowledgeSkillCompetence,http://data.europa.eu/esco/skill/9b0baaa7-fed3-41b7-b74e-9d459f11acfe,knowledge,transversal,γκουχαράτι,released,,Γλώσσα του γκουχαράτι.,http://data.europa.eu/esco/skill/9adca63b-9c75-4804-8dab-d62872540a10 | http://data.europa.eu/esco/skill/43f425aa-f45d-4bb4-a200-6f82fa211b66,Άριστη γνώση γλωσσών | Γλώσσες
KnowledgeSkillCompetence,http://data.europa.eu/esco/skill/9bccf172-587b-489b-84b7-5e1c8cc91520,skill/competence,transversal,κατανόηση γραπτού λόγου στα σουηδικά,released,,Ανάγνωση και κατανόηση γραπτού κειμένου στα σουηδικά.,http://data.europa.eu/esco/skill/7ee51257-8947-4b69-9bdf-322baf0a6398,σουηδικά
KnowledgeSkillCompetence,http://data.europa.eu/esco/skill/9ce34147-6618-4f1b-bbe3-f46e9aa17211,skill/competence,transversal,προφορική επικοινωνία στα λιμβουργιανά,released,,Προφορική επικοινωνία στα λιμβουργιανά.,http://data.europa.eu/esco/skill/cf5b3ca0-a844-42b9-b9cd-bd15465b9cac,λιμβουργιανά
KnowledgeSkillCompetence,http://data.europa.eu/esco/skill/9ef06b7c-991c-46a5-9dbc-82506031e8f9,skill/competence,transversal,κατανόηση γραπτού λόγου στα πορτογαλικά,released,,Ανάγνωση και κατανόηση γραπτού κειμένου στα πορτογαλικά.,http://data.europa.eu/esco/skill/584c13e8-fd06-4ca3-a45b-cca5b2f147a7,πορτογαλικά
KnowledgeSkillCompetence,http://data.europa.eu/esco/skill/9f3e3f27-1f27-4b77-9bc8-4ec33e33b8b1,skill/competence,transversal,παραγωγή γραπτού λόγου στα βεγγαλικά,released,,Σύνταξη γραπτού κειμένου στα βεγγαλικά.,http://data.europa.eu/esco/skill/ede98e07-f07d-41bc-99b0-f88bf0dad438,βεγγαλικά
KnowledgeSkillCompetence,http://data.europa.eu/esco/skill/a0ccc96f-edec-4641-b053-12159ebe5b13,skill/competence,transversal,κατανόηση προφορικού λόγου στα ισπανικά,released,,Κατανόηση προφορικού λόγου στα ισπανικά.,http://data.europa.eu/esco/skill/14ee9f76-3524-43d5-8a1a-5ba8283f8bd7,ισπανικά
KnowledgeSkillCompetence,http://data.europa.eu/esco/skill/a18e3090-6afb-4afb-a055-1f83bbe498e3,knowledge,transversal,ισλανδικά,released,,Η ισλανδική γλώσσα.,http://data.europa.eu/esco/skill/9adca63b-9c75-4804-8dab-d62872540a10 | http://data.europa.eu/esco/skill/43f425aa-f45d-4bb4-a200-6f82fa211b66,Άριστη γνώση γλωσσών | Γλώσσες
KnowledgeSkillCompetence,http://data.europa.eu/esco/skill/a2358129-ba05-49bb-914f-03420a8be102,skill/competence,transversal,κατανόηση γραπτού λόγου στα εβραϊκά,released,,Ανάγνωση και κατανόηση γραπτού κειμένου στα εβραϊκά.,http://data.europa.eu/esco/skill/8a45f04a-cd28-4ac1-8e8b-ecfd21be0b18,εβραϊκά
KnowledgeSkillCompetence,http://data.europa.eu/esco/skill/a28c2024-0fa6-43fd-a848-1a7ec7fe28b0,skill/competence,transversal,κατανόηση γραπτού λόγου στα αλβανικά,released,,Ανάγνωση και κατανόηση γραπτού κειμένου στα αλβανικά.,http://data.europa.eu/esco/skill/f1a08ec9-32d2-4e52-ba4a-66e049019be8,αλβανικά
KnowledgeSkillCompetence,http://data.europa.eu/esco/skill/a28fa5f1-be5b-4608-8376-acea8c2f8cb1,knowledge,transversal,βασκικά,released,,Η βασκική γλώσσα.,http://data.europa.eu/esco/skill/9adca63b-9c75-4804-8dab-d62872540a10 | http://data.europa.eu/esco/skill/43f425aa-f45d-4bb4-a200-6f82fa211b66,Άριστη γνώση γλωσσών | Γλώσσες
KnowledgeSkillCompetence,http://data.europa.eu/esco/skill/a3e0c23e-db44-43f5-af4b-7e1b60deb6d8,skill/competence,transversal,κατανόηση προφορικού λόγου στα γαλικιανά,released,,Κατανόηση προφορικού λόγου στα γαλικιανά.,http://data.europa.eu/esco/skill/66212ff2-34b9-4812-be58-f53a0b751863,γαλικιανά
KnowledgeSkillCompetence,http://data.europa.eu/esco/skill/a61e9686-7e8f-44ec-967b-d6445f90230b,skill/competence,transversal,κατανόηση γραπτού λόγου στα γαλικιανά,released,,Ανάγνωση και κατανόηση γραπτού κειμένου στα γαλικιανά.,http://data.europa.eu/esco/skill/66212ff2-34b9-4812-be58-f53a0b751863,γαλικιανά
KnowledgeSkillCompetence,http://data.europa.eu/esco/skill/a6aa3c44-b4d7-4db6-9a84-329e5ca9c64d,skill/competence,transversal,κατανόηση προφορικού λόγου στα αλβανικά,released,,Κατανόηση προφορικού λόγου στα αλβανικά.,http://data.europa.eu/esco/skill/f1a08ec9-32d2-4e52-ba4a-66e049019be8,αλβανικά
KnowledgeSkillCompetence,http://data.europa.eu/esco/skill/a7e1201f-bc9c-4dd9-aa82-271273f94595,skill/competence,transversal,κατανόηση γραπτού λόγου στα γίντις,released,,Ανάγνωση και κατανόηση γραπτού κειμένου στα γίντις.,http://data.europa.eu/esco/skill/d59ef10f-ad20-4791-957d-b315196ecdc2,γίντις
KnowledgeSkillCompetence,http://data.europa.eu/esco/skill/a88e4c9e-5a40-4da7-acf1-02e4a9e46da2,skill/competence,transversal,κατανόηση γραπτού λόγου στα ουγγρικά,released,,Ανάγνωση και κατανόηση γραπτού κειμένου στα ουγγρικά.,http://data.europa.eu/esco/skill/ddd3596a-43f3-402e-960a-5f79362a8609,ουγγρικά
KnowledgeSkillCompetence,http://data.europa.eu/esco/skill/a9170bca-28d9-4bb5-b950-0d0f712d1cd2,skill/competence,transversal,κατανόηση προφορικού λόγου στα δανικά,released,,Κατανοητή προφορικού λόγου στα δανικά.,http://data.europa.eu/esco/skill/273a28d6-1bd3-4d13-a906-3d75c1cfdfc1,δανικά
KnowledgeSkillCompetence,http://data.europa.eu/esco/skill/a9fdd2c9-4295-4407-ba3c-1547cbce40a2,knowledge,transversal,βοσνιακά,released,,Η βοσνιακή γλώσσα.,http://data.europa.eu/esco/skill/9adca63b-9c75-4804-8dab-d62872540a10 | http://data.europa.eu/esco/skill/43f425aa-f45d-4bb4-a200-6f82fa211b66,Άριστη γνώση γλωσσών | Γλώσσες
KnowledgeSkillCompetence,http://data.europa.eu/esco/skill/aa66a033-8522-40e9-a5c0-ff2593e2669c,knowledge,transversal,τουρκικά,released,,Η τουρκική γλώσσα.,http://data.europa.eu/esco/skill/9adca63b-9c75-4804-8dab-d62872540a10 | http://data.europa.eu/esco/skill/43f425aa-f45d-4bb4-a200-6f82fa211b66,Άριστη γνώση γλωσσών | Γλώσσες
KnowledgeSkillCompetence,http://data.europa.eu/esco/skill/aaf57e19-0d41-4361-8de9-bcd858e3f10d,skill/competence,transversal,παραγωγή γραπτού λόγου στα καταλανικά,released,,Σύνταξη γραπτού κειμένου στα καταλανικά.,http://data.europa.eu/esco/skill/8ee2b6f2-7017-4b9a-9de2-4dedf0711394,καταλανικά
KnowledgeSkillCompetence,http://data.europa.eu/esco/skill/abadaacb-5751-4f52-96b7-c9bbc070f9de,skill/competence,transversal,παραγωγή γραπτού λόγου στα εσθονικά,released,,Σύνταξη γραπτού κειμένου στα εσθονικά.,http://data.europa.eu/esco/skill/1b7e6f56-bc73-4bcc-81ae-09252175d418,εσθονικά
KnowledgeSkillCompetence,http://data.europa.eu/esco/skill/ad3711f4-f4d9-41e0-b26d-030247cecde4,skill/competence,transversal,προφορική επικοινωνία στα αζερικά,released,,Προφορική επικοινωνία στα αζερικά.,http://data.europa.eu/esco/skill/5bfce8e7-6f22-4e67-9018-0e4161620f3a,αζερικά
KnowledgeSkillCompetence,http://data.europa.eu/esco/skill/ae5d27b1-7298-4dce-836c-3bb26c2fafda,skill/competence,transversal,προφορική επικοινωνία στα λιθουανικά,released,,Προφορική επικοινωνία στα λιθουανικά.,http://data.europa.eu/esco/skill/b3950b87-a980-4cd4-a795-be8a9b63661d,λιθουανικά
KnowledgeSkillCompetence,http://data.europa.eu/esco/skill/ae72f370-469d-44fa-9f09-408b1c994d2e,skill/competence,transversal,κατανόηση γραπτού λόγου στα ρουμανικά,released,,Ανάγνωση και κατανόηση γραπτού κειμένου στα ρουμανικά.,http://data.europa.eu/esco/skill/4b9f1ae5-0ee6-4738-8999-9b8191fba808,ρουμανικά
KnowledgeSkillCompetence,http://data.europa.eu/esco/skill/b0964159-d7b2-4f1e-a0d1-5d100445fcdb,skill/competence,transversal,κατανόηση γραπτού λόγου στα αραβικά,released,,Ανάγνωση και κατανόηση γραπτών κειμένων στα αραβικά.,http://data.europa.eu/esco/skill/33859d93-987c-4caa-a0a9-6159ea7bbc2a,αραβικά
KnowledgeSkillCompetence,http://data.europa.eu/esco/skill/b22ab5e7-11e1-435e-bdab-0f8decd6a6f4,skill/competence,transversal,κατανόηση προφορικού λόγου στα αραβικά,released,,Κατανόηση προφορικού λόγου εκφερόμενου στα αραβικά.,http://data.europa.eu/esco/skill/33859d93-987c-4caa-a0a9-6159ea7bbc2a,αραβικά
KnowledgeSkillCompetence,http://data.europa.eu/esco/skill/b2c1f90a-72ce-4499-ab9a-a9a5c9355d5b,knowledge,transversal,γεωργιανά,released,,Η γεωργιανή γλώσσα.,http://data.europa.eu/esco/skill/9adca63b-9c75-4804-8dab-d62872540a10 | http://data.europa.eu/esco/skill/43f425aa-f45d-4bb4-a200-6f82fa211b66,Άριστη γνώση γλωσσών | Γλώσσες
KnowledgeSkillCompetence,http://data.europa.eu/esco/skill/b2cd801d-803d-41bc-bef3-dea4ddd94bbc,skill/competence,transversal,παραγωγή γραπτού λόγου στα χίντι,released,,Σύνταξη γραπτών κειμένων στα χίντι.,http://data.europa.eu/esco/skill/d93a7370-bf56-43f5-be54-e108f8ec3107,χίντι
KnowledgeSkillCompetence,http://data.europa.eu/esco/skill/b3950b87-a980-4cd4-a795-be8a9b63661d,knowledge,transversal,λιθουανικά,released,,Η λιθουανική γλώσσα. Τα λιθουανικά είναι επίσημη γλώσσα και γλώσσα εργασίας της ΕΕ.,http://data.europa.eu/esco/skill/9adca63b-9c75-4804-8dab-d62872540a10 | http://data.europa.eu/esco/skill/43f425aa-f45d-4bb4-a200-6f82fa211b66,Άριστη γνώση γλωσσών | Γλώσσες
KnowledgeSkillCompetence,http://data.europa.eu/esco/skill/b45f87e9-66ce-4212-82eb-3a55765bc512,skill/competence,transversal,προφορική επικοινωνία στα ιταλικά,released,,Προφορική επικοινωνία στα ιταλικά.,http://data.europa.eu/esco/skill/87219dfe-a21c-4160-8cc8-1eabf9b16b44,ιταλικά
KnowledgeSkillCompetence,http://data.europa.eu/esco/skill/b4a5d258-4fe7-4fa5-b58f-d2f8769eb15b,skill/competence,transversal,παραγωγή γραπτού λόγου στα σαρδηνιακά,released,,Σύνταξη γραπτών κειμένων στα σαρδηνιακά.,http://data.europa.eu/esco/skill/1627c1b9-31e1-4742-bf5c-cfec2ce33cfc,σαρδηνιακά
KnowledgeSkillCompetence,http://data.europa.eu/esco/skill/b4d8c494-4318-42e4-ba6e-0039390a2d7a,skill/competence,transversal,προφορική επικοινωνία στα μπιχάρι,released,,Προφορική επικοινωνία στα μπιχάρι.,http://data.europa.eu/esco/skill/15ea7b6b-1b93-4ed8-b58a-5c54777e0832,μπιχάρι
KnowledgeSkillCompetence,http://data.europa.eu/esco/skill/b5ff2ded-a91d-468b-afed-f9737f929e86,skill/competence,transversal,γραφή κινεζικών,released,,Σύνταξη γραπτών κειμένων στα κινεζικά.,http://data.europa.eu/esco/skill/1fe42b38-cd42-4fc7-ae77-14e4c9e96295,κινεζικά
KnowledgeSkillCompetence,http://data.europa.eu/esco/skill/b6422189-45f6-4e87-8a9e-7e4aabddf069,skill/competence,transversal,παραγωγή γραπτού λόγου στα ουρντού,released,,Σύνταξη γραπτών κειμένων στα ουρντού.,http://data.europa.eu/esco/skill/bc546a09-1103-4184-b757-3508ef5f8490,ούρντου
KnowledgeSkillCompetence,http://data.europa.eu/esco/skill/b694bab7-6ece-48a8-8a65-2f6d8fd62df2,skill/competence,transversal,κατανόηση γραπτού λόγου στα νορβηγικά,released,,Ανάγνωση και κατανόηση γραπτών κειμένων στα νορβηγικά.,http://data.europa.eu/esco/skill/829f6eb5-0b26-4152-8eb3-82dd32b2b6f2,νορβηγικά
KnowledgeSkillCompetence,http://data.europa.eu/esco/skill/b6c39ec1-7da2-46dc-9cec-2f7204066cf3,skill/competence,transversal,κατανόηση προφορικού λόγου στα ιρλανδικά,released,,Κατανόηση προφορικού λόγου εκφερόμενου στα ιρλανδικά.,http://data.europa.eu/esco/skill/8f4c0fe6-10c7-409e-92d6-245f46728209,ιρλανδικά
KnowledgeSkillCompetence,http://data.europa.eu/esco/skill/b7385197-5481-4b91-9628-56dadb648f69,skill/competence,transversal,κατανόηση προφορικού λόγου στα γκουχαράτι,released,,Κατανόηση προφορικού λόγου εκφερόμενου στα γκουχαράτι.,http://data.europa.eu/esco/skill/9b0baaa7-fed3-41b7-b74e-9d459f11acfe,γκουχαράτι
KnowledgeSkillCompetence,http://data.europa.eu/esco/skill/b895feef-e869-48ac-a853-6c31a636721f,skill/competence,transversal,κατανόηση προφορικού λόγου στα ιαβανικά,released,,Κατανόηση προφορικού λόγου εκφερόμενου στα ιαβανικά.,http://data.europa.eu/esco/skill/7a86907d-1fd5-4e8f-b0f1-f366a14f6f6d,ιαβανικά
KnowledgeSkillCompetence,http://data.europa.eu/esco/skill/ba002311-da5a-4795-933b-1c7d1f0f2f25,skill/competence,transversal,κατανόηση προφορικού λόγου στα καζακικά,released,,Κατανόηση προφορικού λόγου εκφερόμενου στα καζακικά.,http://data.europa.eu/esco/skill/f37dbb3c-dafc-4835-86d1-de9615626f9b,καζακικά
KnowledgeSkillCompetence,http://data.europa.eu/esco/skill/ba98bef0-9c49-478f-b9db-14a4189d7c76,skill/competence,transversal,κατανόηση γραπτού λόγου στα σανσκριτικά,released,,Ανάγνωση και κατανόηση γραπτού κειμένου στα σανσκριτικά.,http://data.europa.eu/esco/skill/45289df8-d02d-4f08-9802-2c7deae944ad,σανσκριτικά
KnowledgeSkillCompetence,http://data.europa.eu/esco/skill/bad8da46-ec16-48da-b717-e9b9616e3c91,skill/competence,transversal,κατανόηση προφορικού λόγου στα μακεδονικά,released,,Κατανόηση προφορικού λόγου εκφερόμενου στα μακεδονικά.,http://data.europa.eu/esco/skill/15f261e6-4379-437e-b137-b0c473ae3e74,μακεδονικά
KnowledgeSkillCompetence,http://data.europa.eu/esco/skill/bb691baa-c7c2-41c3-af69-4dc901d22d2f,skill/competence,transversal,κατανόηση γραπτού λόγου στα ιταλικά,released,,Ανάγνωση και κατανόηση γραπτών κειμένων στα ιταλικά.,http://data.europa.eu/esco/skill/87219dfe-a21c-4160-8cc8-1eabf9b16b44,ιταλικά
KnowledgeSkillCompetence,http://data.europa.eu/esco/skill/bbe65f99-72a8-43a2-b227-9ce1457a8a20,skill/competence,transversal,προφορική επικοινωνία στα καταλανικά,released,,Προφορική επικοινωνία στα καταλανικά.,http://data.europa.eu/esco/skill/8ee2b6f2-7017-4b9a-9de2-4dedf0711394,καταλανικά
KnowledgeSkillCompetence,http://data.europa.eu/esco/skill/bc112354-758e-40eb-930e-9ebdbd5a2f34,skill/competence,transversal,κατανόηση προφορικού λόγου στα ελληνικά,released,,Κατανόηση προφορικού λόγου εκφερόμενου στα ελληνικά.,http://data.europa.eu/esco/skill/ea4ebfa1-e17a-4416-ac54-955f33e6ade7,ελληνικά
KnowledgeSkillCompetence,http://data.europa.eu/esco/skill/bc546a09-1103-4184-b757-3508ef5f8490,knowledge,transversal,ούρντου,released,,Η γλώσσα ούρντου.,http://data.europa.eu/esco/skill/9adca63b-9c75-4804-8dab-d62872540a10 | http://data.europa.eu/esco/skill/43f425aa-f45d-4bb4-a200-6f82fa211b66,Άριστη γνώση γλωσσών | Γλώσσες
KnowledgeSkillCompetence,http://data.europa.eu/esco/skill/bc65ec0c-cdf0-4af3-b79e-c9bfa5abd758,skill/competence,transversal,κατανόηση προφορικού λόγου στα λετονικά,released,,Κατανόηση προφορικού λόγου εκφερόμενου στα λετονικά.,http://data.europa.eu/esco/skill/5de39924-769c-4301-82a5-525358dffe50,λετονικά
KnowledgeSkillCompetence,http://data.europa.eu/esco/skill/bdf14dfe-437d-4fb6-95f4-72da1a593384,skill/competence,transversal,προφορική επικοινωνία στα σουηδικά,released,,Προφορική επικοινωνία στα σουηδικά.,http://data.europa.eu/esco/skill/7ee51257-8947-4b69-9bdf-322baf0a6398,σουηδικά
KnowledgeSkillCompetence,http://data.europa.eu/esco/skill/be5c6fb4-d257-4c98-b5e2-d3866fd0f2c2,skill/competence,transversal,προφορική επικοινωνία στα κορεατικά,released,,Προφορική επικοινωνία στα κορεατικά.,http://data.europa.eu/esco/skill/f9bc2890-d1f2-4a83-bd7b-b150a7679c79,κορεατικά
KnowledgeSkillCompetence,http://data.europa.eu/esco/skill/befd434f-bb74-4144-8aa6-28b903b792a0,skill/competence,transversal,προφορική επικοινωνία στα πορτογαλικά,released,,Προφορική επικοινωνία στα πορτογαλικά.,http://data.europa.eu/esco/skill/584c13e8-fd06-4ca3-a45b-cca5b2f147a7,πορτογαλικά
KnowledgeSkillCompetence,http://data.europa.eu/esco/skill/bf60009d-8afb-4306-9b0d-cfe2f66ab08f,knowledge,transversal,βιετναμέζικα,released,,Η γλώσσα του Βιετνάμ.,http://data.europa.eu/esco/skill/9adca63b-9c75-4804-8dab-d62872540a10 | http://data.europa.eu/esco/skill/43f425aa-f45d-4bb4-a200-6f82fa211b66,Άριστη γνώση γλωσσών | Γλώσσες
KnowledgeSkillCompetence,http://data.europa.eu/esco/skill/bfb5f0b8-0ea0-4e44-a48d-7d876f966758,skill/competence,transversal,προφορική επικοινωνία στα γαλλικά,released,,Προφορική επικοινωνία στα γαλλικά.,http://data.europa.eu/esco/skill/e747e77e-0ea1-4001-8b07-1d11946b5f1b,γαλλικά
KnowledgeSkillCompetence,http://data.europa.eu/esco/skill/c0d6eb4a-636c-43d8-9bec-69f6586c415a,skill/competence,transversal,προφορική επικοινωνία στα εσθονικά,released,,Προφορική επικοινωνία στα εσθονικά.,http://data.europa.eu/esco/skill/1b7e6f56-bc73-4bcc-81ae-09252175d418,εσθονικά
KnowledgeSkillCompetence,http://data.europa.eu/esco/skill/c2cc1a0a-356e-4634-bfd8-94c5d84324ba,skill/competence,transversal,προφορική επικοινωνία στα βερβερικά,released,,Προφορική επικοινωνία στα βερβερικά.,http://data.europa.eu/esco/skill/6f34bd05-1297-4913-92ff-85a604242b2f,βερβερικά
KnowledgeSkillCompetence,http://data.europa.eu/esco/skill/c34a8faa-b543-45eb-b088-39baf21c5146,skill/competence,transversal,προφορική επικοινωνία στα ούρντου,released,,Προφορική επικοινωνία στα ούρντου.,http://data.europa.eu/esco/skill/bc546a09-1103-4184-b757-3508ef5f8490,ούρντου
KnowledgeSkillCompetence,http://data.europa.eu/esco/skill/c445a2f0-9f97-432d-a1be-f2b54a53576e,skill/competence,transversal,κατανόηση προφορικού λόγου στα βερβερικά,released,,Κατανόηση προφορικού λόγου εκφερόμενου στα βερβερικά.,http://data.europa.eu/esco/skill/6f34bd05-1297-4913-92ff-85a604242b2f,βερβερικά
KnowledgeSkillCompetence,http://data.europa.eu/esco/skill/c44b765b-76fb-4a16-be7e-9925beee072c,skill/competence,transversal,προφορική επικοινωνία στα ολλανδικά,released,,Προφορική επικοινωνία στα ολλανδικά.,http://data.europa.eu/esco/skill/cad4f44b-28a8-4448-86e5-7389e5ebf3eb,ολλανδικά
KnowledgeSkillCompetence,http://data.europa.eu/esco/skill/c551614f-5542-460e-9a86-bfcdf160e230,skill/competence,transversal,προφορική επικοινωνία στα τελούγκου,released,,Προφορική επικοινωνία στα τελούγκου.,http://data.europa.eu/esco/skill/64fe09ac-f419-4c04-8997-d1dde2e31bfc,τελούγκου
KnowledgeSkillCompetence,http://data.europa.eu/esco/skill/c5cb0cc1-c40b-4544-a21c-8472f0b5c14a,knowledge,transversal,σερβικά,released,,Η σερβική γλώσσα.,http://data.europa.eu/esco/skill/9adca63b-9c75-4804-8dab-d62872540a10 | http://data.europa.eu/esco/skill/43f425aa-f45d-4bb4-a200-6f82fa211b66,Άριστη γνώση γλωσσών | Γλώσσες
KnowledgeSkillCompetence,http://data.europa.eu/esco/skill/c5ef5813-ef1d-4a22-8fce-16b1dcf93ea1,skill/competence,transversal,παραγωγή γραπτού λόγου στα λευκορωσικά,released,,Σύνταξη γραπτών κειμένων στα λευκορωσικά.,http://data.europa.eu/esco/skill/6f55e44d-4494-4079-9b8d-01ac6912529e,λευκορωσικά
KnowledgeSkillCompetence,http://data.europa.eu/esco/skill/c6b70785-fce7-4089-8250-21c97ca0ad8f,skill/competence,transversal,κατανόηση γραπτού λόγου στα εσθονικά,released,,Ανάγνωση και κατανόηση γραπτών κειμένων στα εσθονικά.,http://data.europa.eu/esco/skill/1b7e6f56-bc73-4bcc-81ae-09252175d418,εσθονικά
KnowledgeSkillCompetence,http://data.europa.eu/esco/skill/c73e355b-89c8-4831-968e-f146f2ae970c,skill/competence,transversal,παραγωγή γραπτού λόγου στα μαράτι,released,,Συγγραφή γραπτού κειμένου στα μαράτι.,http://data.europa.eu/esco/skill/2080075c-0488-4fbf-a786-734dbbef31ce,μαράτι
KnowledgeSkillCompetence,http://data.europa.eu/esco/skill/c8c283af-3d77-4212-93ab-1b3de6a79e96,skill/competence,transversal,κατανόηση προφορικού λόγου στα ρουμανικά,released,,Κατανόηση προφορικού λόγου στα ρουμανικά.,http://data.europa.eu/esco/skill/4b9f1ae5-0ee6-4738-8999-9b8191fba808,ρουμανικά
KnowledgeSkillCompetence,http://data.europa.eu/esco/skill/c8d2416e-7db3-4f63-bce3-075f1fea66ea,skill/competence,transversal,κατανόηση προφορικού λόγου στα ισλανδικά,released,,Κατανόηση προφορικού λόγου στα ισλανδικά.,http://data.europa.eu/esco/skill/a18e3090-6afb-4afb-a055-1f83bbe498e3,ισλανδικά
KnowledgeSkillCompetence,http://data.europa.eu/esco/skill/c98c8578-6654-4d76-8391-ecfe59abce22,skill/competence,transversal,κατανόηση γραπτού λόγου στα δανικά,released,,Ανάγνωση και κατανόηση γραπτού λόγου στα δανικά.,http://data.europa.eu/esco/skill/273a28d6-1bd3-4d13-a906-3d75c1cfdfc1,δανικά
KnowledgeSkillCompetence,http://data.europa.eu/esco/skill/c9ba0570-f751-4023-9851-5a0826e722cc,skill/competence,transversal,προφορική επικοινωνία στα ιαβανικά,released,,Προφορική επικοινωνία στα ιαβανικά.,http://data.europa.eu/esco/skill/7a86907d-1fd5-4e8f-b0f1-f366a14f6f6d,ιαβανικά
KnowledgeSkillCompetence,http://data.europa.eu/esco/skill/ca58a2d3-b901-42b2-b85f-b2b83aeadbea,skill/competence,transversal,κατανόηση γραπτού λόγου στα ρωσικά,released,,Ανάγνωση και κατανόηση γραπτού λόγου στα ρωσικά.,http://data.europa.eu/esco/skill/6891bbce-20bf-4afc-bd5e-75bdf54c0165,ρωσικά
KnowledgeSkillCompetence,http://data.europa.eu/esco/skill/ca81a475-f76c-4318-bdd7-4f1f3605e798,skill/competence,transversal,παραγωγή γραπτού λόγου στα ιταλικά,released,,Σύνταξη γραπτών κειμένων και παραγωγή γραπτού λόγου στα ιταλικά.,http://data.europa.eu/esco/skill/87219dfe-a21c-4160-8cc8-1eabf9b16b44,ιταλικά
KnowledgeSkillCompetence,http://data.europa.eu/esco/skill/caac02b1-ab96-477e-a7a7-295c9d9e037f,skill/competence,transversal,προφορική επικοινωνία στα γίντις,released,,Προφορική επικοινωνία στα γίντις.,http://data.europa.eu/esco/skill/d59ef10f-ad20-4791-957d-b315196ecdc2,γίντις
KnowledgeSkillCompetence,http://data.europa.eu/esco/skill/cad4f44b-28a8-4448-86e5-7389e5ebf3eb,knowledge,transversal,ολλανδικά,released,,Η ολλανδική γλώσσα. Τα ολλανδικά είναι επίσημη γλώσσα και γλώσσα εργασίας της ΕΕ.,http://data.europa.eu/esco/skill/9adca63b-9c75-4804-8dab-d62872540a10 | http://data.europa.eu/esco/skill/43f425aa-f45d-4bb4-a200-6f82fa211b66,Άριστη γνώση γλωσσών | Γλώσσες
KnowledgeSkillCompetence,http://data.europa.eu/esco/skill/cb50f9cd-3638-409b-8f93-befaf17d313e,knowledge,transversal,μαλτέζικα,released,,Η μαλτέζικη γλώσσα. Τα μαλτέζικα είναι επίσημη γλώσσα και γλώσσα εργασίας της ΕΕ.,http://data.europa.eu/esco/skill/9adca63b-9c75-4804-8dab-d62872540a10 | http://data.europa.eu/esco/skill/43f425aa-f45d-4bb4-a200-6f82fa211b66,Άριστη γνώση γλωσσών | Γλώσσες
KnowledgeSkillCompetence,http://data.europa.eu/esco/skill/cba8e108-dd50-43ab-8100-13690408a69c,skill/competence,transversal,κατανόηση γραπτού λόγου στα οξιτανικά,released,,Ανάγνωση και κατανόηση γραπτού λόγου στα οξιτανικά.,http://data.europa.eu/esco/skill/57cc6587-7efe-4ba5-982f-ac15ce1617ac,οξιτανικά
KnowledgeSkillCompetence,http://data.europa.eu/esco/skill/cd6484a2-bfa2-4371-8e2f-1ffa2a22dac4,skill/competence,transversal,κατανόηση προφορικού λόγου στα σουηδικά,released,,Κατανόηση προφορικού λόγου στα σουηδικά.,http://data.europa.eu/esco/skill/7ee51257-8947-4b69-9bdf-322baf0a6398,σουηδικά
KnowledgeSkillCompetence,http://data.europa.eu/esco/skill/cda53197-9c99-404a-ac8a-d8c8550ca98d,skill/competence,transversal,προφορική επικοινωνία στα ουκρανικά,released,,Προφορική επικοινωνία στα ουκρανικά.,http://data.europa.eu/esco/skill/354b948c-7eef-4ebc-bfd6-f60d7d5acb62,ουκρανικά
KnowledgeSkillCompetence,http://data.europa.eu/esco/skill/cec6cd92-d709-42cc-9a6e-6a7dd48b9e08,skill/competence,transversal,παραγωγή γραπτού λόγου στα ισπανικά,released,,Σύνταξη γραπτού λόγου στα ισπανικά.,http://data.europa.eu/esco/skill/14ee9f76-3524-43d5-8a1a-5ba8283f8bd7,ισπανικά
KnowledgeSkillCompetence,http://data.europa.eu/esco/skill/cf5b3ca0-a844-42b9-b9cd-bd15465b9cac,knowledge,transversal,λιμβουργιανά,released,,Η λιμβουργιανή γλώσσα.,http://data.europa.eu/esco/skill/9adca63b-9c75-4804-8dab-d62872540a10 | http://data.europa.eu/esco/skill/43f425aa-f45d-4bb4-a200-6f82fa211b66,Άριστη γνώση γλωσσών | Γλώσσες
KnowledgeSkillCompetence,http://data.europa.eu/esco/skill/cf9e867f-08d7-48a8-8d11-c63bd8a65f89,skill/competence,transversal,παραγωγή γραπτού λόγου στα αραβικά,released,,Σύνταξη γραπτού λόγου στα αραβικά.,http://data.europa.eu/esco/skill/33859d93-987c-4caa-a0a9-6159ea7bbc2a,αραβικά
KnowledgeSkillCompetence,http://data.europa.eu/esco/skill/d0898934-7335-480f-a986-b9b05b54c718,skill/competence,transversal,κατανόηση προφορικού λόγου στα ρωσικά,released,,Κατανόηση προφορικού λόγου στα ρωσικά.,http://data.europa.eu/esco/skill/6891bbce-20bf-4afc-bd5e-75bdf54c0165,ρωσικά
KnowledgeSkillCompetence,http://data.europa.eu/esco/skill/d10fe458-ceb5-4a40-83f4-b8ef318bf566,skill/competence,transversal,παραγωγή γραπτού λόγου στα γίντις,released,,Παραγωγή γραπτού λόγου στα γίντις.,http://data.europa.eu/esco/skill/d59ef10f-ad20-4791-957d-b315196ecdc2,γίντις
KnowledgeSkillCompetence,http://data.europa.eu/esco/skill/d16bc537-ede5-440e-a921-7e9c5e995633,skill/competence,transversal,κατανόηση γραπτού λόγου στα κινεζικά,released,,Ανάγνωση και κατανόηση γραπτού κειμένου στα κινεζικά.,http://data.europa.eu/esco/skill/1fe42b38-cd42-4fc7-ae77-14e4c9e96295,κινεζικά
KnowledgeSkillCompetence,http://data.europa.eu/esco/skill/d21bcba8-ecf5-4ac3-9a6c-25a5afa42ea2,skill/competence,transversal,παραγωγή γραπτού λόγου στα βασκικά,released,,Παραγωγή γραπτού λόγου στα βασκικά.,http://data.europa.eu/esco/skill/a28fa5f1-be5b-4608-8376-acea8c2f8cb1,βασκικά
KnowledgeSkillCompetence,http://data.europa.eu/esco/skill/d3b2faa1-e54f-40e0-b641-977a4703aaf8,skill/competence,transversal,παραγωγή γραπτού λόγου στα λουξεμβουργιανά,released,ικανότητα γραφής στα λουξεμβουργιανά | γράφοντας λουξεμβουργιανά | γράψε λουξεμβουργιανά | σύνταξη γραπτών κειμένων στα λουξεμβουργιανά | γράφουν λουξεμβουργιανά | δεξιότητες γραφής στα λουξεμβουργιανά,"Σύνταξη γραπτών κειμένων στη λουξεμβουργιανή γλώσσα.
	",http://data.europa.eu/esco/skill/7d16f1e4-1003-4f1f-9595-5cafb25a67df,λουξεμβουργιανά
KnowledgeSkillCompetence,http://data.europa.eu/esco/skill/d4956f26-d8e3-4cca-9114-a3098f4fafbf,skill/competence,transversal,κατανόηση γραπτού λόγου στα βιετναμέζικα,released,,Ανάγνωση και κατανόηση γραπτού λόγου στα βιετναμέζικα.,http://data.europa.eu/esco/skill/bf60009d-8afb-4306-9b0d-cfe2f66ab08f,βιετναμέζικα
KnowledgeSkillCompetence,http://data.europa.eu/esco/skill/d54d7c00-87c4-4f78-af8d-e84577372974,knowledge,transversal,βαλλονικά,released,,Η γλώσσα της Βαλλονίας.,http://data.europa.eu/esco/skill/9adca63b-9c75-4804-8dab-d62872540a10 | http://data.europa.eu/esco/skill/43f425aa-f45d-4bb4-a200-6f82fa211b66,Άριστη γνώση γλωσσών | Γλώσσες
KnowledgeSkillCompetence,http://data.europa.eu/esco/skill/d59ef10f-ad20-4791-957d-b315196ecdc2,knowledge,transversal,γίντις,released,,Η γλώσσα γίντις.,http://data.europa.eu/esco/skill/9adca63b-9c75-4804-8dab-d62872540a10 | http://data.europa.eu/esco/skill/43f425aa-f45d-4bb4-a200-6f82fa211b66,Άριστη γνώση γλωσσών | Γλώσσες
KnowledgeSkillCompetence,http://data.europa.eu/esco/skill/d5fd4958-4ca6-4d06-845f-713e2c459612,knowledge,transversal,βουλγαρικά,released,,Η βουλγαρική γλώσσα. Τα βουλγαρικά είναι επίσημη γλώσσα και γλώσσα εργασίας της ΕΕ.,http://data.europa.eu/esco/skill/9adca63b-9c75-4804-8dab-d62872540a10 | http://data.europa.eu/esco/skill/43f425aa-f45d-4bb4-a200-6f82fa211b66,Άριστη γνώση γλωσσών | Γλώσσες
KnowledgeSkillCompetence,http://data.europa.eu/esco/skill/d687187f-9f8f-4c3f-b0a0-230595b7f3af,skill/competence,transversal,κατανόηση γραπτού λόγου στα κουρδικά,released,,Ανάγνωση και κατανόηση γραπτού κειμένου στα κουρδικά.,http://data.europa.eu/esco/skill/2874065e-6ca3-430c-912a-467da3c23704,κουρδικά
KnowledgeSkillCompetence,http://data.europa.eu/esco/skill/d6dbc6ea-9bb6-4a8f-9bc2-e9299d74fff9,skill/competence,transversal,προφορική επικοινωνία στα βιετναμέζικα,released,,Προφορική επικοινωνία στα βιετναμέζικα.,http://data.europa.eu/esco/skill/bf60009d-8afb-4306-9b0d-cfe2f66ab08f,βιετναμέζικα
KnowledgeSkillCompetence,http://data.europa.eu/esco/skill/d88d546f-c06d-40f0-9810-3a914abb5444,skill/competence,transversal,κατανόηση γραπτού λόγου στα βοσνιακά,released,,Ανάγνωση και κατανόηση γραπτών κειμένων στα βοσνιακά.,http://data.europa.eu/esco/skill/a9fdd2c9-4295-4407-ba3c-1547cbce40a2,βοσνιακά
KnowledgeSkillCompetence,http://data.europa.eu/esco/skill/d937b5aa-8337-4d47-8281-6a67c905569a,skill/competence,transversal,κατανόηση προφορικού λόγου στα γίντις,released,,Κατανόηση προφορικού λόγου στα γίντις.,http://data.europa.eu/esco/skill/d59ef10f-ad20-4791-957d-b315196ecdc2,γίντις
KnowledgeSkillCompetence,http://data.europa.eu/esco/skill/d93a7370-bf56-43f5-be54-e108f8ec3107,knowledge,transversal,χίντι,released,,Η γλώσσα χίντι.,http://data.europa.eu/esco/skill/9adca63b-9c75-4804-8dab-d62872540a10 | http://data.europa.eu/esco/skill/43f425aa-f45d-4bb4-a200-6f82fa211b66,Άριστη γνώση γλωσσών | Γλώσσες
KnowledgeSkillCompetence,http://data.europa.eu/esco/skill/d974d81a-a8db-430d-a3fe-b064bd6a374f,skill/competence,transversal,κατανόηση προφορικού λόγου στα τουρκικά,released,,Κατανόηση προφορικής έκφρασης στα τουρκικά.,http://data.europa.eu/esco/skill/aa66a033-8522-40e9-a5c0-ff2593e2669c,τουρκικά
KnowledgeSkillCompetence,http://data.europa.eu/esco/skill/d9916072-47e1-4466-9908-e7d8f654adc9,skill/competence,transversal,κατανόηση προφορικού λόγου στα ουκρανικά,released,,Κατανόηση προφορικής έκφρασης στα ουκρανικά.,http://data.europa.eu/esco/skill/354b948c-7eef-4ebc-bfd6-f60d7d5acb62,ουκρανικά
KnowledgeSkillCompetence,http://data.europa.eu/esco/skill/da0795a7-6866-4afc-81ed-5e3aa398f058,knowledge,transversal,τσέχικα,released,,Η τσέχικη γλώσσα. Τα τσέχικα είναι επίσημη γλώσσας και γλώσσα εργασίας της ΕΕ.,http://data.europa.eu/esco/skill/9adca63b-9c75-4804-8dab-d62872540a10 | http://data.europa.eu/esco/skill/43f425aa-f45d-4bb4-a200-6f82fa211b66,Άριστη γνώση γλωσσών | Γλώσσες
KnowledgeSkillCompetence,http://data.europa.eu/esco/skill/da4fed26-1991-45bd-b7e0-4eded5dcee10,skill/competence,transversal,κατανόηση γραπτού λόγου στα σλοβενικά,released,,Ανάγνωση και κατανόηση γραπτού κειμένου στη σλοβενική γλώσσα.,http://data.europa.eu/esco/skill/9ace3aae-aeae-4ed6-b625-26bc58345554,σλοβενικά
KnowledgeSkillCompetence,http://data.europa.eu/esco/skill/db751c12-2062-477b-b2b2-6be80daa1ff8,skill/competence,transversal,προφορική επικοινωνία στα κουρδικά,released,,Προφορική επικοινωνία στα κουρδικά.,http://data.europa.eu/esco/skill/2874065e-6ca3-430c-912a-467da3c23704,κουρδικά
KnowledgeSkillCompetence,http://data.europa.eu/esco/skill/dc052a4f-fb8e-4edb-a575-3a63ddd5b94b,skill/competence,transversal,προφορική επικοινωνία στα πολωνικά,released,,Προφορική επικοινωνία στα πολωνικά.,http://data.europa.eu/esco/skill/f3e9b964-0c2d-46c4-a895-8b3583054d69,πολωνικά
KnowledgeSkillCompetence,http://data.europa.eu/esco/skill/dcdff38c-01b1-4e44-bc2f-f69b889d45bb,skill/competence,transversal,προφορική επικοινωνία στα μακεδονικά,released,,Προφορική επικοινωνία στα μακεδονικά.,http://data.europa.eu/esco/skill/15f261e6-4379-437e-b137-b0c473ae3e74,μακεδονικά
KnowledgeSkillCompetence,http://data.europa.eu/esco/skill/dd5cb6ea-3818-4734-816d-821a67a3684e,skill/competence,transversal,προφορική επικοινωνία στα ιαπωνικά,released,,Προφορική επικοινωνία στα ιαπωνικά.,http://data.europa.eu/esco/skill/39c675c4-af13-49db-bbed-cf762102f85e,ιαπωνικά
KnowledgeSkillCompetence,http://data.europa.eu/esco/skill/ddd3596a-43f3-402e-960a-5f79362a8609,knowledge,transversal,ουγγρικά,released,,Η ουγγρική γλώσσα. Τα ουγγρικά είναι επίσημη γλώσσα και γλώσσα εργασίας της ΕΕ.,http://data.europa.eu/esco/skill/9adca63b-9c75-4804-8dab-d62872540a10 | http://data.europa.eu/esco/skill/43f425aa-f45d-4bb4-a200-6f82fa211b66,Άριστη γνώση γλωσσών | Γλώσσες
KnowledgeSkillCompetence,http://data.europa.eu/esco/skill/df794a74-0392-4178-918b-e38e68487325,skill/competence,transversal,κατανόηση προφορικού λόγου στα ταμιλικά,released,,Κατανόηση προφορικής έκφρασης στα ταμιλικά.,http://data.europa.eu/esco/skill/e9e9b625-f59f-4bda-952d-1f9831e6dfda,ταμιλικά
KnowledgeSkillCompetence,http://data.europa.eu/esco/skill/e05b9e06-d298-4646-b762-acbd485a20e9,knowledge,transversal,παντζάμπι,released,,Η γλώσσα παντζάμπι.,http://data.europa.eu/esco/skill/9adca63b-9c75-4804-8dab-d62872540a10 | http://data.europa.eu/esco/skill/43f425aa-f45d-4bb4-a200-6f82fa211b66,Άριστη γνώση γλωσσών | Γλώσσες
KnowledgeSkillCompetence,http://data.europa.eu/esco/skill/e0f20875-de6a-4795-9788-6a32be41512f,skill/competence,transversal,κατανόηση γραπτού λόγου στα κροατικά,released,,Ανάγνωση και κατανόηση γραπτών κειμένων στην κροατική γλώσσα.,http://data.europa.eu/esco/skill/6bc58e91-1827-4dc7-a9cf-2311edcba0ec,κροατικά
KnowledgeSkillCompetence,http://data.europa.eu/esco/skill/e18ee06c-7a0f-47d5-8143-345b8a6f4739,skill/competence,transversal,κατανόηση προφορικού λόγου στα οξιτανικά,released,,Κατανόηση προφορικής έκφρασης στα οξιτανικά.,http://data.europa.eu/esco/skill/57cc6587-7efe-4ba5-982f-ac15ce1617ac,οξιτανικά
KnowledgeSkillCompetence,http://data.europa.eu/esco/skill/e1ebf53c-8800-402c-9e61-e19ac072c52d,skill/competence,transversal,κατανόηση προφορικού λόγου στα χίντι,released,,Κατανόηση προφορικής έκφρασης στα χίντι.,http://data.europa.eu/esco/skill/d93a7370-bf56-43f5-be54-e108f8ec3107,χίντι
KnowledgeSkillCompetence,http://data.europa.eu/esco/skill/e29c14e1-60c7-444c-b3d0-43d6bee04340,skill/competence,transversal,παραγωγή γραπτού λόγου στα λιμβουργιανά,released,,Σύνταξη γραπτών κειμένων στα λιβουργιανά.,http://data.europa.eu/esco/skill/cf5b3ca0-a844-42b9-b9cd-bd15465b9cac,λιμβουργιανά
KnowledgeSkillCompetence,http://data.europa.eu/esco/skill/e3332a83-c688-4838-bd19-e66f6da2201e,skill/competence,transversal,κατανόηση προφορικού λόγου στα μπιχάρι,released,,Κατανόηση προφορικής έκφρασης στα μπιχάρι.,http://data.europa.eu/esco/skill/15ea7b6b-1b93-4ed8-b58a-5c54777e0832,μπιχάρι
KnowledgeSkillCompetence,http://data.europa.eu/esco/skill/e35cfb6e-ea8e-4aef-aab9-3cbc7d79647b,skill/competence,transversal,παραγωγή γραπτού λόγου στα ολλανδικά,released,,Σύνταξη γραπτών κειμένων στα ολλανδικά.,http://data.europa.eu/esco/skill/cad4f44b-28a8-4448-86e5-7389e5ebf3eb,ολλανδικά
KnowledgeSkillCompetence,http://data.europa.eu/esco/skill/e396053a-7820-4c4d-9ba9-20d66753f50e,skill/competence,transversal,κατανόηση προφορικού λόγου στα σαρδηνιακά,released,,Κατανόηση προφορικής έκφρασης στα σαρδηνιακά​.,http://data.europa.eu/esco/skill/1627c1b9-31e1-4742-bf5c-cfec2ce33cfc,σαρδηνιακά
KnowledgeSkillCompetence,http://data.europa.eu/esco/skill/e39c8636-6bbc-44c3-88ba-de059ac2396c,skill/competence,transversal,προφορική επικοινωνία στα σερβικά,released,,Προφορική επικοινωνία στα σερβικά.,http://data.europa.eu/esco/skill/c5cb0cc1-c40b-4544-a21c-8472f0b5c14a,σερβικά
KnowledgeSkillCompetence,http://data.europa.eu/esco/skill/e3a22d2c-2b2e-4eda-b756-2a1908be79b7,skill/competence,transversal,κατανόηση προφορικού λόγου στα λιμβουργιανά,released,,Κατανόηση προφορικής έκφρασης στα λιμβουργιανά.,http://data.europa.eu/esco/skill/cf5b3ca0-a844-42b9-b9cd-bd15465b9cac,λιμβουργιανά
KnowledgeSkillCompetence,http://data.europa.eu/esco/skill/e58ea17c-1442-4b34-8ec6-0587a5fb55a6,skill/competence,transversal,κατανόηση γραπτού λόγου στα ελληνικά,released,,Ανάγνωση και κατανόηση γραπτών κειμένων στην ελληνική γλώσσα.,http://data.europa.eu/esco/skill/ea4ebfa1-e17a-4416-ac54-955f33e6ade7,ελληνικά
KnowledgeSkillCompetence,http://data.europa.eu/esco/skill/e5dbcfcf-3139-40e2-87ed-f7154a0a70a4,skill/competence,transversal,κατανόηση γραπτού λόγου στα βεγγαλικά,released,,Ανάγνωση και κατανόηση γραπτών κειμένων στα βεγγαλικά.,http://data.europa.eu/esco/skill/ede98e07-f07d-41bc-99b0-f88bf0dad438,βεγγαλικά
KnowledgeSkillCompetence,http://data.europa.eu/esco/skill/e747e77e-0ea1-4001-8b07-1d11946b5f1b,knowledge,transversal,γαλλικά,released,,Η γαλλική γλώσσα. Τα γαλλικά είναι επίσημη γλώσσα και γλώσσα εργασίας της ΕΕ.,http://data.europa.eu/esco/skill/9adca63b-9c75-4804-8dab-d62872540a10 | http://data.europa.eu/esco/skill/43f425aa-f45d-4bb4-a200-6f82fa211b66,Άριστη γνώση γλωσσών | Γλώσσες
KnowledgeSkillCompetence,http://data.europa.eu/esco/skill/e832f8d8-d627-4b0d-b1a5-b52f3917bb63,skill/competence,transversal,κατανόηση γραπτού λόγου στα σλοβακικά,released,,Ανάγνωση και κατανόηση γραπτών κειμένων στα σλοβακικά.,http://data.europa.eu/esco/skill/246980fe-6222-4852-ade8-b372f7e0fd20,σλοβακικά
KnowledgeSkillCompetence,http://data.europa.eu/esco/skill/e9e9b625-f59f-4bda-952d-1f9831e6dfda,knowledge,transversal,ταμιλικά,released,,Η γλώσσα Ταμίλ.,http://data.europa.eu/esco/skill/9adca63b-9c75-4804-8dab-d62872540a10 | http://data.europa.eu/esco/skill/43f425aa-f45d-4bb4-a200-6f82fa211b66,Άριστη γνώση γλωσσών | Γλώσσες
KnowledgeSkillCompetence,http://data.europa.eu/esco/skill/ea4d26de-df11-464f-940f-d63f0f5848f1,skill/competence,transversal,προφορική επικοινωνία στα σαρδηνιακά,released,,Προφορική επικοινωνία στα σαρδηνιακά​.,http://data.europa.eu/esco/skill/1627c1b9-31e1-4742-bf5c-cfec2ce33cfc,σαρδηνιακά
KnowledgeSkillCompetence,http://data.europa.eu/esco/skill/ea4ebfa1-e17a-4416-ac54-955f33e6ade7,knowledge,transversal,ελληνικά,released,,Η ελληνική γλώσσα. Τα ελληνικά είναι επίσημη γλώσσα και γλώσσα εργασίας της ΕΕ.,http://data.europa.eu/esco/skill/9adca63b-9c75-4804-8dab-d62872540a10 | http://data.europa.eu/esco/skill/43f425aa-f45d-4bb4-a200-6f82fa211b66,Άριστη γνώση γλωσσών | Γλώσσες
KnowledgeSkillCompetence,http://data.europa.eu/esco/skill/eb19f00b-62c1-493b-bd75-1e90718ac04a,skill/competence,transversal,προφορική επικοινωνία στα βεγγαλικά,released,,Προφορική επικοινωνία στα βεγγαλικά.,http://data.europa.eu/esco/skill/ede98e07-f07d-41bc-99b0-f88bf0dad438,βεγγαλικά
KnowledgeSkillCompetence,http://data.europa.eu/esco/skill/ec4855b5-84a5-4c59-812e-8e4319d7bf8d,skill/competence,transversal,παραγωγή γραπτού λόγου στα περσικά,released,,Σύνταξη γραπτών κειμένων στα περσικά.,http://data.europa.eu/esco/skill/58cabf75-2520-4358-a210-2cbc628f4aa2,περσικά
KnowledgeSkillCompetence,http://data.europa.eu/esco/skill/ecb6d4ea-5693-453b-8c9a-d6c68589319a,skill/competence,transversal,κατανόηση προφορικού λόγου στα τσέχικα,released,,Κατανόηση προφορικής έκφρασης στα τσέχικα.,http://data.europa.eu/esco/skill/da0795a7-6866-4afc-81ed-5e3aa398f058,τσέχικα
KnowledgeSkillCompetence,http://data.europa.eu/esco/skill/ed1614dd-5a66-4a95-968f-a0d46ecdce92,skill/competence,transversal,παραγωγή γραπτού λόγου στα ταμιλικά,released,,Σύνταξη γραπτών κειμένων στα ταμιλικά.,http://data.europa.eu/esco/skill/e9e9b625-f59f-4bda-952d-1f9831e6dfda,ταμιλικά
KnowledgeSkillCompetence,http://data.europa.eu/esco/skill/edd82d34-0ab5-45cb-9997-360e177ced27,skill/competence,transversal,προφορική επικοινωνία στα αρμενικά,released,,Προφορική επικοινωνία στα αρμενικά.,http://data.europa.eu/esco/skill/fcbcdf4c-d079-4010-ab4b-8356fbfa5096,αρμενικά
KnowledgeSkillCompetence,http://data.europa.eu/esco/skill/ede98e07-f07d-41bc-99b0-f88bf0dad438,knowledge,transversal,βεγγαλικά,released,,Η βεγγαλική γλώσσα.,http://data.europa.eu/esco/skill/9adca63b-9c75-4804-8dab-d62872540a10 | http://data.europa.eu/esco/skill/43f425aa-f45d-4bb4-a200-6f82fa211b66,Άριστη γνώση γλωσσών | Γλώσσες
KnowledgeSkillCompetence,http://data.europa.eu/esco/skill/efa7943e-28b8-4657-bccb-f04e86ba058b,skill/competence,transversal,παραγωγή γραπτού λόγου στα κουρδικά,released,,Σύνταξη γραπτών κειμένων στα κουρδικά.,http://data.europa.eu/esco/skill/2874065e-6ca3-430c-912a-467da3c23704,κουρδικά
KnowledgeSkillCompetence,http://data.europa.eu/esco/skill/f018c29a-e837-4c4e-ac7c-aea212e0fc48,skill/competence,transversal,κατανόηση προφορικού λόγου στα ουρντού,released,,Κατανόηση προφορικού λόγου στα ουρντού.,http://data.europa.eu/esco/skill/bc546a09-1103-4184-b757-3508ef5f8490,ούρντου
KnowledgeSkillCompetence,http://data.europa.eu/esco/skill/f16e242e-a0e1-4d3a-b8bc-0fc6eca50354,skill/competence,transversal,παραγωγή γραπτού λόγου στα καζακικά,released,,Σύνταξη γραπτών κειμένων στα καζακικά.,http://data.europa.eu/esco/skill/f37dbb3c-dafc-4835-86d1-de9615626f9b,καζακικά
KnowledgeSkillCompetence,http://data.europa.eu/esco/skill/f1a08ec9-32d2-4e52-ba4a-66e049019be8,knowledge,transversal,αλβανικά,released,,Η αλβανική γλώσσα.,http://data.europa.eu/esco/skill/9adca63b-9c75-4804-8dab-d62872540a10 | http://data.europa.eu/esco/skill/43f425aa-f45d-4bb4-a200-6f82fa211b66,Άριστη γνώση γλωσσών | Γλώσσες
KnowledgeSkillCompetence,http://data.europa.eu/esco/skill/f2d14962-e378-4df4-87ce-f1786df2b015,skill/competence,transversal,κατανόηση προφορικού λόγου στα λευκορωσικά,released,,Κατανόηση προφορικής επικοινωνίας στα λευκορωσικά.,http://data.europa.eu/esco/skill/6f55e44d-4494-4079-9b8d-01ac6912529e,λευκορωσικά
KnowledgeSkillCompetence,http://data.europa.eu/esco/skill/f37dbb3c-dafc-4835-86d1-de9615626f9b,knowledge,transversal,καζακικά,released,,Η καζακική γλώσσα.,http://data.europa.eu/esco/skill/9adca63b-9c75-4804-8dab-d62872540a10 | http://data.europa.eu/esco/skill/43f425aa-f45d-4bb4-a200-6f82fa211b66,Άριστη γνώση γλωσσών | Γλώσσες
KnowledgeSkillCompetence,http://data.europa.eu/esco/skill/f3e9b964-0c2d-46c4-a895-8b3583054d69,knowledge,transversal,πολωνικά,released,,Η πολωνική γλώσσα. Τα πολωνικά είναι επίσημη γλώσσα και γλώσσα εργασίας της ΕΕ.,http://data.europa.eu/esco/skill/9adca63b-9c75-4804-8dab-d62872540a10 | http://data.europa.eu/esco/skill/43f425aa-f45d-4bb4-a200-6f82fa211b66,Άριστη γνώση γλωσσών | Γλώσσες
KnowledgeSkillCompetence,http://data.europa.eu/esco/skill/f58e2088-08c5-4680-83a1-18ba01299d4c,skill/competence,transversal,προφορική επικοινωνία στα εβραϊκά,released,,Προφορική επικοινωνία στα εβραϊκά.,http://data.europa.eu/esco/skill/8a45f04a-cd28-4ac1-8e8b-ecfd21be0b18,εβραϊκά
KnowledgeSkillCompetence,http://data.europa.eu/esco/skill/f5e51369-45c6-42b1-8ccc-d1826112e555,skill/competence,transversal,κατανόηση προφορικού λόγου στα πολωνικά,released,,Κατανόηση προφορικού λόγου στα πολωνικά.,http://data.europa.eu/esco/skill/f3e9b964-0c2d-46c4-a895-8b3583054d69,πολωνικά
KnowledgeSkillCompetence,http://data.europa.eu/esco/skill/f61a0a31-5b6b-4129-b5c2-99e10a5d7794,skill/competence,transversal,κατανόηση γραπτού λόγου στα ουαλικά,released,,Ανάγνωση και κατανόηση γραπτών κειμένων στα ουαλικά.,http://data.europa.eu/esco/skill/8dbd15c6-ecf0-468c-8ae1-f6eb360743dd,ουαλικά
KnowledgeSkillCompetence,http://data.europa.eu/esco/skill/f739ca36-437c-4f87-83bb-7a1933768d26,skill/competence,transversal,κατανόηση γραπτού λόγου στα λιμβουργιανά,released,,Ανάγνωση και κατανόηση γραπτών κειμένων στα λιμβουργιανά.,http://data.europa.eu/esco/skill/cf5b3ca0-a844-42b9-b9cd-bd15465b9cac,λιμβουργιανά
KnowledgeSkillCompetence,http://data.europa.eu/esco/skill/f7d66f52-6ea4-4ed4-a5b1-318c8eff6f47,skill/competence,transversal,προφορική επικοινωνία στα γαλικιανά,released,,Προφορική επικοινωνία στα γαλικιανά.,http://data.europa.eu/esco/skill/66212ff2-34b9-4812-be58-f53a0b751863,γαλικιανά
KnowledgeSkillCompetence,http://data.europa.eu/esco/skill/f9bc2890-d1f2-4a83-bd7b-b150a7679c79,knowledge,transversal,κορεατικά,released,,Η κορεατική γλώσσα.,http://data.europa.eu/esco/skill/9adca63b-9c75-4804-8dab-d62872540a10 | http://data.europa.eu/esco/skill/43f425aa-f45d-4bb4-a200-6f82fa211b66,Άριστη γνώση γλωσσών | Γλώσσες
KnowledgeSkillCompetence,http://data.europa.eu/esco/skill/fa8ee260-64dc-42db-a5c7-9d3b232767df,skill/competence,transversal,παραγωγή γραπτού λόγου στα πολωνικά,released,,Σύνταξη γραπτών κειμένων στα πολωνικά.,http://data.europa.eu/esco/skill/f3e9b964-0c2d-46c4-a895-8b3583054d69,πολωνικά
KnowledgeSkillCompetence,http://data.europa.eu/esco/skill/fb299aca-b999-4829-9a40-f8379ac006f4,skill/competence,transversal,προφορική επικοινωνία στα μαλέι,released,,Προφορική επικοινωνία στα μαλέι.,http://data.europa.eu/esco/skill/1f90c205-f869-4dcf-a374-c4fdeded9cbc,μαλαισιανά
KnowledgeSkillCompetence,http://data.europa.eu/esco/skill/fbe75fa4-4f78-459b-858a-a30b29e7591e,skill/competence,transversal,κατανόηση προφορικού λόγου στα βαλονικά,released,,Κατανόηση προφορικού λόγου στα βαλονικά,http://data.europa.eu/esco/skill/d54d7c00-87c4-4f78-af8d-e84577372974,βαλλονικά
KnowledgeSkillCompetence,http://data.europa.eu/esco/skill/fcbcdf4c-d079-4010-ab4b-8356fbfa5096,knowledge,transversal,αρμενικά,released,,Η αρμενική γλώσσα.,http://data.europa.eu/esco/skill/9adca63b-9c75-4804-8dab-d62872540a10 | http://data.europa.eu/esco/skill/43f425aa-f45d-4bb4-a200-6f82fa211b66,Άριστη γνώση γλωσσών | Γλώσσες
KnowledgeSkillCompetence,http://data.europa.eu/esco/skill/fcd4892f-486f-4e86-b78b-146a95c546a1,skill/competence,transversal,προφορική επικοινωνία στα κροατικά,released,,Προφορική επικοινωνία στα κροατικά.,http://data.europa.eu/esco/skill/6bc58e91-1827-4dc7-a9cf-2311edcba0ec,κροατικά
KnowledgeSkillCompetence,http://data.europa.eu/esco/skill/ff52e69a-8873-4827-b140-958dee5a62bb,skill/competence,transversal,κατανόηση προφορικού λόγου στα νορβηγικά,released,,Κατανόηση προφορικού λόγου στα νορβηγικά.,http://data.europa.eu/esco/skill/829f6eb5-0b26-4152-8eb3-82dd32b2b6f2,νορβηγικά
KnowledgeSkillCompetence,http://data.europa.eu/esco/skill/ff7f57d7-084b-4ec2-8e2d-2637b1ab3931,skill/competence,transversal,παραγωγή γραπτού λόγου στα οξιτανικά,released,,Σύνταξη γραπτών κειμένων στα οξιτανικά.,http://data.europa.eu/esco/skill/57cc6587-7efe-4ba5-982f-ac15ce1617ac,οξιτανικά
