conceptType,conceptUri,preferredLabel,status,altLabels,description,broaderConceptUri,broaderConceptPT
Occupation,http://data.europa.eu/esco/occupation/01ffb917-98dc-48c1-91ad-93c4104e791d,βιοϊατρικός μηχανικός,released,μηχανικός βιοϊατρικής τεχνολογίας | μηχανικός βιοϊατρικής,"Οι βιοϊατρικοί μηχανικοί συνδυάζουν τις γνώσεις των αρχών της μηχανικής με τα βιολογικά ευρήματα, για την ανάπτυξη ιατρικών θεραπειών, φαρμάκων και γενικών υπηρεσιών υγειονομικής περίθαλψης. Μπορούν να αναπτύσσουν λύσεις, από τη βελτίωση των συστατικών σε συμβατικά φάρμακα έως την ανάπτυξη εμφυτευμάτων και την επεξεργασία ιστών.",http://data.europa.eu/esco/occupation/f9433fdb-dde1-46cf-9e91-b49d243946a7,βιολόγος μηχανικός
Occupation,http://data.europa.eu/esco/occupation/0611f232-b30e-46c7-9c26-2d59b1448e79,εγκληματολόγος,released,,"Οι εγκληματολόγοι μελετούν τις συνθήκες που σχετίζονται με τους ανθρώπους, όπως οι κοινωνικές και οι ψυχολογικές πτυχές που θα μπορούσαν να τους οδηγήσουν στην τέλεση εγκληματικών πράξεων. Παρατηρούν και αναλύουν διάφορους παράγοντες, από τις συνθήκες συμπεριφοράς έως το κοινωνικό υπόβαθρο και το περιβάλλον των υπόπτων, με σκοπό την παροχή συμβουλών σε οργανισμούς που ασχολούνται με την πρόληψη του εγκλήματος.",http://data.europa.eu/esco/isco/C2632,"Κοινωνιολόγοι, ανθρωπολόγοι και ασκούντες συναφή επαγγέλματα"
Occupation,http://data.europa.eu/esco/occupation/0959cd1d-f6c8-4362-939a-ad7d5f75d659,πανεπιστημιακός καθηγητής οικονομικών επιστημών/πανεπιστημιακή καθηγήτρια οικονομικών επιστημών,released,καθηγήτρια οικονομικών | καθηγητής οικονομικών επιστημών | λέκτορας οικονομικών επιστημών | αναπληρώτρια καθηγήτρια οικονομικών επιστημών | επίκουρος καθηγητής οικονομικών επιστημών | λεκτόρισσα οικονομικών επιστημών | καθηγήτρια οικονομικών επιστημών | καθηγητής οικονομικών | πανεπιστημιακός καθηγητής οικονομικών επιστημών | αναπληρωτής καθηγητής οικονομικών επιστημών | επίκουρη καθηγήτρια οικονομικών επιστημών | πανεπιστημιακή καθηγήτρια οικονομικών επιστημών,"Οι πανεπιστημιακοί καθηγητές οικονομικών επιστημών είναι καθηγητές, βοηθοί καθηγητές, εκπαιδευτικοί, λέκτορες, βοηθοί λέκτορες, σύμβουλοι, που παρέχουν καθοδήγηση σε σπουδαστές στον δικό τους εξειδικευμένο τομέα σπουδών, τα οικονομικά. Αναπτύσσουν πρόγραμμα σπουδών, προετοιμάζουν μαθήματα (διαλέξεις, πρακτικές τάξεις, σεμινάρια, μαθήματα κ.λπ.), παρακολουθούν τα μαθησιακά αποτελέσματα, επιβλέπουν την πορεία σπουδών των φοιτητών. Διεξάγουν ακαδημαϊκή έρευνα στον τομέα της οικονομίας και παρουσιάζουν τα πορίσματά τους σε συνέδρια και δημοσιεύσεις. Είναι επιφορτισμένοι με ορισμένα διοικητικά καθήκοντα στο πανεπιστήμιο.",http://data.europa.eu/esco/occupation/684fd8d5-9b40-4b02-a680-438f0082d923,καθηγητής τριτοβάθμιας εκπαίδευσης/καθηγήτρια τριτοβάθμιας εκπαίδευσης
Occupation,http://data.europa.eu/esco/occupation/0bf5d25a-2b4d-43b5-b053-beeb210fa43a,πανεπιστημιακός καθηγητής ιατρικής/πανεπιστημιακή καθηγήτρια ιατρικής,released,πανεπιστημιακή καθηγήτρια ιατρικής | καθηγητής ιατρικής | επίκουρος καθηγητής ιατρικής | λέκτορας ιατρικής | πανεπιστημιακός καθηγητής ιατρικής | καθηγήτρια ιατρικής | αναπληρωτής καθηγητής ιατρικής | αναπληρώτρια καθηγήτρια ιατρικής | λεκτόρισσα ιατρικής | επίκουρη καθηγήτρια ιατρικής,"Οι πανεπιστημιακοί καθηγητές ιατρικής είναι καθηγητές, εκπαιδευτικοί, λέκτορες και συχνά γιατροί, οι οποίοι διδάσκουν σε σπουδαστές με απολυτήριο ανώτερης δευτεροβάθμιας εκπαίδευσης, το δικό τους εξειδικευμένο πεδίο σπουδών, την ιατρική, το οποίο έχει κυρίως ακαδημαϊκό χαρακτήρα. Συνεργάζονται με τους βοηθούς ερευνητές και τους βοηθούς καθηγητή για την προετοιμασία των διαλέξεων και των εξετάσεων, για τη βαθμολόγηση των εργασιών και των εξετάσεων, προΐστανται σε εργαστηριακές πρακτικές, καθώς και σε μαθήματα επανεξέτασης και ανατροφοδότησης για τους φοιτητές. Επίσης, διεξάγουν ακαδημαϊκή έρευνα στον αντίστοιχο τομέα της ιατρικής, δημοσιεύουν τα πορίσματά τους και συνεργάζονται με άλλους συναδέλφους από το πανεπιστήμιο.",http://data.europa.eu/esco/occupation/684fd8d5-9b40-4b02-a680-438f0082d923,καθηγητής τριτοβάθμιας εκπαίδευσης/καθηγήτρια τριτοβάθμιας εκπαίδευσης
Occupation,http://data.europa.eu/esco/occupation/0c7c9606-fde3-4658-8136-8fe0c9b8bd09,μηχανικός με ειδίκευση στα ιατροτεχνολογικά προϊόντα,released,ηλεκτρονικός μηχανικός με ειδίκευση στα ιατρικά όργανα | ηλεκτρονικός μηχανικός ιατρικών μηχανημάτων | ηλεκτρονικός μηχανικός με ειδίκευση στη βιοϊατρική τεχνολογία,"Οι μηχανικοί με ειδίκευση στα ιατροτεχνολογικά προϊόντα σχεδιάζουν και αναπτύσσουν ιατροτεχνικά συστήματα, εγκαταστάσεις και εξοπλισμό, όπως βηματοδότες, τομογράφους MRI, και μηχανήματα ακτίνων Χ. Παρακολουθούν όλη τη διαδικασία παραγωγής, από τον σχεδιασμό έως την υλοποίηση των προϊόντων. Οι αρμοδιότητές τους περιλαμβάνουν, μεταξύ άλλων, τον σχεδιασμό βελτιώσεων των προϊόντων, την ανάπτυξη μεθόδων και τεχνικών για την αξιολόγηση της καταλληλότητας του σχεδιασμού, τον συντονισμό της αρχικής παραγωγής, την ανάπτυξη διαδικασιών δοκιμών και τον σχεδιασμό κατασκευαστικών διαγραμμάτων.",http://data.europa.eu/esco/occupation/4d34a9ee-2653-4da0-bef7-f59294577224,ηλεκτρονικός μηχανικός
Occupation,http://data.europa.eu/esco/occupation/0cd729a6-ed11-4338-ac4b-d4b924390128,ιστορικός,released,ιστορικός-εθνολόγος | αιγυπτιολόγος | ιστορικός ελληνοαραβικών σπουδών | ιστορικός της οικονομίας | στρατιωτική ιστορικός | ιστορικός τέχνης | στρατιωτικός ιστορικός,"Οι ιστορικοί ασχολούνται με την έρευνα, ανάλυση, ερμηνεία και παρουσίαση του παρελθόντος των ανθρώπινων κοινωνιών. Αναλύουν έγγραφα, πηγές και ίχνη του παρελθόντος για την κατανόηση παλαιότερων κοινωνιών.",http://data.europa.eu/esco/isco/C2633,"Φιλόσοφοι, ιστορικοί και πολιτικοί επιστήμονες"
Occupation,http://data.europa.eu/esco/occupation/0d93706d-32fd-4de3-aa08-be1003e325da,χημικός,released,ανόργανη χημικός | πυρηνικός χημικός | βιοχημικός | χημικός πραγωγής | οργανική χημικός | κβαντικός χημικός | οργανικός χημικός | αναλυτικός χημικός | κλινική χημικός | αναλυτική χημικός | κλινικός χημικός | ανόργανος χημικός | χημικός περιβάλλοντος | κβαντική χημικός | πυρηνική χημικός,"Οι χημικοί πραγματοποιούν εργαστηριακές έρευνες μέσω δοκιμών και ανάλυσης της χημικής δομής ουσιών. Τα αποτελέσματα της έρευνας βρίσκουν εφαρμογή σε διαδικασίες βιομηχανικής παραγωγής που χρησιμοποιούνται περαιτέρω για την ανάπτυξη ή τη βελτίωση των προϊόντων. Επίσης, οι χημικοί ελέγχουν την ποιότητα των κατασκευαζόμενων προϊόντων και τον περιβαλλοντικό τους αντίκτυπο.",http://data.europa.eu/esco/isco/C2113,Χημικοί
Occupation,http://data.europa.eu/esco/occupation/10291962-c0c7-4e5b-a7ed-0762b4d9b010,φαρμακολόγος,released,,"Οι φαρμακολόγοι μελετούν τον τρόπο με τον οποίο τα φάρμακα και οι φαρμακευτικές ουσίες αλληλεπιδρούν με τους οργανισμούς, τα ζωντανά συστήματα και τα μέρη τους (π.χ. κύτταρα, ιστοί ή όργανα). Σκοπός της έρευνάς τους είναι ο εντοπισμός ουσιών που μπορούν να προσληφθούν από τον άνθρωπο και οι οποίες εκτελούν βιοχημικές λειτουργίες κατάλληλες για τη θεραπεία ασθενειών.",http://data.europa.eu/esco/isco/C2131,"Βιολόγοι, βοτανολόγοι, ζωολόγοι και ασκούντες συναφή επαγγέλματα"
Occupation,http://data.europa.eu/esco/occupation/116b4c55-5bd0-41e9-9227-98d7ecffeaf6,πανεπιστημιακός καθηγητής κοινωνιολογίας/πανεπιστημιακή καθηγήτρια κοινωνιολογίας,released,λέκτορας κοινωνιολογίας | επίκουρος καθηγητής κοινωνιολογίας | λεκτόρισσα κοινωνιολογίας | πανεπιστημιακός καθηγητής κοινωνιολογίας | καθηγήτρια κοινωνιολογίας | καθηγητής κοινωνιολογίας | αναπληρωτής καθηγητής κοινωνιολογίας | επίκουρη καθηγήτρια κοινωνιολογίας | αναπληρώτρια καθηγήτρια κοινωνιολογίας,"Οι πανεπιστημιακοί καθηγητές κοινωνιολογίας είναι καθηγητές, εκπαιδευτικοί, ή λέκτορες, οι οποίοι παρέχουν εκπαίδευση σε σπουδαστές με απολυτήριο ανώτερης δευτεροβάθμιας εκπαίδευσης και τους διδάσκουν στον δικό τους εξειδικευμένο τομέα σπουδών, την κοινωνιολογία, η οποία έχει κυρίως ακαδημαϊκό χαρακτήρα. Συνεργάζονται με τους βοηθούς ερευνητές και τους βοηθούς καθηγητή για την προετοιμασία των διαλέξεων και των εξετάσεων, για τη βαθμολόγηση των εργασιών και των εξετάσεων και παρέχουν ανατροφοδότηση και αξιολόγηση στους φοιτητές. Επίσης, διεξάγουν ακαδημαϊκή έρευνα στον τομέα της κοινωνιολογίας, δημοσιεύουν τα πορίσματά τους και συνεργάζονται με άλλους συναδέλφους από το πανεπιστήμιο.",http://data.europa.eu/esco/occupation/684fd8d5-9b40-4b02-a680-438f0082d923,καθηγητής τριτοβάθμιας εκπαίδευσης/καθηγήτρια τριτοβάθμιας εκπαίδευσης
Occupation,http://data.europa.eu/esco/occupation/11a6d0f6-e692-4774-aa5f-193b67d31022,κινησιολόγος,released,επιστήμονας κινησιολογίας | ειδικός κινησιολόγος | ειδική κινησιολόγος,"Οι κινησιολόγοι μελετούν και ερευνούν την κίνηση του σώματος, των μυών και των επιμέρους μερών τους. Αναλύουν και χρησιμοποιούν επιστημονικά δεδομένα και μεθόδους για τη βελτίωση της κίνησης του σώματος, γενικά στους ανθρώπους, μέσω της κατανόησης τομέων όπως η φυσιολογία, η κινητική, η νευρολογία και η βιολογία. Αναγνωρίζουν πώς ορισμένοι παράγοντες, όπως η σωματική κατάσταση, επηρεάζουν την κίνηση, και αναπτύσσουν λύσεις για τη βελτίωση της συνολικής μηχανικής και της κινητικότητας.",http://data.europa.eu/esco/isco/C2269,Επαγγελματίες του τομέα της υγείας π.δ.κ.α.
Occupation,http://data.europa.eu/esco/occupation/11b6390b-1e48-4903-a5df-d3e04b451a19,χημικός-κοσμητολόγος,released,κοσμετολόγος,"Οι χημικοί-κοσμητολόγοι αναπτύσσουν χημικούς τύπους με σκοπό τη δημιουργία και δοκιμή νέων καλλυντικών προϊόντων, και τη βελτίωση των υφιστάμενων καλλυντικών προϊόντων, όπως τα αρώματα και οι αρωματικές ουσίες, τα κραγιόν, οι αδιάβροχες λοσιόν και το μακιγιάζ, οι βαφές μαλλιών, τα σαπούνια και τα απορρυπαντικά με ειδικά χαρακτηριστικά, τα φάρμακα τοπικής χρήσης ή τα συμπληρώματα διατροφής.",http://data.europa.eu/esco/occupation/0d93706d-32fd-4de3-aa08-be1003e325da,χημικός
Occupation,http://data.europa.eu/esco/occupation/11d72bd6-779a-4643-9962-313833740094,περιβαλλοντολόγος,released,,"Οι περιβαλλοντολόγοι εντοπίζουν προβλήματα και βρίσκουν λύσεις για την ελαχιστοποίηση των περιβαλλοντικών κινδύνων, πραγματοποιώντας αναλύσεις δειγμάτων προερχόμενων από τον αέρα, το νερό ή το έδαφος. Αναπτύσσουν περιβαλλοντικές πολιτικές ή παρέχουν συμβουλές σχετικά με αυτές, και αποσκοπούν στη βελτίωση της προστασίας των αποθεμάτων νερού και στη διαχείριση των χώρων διάθεσης των αποβλήτων. Οι περιβαλλοντολόγοι προβαίνουν σε εκτιμήσεις περιβαλλοντικού κινδύνου και αναλύουν τις περιβαλλοντικές επιπτώσεις των νέων λύσεων, των εργοταξίων και των περιβαλλοντικών αλλαγών, διασφαλίζοντας την τήρηση των περιβαλλοντικών κανονισμών.",http://data.europa.eu/esco/isco/C2133,Επαγγελματίες προστασίας του περιβάλλοντος
Occupation,http://data.europa.eu/esco/occupation/11df8941-508c-4103-ad40-52cdf9430a59,κοινωνιολόγος,released,διαπολιτισμική μεσολαβήτρια | διαπολιτισμικός μεσολαβητής | γεροντολόγος | συμβουλος διαπολιτισμικής επικοινωνίας,"Οι κοινωνιολόγοι εστιάζουν την έρευνά τους στην εξήγηση της κοινωνικής συμπεριφοράς και στον τρόπο με τον οποίο οι άνθρωποι έχουν οργανωθεί ως κοινωνία. Ερευνούν και εξηγούν τον τρόπο με τον οποίο εξελίχθηκαν οι κοινωνίες, μέσω της περιγραφής των νομικών, πολιτικών και οικονομικών συστημάτων τους και των πολιτιστικών εκφράσεών τους.",http://data.europa.eu/esco/isco/C2632,"Κοινωνιολόγοι, ανθρωπολόγοι και ασκούντες συναφή επαγγέλματα"
Occupation,http://data.europa.eu/esco/occupation/1738173e-ef9c-4222-88c8-b6aa9bad3cf7,βιοφυσικός,released,βιοτεχνολόγος | βιοφυσικός-βιοτεχνολόγος,"Οι βιοφυσικοί μελετούν την υφιστάμενη σχέση μεταξύ ζωντανών οργανισμών και φυσικής. Χρησιμοποιώντας τις μεθόδους της φυσικής, ερευνούν τους ζωντανούς οργανισμούς, με σκοπό να εξηγήσουν την πολυπλοκότητα της έμβιας ύλης, να προβλέψουν πρότυπα και να διατυπώσουν συμπεράσματα σχετικά με πτυχές της ζωής. Τα ερευνητικά πεδία των βιοφυσικών καλύπτουν το DNA, τις πρωτεΐνες, τα μόρια, τα κύτταρα και τα περιβάλλοντα.",http://data.europa.eu/esco/occupation/eee68e13-8248-43bb-a9fb-959832a6c217,βιολόγος
Occupation,http://data.europa.eu/esco/occupation/19db5ad1-ffbf-41a0-8746-d3878f0d5dbd,κοινωνιολόγος των ΜΜΕ,released,κοινωνιολόγος ΜΜΕ | ειδικός μέσων μαζικής ενημέρωσης | ειδικός ΜΜΕ | επιστήμονας με ειδίκευση στα ΜΜΕ,"Οι κοινωνιολόγοι των ΜΜΕ παρακολουθούν τον ρόλο και τον αντίκτυπο που έχουν τα μέσα ενημέρωσης στην κοινωνία. Παρατηρούν και τεκμηριώνουν τη χρήση διάφορων ειδών μέσων ενημέρωσης, όπως οι εφημερίδες, το ραδιόφωνο και η τηλεόραση, και την ανταπόκριση από την κοινωνία.",http://data.europa.eu/esco/occupation/acf69cab-8629-45c8-ae10-c8fb15f474b6,ανθρωπολόγος
Occupation,http://data.europa.eu/esco/occupation/1bbaf82c-67ae-4beb-9a55-7298acf5b2af,πανεπιστημιακός καθηγητής νοσηλευτικής/πανεπιστημιακή καθηγήτρια νοσηλευτικής,released,πανεπιστημιακός καθηγητής νοσηλευτικής | αναπληρωτής καθηγητής νοσηλευτικής | επίκουρη καθηγήτρια νοσηλευτικής | καθηγητής νοσηλευτικής | καθηγήτρια νοσηλευτικής | επίκουρος καθηγητής νοσηλευτικής | αναπληρώτρια καθηγήτρια νοσηλευτικής | λεκτόρισσα νοσηλευτικής | πανεπιστημιακή καθηγήτρια νοσηλευτικής | λέκτορας νοσηλευτικής,"Οι πανεπιστημιακοί καθηγητές νοσηλευτικής είναι καθηγητές, εκπαιδευτικοί, ή λέκτορες και συχνά γιατροί, οι οποίοι διδάσκουν σπουδαστές με απολυτήριο ανώτερης δευτεροβάθμιας εκπαίδευσης, στον εξειδικευμένο τομέα σπουδών τους, τη νοσηλευτική, η οποία έχει κυρίως ακαδημαϊκό χαρακτήρα. Συνεργάζονται με τους βοηθούς ερευνητές και τους βοηθούς καθηγητή για την προετοιμασία των διαλέξεων και των εξετάσεων, για τη βαθμολόγηση των εργασιών και των εξετάσεων, προΐστανται σε εργαστηριακές πρακτικές, και παρέχουν αξιολόγηση και ανατροφοδότηση στους φοιτητές. Επίσης, διεξάγουν ακαδημαϊκή έρευνα στον αντίστοιχο τομέα της νοσηλευτικής, δημοσιεύουν τα πορίσματά τους και συνεργάζονται με άλλους συναδέλφους από το πανεπιστήμιο.",http://data.europa.eu/esco/occupation/684fd8d5-9b40-4b02-a680-438f0082d923,καθηγητής τριτοβάθμιας εκπαίδευσης/καθηγήτρια τριτοβάθμιας εκπαίδευσης
Occupation,http://data.europa.eu/esco/occupation/1c862e14-80f8-4aa8-8f1c-fd2ca95b63ad,μετεωρολόγος,released,,"Οι μετεωρολόγοι μελετούν τις κλιματικές διεργασίες, μετρούν και προβλέπουν τις καιρικές συνθήκες, και παρέχουν συμβουλευτικές υπηρεσίες σε πλήθος χρηστών των πληροφοριών καιρού. Εκπονούν υποδείγματα για μετεωρολογικές προβλέψεις, αναπτύσσουν μέσα για τη συλλογή μετεωρολογικών δεδομένων και καταρτίζουν στατιστικές και βάσεις δεδομένων.",http://data.europa.eu/esco/isco/C2112,Μετεωρολόγοι
Occupation,http://data.europa.eu/esco/occupation/2026adb2-62d7-4b92-9ccb-105abdebe37d,ηλεκτρολόγος μηχανικός με ειδίκευση στην ηλεκτρομαγνητική τεχνολογία,released,,"Οι ηλεκτρολόγοι μηχανικοί με ειδίκευση στην ηλεκτρομαγνητική τεχνολογία σχεδιάζουν και αναπτύσσουν ηλεκτρομαγνητικά συστήματα, συσκευές και κατασκευαστικά στοιχεία, όπως ηλεκτρομαγνήτες σε μεγάφωνα, ηλεκτρομαγνητικές κλειδαριές, αγώγιμους μαγνήτες μαγνητικής τομογραφίας και μαγνήτες ηλεκτροκινητήρων.",http://data.europa.eu/esco/occupation/86ca306c-ab99-420a-9e2a-aa73c5c4de22,ηλεκτρολόγος μηχανικός
Occupation,http://data.europa.eu/esco/occupation/203ea2ee-bbee-4aaf-83d7-2f2225f916e3,αρχαιολόγος,released,βιομοριακός αρχαιολόγος | διευθυντής ανασκαφών | οστεοαρχαιολόγος | βιομοριακή αρχαιολόγος | αρχαιομέτρης | αρχαιολόγος θαλάσσιων ερευνών | ανασκαφέας | διευθύντρια ανασκαφών,"Οι αρχαιολόγοι ασχολούνται με την έρευνα και τη μελέτη πολιτισμών και οικισμών του παρελθόντος μέσω της συλλογής και του ελέγχου υλικών υπολειμμάτων. Αναλύουν και εξάγουν συμπεράσματα για ένα ευρύ φάσμα θεμάτων όπως τα συστήματα ιεραρχίας, η γλωσσολογία, ο πολιτισμός και η πολιτική, με βάση τη μελέτη των αντικειμένων, των κατασκευών, των απολιθωμάτων, των κειμηλίων και των τεχνημάτων που έχουν αφήσει πίσω τους αυτοί οι λαοί. Οι αρχαιολόγοι χρησιμοποιούν διάφορες διεπιστημονικές μεθόδους, όπως στρωματογραφία, τυπολογία, τρισδιάστατη ανάλυση, μαθηματικά και προσομοίωση.",http://data.europa.eu/esco/isco/C2632,"Κοινωνιολόγοι, ανθρωπολόγοι και ασκούντες συναφή επαγγέλματα"
Occupation,http://data.europa.eu/esco/occupation/25829508-63f3-41c3-affc-ddbb5c077930,φυσιολόγος,released,ερευνητής ανατομίας | ερευνήτρια φυσιολογίας | ανατόμος | ερευνητής φυσιολογίας | ερευνήτρια ανατομίας,"Οι φυσιολόγοι μελετούν και ερευνούν τη λειτουργία των διάφορων ζωντανών οργανισμών, τα μέρη από τα οποία αποτελούνται και  τη μεταξύ τους αλληλεπίδραση. Κατανοούν τον τρόπο με τον οποίο τα έμβια συστήματα αντιδρούν σε παράγοντες όπως οι ασθένειες, η σωματική άσκηση και το άγχος, και χρησιμοποιούν τις πληροφορίες αυτές για να αναπτύξουν μεθόδους και λύσεις για την εξάλειψη των συνεπειών που έχουν τα εν λόγω ερεθίσματα στους έμβιους οργανισμούς.",http://data.europa.eu/esco/occupation/eee68e13-8248-43bb-a9fb-959832a6c217,βιολόγος
Occupation,http://data.europa.eu/esco/occupation/258e46f9-0075-4a2e-adae-1ff0477e0f30,επιστήμονας δεδομένων,released,data scientist | επιστήμων δεδομένων,"Οι επιστήμονες δεδομένων εντοπίζουν και ερμηνεύουν πλούσιες πηγές δεδομένων, διαχειρίζονται μεγάλες ποσότητες δεδομένων, συγχωνεύουν πηγές δεδομένων, εξασφαλίζουν τη συνέπεια των συνόλων δεδομένων και δημιουργούν απεικονίσεις που βοηθούν στην κατανόηση των δεδομένων. Κατασκευάζουν μαθηματικά μοντέλα με τη χρήση δεδομένων, παρουσιάζουν και κοινοποιούν πληροφορίες και πορίσματα σχετικά με δεδομένα σε ειδικούς και επιστήμονες στην ομάδα τους και, εφόσον απαιτείται, σε μη εξειδικευμένο κοινό, και προτείνουν τρόπους για την εφαρμογή των δεδομένων.",http://data.europa.eu/esco/isco/C2511,Αναλυτές συστημάτων
Occupation,http://data.europa.eu/esco/occupation/30058b71-fe16-45ea-a2b8-d5461c706372,πανεπιστημιακός καθηγητής διοίκησης επιχειρήσεων/πανεπιστημιακή καθηγήτρια διοίκησης επιχειρήσεων,released,λεκτόρισσα διοίκησης επιχειρήσεων | επίκουρη καθηγήτρια διοίκησης επιχειρήσεων | πανεπιστημιακός καθηγητής διοίκησης επιχειρήσεων | επίκουρος καθηγητής διοίκησης επιχειρήσεων | αναπληρώτρια καθηγήτρια διοίκησης επιχειρήσεων | πανεπιστημιακή καθηγήτρια διοίκησης επιχειρήσεων | καθηγητής διοίκησης επιχειρήσεων | αναπληρωτής καθηγητής διοίκησης επιχειρήσεων | καθηγήτρια διοίκησης επιχειρήσεων | λέκτορας διοίκησης επιχειρήσεων,"Οι πανεπιστημιακοί καθηγητές διοίκησης επιχειρήσεων είναι καθηγητές, εκπαιδευτικοί ή λέκτορες οι οποίοι παρέχουν εκπαίδευση σε σπουδαστές με απολυτήριο ανώτερης δευτεροβάθμιας εκπαίδευσης, στο δικό τους εξειδικευμένο πεδίο σπουδών, τις επιχειρήσεις, το οποίο έχει κυρίως ακαδημαϊκό χαρακτήρα. Συνεργάζονται με τους βοηθούς ερευνητές και τους βοηθούς καθηγητή για την προετοιμασία των διαλέξεων και των εξετάσεων, για τη βαθμολόγηση των εργασιών και των εξετάσεων και παρέχουν αξιολόγηση και ανατροφοδότηση στους φοιτητές. Επίσης, διεξάγουν ακαδημαϊκή έρευνα στον τομέα τους, δημοσιεύουν τα πορίσματά τους και συνεργάζονται με άλλους συναδέλφους από το πανεπιστήμιο.",http://data.europa.eu/esco/occupation/684fd8d5-9b40-4b02-a680-438f0082d923,καθηγητής τριτοβάθμιας εκπαίδευσης/καθηγήτρια τριτοβάθμιας εκπαίδευσης
Occupation,http://data.europa.eu/esco/occupation/306e9867-cf55-446f-88c6-8adad5369f8c,πανεπιστημιακός καθηγητής γεωεπιστημών/πανεπιστημιακή καθηγήτρια γεωεπιστημών,released,επίκουρη καθηγήτρια γεωεπιστημών | καθηγήτρια γεωεπιστημών | λέκτορας γεωεπιστημών | πανεπιστημιακός καθηγητής γεωεπιστημών | αναπληρώτρια καθηγήτρια γεωεπιστημών | λεκτόρισσα γεωεπιστημών | πανεπιστημιακή καθηγήτρια γεωεπιστημών | καθηγητής γεωεπιστημών | αναπληρωτής καθηγητής γεωεπιστημών | επίκουρος καθηγητής γεωεπιστημών,"Οι πανεπιστημιακοί καθηγητές γεωεπιστημών είναι καθηγητές, εκπαιδευτικοί, ή λέκτορες που παρέχουν εκπαίδευση στους σπουδαστές με απολυτήριο ανώτερης δευτεροβάθμιας εκπαιδεύσεως, στον εξειδικευμένο τομέα σπουδών τους, τη γεωεπιστήμη, ο οποίος έχει κυρίως ακαδημαϊκό χαρακτήρα. Συνεργάζονται με τους βοηθούς ερευνητές και τους βοηθούς καθηγητή για την προετοιμασία των διαλέξεων και των εξετάσεων, για την βαθμολόγηση των εργασιών και των εξετάσεων, και παρέχουν αξιολόγηση και ανατροφοδότηση στους φοιτητές. Επίσης, διεξάγουν ακαδημαϊκή έρευνα στον τομέα της γεωεπιστήμης, δημοσιεύουν τα πορίσματά τους και συνεργάζονται με άλλους πανεπιστημιακούς συναδέλφους.",http://data.europa.eu/esco/occupation/684fd8d5-9b40-4b02-a680-438f0082d923,καθηγητής τριτοβάθμιας εκπαίδευσης/καθηγήτρια τριτοβάθμιας εκπαίδευσης
Occupation,http://data.europa.eu/esco/occupation/35d41f4f-334b-452e-9e31-99f376302493,μηχανικός οπτοηλεκτρονικής,released,,"Οι μηχανικοί οπτοηλεκτρονικής σχεδιάζουν και αναπτύσσουν οπτοηλεκτρονικά συστήματα και συσκευές, όπως αισθητήρες υπεριώδους ακτινοβολίας, φωτοδιόδους και διόδους φωτοεκπομπής (LED). Η οπτοηλεκτρονική μηχανική συνδυάζει την οπτική μηχανολογία με την ηλεκτρονική τεχνολογία για τον σχεδιασμό αυτών των συστημάτων και συσκευών. Διεξάγουν έρευνες, διενεργούν αναλύσεις, δοκιμάζουν τις συσκευές και εποπτεύουν την έρευνα.",http://data.europa.eu/esco/occupation/4d34a9ee-2653-4da0-bef7-f59294577224,ηλεκτρονικός μηχανικός
Occupation,http://data.europa.eu/esco/occupation/3af4d6be-90b5-41f6-be06-3330dab3df73,ερευνητής κοινωνιολόγος/ερευνήτρια κοινωνιολόγος,released,κοινωνική ερευνήτρια | κοινωνιολόγος με ειδίκευση στην έρευνα | κοινωνικός επιστήμονας | κοινωνικός ερευνητής | κοινωνική επιστήμονας | ερευνήτρια κοινωνιολόγος | ερευνητής κοινωνιολόγος,"Οι ερευνητές κοινωνιολόγοι διαχειρίζονται ερευνητικά έργα που αποσκοπούν στη διερεύνηση και την υποβολή εκθέσεων για κοινωνικά ζητήματα. Αρχικά πραγματοποιούν την έρευνα συλλέγοντας πληροφορίες μέσω συνεντεύξεων, ομάδων ενδιαφέροντος και ερωτηματολογίων και, στη συνέχεια, οργανώνουν και αναλύουν τις πληροφορίες που έχουν συλλεχθεί με τη βοήθεια πακέτων λογισμικού ηλεκτρονικού υπολογιστή. Αναλύουν τα κοινωνικά προβλήματα και τις κοινωνικές ανάγκες, καθώς και τους διάφορους τρόπους και τεχνικές για την αντιμετώπισή τους.",http://data.europa.eu/esco/occupation/11df8941-508c-4103-ad40-52cdf9430a59,κοινωνιολόγος
Occupation,http://data.europa.eu/esco/occupation/3c305542-a51b-4b96-8d45-af11ca05eaa2,πανεπιστημιακός καθηγητής κτηνιατρικής/πανεπιστημιακή καθηγήτρια κτηνιατρικής,released,καθηγήτρια κτηνιατρικής | επίκουρος καθηγητής κτηνιατρικής | λέκτορας κτηνιατρικής | πανεπιστημιακή καθηγήτρια κτηνιατρικής | πανεπιστημιακός καθηγητής κτηνιατρικής | καθηγητής κτηνιατρικής | επίκουρη καθηγήτρια κτηνιατρικής | λεκτόρισσα κτηνιατρικής | αναπληρωτής καθηγητής κτηνιατρικής | αναπληρώτρια καθηγήτρια κτηνιατρικής,"Οι πανεπιστημιακοί καθηγητές κτηνιατρικής είναι καθηγητές, εκπαιδευτικοί ή λέκτορες και συχνά γιατροί οι οποίοι παρέχουν εκπαίδευση σε σπουδαστές με απολυτήριο ανώτερης δευτεροβάθμιας εκπαιδεύσεως, στον εξειδικευμένο τομέα σπουδών τους, την κτηνιατρική, ο οποίος έχει κυρίως ακαδημαϊκό χαρακτήρα. Συνεργάζονται με τους βοηθούς ερευνητές και τους βοηθούς καθηγητή για την προετοιμασία των διαλέξεων και των εξετάσεων, για την βαθμολόγηση των εργασιών και των εξετάσεων, προΐστανται σε εργαστηριακές πρακτικές, και παρέχουν αξιολόγηση και ανατροφοδότηση στους φοιτητές. Επίσης, διεξάγουν ακαδημαϊκή έρευνα στον αντίστοιχο τομέα της κτηνιατρικής, δημοσιεύουν τα πορίσματά τους και συνεργάζονται με άλλους συναδέλφους από το πανεπιστήμιο.",http://data.europa.eu/esco/occupation/684fd8d5-9b40-4b02-a680-438f0082d923,καθηγητής τριτοβάθμιας εκπαίδευσης/καθηγήτρια τριτοβάθμιας εκπαίδευσης
Occupation,http://data.europa.eu/esco/occupation/3d7a1284-824c-47d9-8387-b8e1cd5888b5,πανεπιστημιακός καθηγητής οδοντιατρικής/πανεπιστημιακή καθηγήτρια οδοντιατρικής,released,καθηγητής οδοντιατρικής | λεκτόρισσα οδοντιατρικής | αναπληρώτρια καθηγήτρια οδοντιατρικής | πανεπιστημιακή καθηγήτρια οδοντιατρικής | πανεπιστημιακός καθηγητής οδοντιατρικής | λέκτορας οδοντιατρικής | επίκουρη καθηγήτρια οδοντιατρικής | καθηγήτρια οδοντιατρικής | επίκουρος καθηγητής οδοντιατρικής | αναπληρωτής καθηγητής οδοντιατρικής,"Οι πανεπιστημιακοί καθηγητές οδοντιατρικής είναι καθηγητές, εκπαιδευτές ή λέκτορες και συχνά γιατροί, οι οποίοι παρέχουν εκπαίδευση σε σπουδαστές με απολυτήριο ανώτερης δευτεροβάθμιας εκπαιδεύσεως, στον δικό τους εξειδικευμένο τομέα σπουδών, την οδοντιατρική, ο οποίος έχει κυρίως ακαδημαϊκό χαρακτήρα. Συνεργάζονται με τους βοηθούς ερευνητές και τους βοηθούς καθηγητή για την προετοιμασία των διαλέξεων και των εξετάσεων, για την βαθμολόγηση των εργασιών και των εξετάσεων, προΐστανται σε εργαστηριακές πρακτικές, και παρέχουν αξιολόγηση και ανατροφοδότηση στους φοιτητές. Επίσης, διεξάγουν ακαδημαϊκή έρευνα στον αντίστοιχο τομέα της οδοντιατρικής, δημοσιεύουν τα πορίσματά τους και συνεργάζονται με άλλους συναδέλφους από το πανεπιστήμιο.",http://data.europa.eu/esco/occupation/684fd8d5-9b40-4b02-a680-438f0082d923,καθηγητής τριτοβάθμιας εκπαίδευσης/καθηγήτρια τριτοβάθμιας εκπαίδευσης
Occupation,http://data.europa.eu/esco/occupation/3dbd758c-6dc0-41fe-8248-2250c9bfa4ab,κλιματολόγος,released,,"Οι κλιματολόγοι εξετάζουν τη μέση μεταβολή των καιρικών και κλιματικών συνθηκών υπό μακροπρόθεσμη προοπτική. Ερευνούν και αναλύουν τις καιρικές συνθήκες σε βάθος χρόνου, με σκοπό την πρόγνωση των τάσεων των κλιματικών συνθηκών, όπως οι μεταβολές στη θερμοκρασία, η υπερθέρμανση του πλανήτη ή οι περιφερειακές εξελικτικές καιρικές συνθήκες. Χρησιμοποιούν τα εν λόγω πορίσματα για την παροχή συμβουλών σχετικά με την περιβαλλοντική πολιτική, τις κατασκευές, τα γεωργικά έργα και τα κοινωνικά θέματα.",http://data.europa.eu/esco/occupation/1c862e14-80f8-4aa8-8f1c-fd2ca95b63ad,μετεωρολόγος
Occupation,http://data.europa.eu/esco/occupation/3f7b7ce5-94b6-4e0c-98e7-a4ee5a6accf4,τοξικολόγος,released,ερευνητής τοξικολογίας | ερευνήτρια τοξικολογίας,"Οι τοξικολόγοι εξετάζουν τις επιπτώσεις που έχουν οι χημικές ουσίες ή οι βιολογικοί και φυσικοί παράγοντες στους έμβιους οργανισμούς, και ειδικότερα στο περιβάλλον και στην υγεία των ζώων και των ανθρώπων. Προσδιορίζουν τις δόσεις της έκθεσης σε ουσίες που προκαλούν τοξικές επιδράσεις σε περιβάλλοντα, ανθρώπους και έμβιους οργανισμούς, και πραγματοποιούν πειράματα σε ζώα και κυτταροκαλλιέργειες.",http://data.europa.eu/esco/occupation/eee68e13-8248-43bb-a9fb-959832a6c217,βιολόγος
Occupation,http://data.europa.eu/esco/occupation/441a5b76-2f51-4704-9df7-3b8e715dd3ad,επιστήμονας της συμπεριφοράς,released,συμπεριφοριστής | επιστήμονας συμπεριφοράς | αναλυτής συμπεριφοράς | ερευνήτρια  της συμπεριφοράς | ερευνητής της συμπεριφοράς | συμπεριφορίστρια | αναλύτρια συμπεριφοράς,"Οι επιστήμονες της συμπεριφοράς ασχολούνται με την έρευνα, την παρατήρηση και την περιγραφή της ανθρώπινης συμπεριφοράς στην κοινωνία. Εξάγουν συμπεράσματα σχετικά με τα κίνητρα που υποκινούν ενέργειες, παρατηρούν τις διάφορες περιστάσεις που υποκινούν διαφορετικές συμπεριφορές, και περιγράφουν τις διάφορες προσωπικότητες. Συμβουλεύουν οργανισμούς και κρατικά ιδρύματα σε αυτόν τον τομέα. Ενδέχεται επίσης να αναλύουν τη συμπεριφορά των ζώων.",http://data.europa.eu/esco/isco/C2632,"Κοινωνιολόγοι, ανθρωπολόγοι και ασκούντες συναφή επαγγέλματα"
Occupation,http://data.europa.eu/esco/occupation/479ede81-bd51-4f3b-9d30-4910699fd211,πανεπιστημιακός καθηγητής δημοσιογραφίας/πανεπιστημιακή καθηγήτρια δημοσιογραφίας,released,αναπληρώτρια καθηγήτρια δημοσιογραφίας | πανεπιστημιακός καθηγητής μέσων μαζικής ενημέρωσης | λέκτορας δημοσιογραφίας | αναπληρωτής καθηγητής δημοσιογραφίας | πανεπιστημιακός καθηγητής μέσων μαζικής ενημέρωσης/πανεπιστημιακή καθηγήτρια μέσων μαζικής ενημέρωσης | πανεπιστημιακός καθηγητής δημοσιογραφίας | πανεπιστημιακή καθηγήτρια μέσων μαζικής ενημέρωσης | καθηγήτρια δημοσιογραφίας | πανεπιστημιακή καθηγήτρια δημοσιογραφίας | επίκουρος καθηγητής δημοσιογραφίας | επίκουρη καθηγήτρια δημοσιογραφίας | καθηγητής δημοσιογραφίας | λεκτόρισσα δημοσιογραφίας,"Οι πανεπιστημιακοί καθηγητές δημοσιογραφίας και μέσων ενημέρωσης είναι καθηγητές, εκπαιδευτικοί, ή λέκτορες που παρέχουν εκπαίδευση σε σπουδαστές με απολυτήριο ανώτερης δευτεροβάθμιας εκπαίδευσης, στο δικό τους εξειδικευμένο πεδίο σπουδών, τη δημοσιογραφία και τα μέσα ενημέρωσης, το οποίο έχει κυρίως ακαδημαϊκό χαρακτήρα. Συνεργάζονται με τους βοηθούς ερευνητές και τους βοηθούς καθηγητή για την προετοιμασία των διαλέξεων και των εξετάσεων, για την βαθμολόγηση των εργασιών και των εξετάσεων και παρέχουν αξιολόγηση και ανατροφοδότηση στους φοιτητές. Επίσης, διεξάγουν ακαδημαϊκή έρευνα στον τομέα της δημοσιογραφίας και των μέσων ενημέρωσης, δημοσιεύουν τα πορίσματά τους και συνεργάζονται με άλλους συναδέλφους από το πανεπιστήμιο.",http://data.europa.eu/esco/occupation/684fd8d5-9b40-4b02-a680-438f0082d923,καθηγητής τριτοβάθμιας εκπαίδευσης/καθηγήτρια τριτοβάθμιας εκπαίδευσης
Occupation,http://data.europa.eu/esco/occupation/49023c69-302f-4671-b26f-7229d1a53915,πανεπιστημιακός καθηγητής επικοινωνίας/πανεπιστημιακή καθηγήτρια επικοινωνίας,released,καθηγήτρια επικοινωνίας | λέκτορας επικοινωνίας | αναπληρωτής καθηγητής επικοινωνίας | πανεπιστημιακός καθηγητής επικοινωνίας | καθηγητής επικοινωνίας | λεκτόρισσα επικοινωνίας | πανεπιστημιακή καθηγήτρια επικοινωνίας | αναπληρώτρια καθηγήτρια επικοινωνίας | επίκουρος καθηγητής επικοινωνίας | επίκουρη καθηγήτρια επικοινωνίας,"Οι πανεπιστημιακοί καθηγητές επικοινωνίας είναι καθηγητές, εκπαιδευτικοί, ή λέκτορες που παρέχουν εκπαίδευση σε σπουδαστές με απολυτήριο ανώτερης δευτεροβάθμιας εκπαίδευσης, στο δικό τους εξειδικευμένο πεδίο σπουδών, την επικοινωνία, η οποία έχει κυρίως ακαδημαϊκό χαρακτήρα. Συνεργάζονται με τους βοηθούς ερευνητές και τους βοηθούς καθηγητή για την προετοιμασία των διαλέξεων και των εξετάσεων, για την βαθμολόγηση των εργασιών και των εξετάσεων και παρέχουν αξιολόγηση και ανατροφοδότηση στους φοιτητές. Επίσης, διεξάγουν ακαδημαϊκή έρευνα στον τομέα της επικοινωνίας, δημοσιεύουν τα πορίσματά τους και συνεργάζονται με άλλους συναδέλφους από το πανεπιστήμιο.",http://data.europa.eu/esco/occupation/684fd8d5-9b40-4b02-a680-438f0082d923,καθηγητής τριτοβάθμιας εκπαίδευσης/καθηγήτρια τριτοβάθμιας εκπαίδευσης
Occupation,http://data.europa.eu/esco/occupation/4b759f0e-8fec-4cf5-80d4-d112a9fd4e51,ωκεανογράφος,released,,"Οι ωκεανογράφοι μελετούν και διεξάγουν έρευνες για θέματα που σχετίζονται με τη θάλασσα και τους ωκεανούς. Οι ωκεανογράφοι διακρίνονται σε διαφορετικές κατηγορίες ανάλογα με το πεδίο έρευνάς τους: φυσικοί ωκεανογράφοι οι οποίοι ερευνούν τα κύματα και τις παλίρροιες, χημικοί ωκεανογράφοι οι οποίοι μελετούν τη χημική σύσταση των θαλάσσιων υδάτων και γεωλόγοι ωκεανογράφοι οι οποίοι ερευνούν τον βυθό της θάλασσας και τις πλάκες του.
   ",http://data.europa.eu/esco/occupation/c6196b21-20f9-4608-83fb-6f143afc740d,γεωλόγος
Occupation,http://data.europa.eu/esco/occupation/4e8a5d3e-66de-4661-9927-ef3123cc79e9,πανεπιστημιακός καθηγητής αρχιτεκτονικής/πανεπιστημιακή καθηγήτρια αρχιτεκτονικής,released,επίκουρος καθηγητής αρχιτεκτονικής | επίκουρη καθηγήτρια αρχιτεκτονικής | καθηγήτρια αρχιτεκτονικής | πανεπιστημιακός καθηγητής αρχιτεκτονικής | αναπληρωτής καθηγητής αρχιτεκτονικής | αναπληρώτρια καθηγήτρια αρχιτεκτονικής | πανεπιστημιακή καθηγήτρια αρχιτεκτονικής | λέκτορας αρχιτεκτονικής | καθηγητής αρχιτεκτονικής | λεκτόρισσα αρχιτεκτονικής,"Οι πανεπιστημιακοί καθηγητές αρχιτεκτονικής είναι καθηγητές, εκπαιδευτικοί ή λέκτορες που παρέχουν εκπαίδευση σε σπουδαστές με απολυτήριο ανώτερης δευτεροβάθμιας εκπαίδευσης, στο δικό τους εξειδικευμένο πεδίο σπουδών, την αρχιτεκτονική, η οποία έχει κυρίως ακαδημαϊκό χαρακτήρα. Συνεργάζονται με τους βοηθούς ερευνητές και τους βοηθούς καθηγητή για την προετοιμασία των διαλέξεων και των εξετάσεων, για την βαθμολόγηση των εργασιών και των εξετάσεων και παρέχουν αξιολόγηση και ανατροφοδότηση στους σπουδαστές. Επίσης, διεξάγουν ακαδημαϊκή έρευνα στον αντίστοιχο τομέα της αρχιτεκτονικής, δημοσιεύουν τα πορίσματά τους και συνεργάζονται με άλλους συναδέλφους από το πανεπιστήμιο.",http://data.europa.eu/esco/occupation/684fd8d5-9b40-4b02-a680-438f0082d923,καθηγητής τριτοβάθμιας εκπαίδευσης/καθηγήτρια τριτοβάθμιας εκπαίδευσης
Occupation,http://data.europa.eu/esco/occupation/4f4d33a1-0b41-4dd9-8a42-aeba5a3974ab,μηχανικός τεχνολογίας αισθητήρων,released,,"Οι μηχανικοί τεχνολογίας αισθητήρων σχεδιάζουν και αναπτύσσουν αισθητήρες, συστήματα αισθητήρων και προϊόντα εξοπλισμένα με αισθητήρες. Σχεδιάζουν και παρακολουθούν την κατασκευή των εν λόγω προϊόντων.",http://data.europa.eu/esco/occupation/4d34a9ee-2653-4da0-bef7-f59294577224,ηλεκτρονικός μηχανικός
Occupation,http://data.europa.eu/esco/occupation/4f89b0d2-b666-4890-af01-25d1d60da1f3,πολιτικός επιστήμονας/πολιτική επιστήμονας,released,πολιτική επιστήμονας | πολιτική ερευνήτρια | πολιτικός ερευνητής | πολιτικός επιστήμονας,"Οι πολιτικοί επιστήμονες μελετούν την πολιτική συμπεριφορά, δραστηριότητα και συστήματα, συμπεριλαμβανομένων των στοιχείων που περιλαμβάνονται σε αυτά. Η μελέτη τους πάνω σε αυτό το πεδίο ποικίλλει από την προέλευση και την εξέλιξη των διάφορων πολιτικών συστημάτων μέχρι επιμέρους θέματα όπως οι διαδικασίες λήψης αποφάσεων, η πολιτική συμπεριφορά, οι πολιτικές τάσεις, η κοινωνία και οπτικές σχετικές με την ισχύ. Συμβουλεύουν τις κυβερνήσεις και τους θεσμικούς φορείς για θέματα διακυβέρνησης.",http://data.europa.eu/esco/isco/C2633,"Φιλόσοφοι, ιστορικοί και πολιτικοί επιστήμονες"
Occupation,http://data.europa.eu/esco/occupation/52ded7d7-11df-42e3-b90a-d7f4b70fb4b9,ψυχολόγος,released,ερευνητής ψυχολόγος | αθλητική ψυχολόγος | σύμβουλος-ψυχολόγος | αθλητικός ψυχολόγος | ερευνήτρια ψυχολόγος | ψυχολόγος εργασίας,"Οι ψυχολόγοι ασχολούνται με τη μελέτη της συμπεριφοράς και των ψυχικών διεργασιών των ανθρώπων. Παρέχουν υπηρεσίες σε πελάτες που ασχολούνται με ζητήματα ψυχικής υγείας και θέματα της ζωής, όπως το πένθος, τα προβλήματα σχέσεων, η ενδοοικογενειακή βία και η σεξουαλική κακοποίηση. Παρέχουν επίσης συμβουλές για θέματα ψυχικής υγείας, όπως οι διατροφικές διαταραχές, οι μετατραυματικές διαταραχές και η ψύχωση, προκειμένου να βοηθήσουν στην αποκατάσταση των πελατών και την επίτευξη υγιούς συμπεριφοράς.",http://data.europa.eu/esco/isco/C2634,Ψυχολόγοι
Occupation,http://data.europa.eu/esco/occupation/55167849-82cf-484e-b818-fa702a4e69e9,υδρολόγος,released,,"Οι υδρολόγοι ερευνούν και μελετούν την ποιότητα, τις τρέχουσες προκλήσεις, και την κατανομή του νερού στη γη. Μελετούν τα υδάτινα αποθέματα σε ποταμούς, χειμάρρους και πηγές, προκειμένου να προσδιορίσουν την επάρκεια και τη βιωσιμότητα της χρήσης τους. Μαζί με μια διατομεακή ομάδα επαγγελματιών, σχεδιάζουν και αναπτύσσουν τον τρόπο με τον οποίο μπορούν να παρέχονται τα ύδατα στις πόλεις και τις αστικές περιοχές, διασφαλίζοντας παράλληλα την αποδοτικότητα και τη διατήρηση των πόρων.",http://data.europa.eu/esco/occupation/c6196b21-20f9-4608-83fb-6f143afc740d,γεωλόγος
Occupation,http://data.europa.eu/esco/occupation/557f9ccc-4e46-4bb2-8d20-272cd978b152,επιστήμονας κτηνίατρος,released,,"Οι επιστήμονες κτηνίατροι αναπτύσσουν και διεξάγουν έρευνα σε ζωικά μοντέλα, συγκρίνουν τη βασική βιολογία μεταξύ των ζώων και μεταφράζουν τα αποτελέσματα της έρευνας σε διάφορα είδη, συμπεριλαμβανομένων των ανθρώπων.",http://data.europa.eu/esco/isco/C2250,Κτηνίατροι
Occupation,http://data.europa.eu/esco/occupation/55a785db-0636-41b8-950f-0b65abe5e81b,πανεπιστημιακός καθηγητής φαρμακευτικής/πανεπιστημιακή καθηγήτρια φαρμακευτικής,released,λεκτόρισσα φαρμακευτικής | λέκτορας φαρμακευτικής | αναπληρώτρια καθηγήτρια φαρμακευτικής | καθηγήτρια φαρμακευτικής | πανεπιστημιακή καθηγήτρια φαρμακευτικής | επίκουρη καθηγήτρια φαρμακευτικής | πανεπιστημιακός καθηγητής φαρμακευτικής | επίκουρος καθηγητής φαρμακευτικής | αναπληρωτής καθηγητής φαρμακευτικής | καθηγητής φαρμακευτικής,"Οι πανεπιστημιακοί καθηγητές φαρμακευτικής είναι καθηγητές, εκπαιδευτικοί ή λέκτορες οι οποίοι παρέχουν εκπαίδευση σε σπουδαστές με απολυτήριο ανώτερης δευτεροβάθμιας εκπαιδεύσεως, στον δικό τους εξειδικευμένο τομέα σπουδών, τη φαρμακευτική, η οποία έχει κυρίως ακαδημαϊκό χαρακτήρα. Συνεργάζονται με τους βοηθούς ερευνητές και τους βοηθούς καθηγητή για την προετοιμασία των διαλέξεων και των εξετάσεων, καθοδηγούν τις εργαστηριακές πρακτικές, βοηθούν στη βαθμολόγηση εργασιών και εξετάσεων και παρέχουν αξιολόγηση και ανατροφοδότηση στους σπουδαστές. Επίσης, διεξάγουν ακαδημαϊκή έρευνα στον τομέα της φαρμακευτικής, δημοσιεύουν τα πορίσματά τους και συνεργάζονται με άλλους συναδέλφους από το πανεπιστήμιο.",http://data.europa.eu/esco/occupation/684fd8d5-9b40-4b02-a680-438f0082d923,καθηγητής τριτοβάθμιας εκπαίδευσης/καθηγήτρια τριτοβάθμιας εκπαίδευσης
Occupation,http://data.europa.eu/esco/occupation/574f3232-1d07-4034-8cac-c57ddbfff192,αναλυτικός χημικός/αναλυτική χημικός,released,αναλυτικός χημικός | αναλυτική χημικός | κρυσταλλογράφος,"Οι αναλυτικοί χημικοί ερευνούν και περιγράφουν τη χημική σύνθεση των ουσιών. Επιπλέον, συνάγουν συμπεράσματα σχετικά με τη συμπεριφορά των ουσιών αυτών σε διαφορετικές συνθήκες. Οι αναλυτικοί χημικοί διαδραματίζουν σημαντικό ρόλο στην εξέταση της σχέσης μεταξύ της χημείας και του περιβάλλοντος, των τροφίμων, των καυσίμων και της ιατρικής. Χρησιμοποιούν μια σειρά τεχνικών όπως η ηλεκτροχρωματογραφία, η αέρια χρωματογραφία και η υγρή χρωματογραφία υψηλής απόδοσης, καθώς και η φασματοσκοπία.
	",http://data.europa.eu/esco/occupation/0d93706d-32fd-4de3-aa08-be1003e325da,χημικός
Occupation,http://data.europa.eu/esco/occupation/57a12047-4f1e-40ed-add5-9736923f231b,αστρονόμος-αστροφυσικός,released,αστροφυσικός | αστρονόμος,"Οι αστρονόμοι-αστροφυσικοί ερευνούν τη δημιουργία, τις δομές, τις ιδιότητες και την ανάπτυξη των ουρανίων σωμάτων και της μεσοαστρικής ύλης. Χρησιμοποιούν εδαφοπαγή και διαστημικό εξοπλισμό για τη συλλογή δεδομένων σχετικά με το διάστημα για ερευνητικούς σκοπούς.",http://data.europa.eu/esco/isco/C2111,Φυσικοί και αστρονόμοι
Occupation,http://data.europa.eu/esco/occupation/59a02420-91df-4e46-b37b-22e3fd8c11f0,πανεπιστημιακός καθηγητής φυσικής/πανεπιστημιακή καθηγήτρια φυσικής,released,πανεπιστημιακός καθηγητής φυσικής | λέκτορας φυσικής | πανεπιστημιακή καθηγήτρια φυσικής | αναπληρωτής καθηγητής φυσικής | καθηγήτρια φυσικής | λεκτόρισσα φυσικής | καθηγητής φυσικής | αναπληρώτρια καθηγήτρια φυσικής | επίκουρος καθηγητής φυσικής | επίκουρη καθηγήτρια φυσικής,"Οι πανεπιστημιακοί καθηγητές φυσικής είναι καθηγητές, εκπαιδευτικοί, ή λέκτορες οι οποίοι παρέχουν εκπαίδευση σε σπουδαστές με απολυτήριο ανώτερης δευτεροβάθμιας εκπαιδεύσεως, στον δικό τους εξειδικευμένο τομέα σπουδών, τη φαρμακευτική, η οποία έχει κυρίως ακαδημαϊκό χαρακτήρα. Συνεργάζονται με τους βοηθούς ερευνητές και τους βοηθούς καθηγητή για την προετοιμασία των διαλέξεων και των εξετάσεων, καθοδηγούν τις εργαστηριακές πρακτικές, βοηθούν στη βαθμολόγηση εργασιών και εξετάσεων και παρέχουν αξιολόγηση και ανατροφοδότηση στους σπουδαστές. Επίσης, διεξάγουν ακαδημαϊκή έρευνα στον τομέα της φυσικής, δημοσιεύουν τα πορίσματά τους και συνεργάζονται με άλλους συναδέλφους από το πανεπιστήμιο.",http://data.europa.eu/esco/occupation/684fd8d5-9b40-4b02-a680-438f0082d923,καθηγητής τριτοβάθμιας εκπαίδευσης/καθηγήτρια τριτοβάθμιας εκπαίδευσης
Occupation,http://data.europa.eu/esco/occupation/5a282a39-5346-454a-b1ef-c1217c50e156,ερευνητής παιδαγωγικής/ερευνήτρια παιδαγωγικής,released,ερευνήτρια παιδαγωγικής | ερευνήτρια σε θέματα εκπαίδευσης | ερευνητής παιδαγωγικής | ερευνητής σε θέματα εκπαίδευσης,"Οι ερευνητές παιδαγωγικής διεξάγουν έρευνα στον τομέα της εκπαίδευσης. Προσπαθούν να διευρύνουν τις γνώσεις σχετικά με τον τρόπο λειτουργίας των εκπαιδευτικών διαδικασιών, των συστημάτων και των ατόμων που δραστηριοποιούνται σε αυτόν τον τομέα (δάσκαλοι και εκπαιδευόμενοι). Προβλέπουν τομείς βελτίωσης και αναπτύσσουν σχέδια για την υλοποίηση καινοτομιών. Συμβουλεύουν νομοθέτες και φορείς χάραξης πολιτικής για θέματα εκπαίδευσης και βοηθούν στον σχεδιασμό των πολιτικών εκπαίδευσης.",http://data.europa.eu/esco/isco/C2351,Ειδικοί επιστήμονες επί των διδακτικών μεθόδων
Occupation,http://data.europa.eu/esco/occupation/5ac65daa-0896-4193-9f0e-8b00746b78a1,βοηθός ερευνητής/βοηθός ερευνήτρια,released,βοηθός ερευνητής | βοηθός ερευνήτρια,Οι βοηθοί ερευνητές διεξάγουν ακαδημαϊκή έρευνα για το πανεπιστήμιο ή το κολέγιο στο οποίο εργάζονται. Μπορούν να βοηθούν τους καθηγητές που τους εποπτεύουν στην έρευνά τους ή να αναπτύξουν τη δική τους έρευνα στο σχετικό τομέα του εν λόγω καθηγητή.,http://data.europa.eu/esco/occupation/684fd8d5-9b40-4b02-a680-438f0082d923,καθηγητής τριτοβάθμιας εκπαίδευσης/καθηγήτρια τριτοβάθμιας εκπαίδευσης
Occupation,http://data.europa.eu/esco/occupation/5fdfa822-c1ba-477e-87cc-3d742e59310d,πανεπιστημιακός καθηγητής βιολογίας/πανεπιστημιακή καθηγήτρια βιολογίας,released,λέκτορας βιολογίας | καθηγητής βιολογίας | επίκουρη καθηγήτρια βιολογίας | επίκουρος καθηγητής βιολογίας | καθηγήτρια βιολογίας | αναπληρωτής καθηγητής βιολογίας | πανεπιστημιακός καθηγητής βιολογίας | λεκτόρισσα βιολογίας | πανεπιστημιακή καθηγήτρια βιολογίας | αναπληρώτρια καθηγήτρια βιολογίας,"Οι πανεπιστημιακοί καθηγητές βιολογίας είναι καθηγητές, εκπαιδευτικοί, ή λέκτορες, οι οποίοι παρέχουν εκπαίδευση σε σπουδαστές με απολυτήριο ανώτερης δευτεροβάθμιας εκπαιδεύσεως, στον δικό τους εξειδικευμένο τομέα σπουδών, τη βιολογία, η οποία έχει κυρίως ακαδημαϊκό χαρακτήρα. Συνεργάζονται με τους βοηθούς ερευνητές και τους βοηθούς καθηγητή για την προετοιμασία των διαλέξεων και των εξετάσεων, καθοδηγούν τις εργαστηριακές πρακτικές, βοηθούν στη βαθμολόγηση εργασιών και εξετάσεων και παρέχουν αξιολόγηση και ανατροφοδότηση στους σπουδαστές. Επίσης, διεξάγουν ακαδημαϊκή έρευνα στον τομέα της βιολογίας, δημοσιεύουν τα πορίσματά τους και συνεργάζονται με άλλους συναδέλφους από το πανεπιστήμιο.",http://data.europa.eu/esco/occupation/684fd8d5-9b40-4b02-a680-438f0082d923,καθηγητής τριτοβάθμιας εκπαίδευσης/καθηγήτρια τριτοβάθμιας εκπαίδευσης
Occupation,http://data.europa.eu/esco/occupation/605e58d6-ad27-4828-b1f5-16707f327fa0,πανεπιστημιακός καθηγητής επιστημών της εκπαίδευσης/πανεπιστημιακή καθηγήτρια επιστημών της εκπαίδευσης,released,αναπληρωτής καθηγητής επιστημών της εκπαίδευσης | επίκουρος καθηγητής επιστημών της εκπαίδευσης | καθηγήτρια επιστημών της εκπαίδευσης | λεκτόρισσα επιστημών της εκπαίδευσης | λέκτορας επιστημών της εκπαίδευσης | αναπληρώτρια καθηγήτρια επιστημών της εκπαίδευσης | καθηγητής επιστημών της εκπαίδευσης | πανεπιστημιακός καθηγητής επιστημών της εκπαίδευσης | επίκουρη καθηγήτρια επιστημών της εκπαίδευσης | πανεπιστημιακή καθηγήτρια επιστημών της εκπαίδευσης,"Οι πανεπιστημιακοί καθηγητές επιστημών της εκπαίδευσης είναι καθηγητές, εκπαιδευτικοί ή λέκτορες, οι οποίοι παρέχουν εκπαίδευση σε σπουδαστές με απολυτήριο ανώτερης δευτεροβάθμιας εκπαιδεύσεως, στον δικό τους εξειδικευμένο τομέα σπουδών, τις επιστήμες της εκπαίδευσης, ώστε να μπορούν να γίνουν οι ίδιοι οι εκπαιδευτικοί. Συνεργάζονται με τους βοηθούς ερευνητές και τους βοηθούς καθηγητή για την προετοιμασία των διαλέξεων και των εξετάσεων, βοηθούν στη βαθμολόγηση εργασιών και εξετάσεων και παρέχουν αξιολόγηση και ανατροφοδότηση στους σπουδαστές.",http://data.europa.eu/esco/occupation/684fd8d5-9b40-4b02-a680-438f0082d923,καθηγητής τριτοβάθμιας εκπαίδευσης/καθηγήτρια τριτοβάθμιας εκπαίδευσης
Occupation,http://data.europa.eu/esco/occupation/6140be85-2d45-44b2-b0ba-412aadcead1e,γενετιστής/γενετίστρια,released,μοριακή βιολόγος | κυτταρολόγος | ερευνήτρια γενετικής | εμβρυολόγος | εμβρυολόγος-γενετίστρια | βιολόγος-γενετιστής | μοριακός βιολόγος | εμβρυολόγος-γενετιστής | ερευνητής γενετικής | βιολόγος-γενετίστρια | γενετιστής | γενετίστρια,"Οι γενετιστές μελετούν και εστιάζουν την έρευνά τους στη γενετική. Αναλύουν τον τρόπο με τον οποίο τα γονίδια αλληλεπιδρούν, λειτουργούν και κληρονομούν τα γνωρίσματα και τα χαρακτηριστικά τους. Με βάση την έρευνά τους, παρακολουθούν ασθενείς με κληρονομικές παθήσεις και νόσους, συγγενείς δυσπλασίες και γενετικά θέματα γενικότερα.",http://data.europa.eu/esco/occupation/eee68e13-8248-43bb-a9fb-959832a6c217,βιολόγος
Occupation,http://data.europa.eu/esco/occupation/66527cdc-b7a5-4996-9448-7e327b68d08d,πανεπιστημιακός καθηγητής τέχνης/πανεπιστημιακή καθηγήτρια τέχνης,released,πανεπιστημιακός καθηγητής τέχνης | επίκουρη καθηγήτρια τέχνης | καθηγητής καλών τέχνης | λέκτορας καλών τέχνης | πανεπιστημιακή καθηγήτρια τέχνης | αναπληρωτής καθηγητής τέχνης | αναπληρώτρια καθηγήτρια τέχνης | καθηγήτρια καλών τέχνης | λεκτόρισσα τέχνης | επίκουρος καθηγητής τέχνης,"Οι πανεπιστημιακοί καθηγητές τέχνης είναι καθηγητές, εκπαιδευτικοί, ή λέκτορες, οι οποίοι παρέχουν εκπαίδευση σε σπουδαστές με απολυτήριο ανώτερης δευτεροβάθμιας εκπαιδεύσεως, στον δικό τους εξειδικευμένο τομέα σπουδών, τις τέχνες, ο οποίος έχει κυρίως ακαδημαϊκό χαρακτήρα. Συνεργάζονται με τους βοηθούς ερευνητές και τους βοηθούς καθηγητή για την προετοιμασία των διαλέξεων και των εξετάσεων, βοηθούν στη βαθμολόγηση εργασιών και εξετάσεων και παρέχουν αξιολόγηση και ανατροφοδότηση στους σπουδαστές. Επίσης, διεξάγουν ακαδημαϊκή έρευνα στον τομέα των τεχνών, δημοσιεύουν τα πορίσματά τους και συνεργάζονται με άλλους συναδέλφους από το πανεπιστήμιο.",http://data.europa.eu/esco/occupation/684fd8d5-9b40-4b02-a680-438f0082d923,καθηγητής τριτοβάθμιας εκπαίδευσης/καθηγήτρια τριτοβάθμιας εκπαίδευσης
Occupation,http://data.europa.eu/esco/occupation/684fd8d5-9b40-4b02-a680-438f0082d923,καθηγητής τριτοβάθμιας εκπαίδευσης/καθηγήτρια τριτοβάθμιας εκπαίδευσης,released,καθηγητής ανώτατης εκπαίδευσης | καθηγητής τριτοβάθμιας εκπαίδευσης | καθηγήτρια ανώτερης εκπαίδευσης | λέκτορας | επίκουρη καθηγήτρια | καθηγήτρια τριτοβάθμιας εκπαίδευσης | επίκουρος καθηγητής | πανεπιστημιακή καθηγήτρια | λεκτόρισσα | καθηγήτρια πανεπιστημίου | πανεπιστημιακός καθηγητής | καθηγήτρια ανώτατης εκπαίδευσης | καθηγητής ανώτερης εκπαίδευσης | καθηγητής πανεπιστημίου | αναπληρωτής καθηγητής | αναπληρώτρια καθηγήτρια,"Οι καθηγητές τριτοβάθμιας εκπαίδευσης παρέχουν εκπαίδευση σε σπουδαστές με απολυτήριο ανώτερης δευτεροβάθμιας εκπαιδεύσεως, στον δικό τους εξειδικευμένο τομέα σπουδών, ο οποίος έχει κυρίως ακαδημαϊκό χαρακτήρα. Μπορεί να έχουν τίτλο εργασίας όπως ανώτερος λέκτορας ή καθηγητής. Συνεργάζονται με τους βοηθούς τους για τη διδασκαλία και την έρευνα για την προετοιμασία των διαλέξεων και των εξετάσεων, βοηθούν στη βαθμολόγηση εργασιών και εξετάσεων, καθοδηγούν τις εργαστηριακές πρακτικές και παρέχουν αξιολόγηση και ανατροφοδότηση στους σπουδαστές. Επίσης, διεξάγουν ακαδημαϊκή έρευνα στον αντίστοιχο τομέα, δημοσιεύουν τα πορίσματά τους και συνεργάζονται με τους ακαδημαϊκούς τους συναδέλφους.",http://data.europa.eu/esco/isco/C2310,Διδακτικό προσωπικό ανώτατων εκπαιδευτικών ιδρυμάτων
Occupation,http://data.europa.eu/esco/occupation/68d973df-bf10-4bf7-9a1b-fbd9f604b9db,βιοπληροφορικός,released,,"Οι βιοπληροφορικοί αναλύουν τις βιολογικές διεργασίες με τη χρήση ηλεκτρονικών προγραμμάτων. Διατηρούν ή κατασκευάζουν βάσεις δεδομένων με βιολογικές πληροφορίες. Οι επιστήμονες βιοπληροφορικής συγκεντρώνουν και αναλύουν βιολογικά δεδομένα, και μπορεί επίσης να βοηθούν επιστήμονες σε διάφορους τομείς, όπως εκείνους της βιοτεχνολογίας και των φαρμακευτικών προϊόντων. Πραγματοποιούν επιστημονικές έρευνες και στατιστικές αναλύσεις και αναφέρουν τα πορίσματά τους. Οι επιστήμονες βιοπληροφορικής μπορεί επίσης να συλλέγουν δείγματα DNA, να ανακαλύπτουν πρότυπα δεδομένων και να διεξάγουν γενετική έρευνα.",http://data.europa.eu/esco/isco/C2131,"Βιολόγοι, βοτανολόγοι, ζωολόγοι και ασκούντες συναφή επαγγέλματα"
Occupation,http://data.europa.eu/esco/occupation/68f4fdd9-182c-4c0d-a73d-f767b8a8355e,βιολόγος υδατοκαλλιεργειών,released,βιολόγος με ειδίκευση στην υδατοκαλλιέργεια | βιολόγος υδατοκαλλιέργειας | βιολόγος ιχθυοτροφείων,"Οι βιολόγοι υδατοκαλλιεργειών εφαρμόζουν τις γνώσεις που έχουν αποκτηθεί από την έρευνα γύρω από την υδρόβια πανίδα και χλωρίδα, καθώς και τις αλληλεπιδράσεις μεταξύ τους αλλά και με το περιβάλλον, προκειμένου να βελτιωθεί η παραγωγή της υδατοκαλλιέργειας, να αποφευχθούν προβλήματα σχετικά με την υγεία των ζώων και το περιβάλλον και να δοθούν λύσεις, όπου κρίνεται απαραίτητο.",http://data.europa.eu/esco/occupation/eee68e13-8248-43bb-a9fb-959832a6c217,βιολόγος
Occupation,http://data.europa.eu/esco/occupation/6cd08cbe-7611-4d70-8886-6c59c0385442,ειδικός επικοινωνίας/ειδική επικοινωνίας,released,επιστήμονας της επικοινωνίας | ειδικός ανθρώπινης επικοινωνίας | ειδικός στην επιστήμη της επικοινωνίας,"Οι ειδικοί επικοινωνίας παρακολουθούν τις διάφορες πτυχές του σχεδιασμού, της συλλογής, της δημιουργίας, της οργάνωσης, της διατήρησης, της χρήσης, της αξιολόγησης και της ανταλλαγής πληροφοριών μέσω λεκτικής ή μη λεκτικής επικοινωνίας. Μελετούν τις αλληλεπιδράσεις μεταξύ ομάδων, μεταξύ ατόμων, και μεταξύ ατόμων και τεχνολογιών (ρομπότ).",http://data.europa.eu/esco/occupation/acf69cab-8629-45c8-ae10-c8fb15f474b6,ανθρωπολόγος
Occupation,http://data.europa.eu/esco/occupation/6d421d34-baa1-44f9-9ea0-231d76e325fd,θεολόγος,released,ερευνήτρια θεολογίας | ερευνητής θεολογίας,"Οι Θεολόγοι ασχολούνται με την έρευνα εννοιών που σχετίζονται με τις θρησκείες, τις πεποιθήσεις και την πνευματικότητα. Εφαρμόζουν τους κανόνες του ορθού λόγου κατά την εξέταση της ηθικής και των σχετικών αξιών, μέσω της μελέτης ιερών κειμένων, της θρησκείας, της εκκλησιαστικής πειθαρχίας και του θεϊκού νόμου.",http://data.europa.eu/esco/isco/C2636,Κληρικοί και επαγγελματίες του θρησκευτικού τομέα
Occupation,http://data.europa.eu/esco/occupation/6df6c5cb-c1a2-42c8-acd0-1ee5563c36c1,βιοχημικός,released,βιοτεχνολόγος | βιοχημικός-βιοτεχνολόγος,Οι βιοχημικοί μελετούν και ερευνούν τις αντιδράσεις που προκαλούν οι χημικές ουσίες στους ζωντανούς οργανισμούς. Αυτό περιλαμβάνει τη διεξαγωγή έρευνας για την ανάπτυξη ή τη βελτίωση προϊόντων που βασίζονται σε χημικές ουσίες (π.χ. φάρμακα) με στόχο τη βελτίωση της υγείας των ζωντανών οργανισμών και την καλύτερη κατανόηση των αντιδράσεων τους.,http://data.europa.eu/esco/occupation/eee68e13-8248-43bb-a9fb-959832a6c217,βιολόγος
Occupation,http://data.europa.eu/esco/occupation/6e92d4b5-3167-4166-802f-da7753951a31,σύμβουλος έρευνας ΤΠΕ,released,σύμβουλος έρευνας τεχνολογιών πληροφορικής και επικοινωνιών | σύμβουλος έρευνας και τεχνολογίας | σύμβουλος ερευνών και τεχνολογιών | σύμβουλος έρευνας τεχνολογιών πληροφοριών και επικοινωνιών,"Οι σύμβουλοι έρευνας ΤΠΕ πραγματοποιούν στοχευμένη έρευνα στον τομέα των ΤΠΕ και υποβάλλουν μια τελική έκθεση στον πελάτη. Χρησιμοποιούν επίσης εργαλεία ΤΠΕ για τον σχεδιασμό ερωτηματολογίων για έρευνες, την ανάλυση των αποτελεσμάτων, τη σύνταξη εκθέσεων, την παρουσίαση των αποτελεσμάτων και τη διατύπωση συστάσεων βάσει των αποτελεσμάτων της έρευνας.",http://data.europa.eu/esco/isco/C2511,Αναλυτές συστημάτων
Occupation,http://data.europa.eu/esco/occupation/71f09c8b-a172-408c-b9e7-32e580e39ff6,γενικός ιατρός/γενική ιατρός,released,γενικός ιατρός | γενική ιατρός,"Οι γενικοί ιατροί προωθούν την υγεία, προλαμβάνουν, εντοπίζουν προβλήματα υγείας, διαγιγνώσκουν και θεραπεύουν ασθένειες και προωθούν την αποκατάσταση των σωματικών και ψυχικών διαταραχών και των προβλημάτων υγείας κάθε είδους όλων των ατόμων, ανεξάρτητα από την ηλικία, το φύλο ή τον τύπο του προβλήματος υγείας.",http://data.europa.eu/esco/isco/C2211,Ιατροί γενικής ιατρικής
Occupation,http://data.europa.eu/esco/occupation/72628f3a-fd49-499a-9741-870b0a1fcef2,μαθηματικός,released,μαθηματικός μοντελοποίησης φυσικών επιστημών και σύγχρονων τεχνολογιών | μαθηματικός προσομοίωσης και υπολογισμών | μαθηματικός προτυποποίησης σε σύγχρονες τεχνολογίες και την οικονομία | γεωμαθηματικός,"Οι μαθηματικοί μελετούν και επεκτείνουν σε βάθος τις υπάρχουσες μαθηματικές θεωρίες, προκειμένου να διευρύνουν τις γνώσεις και να βρίσκουν νέα πρότυπα εντός του συγκεκριμένου πεδίου. Οι γνώσεις αυτές μπορούν να βρουν εφαρμογή σε ζητήματα που άπτονται της μηχανικής και της επιστήμης, προκειμένου να διασφαλιστεί ότι οι μετρήσεις, οι ποσότητες και οι μαθηματικοί κανόνες αποδεικνύουν τη βιωσιμότητά τους.",http://data.europa.eu/esco/isco/C2120,"Μαθηματικοί, αναλογιστές και στατιστικοί"
Occupation,http://data.europa.eu/esco/occupation/73ceb2f9-18e3-4cfe-9c06-e9fb31ece440,διευθυντής έρευνας και ανάπτυξης/διευθύντρια έρευνας και ανάπτυξης,released,διευθύντρια έρευνας και ανάπτυξης | διευθυντής έρευνας και ανάπτυξης,"Οι διευθυντές έρευνας και ανάπτυξης συντονίζουν τις προσπάθειες των επιστημόνων, των ακαδημαϊκών ερευνητών, των φορέων ανάπτυξης προϊόντων και των ερευνητών της αγοράς για τη δημιουργία νέων προϊόντων, τη βελτίωση των σημερινών ή άλλων ερευνητικών δραστηριοτήτων, συμπεριλαμβανομένης της επιστημονικής έρευνας. Διαχειρίζονται και σχεδιάζουν δραστηριότητες έρευνας και ανάπτυξης ενός οργανισμού, προσδιορίζουν τους στόχους και τις απαιτήσεις του προϋπολογισμού και διοικούν το προσωπικό.",http://data.europa.eu/esco/isco/C1223,Διευθυντές έρευνας και ανάπτυξης
Occupation,http://data.europa.eu/esco/occupation/778c1d37-69f2-4184-ac98-03b7dbfba332,μηχανικός φωτονικής,released,μηχανικός φωτονικής τεχνολογίας,"Οι μηχανικοί φωτονικής ασχολούνται με την παραγωγή, τη μεταφορά, τη μετατροπή και την ανίχνευση φωτός. Διενεργούν έρευνες, σχεδιάζουν, συναρμολογούν, δοκιμάζουν και αναπτύσσουν φωτονικά εξαρτήματα ή συστήματα σε πολλούς τομείς εφαρμογής, από τις οπτικές επικοινωνίες έως τα ιατρικά όργανα και την τεχνολογία επεξεργασίας ή ανίχνευσης υλικών.",http://data.europa.eu/esco/occupation/ab3c4d3e-3189-47ad-82af-57cdae3cb589,οπτικός μηχανικός
Occupation,http://data.europa.eu/esco/occupation/77abfaec-a250-4765-95fa-6091e8da1bba,ηλεκτρομηχανολόγος μηχανικός,released,,"Οι ηλεκτρομηχανολόγοι μηχανικοί σχεδιάζουν και αναπτύσσουν εξοπλισμό και μηχανήματα που χρησιμοποιούν τόσο την ηλεκτρική όσο και τη μηχανική τεχνολογία. Καταρτίζουν σχέδια και έγγραφα στα οποία αναφέρονται λεπτομερώς οι απαιτήσεις σε υλικά, η διαδικασία συναρμολόγησης και οι λοιπές τεχνικές προδιαγραφές. Επίσης, οι ηλεκτρομηχανολόγοι μηχανικοί δοκιμάζουν και αξιολογούν τα πρωτότυπα, και επιβλέπουν τη διαδικασία παρασκευής.",http://data.europa.eu/esco/occupation/86ca306c-ab99-420a-9e2a-aa73c5c4de22,ηλεκτρολόγος μηχανικός
Occupation,http://data.europa.eu/esco/occupation/7c132147-428b-4ea3-87e1-70f7abb691ce,φαρμακοποιός,released,παρασκευαστής φαρμάκων | παρασκευάστρια φαρμάκων | φαρμακοποιός φαρμακείου,"Οι φαρμακοποιοί ετοιμάζουν, διανέμουν και χορηγούν συνταγές για φάρμακα που δεν απαιτούν συνταγογράφηση από ιατρό. Παρέχουν κλινικές πληροφορίες για φάρμακα, αναφέρουν εικαζόμενες ανεπιθύμητες ενέργειες και παρέχουν εξατομικευμένη υποστήριξη στους ασθενείς. Οι φαρμακοποιοί παρασκευάζουν και ελέγχουν τα φάρμακα σε εργαστήρια και επίσης τα αποθηκεύουν, τα διατηρούν και τα διανέμουν.",http://data.europa.eu/esco/isco/C2262,Φαρμακοποιοί
Occupation,http://data.europa.eu/esco/occupation/7dea476a-dffe-4919-9ee2-fb222e283f41,πανεπιστημιακός καθηγητής ψυχολογίας/πανεπιστημιακή καθηγήτρια ψυχολογίας,released,καθηγητής ψυχολογίας | λέκτορας ψυχολογίας | επίκουρος καθηγητής ψυχολογίας | επίκουρη καθηγήτρια ψυχολογίας | πανεπιστημιακή καθηγήτρια ψυχολογίας | λεκτόρισσα ψυχολογίας | καθηγήτρια ψυχολογίας | αναπληρώτρια καθηγήτρια ψυχολογίας | πανεπιστημιακός καθηγητής ψυχολογίας | αναπληρωτής καθηγητής ψυχολογίας,"Οι πανεπιστημιακοί καθηγητές ψυχολογίας είναι καθηγητές, εκπαιδευτικοί, ή λέκτορες οι οποίοι παρέχουν εκπαίδευση σε σπουδαστές με απολυτήριο ανώτερης δευτεροβάθμιας εκπαιδεύσεως, στον δικό τους εξειδικευμένο τομέα σπουδών, την ψυχολογία, ο οποίος έχει κυρίως ακαδημαϊκό χαρακτήρα. Συνεργάζονται με τους βοηθούς ερευνητές και τους βοηθούς καθηγητή για την προετοιμασία των διαλέξεων και των εξετάσεων, για την βαθμολόγηση των εργασιών και των εξετάσεων και παρέχουν αξιολόγηση και ανατροφοδότηση στους σπουδαστές. Επίσης, διεξάγουν ακαδημαϊκή έρευνα στον αντίστοιχο τομέα της ψυχολογίας, δημοσιεύουν τα πορίσματά τους και συνεργάζονται με άλλους συναδέλφους από το πανεπιστήμιο.",http://data.europa.eu/esco/occupation/684fd8d5-9b40-4b02-a680-438f0082d923,καθηγητής τριτοβάθμιας εκπαίδευσης/καθηγήτρια τριτοβάθμιας εκπαίδευσης
Occupation,http://data.europa.eu/esco/occupation/7f0fe7d3-54c6-41e9-88ba-9d4f0f1a46b4,μηχανικός μικροσυστημάτων,released,,"Οι μηχανικοί μικροσυστημάτων ερευνούν, σχεδιάζουν, αναπτύσσουν και επιβλέπουν την παραγωγή μικροηλεκτρομηχανικών συστημάτων (MEMS), τα οποία μπορούν να ενσωματωθούν σε μηχανικά, οπτικά, ακουστικά και ηλεκτρονικά προϊόντα.",http://data.europa.eu/esco/occupation/4d34a9ee-2653-4da0-bef7-f59294577224,ηλεκτρονικός μηχανικός
Occupation,http://data.europa.eu/esco/occupation/7f2761eb-4edc-48ad-9fbf-eed0a0db9a21,φυσικός,released,βιοφυσικός | οικονοφυσικός | πυρηνικός φυσικός | ακτινοφυσικός | φυσικός περιβάλλοντος | αστροφυσικός | ιατροφυσικός | πετροφυσικός | ερευνητής φυσικής | πυρηνική φυσικός | ερευνήτρια φυσικής,"Οι φυσικοί είναι επιστήμονες οι οποίοι μελετούν τα φυσικά φαινόμενα. Εστιάζουν την έρευνά τους ανάλογα με την ειδίκευσή τους, από την φυσική των ατομικών σωματιδίων έως τη μελέτη φαινομένων του σύμπαντος. Εφαρμόζουν τα ευρήματά τους για τη βελτίωση της κοινωνίας, συμβάλλοντας στην ανάπτυξη του ενεργειακού εφοδιασμού, της θεραπείας των ασθενειών, της τεχνολογίας παιγνίων, του εξοπλισμού αιχμής και αντικειμένων καθημερινής χρήσης.",http://data.europa.eu/esco/isco/C2111,Φυσικοί και αστρονόμοι
Occupation,http://data.europa.eu/esco/occupation/82e37849-30ec-4461-a40e-263d4c984f88,παλαιοντολόγος,released,,"Οι παλαιοντολόγοι ερευνούν και αναλύουν τις μορφές ζωής που υπήρχαν στους αρχαίους χρόνους στον πλανήτη Γη. Προσπαθούν να καθορίσουν την εξελικτική πορεία και την αλληλεπίδραση σε διάφορες γεωλογικές περιόδους όλων των ειδών που ήταν κάποτε οργανισμοί, όπως τα φυτά, η γύρη και οι σπόροι, τα ασπόνδυλα και τα σπονδυλωτά ζώα, οι άνθρωποι, ίχνη όπως αποτυπώματα, καθώς επίσης και με το περιβάλλον και το κλίμα.",http://data.europa.eu/esco/occupation/c6196b21-20f9-4608-83fb-6f143afc740d,γεωλόγος
Occupation,http://data.europa.eu/esco/occupation/86a0c9ab-c3fa-41a3-ad3e-d0083036b3d6,ορυκτολόγος,released,,"Οι ορυκτολόγοι μελετούν τη σύνθεση, τη δομή και άλλες φυσικές ιδιότητες της γης. Αναλύουν διάφορα ορυκτά και χρησιμοποιούν επιστημονικό εξοπλισμό για να προσδιορίσουν τη δομή και τις ιδιότητές τους. Οι εργασίες τους επικεντρώνονται κυρίως στην ταξινόμηση και την ταυτοποίηση των ορυκτών, με τη λήψη δειγμάτων και τη διεξαγωγή περαιτέρω δοκιμών, αναλύσεων και εξετάσεων.",http://data.europa.eu/esco/isco/C2114,Γεωλόγοι και γεωφυσικοί
Occupation,http://data.europa.eu/esco/occupation/89b87aa2-4008-4cc7-96f8-e2b5ffe59f28,τεχνολόγος οικολογίας και περιβάλλοντος,released,οικολόγος-ερευνήτρια | οικολόγος-ερευνητής,"Οι τεχνολόγοι οικολογίας και περιβάλλοντος διενεργούν αξιολογήσεις της υγείας και της κατανομής των οργανισμών, δηλαδή των ανθρώπων, των φυτών και των ζώων, καθώς και της σχέσης μεταξύ των οργανισμών και του περιβάλλοντός τους. Οι τεχνολόγοι οικολογίας και περιβάλλοντος έχουν συνήθως έναν τομέα εξειδίκευσης, π.χ. γλυκά ύδατα, θαλάσσια και επίγεια πανίδα και χλωρίδα, στον οποίο διεξάγουν έρευνα και επιτελούν σχετικά καθήκοντα. ",http://data.europa.eu/esco/isco/C2133,Επαγγελματίες προστασίας του περιβάλλοντος
Occupation,http://data.europa.eu/esco/occupation/8b128a08-606f-4bb1-806e-07e0ed98b40e,πανεπιστημιακός καθηγητής διαστημικής επιστήμης/πανεπιστημιακή καθηγήτρια διαστημικής επιστήμης,released,πανεπιστημιακός καθηγητής | επίκουρος καθηγητής διαστημικής επιστήμης | πανεπιστημιακός καθηγητής διαστημικής επιστήμης | καθηγητής διαστημικής επιστήμης | πανεπιστημιακός καθηγητής αστροφυσικής | καθηγήτρια διαστημικής επιστήμης | λέκτορας διαστημικής επιστήμης | αναπληρωτής καθηγητής διαστημικής επιστήμης | πανεπιστημιακή καθηγήτρια αστροφυσικής | επίκουρη καθηγήτρια διαστημικής επιστήμης | λεκτόρισσα διαστημικής επιστήμης | αναπληρώτρια καθηγήτρια διαστημικής επιστήμης,"Οι πανεπιστημιακοί καθηγητές διαστημικής επιστήμης είναι καθηγητές, εκπαιδευτικοί ή λέκτορες οι οποίοι παρέχουν εκπαίδευση σε σπουδαστές με απολυτήριο ανώτερης δευτεροβάθμιας εκπαιδεύσεως, στον δικό τους εξειδικευμένο τομέα σπουδών, τη διαστημική επιστήμη, ο οποίος έχει κυρίως ακαδημαϊκό χαρακτήρα. Συνεργάζονται με τους βοηθούς ερευνητές και τους βοηθούς καθηγητή για την προετοιμασία των διαλέξεων και των εξετάσεων, για τη βαθμολόγηση εργασιών και εξετάσεων και παρέχουν αξιολόγηση και ανατροφοδότηση στους σπουδαστές. Επίσης, διεξάγουν ακαδημαϊκή έρευνα στον τομέα της διαστημικής επιστήμης, δημοσιεύουν τα πορίσματά τους και συνεργάζονται με άλλους συναδέλφους από το πανεπιστήμιο.",http://data.europa.eu/esco/occupation/684fd8d5-9b40-4b02-a680-438f0082d923,καθηγητής τριτοβάθμιας εκπαίδευσης/καθηγήτρια τριτοβάθμιας εκπαίδευσης
Occupation,http://data.europa.eu/esco/occupation/8c0f59c9-9a47-42e7-8287-aab19df4e6ab,μηχανικός μικροηλεκτρονικής,released,,"Οι μηχανικοί μικροηλεκτρονικής σχεδιάζουν, αναπτύσσουν και επιβλέπουν την παραγωγή μικροηλεκτρονικών συσκευών και εξαρτημάτων, όπως μικροεπεξεργαστές και ολοκληρωμένα κυκλώματα.",http://data.europa.eu/esco/occupation/4d34a9ee-2653-4da0-bef7-f59294577224,ηλεκτρονικός μηχανικός
Occupation,http://data.europa.eu/esco/occupation/920c22e1-10a1-4afa-86b3-c43da8488391,πανεπιστημιακός καθηγητής κοινωνικής εργασίας/πανεπιστημιακή καθηγήτρια κοινωνικής εργασίας,released,λέκτορας κοινωνικής εργασίας | καθηγητής κοινωνικής εργασίας | αναπληρώτρια καθηγήτρια κοινωνικής εργασίας | λεκτόρισσα κοινωνικής εργασίας | καθηγήτρια κοινωνικής εργασίας | αναπληρωτής καθηγητής κοινωνικής εργασίας | επίκουρος  καθηγητής κοινωνικής εργασίας | πανεπιστημιακός καθηγητής κοινωνικής εργασίας | πανεπιστημιακή καθηγήτρια κοινωνικής εργασίας | επίκουρη καθηγήτρια κοινωνικής εργασίας,"Οι πανεπιστημιακοί καθηγητές κοινωνικής εργασίας είναι επαγγελματίες που ασκούν διττό ρόλο, αφενός, δραστηριοποιούνται στον επιστημονικό κλάδο που προσφέρει κοινωνικές υπηρεσίες, όπως η παροχή συμβουλών, η θεραπεία ή η υπεράσπιση, σε μεμονωμένα άτομα ή ομάδες και, αφετέρου, αποτελούν μέρος του ακαδημαϊκού κόσμου που παρέχει επαγγελματική εκπαίδευση, συμμετέχοντας επίσης στην έρευνα και την ανάπτυξη της γνώσης, συμβάλλοντας σε λύσεις που αφορούν πολύπλοκα κοινωνικά προβλήματα και καινοτόμες προσεγγίσεις για τη βελτίωση των εν λόγω προβλημάτων. Διδάσκουν τις γνώσεις, τις δεξιότητες και τις αξίες της κοινωνικής εργασίας για να προετοιμάσουν τους σπουδαστές να είναι πολιτισμικά ικανοί να συμμετέχουν σε πρακτικές κοινωνικής εργασίας με διαφορετικούς πληθυσμούς και κοινότητες.",http://data.europa.eu/esco/occupation/684fd8d5-9b40-4b02-a680-438f0082d923,καθηγητής τριτοβάθμιας εκπαίδευσης/καθηγήτρια τριτοβάθμιας εκπαίδευσης
Occupation,http://data.europa.eu/esco/occupation/92bb3d8c-8a9f-4cd7-80ec-247bbf173004,μηχανικός τεχνολογίας υλικού υπολογιστών,released,,"Οι μηχανικοί τεχνολογίας υλικού υπολογιστών σχεδιάζουν και αναπτύσσουν συστήματα και εξαρτήματα υλικού ηλεκτρονικών υπολογιστών, όπως πλακέτες κυκλωμάτων, διαποδιαμορφωτές και εκτυπωτές. Δημιουργούν προσχέδια ή σχέδια συναρμολόγησης, αναπτύσσουν και δοκιμάζουν πρωτότυπα και επιβλέπουν τη διαδικασία παραγωγής.",http://data.europa.eu/esco/occupation/4d34a9ee-2653-4da0-bef7-f59294577224,ηλεκτρονικός μηχανικός
Occupation,http://data.europa.eu/esco/occupation/9766cc19-5a64-4b3c-a741-71561285a419,πανεπιστημιακός καθηγητής ανθρωπολογίας/πανεπιστημιακή καθηγήτρια ανθρωπολογίας,released,λεκτόρισσα ανθρωπολογίας | αναπληρωτής καθηγητής ανθρωπολογίας | λέκτορας ανθρωπολογίας | καθηγήτρια ανθρωπολογίας | καθηγητής ανθρωπολογίας | επίκουρος καθηγητής ανθρωπολογίας | πανεπιστημιακή καθηγήτρια ανθρωπολογίας | πανεπιστημιακός καθηγητής ανθρωπολογίας | επίκουρη καθηγήτρια ανθρωπολογίας | αναπληρώτρια καθηγήτρια ανθρωπολογίας,"Οι πανεπιστημιακοί καθηγητές ανθρωπολογίας είναι καθηγητές, εκπαιδευτικοί ή λέκτορες οι οποίοι παρέχουν εκπαίδευση σε σπουδαστές με απολυτήριο ανώτερης δευτεροβάθμιας εκπαίδευσης, στον δικό τους εξειδικευμένο κλάδο σπουδών, την ανθρωπολογία, ο οποίος έχει κυρίως ακαδημαϊκό χαρακτήρα. Συνεργάζονται με τους βοηθούς ερευνητές και τους βοηθούς καθηγητή για την προετοιμασία των διαλέξεων και των εξετάσεων, για τη βαθμολόγηση των εργασιών και των εξετάσεων και παρέχουν αξιολόγηση και ανατροφοδότηση στους φοιτητές. Επίσης, διεξάγουν ακαδημαϊκή έρευνα στον τομέα της ανθρωπολογίας, δημοσιεύουν τα πορίσματά τους και συνεργάζονται με άλλους συναδέλφους από το πανεπιστήμιο.",http://data.europa.eu/esco/occupation/684fd8d5-9b40-4b02-a680-438f0082d923,καθηγητής τριτοβάθμιας εκπαίδευσης/καθηγήτρια τριτοβάθμιας εκπαίδευσης
Occupation,http://data.europa.eu/esco/occupation/9851c83c-5670-4da0-964a-1ef0e682e30b,θανατολόγος,released,ερευνήτρια θανατολογίας | ερευνητής θανατολογίας,"Οι θανατολόγοι ασχολούνται με τη μελέτη του θανάτου και της διαδικασίας του θανάτου σε διάφορους επιστημονικούς τομείς όπως η ψυχολογία, η κοινωνιολογία, η φυσιολογία και η ανθρωπολογία. Συμβάλλουν στην ανάπτυξη της γνώσης γύρω από πτυχές του θανάτου όπως τα ψυχολογικά φαινόμενα που βιώνουν όσοι πεθαίνουν και τα άτομα που τους περιβάλλουν.",http://data.europa.eu/esco/isco/C2632,"Κοινωνιολόγοι, ανθρωπολόγοι και ασκούντες συναφή επαγγέλματα"
Occupation,http://data.europa.eu/esco/occupation/9905cc76-d48b-49b1-94ab-17becb30be1a,πανεπιστημιακός καθηγητής διατροφολογίας/πανεπιστημιακή καθηγήτρια διατροφολογίας,released,επίκουρος καθηγητής διατροφολογίας | επίκουρη καθηγήτρια διατροφολογίας | λέκτορας διατροφολογίας | πανεπιστημιακός καθηγητής διατροφολογίας | αναπληρώτρια καθηγήτρια διατροφολογίας | πανεπιστημιακή καθηγήτρια διατροφολογίας | καθηγητής διατροφολογίας | αναπληρωτής καθηγητής διατροφολογίας | καθηγήτρια διατροφολογίας | λεκτόρισσα διατροφολογίας,"Οι πανεπιστημιακοί καθηγητές διατροφολογίας είναι καθηγητές, εκπαιδευτικοί, ή λέκτορες που παρέχουν εκπαίδευση σε φοιτητές με απολυτήριο ανώτερης δευτεροβάθμιας εκπαίδευσης, στο δικό τους εξειδικευμένο πεδίο σπουδών, τη διατροφολογία, το οποίο έχει κυρίως ακαδημαϊκό χαρακτήρα. Συνεργάζονται με τους βοηθούς ερευνητές και τους βοηθούς καθηγητή για την προετοιμασία των διαλέξεων και των εξετάσεων, βοηθούν στη βαθμολόγηση εργασιών και εξετάσεων και παρέχουν αξιολόγηση και ανατροφοδότηση στους σπουδαστές. Επίσης, διεξάγουν ακαδημαϊκή έρευνα στον τομέα της διατροφολογίας, δημοσιεύουν τα πορίσματά τους και συνεργάζονται με άλλους συναδέλφους από το πανεπιστήμιο.",http://data.europa.eu/esco/occupation/684fd8d5-9b40-4b02-a680-438f0082d923,καθηγητής τριτοβάθμιας εκπαίδευσης/καθηγήτρια τριτοβάθμιας εκπαίδευσης
Occupation,http://data.europa.eu/esco/occupation/99492920-e5a5-4dba-9e5a-93193147198c,οικονομολόγος,released,,"Οι οικονομολόγοι διεξάγουν έρευνες και αναπτύσσουν θεωρίες στον τομέα των οικονομικών, είτε πρόκειται για μικροοικονομική είτε για μακροοικονομική ανάλυση. Εξετάζουν τις τάσεις, αναλύουν τα στατιστικά στοιχεία και, σε κάποιον βαθμό, εργάζονται με οικονομικά μαθηματικά μοντέλα για την παροχή συμβουλών σε εταιρείες, κυβερνήσεις και συναφείς φορείς. Παρέχουν συμβουλές σχετικά με τη σκοπιμότητα των προϊόντων, τις προβλέψεις τάσεων, τις αναδυόμενες αγορές, τις φορολογικές πολιτικές και τις καταναλωτικές τάσεις.",http://data.europa.eu/esco/isco/C2631,Οικονομολόγοι
Occupation,http://data.europa.eu/esco/occupation/9a7e780a-b778-4a5a-b4eb-309d394d313d,πανεπιστημιακός καθηγητής λογοτεχνίας/πανεπιστημιακή καθηγήτρια λογοτεχνίας,released,αναπληρώτρια καθηγήτρια λογοτεχνίας | επίκουρος καθηγητής λογοτεχνίας | επίκουρη καθηγήτρια λογοτεχνίας | καθηγήτρια λογοτεχνίας | λέκτορας λογοτεχνίας | πανεπιστημιακός καθηγητής λογοτεχνίας | λεκτόρισσα λογοτεχνίας | αναπληρωτής καθηγητής λογοτεχνίας | πανεπιστημιακή καθηγήτρια λογοτεχνίας | καθηγητής λογοτεχνίας,"Οι πανεπιστημιακοί καθηγητές λογοτεχνίας είναι καθηγητές, εκπαιδευτικοί ή λέκτορες που παρέχουν εκπαίδευση σε σπουδαστές με απολυτήριο ανώτερης δευτεροβάθμιας εκπαίδευσης, στο δικό τους εξειδικευμένο πεδίο σπουδών, τη λογοτεχνία, το οποίο έχει κυρίως ακαδημαϊκό χαρακτήρα. Συνεργάζονται με τους βοηθούς ερευνητές και τους βοηθούς καθηγητή για την προετοιμασία των διαλέξεων και των εξετάσεων, βοηθούν στη βαθμολόγηση εργασιών και εξετάσεων και παρέχουν αξιολόγηση και ανατροφοδότηση στους σπουδαστές. Επίσης, διεξάγουν ακαδημαϊκή έρευνα στον αντίστοιχο τομέα της λογοτεχνίας, δημοσιεύουν τα πορίσματά τους και συνεργάζονται με άλλους συναδέλφους από το πανεπιστήμιο.",http://data.europa.eu/esco/occupation/684fd8d5-9b40-4b02-a680-438f0082d923,καθηγητής τριτοβάθμιας εκπαίδευσης/καθηγήτρια τριτοβάθμιας εκπαίδευσης
Occupation,http://data.europa.eu/esco/occupation/9b889f07-c39c-464d-b9d9-b2daa650f9ac,ειδικευμένος ιατρός/ειδικευμένη ιατρός,released,ειδικευμένος ιατρός | ειδικευμένη ιατρός,"Οι ειδικευμένοι ιατροί προλαμβάνουν, διαγιγνώσκουν και αντιμετωπίζουν παθήσεις ανάλογα με την ιατρική ή χειρουργική ειδικότητα τους.",http://data.europa.eu/esco/isco/C2212,Ειδικευμένοι ιατροί
Occupation,http://data.europa.eu/esco/occupation/a36c14e6-ed96-467d-8390-6f9cf47ac350,πανεπιστημιακός καθηγητής ιστορίας/πανεπιστημιακή καθηγήτρια ιστορίας,released,λεκτόρισσα ιστορίας | αναπληρωτής καθηγητής ιστορίας | επίκουρη καθηγήτρια ιστορίας | πανεπιστημιακή καθηγήτρια ιστορίας | πανεπιστημιακός καθηγητής μεσαιωνικής ιστορίας | πανεπιστημιακός καθηγητής  νεότερης ιστορίας | πανεπιστημιακή καθηγήτρια μεσαιωνικής ιστορίας | καθηγητής ιστορίας | πανεπιστημιακή καθηγήτρια νεότερης ιστορίας | επίκουρος καθηγητής ιστορίας | καθηγήτρια ιστορίας | πανεπιστημιακός καθηγητής ιστορίας | αναπληρώτρια καθηγήτρια ιστορίας | πανεπιστημιακή καθηγήτρια αρχαίας ιστορίας | λέκτορας ιστορίας | πανεπιστημιακός καθηγητής αρχαίας ιστορίας,"Οι πανεπιστημιακοί καθηγητές ιστορίας είναι καθηγητές, εκπαιδευτικοί ή λέκτορες οι οποίοι παρέχουν εκπαίδευση σε σπουδαστές με απολυτήριο ανώτερης δευτεροβάθμιας εκπαίδευσης, στον δικό τους εξειδικευμένο κλάδο σπουδών, την ιστορία, ο οποίος έχει κυρίως ακαδημαϊκό χαρακτήρα. Συνεργάζονται με τους βοηθούς ερευνητές και τους βοηθούς καθηγητή για την προετοιμασία των διαλέξεων και των εξετάσεων, για τη βαθμολόγηση των εργασιών και των εξετάσεων και παρέχουν αξιολόγηση και ανατροφοδότηση στους σπουδαστές. Επίσης, διεξάγουν ακαδημαϊκή έρευνα στον αντίστοιχο τομέα της ιστορίας, δημοσιεύουν τα πορίσματά τους και συνεργάζονται με άλλους συναδέλφους από το πανεπιστήμιο.",http://data.europa.eu/esco/occupation/684fd8d5-9b40-4b02-a680-438f0082d923,καθηγητής τριτοβάθμιας εκπαίδευσης/καθηγήτρια τριτοβάθμιας εκπαίδευσης
Occupation,http://data.europa.eu/esco/occupation/a63733fa-f7ff-4733-8961-1ec4eeaab00b,μουσειολόγος,released,μουσειολόγος μουσειογράφος και σχεδιάστρια εκθέσεων | μουσειολόγος μουσειογράφος και σχεδιαστής εκθέσεων | μουσειολόγος-μουσειογράφος | μουσειογράφος,"Οι επιστήμονες του τομέα των μουσείων αναλαμβάνουν και/ή διαχειρίζονται την επιμέλεια, τις προπαρασκευαστικές εργασίες και τις εργασίες γραφείου σε γενικά μουσεία, βοτανικούς κήπους, αίθουσες τέχνης, συλλογές καλών τεχνών, ενυδρεία ή παρόμοιους χώρους. Διαχειρίζονται τις συλλογές φυσικού, ιστορικού και ανθρωπολογικού υλικού που έχει εκπαιδευτικό, επιστημονικό ή αισθητικό χαρακτήρα.
	",http://data.europa.eu/esco/isco/C2621,"Αρχειοφύλακες και έφοροι αρχαιοτήτων, μουσείων και αιθουσών έργων τέχνης"
Occupation,http://data.europa.eu/esco/occupation/a7a74a05-3dd0-46c6-99af-92df8042520c,μικροβιολόγος,released,βιοτεχνολόγος | ιστολόγος | ελμινθολόγος | ερευνήτρια μικροβιολογίας | ιολόγος | παρασιτολόγος | βακτηριολόγος | ερευνητής μικροβιολογίας,"Οι μικροβιολόγοι εξετάζουν και αναλύουν τις έμβιες μορφές, τα χαρακτηριστικά και τις διεργασίες των μικροσκοπικών οργανισμών. Μελετούν μικροοργανισμούς, όπως βακτήρια, πρωτόζωα, μύκητες κ.λπ., με σκοπό τη διάγνωση και την αντιμετώπιση των επιπτώσεων που ενδέχεται να έχουν οι μικροοργανισμοί αυτοί στα ζώα, στο περιβάλλον, στη βιομηχανία τροφίμων ή στον κλάδο της υγειονομικής περίθαλψης.
	",http://data.europa.eu/esco/occupation/eee68e13-8248-43bb-a9fb-959832a6c217,βιολόγος
Occupation,http://data.europa.eu/esco/occupation/a9c7a04d-807a-41b5-b441-87c73c73c9c5,γλωσσολόγος,released,φωνολόγος | ειδικός υπολογιστικής γλωσσολογίας | ιστορικός γλωσσολόγος | φιλόλογος | ιστορική γλωσσολόγος | υπεύθυνος ορολογίας | υπεύθυνη ορολογίας | κοινωνιογλωσσολόγος | ορολόγος,"Οι γλωσσολόγοι ασχολούνται με την επιστημονική μελέτη των γλωσσών. Μελετούν επισταμένα τις γλώσσες και μπορούν να τις ερμηνεύουν με βάση τα γραμματικά, σημασιολογικά και φωνητικά χαρακτηριστικά τους. Μελετούν την εξέλιξη της γλώσσας και τον τρόπο χρήσης της από τις κοινωνίες.",http://data.europa.eu/esco/isco/C2643,"Μεταφραστές, διερμηνείς και άλλοι γλωσσολόγοι"
Occupation,http://data.europa.eu/esco/occupation/ab360abd-32e2-4e03-967d-a10758efffa7,μηχανικός μηχατρονικής,released,μηχανικός κυβερνητικής | μηχανικός με ειδικότητα στη μηχατρονική | μηχανικός με ειδικότητα στην κυβερνητική | μηχανικός με ειδίκευση στη μηχατρονική | μηχανικός με ειδίκευση στην κυβερνητική,"Οι μηχανικοί μηχατρονικής σχεδιάζουν και αναπτύσσουν έξυπνα συστήματα, όπως ρομποτικές συσκευές, έξυπνες οικιακές συσκευές και αεροπλάνα, συνδυάζοντας τεχνολογίες από τους τομείς της μηχανολογίας, της ηλεκτρονικής, των υπολογιστών και της μηχανικής συστημάτων ελέγχου. Δημιουργούν πρότυπα ή σχέδια για μέρη, σύνολα ή τελικά προϊόντα, με τη χρήση προγραμμάτων λογισμικού, και επιβλέπουν και διαχειρίζονται έργα.",http://data.europa.eu/esco/occupation/579254cf-6d69-4889-9000-9c79dc568644,μηχανολόγος μηχανικός
Occupation,http://data.europa.eu/esco/occupation/ab3c4d3e-3189-47ad-82af-57cdae3cb589,οπτικός μηχανικός,released,,"Οι οπτικοί μηχανικοί σχεδιάζουν και αναπτύσσουν διάφορες βιομηχανικές εφαρμογές της οπτικής. Έχουν γνώση των αρχών του φωτός, των αρχών μετάδοσής του, και της οπτικής, τις οποίες χρησιμοποιούν για τον σχεδιασμό των μηχανικών προδιαγραφών εξοπλισμού, όπως μικροσκόπια, φακοί, τηλεσκόπια και άλλες οπτικές διατάξεις.",http://data.europa.eu/esco/isco/C2149,Μηχανικοί π.δ.κ.α.
Occupation,http://data.europa.eu/esco/occupation/ac8b3cd1-a127-4e6a-8208-5cfcf7111955,στατιστικολόγος,released,στατιστική αναλύτρια | στατιστικός ερευνητής | στατιστικός αναλυτής | στατιστική ερευνήτρια,"Οι στατιστικολόγοι προβαίνουν στη συλλογή, την πινακοποίηση και, πρωτίστως, την ανάλυση ποσοτικών πληροφοριών που προέρχονται από ποικίλα πεδία. Ερμηνεύουν και αναλύουν στατιστικές μελέτες σε τομείς όπως η υγεία, η δημογραφία, τα χρηματοοικονομικά, οι επιχειρήσεις κ.λπ. και παρέχουν συμβουλές με βάση πρότυπα και διατυπωμένες αναλύσεις.",http://data.europa.eu/esco/isco/C2120,"Μαθηματικοί, αναλογιστές και στατιστικοί"
Occupation,http://data.europa.eu/esco/occupation/acf69cab-8629-45c8-ae10-c8fb15f474b6,ανθρωπολόγος,released,διαπολιτισμική μεσολαβήτρια | διαπολιτισμικός μεσολαβητής | πολιτισμολόγος | εθνολόγος | κοινωνικός ανθρωπολόγος | εθνομουσικολόγος | πολιτισμική ανθρωπολόγος | πολιτισμικός ανθρωπολόγος | φυσικός ανθρωπολόγος | ιστορικός-ανθρωπολόγος | κοινωνική ανθρωπολόγος | αρχαιολόγος-ανθρωπολόγος | λαογράφος | βιολόγος-ανθρωπολόγος | γλωσσολόγος-ανθρωπολόγος | θεατρολόγος | μουσικολόγος,"Οι ανθρωπολόγοι ασχολούνται με την έρευνα όλων των πτυχών της ζωής που σχετίζονται με τους ανθρώπους. Μελετούν τους διάφορους πολιτισμούς που υπήρξαν στο πέρασμα της ιστορίας και τους τρόπους οργάνωσής τους. Επιχειρούν να αναλύσουν τις σωματικές, κοινωνικές, γλωσσικές, πολιτικές, οικονομικές, φιλοσοφικές και πολιτισμικές πτυχές των διάφορων ανθρώπων. Στόχος των σπουδών τους είναι να κατανοήσουν και να περιγράψουν το παρελθόν της ανθρωπότητας και να επιλύσουν επιμέρους κοινωνικά προβλήματα. Διερευνούν διάφορες προσεγγίσεις, όπως η φιλοσοφική ανθρωπολογία.",http://data.europa.eu/esco/isco/C2632,"Κοινωνιολόγοι, ανθρωπολόγοι και ασκούντες συναφή επαγγέλματα"
Occupation,http://data.europa.eu/esco/occupation/ae2c1bf4-669e-4fec-a7d7-698753699083,πανεπιστημιακός καθηγητής φιλοσοφίας/πανεπιστημιακή καθηγήτρια φιλοσοφίας,released,καθηγήτρια φιλοσοφίας | καθηγητής φιλοσοφίας | λεκτόρισσα φιλοσοφίας | αναπληρωτής καθηγητής φιλοσοφίας | επίκουρος καθηγητής φιλοσοφίας | πανεπιστημιακός καθηγητής φιλοσοφίας | λέκτορας φιλοσοφίας | αναπληρώτρια καθηγήτρια φιλοσοφίας | επίκουρη καθηγήτρια φιλοσοφίας | πανεπιστημιακή καθηγήτρια φιλοσοφίας,"Οι πανεπιστημιακοί καθηγητές φιλοσοφίας είναι καθηγητές, εκπαιδευτικοί ή λέκτορες οι οποίοι παρέχουν εκπαίδευση σε σπουδαστές με απολυτήριο ανώτερης δευτεροβάθμιας εκπαίδευσης, στον δικό τους εξειδικευμένο κλάδο σπουδών, τη φιλοσοφία, ο οποίος έχει κυρίως ακαδημαϊκό χαρακτήρα. Συνεργάζονται με τους βοηθούς ερευνητές και τους βοηθούς καθηγητή για την προετοιμασία των διαλέξεων και των εξετάσεων, για τη βαθμολόγηση των εργασιών και των εξετάσεων και παρέχουν αξιολόγηση και ανατροφοδότηση στους σπουδαστές. Επίσης, διεξάγουν ακαδημαϊκή έρευνα στον αντίστοιχο τομέα της φιλοσοφίας, δημοσιεύουν τα πορίσματά τους και συνεργάζονται με άλλους συναδέλφους από το πανεπιστήμιο.",http://data.europa.eu/esco/occupation/684fd8d5-9b40-4b02-a680-438f0082d923,καθηγητής τριτοβάθμιας εκπαίδευσης/καθηγήτρια τριτοβάθμιας εκπαίδευσης
Occupation,http://data.europa.eu/esco/occupation/ae8b19cc-8c6e-4a16-ada2-c15f97ded133,μηχανολόγος μηχανικός με ειδίκευση στην οπτομηχανική,released,μηχανολόγος μηχανικός με ειδικότητα στην οπτομηχανική | μηχανικός με ειδικότητα στην οπτομηχανική | μηχανικός με ειδίκευση στην οπτομηχανική,"Οι μηχανολόγοι μηχανικοί με ειδίκευση στην οπτομηχανική σχεδιάζουν και αναπτύσσουν οπτομηχανικά συστήματα, συσκευές και στοιχεία, όπως οπτικά κάτοπτρα και οπτικά στηρίγματα. Ο μηχανολόγοι μηχανικοί με ειδίκευση στην οπτομηχανική συνδυάζουν την οπτική μηχανική με τη μηχανολογική μηχανική για τον σχεδιασμό των εν λόγω συστημάτων και συσκευών. Διεξάγουν έρευνες, διενεργούν αναλύσεις, δοκιμάζουν τις συσκευές και εποπτεύουν την έρευνα.",http://data.europa.eu/esco/occupation/579254cf-6d69-4889-9000-9c79dc568644,μηχανολόγος μηχανικός
Occupation,http://data.europa.eu/esco/occupation/b0f3f595-4965-4f13-ba5c-f6049b62469f,βιομετριστής/βιομετρίστρια,released,βιοστατιστικολόγος,"Οι βιομετριστές διεξάγουν έρευνα στον τομέα της βιομετρίας. Πραγματοποιούν προγράμματα στατιστικής ή βιολογικής έρευνας στο πλαίσιο των οποίων μετρώνται τα δακτυλικά αποτυπώματα, οι αμφιβληστροειδείς και οι ανθρώπινες μορφές για ιατρική ή βιομηχανική χρήση.",http://data.europa.eu/esco/occupation/ac8b3cd1-a127-4e6a-8208-5cfcf7111955,στατιστικολόγος
Occupation,http://data.europa.eu/esco/occupation/b2cede50-82bb-4684-9f11-1930e12ad672,μηχανικός ενεργειακής τεχνολογίας,released,μηχανικός ανανεώσιμης ενέργειας,"Οι μηχανικοί ενεργειακής τεχνολογίας σχεδιάζουν νέους, αποτελεσματικούς και καθαρούς τρόπους παραγωγής, μετασχηματισμού και διανομής ενέργειας για τη βελτίωση της περιβαλλοντικής βιωσιμότητας και της ενεργειακής απόδοσης. Εξάγουν ενέργεια μέσω φυσικών πόρων, όπως το πετρέλαιο ή το φυσικό αέριο, ή με ανανεώσιμες και βιώσιμες πηγές, όπως η αιολική ή η ηλιακή ενέργεια. ",http://data.europa.eu/esco/isco/C2149,Μηχανικοί π.δ.κ.α.
Occupation,http://data.europa.eu/esco/occupation/b3ebf55f-5e50-4262-946a-f08d7fbe29b2,πανεπιστημιακός καθηγητής επιστημών υγείας/πανεπιστημιακή καθηγήτρια επιστημών υγείας,released,αναπληρώτρια καθηγήτρια επιστημών υγείας | πανεπιστημιακή καθηγήτρια επιστημών υγείας | αναπληρωτής καθηγητής επιστημών υγείας | επίκουρος καθηγητής επιστημών υγείας | καθηγήτρια επιστημών υγείας | λέκτορας επιστημών υγείας | λεκτόρισσα επιστημών υγείας | καθηγητής επιστημών υγείας | επίκουρη καθηγήτρια επιστημών υγείας | πανεπιστημιακός καθηγητής επιστημών υγείας,"Οι πανεπιστημιακοί καθηγητές επιστημών υγείας είναι καθηγητές, εκπαιδευτικοί, λέκτορες και συχνά γιατροί, οι οποίοι διδάσκουν σε σπουδαστές με απολυτήριο ανώτερης δευτεροβάθμιας εκπαίδευσης το δικό τους εξειδικευμένο πεδίο σπουδών, τις επιστήμες υγείας, το οποίο έχει κυρίως ακαδημαϊκό χαρακτήρα. Συνεργάζονται με τους βοηθούς ερευνητές και τους βοηθούς καθηγητή για την προετοιμασία των διαλέξεων και των εξετάσεων, για τη βαθμολόγηση των εργασιών και των εξετάσεων, προΐστανται σε εργαστηριακές πρακτικές, και παρέχουν αξιολόγηση και ανατροφοδότηση στους σπουδαστές. Επίσης, διεξάγουν ακαδημαϊκή έρευνα στον αντίστοιχο τομέα των επιστημών υγείας, δημοσιεύουν τα πορίσματά τους και συνεργάζονται με άλλους συναδέλφους από το πανεπιστήμιο.",http://data.europa.eu/esco/occupation/684fd8d5-9b40-4b02-a680-438f0082d923,καθηγητής τριτοβάθμιας εκπαίδευσης/καθηγήτρια τριτοβάθμιας εκπαίδευσης
Occupation,http://data.europa.eu/esco/occupation/b5d1912e-89c7-4a66-ab96-0dc5f4f6c426,ανοσιολόγος,released,,"Οι ανοσιολόγοι ασχολούνται με την έρευνα του ανοσοποιητικού συστήματος των ζωντανών οργανισμών (π.χ. του ανθρώπινου σώματος) και με τον τρόπο που αντιδρά σε εξωτερικές λοιμώξεις ή διεισδυτικούς επιβλαβείς παράγοντες (π.χ. ιοί, βακτήρια, παράσιτα). Εστιάζουν τη μελέτη τους στις ασθένειες που επηρεάζουν την ανοσολογία των ζωντανών οργανισμών, με σκοπό την ταξινόμησή τους για θεραπεία.",http://data.europa.eu/esco/isco/C2131,"Βιολόγοι, βοτανολόγοι, ζωολόγοι και ασκούντες συναφή επαγγέλματα"
Occupation,http://data.europa.eu/esco/occupation/b65133db-b3de-44d1-88fa-1d3deda08245,πανεπιστημιακό καθηγητής δικαίου/πανεπιστημιακή καθηγήτρια δικαίου,released,επίκουρος καθηγητής δικαίου | καθηγήτρια δικαίου | πανεπιστημιακός καθηγητής δικαίου | αναπληρωτής καθηγητής δικαίου | επίκουρη καθηγήτρια δικαίου | λέκτορας δικαίου | πανεπιστημιακή καθηγήτρια δικαίου | λεκτόρισσα δικαίου | καθηγητής δικαίου | αναπληρώτρια καθηγήτρια δικαίου,"Οι πανεπιστημιακοί καθηγητές δικαίου είναι καθηγητές, εκπαιδευτικοί, λέκτορες, οι οποίοι διδάσκουν σε σπουδαστές με απολυτήριο ανώτερης δευτεροβάθμιας εκπαίδευσης το δικό τους εξειδικευμένο πεδίο σπουδών, το δίκαιο, το οποίο έχει κυρίως ακαδημαϊκό χαρακτήρα. Συνεργάζονται με τους βοηθούς ερευνητές και τους βοηθούς καθηγητή για την προετοιμασία των διαλέξεων και των εξετάσεων, για τη βαθμολόγηση των εργασιών και των εξετάσεων, καθώς και την αξιολόγηση και ανατροφοδότηση των σπουδαστών. Επίσης, διεξάγουν ακαδημαϊκή έρευνα στον αντίστοιχο τομέα του δικαίου, δημοσιεύουν τα πορίσματά τους και συνεργάζονται με άλλους συναδέλφους από το πανεπιστήμιο.",http://data.europa.eu/esco/occupation/684fd8d5-9b40-4b02-a680-438f0082d923,καθηγητής τριτοβάθμιας εκπαίδευσης/καθηγήτρια τριτοβάθμιας εκπαίδευσης
Occupation,http://data.europa.eu/esco/occupation/b73c752b-9858-4f53-82de-f3a340cbcae9,επιδημιολόγος,released,,Οι επιδημιολόγοι επικεντρώνουν την έρευνά τους στην προέλευση και τις αιτίες εκδήλωσης ασθενειών στους ανθρώπους. Προσδιορίζουν τον τρόπο διάδοσης των ασθενειών και προτείνουν μέτρα πρόληψης των κινδύνων σε φορείς πολιτικών για την υγεία.,http://data.europa.eu/esco/occupation/eee68e13-8248-43bb-a9fb-959832a6c217,βιολόγος
Occupation,http://data.europa.eu/esco/occupation/b79cfd33-6e46-4b71-b180-c9a84422f047,σεισμολόγος,released,,"Οι σεισμολόγοι μελετούν την κίνηση των τεκτονικών πλακών στη Γη, η οποία προκαλεί τη διάδοση σεισμικών κυμάτων και σεισμών. Εξετάζουν και παρατηρούν τις διάφορες πηγές που προκαλούν σεισμούς, όπως η ηφαιστειακή δραστηριότητα, τα ατμοσφαιρικά φαινόμενα ή η συμπεριφορά των ωκεανών. Παρέχουν τις επιστημονικές παρατηρήσεις τους προκειμένου να προληφθούν οι κίνδυνοι στις κατασκευές και τις υποδομές.",http://data.europa.eu/esco/occupation/c6196b21-20f9-4608-83fb-6f143afc740d,γεωλόγος
Occupation,http://data.europa.eu/esco/occupation/bac64fa2-dcd6-47bb-8e5c-04e04a86a199,γεωγράφος,released,βιογεωγράφος | ανθρωπογεωγράφος | φυσικός-γεωγράφος,"Οι γεωγράφοι είναι επιστήμονες που ασχολούνται με τη μελέτη της ανθρώπινης και της φυσικής γεωγραφίας. Ανάλογα με την ειδίκευσή τους, μελετούν πολιτικές, οικονομικές και πολιτισμικές πτυχές της ανθρωπότητας που περιέχονται στην ανθρώπινη γεωγραφία. Επιπλέον, μελετούν τους χερσαίους σχηματισμούς, τα εδάφη, τα εθνικά σύνορα και τις ροές υδάτων που περιέχονται στη φυσική γεωγραφία.",http://data.europa.eu/esco/isco/C2632,"Κοινωνιολόγοι, ανθρωπολόγοι και ασκούντες συναφή επαγγέλματα"
Occupation,http://data.europa.eu/esco/occupation/bb609566-3ab6-44dd-8f48-cf0b15b96827,μηχανικός αυτοματισμού,released,,"Οι μηχανικοί αυτοματισμού μελετούν, σχεδιάζουν και αναπτύσσουν εφαρμογές και συστήματα για την αυτοματοποίηση της διαδικασίας παραγωγής. Χρησιμοποιούν την τεχνολογία και μειώνουν, κατά περίπτωση, την ανθρώπινη συμμετοχή, ώστε να αξιοποιηθούν πλήρως οι δυνατότητες της βιομηχανικής ρομποτικής. Οι μηχανικοί αυτοματισμού επιβλέπουν τη διαδικασία και διασφαλίζουν την ομαλή και ασφαλή λειτουργία όλων των συστημάτων.",http://data.europa.eu/esco/occupation/d7380260-1386-4e36-98b5-8115ca4a3536,μηχανικός παραγωγής
Occupation,http://data.europa.eu/esco/occupation/bc659adc-f42c-4ef6-89fe-fd030033f446,κοσμολόγος,released,,"Οι κοσμολόγοι επικεντρώνονται στη μελέτη του σύμπαντος ως συνόλου, ήτοι στην προέλευση,  την εξέλιξη και την τελική του μοίρα. Χρησιμοποιούν εργαλεία και επιστημονικά μέσα για να παρατηρήσουν και να μελετήσουν άλλους γαλαξίες και αστρονομικά σώματα, όπως οι αστέρες, οι μαύρες τρύπες, οι πλανήτες και άλλα ουράνια σώματα.",http://data.europa.eu/esco/isco/C2111,Φυσικοί και αστρονόμοι
Occupation,http://data.europa.eu/esco/occupation/be3c021d-bd93-45a0-ad32-e8fa8e0d17ef,πανεπιστημιακός καθηγητής σύγχρονων γλωσσών/πανεπιστημιακή καθηγήτρια σύγχρονων γλωσσών,released,πανεπιστημιακός καθηγητής σύγχρονων γλωσσών | πανεπιστημιακή καθηγήτρια ισπανικής φιλολογίας | πανεπιστημιακή καθηγήτρια ιταλικής φιλολογίας | πανεπιστημιακός καθηγητής νέας ελληνικής φιλολογίας | πανεπιστημιακή καθηγήτρια γαλλικής φιλολογίας | πανεπιστημιακή καθηγήτρια αγγλικής φιλολογίας | πανεπιστημιακός καθηγητής αγγλικής φιλολογίας | πανεπιστημιακός καθηγητής γαλλικής φιλολογίας | πανεπιστημιακή καθηγήτρια νέας ελληνικής φιλολογίας | πανεπιστημιακή καθηγήτρια γερμανικής φιλολογίας | πανεπιστημιακός καθηγητής ισπανικής φιλολογίας | πανεπιστημιακή καθηγήτρια σύγχρονων γλωσσών | πανεπιστημιακός καθηγητής γερμανικής φιλολογίας | πανεπιστημιακός καθηγητής ιταλικής φιλολογίας,"Οι πανεπιστημιακοί καθηγητές σύγχρονων γλωσσών είναι καθηγητές, εκπαιδευτικοί ή λέκτορες που διδάσκουν σε σπουδαστές με απολυτήριο ανώτερης δευτεροβάθμιας εκπαίδευσης το δικό τους εξειδικευμένο πεδίο σπουδών, τις σύγχρονες γλώσσες, οι οποίες έχουν κυρίως ακαδημαϊκό χαρακτήρα. Συνεργάζονται με τους βοηθούς ερευνητές και τους βοηθούς καθηγητή για την προετοιμασία των διαλέξεων και των εξετάσεων, τη βαθμολόγηση των εργασιών και των εξετάσεων και την αξιολόγηση και ανατροφοδότηση των σπουδαστών. Επίσης, διεξάγουν ακαδημαϊκή έρευνα στον αντίστοιχο τομέα των σύγχρονων γλωσσών, δημοσιεύουν τα πορίσματά τους και συνεργάζονται με άλλους συναδέλφους από το πανεπιστήμιο.",http://data.europa.eu/esco/occupation/684fd8d5-9b40-4b02-a680-438f0082d923,καθηγητής τριτοβάθμιας εκπαίδευσης/καθηγήτρια τριτοβάθμιας εκπαίδευσης
Occupation,http://data.europa.eu/esco/occupation/bfc92738-128b-44f5-92d4-51b10df17961,φιλόσοφος,released,καθηγήτρια φιλοσοφίας | καθηγητής φιλοσοφίας,"Οι φιλόσοφοι ασχολούνται με τη μελέτη και την επιχειρηματολογία γύρω από γενικά και διαρθρωτικά προβλήματα που αφορούν την κοινωνία, τους ανθρώπους και τα άτομα. Διαθέτουν καλά ανεπτυγμένες ικανότητες σκέψης και επιχειρηματολογίας, για να συμμετέχουν σε συζητήσεις σχετικά με την ύπαρξη, τα συστήματα αξιών, τη γνώση ή την πραγματικότητα. Ανατρέχουν στη λογική καθώς διεξάγουν συζητήσεις που οδηγούν σε υψηλότερα επίπεδα εμβάθυνσης και αφαιρετικής σκέψης.",http://data.europa.eu/esco/isco/C2633,"Φιλόσοφοι, ιστορικοί και πολιτικοί επιστήμονες"
Occupation,http://data.europa.eu/esco/occupation/bff7e8a3-6206-4d38-b25f-fcb6e634c7af,πανεπιστημιακός καθηγητής αρχαιολογίας/πανεπιστημιακός καθηγητής αρχαιολογίας,released,καθηγήτρια αρχαιολογίας | αναπληρωτής καθηγητής αρχαιολογίας | πανεπιστημιακή καθηγήτρια αρχαιολογίας | καθηγητής αρχαιολογίας | λέκτορας αρχαιολογίας | λεκτόρισσα αρχαιολογίας | επίκουρη καθηγήτρια αρχαιολογίας | επίκουρος καθηγητής αρχαιολογίας | πανεπιστημιακός καθηγητής αρχαιολογίας | αναπληρώτρια καθηγήτρια αρχαιολογίας,"Οι πανεπιστημιακοί καθηγητές αρχαιολογίας είναι καθηγητές, εκπαιδευτικοί, ή λέκτορες, οι οποίοι διδάσκουν σε σπουδαστές με απολυτήριο ανώτερης δευτεροβάθμιας εκπαίδευσης το δικό τους εξειδικευμένο πεδίο σπουδών, την αρχαιολογία, το οποίο έχει κυρίως ακαδημαϊκό χαρακτήρα. Συνεργάζονται με τους βοηθούς ερευνητές και τους βοηθούς καθηγητή για την προετοιμασία των διαλέξεων και των εξετάσεων, για τη βαθμολόγηση των εργασιών και των εξετάσεων και την αξιολόγηση και ανατροφοδότηση των σπουδαστών. Επίσης, διεξάγουν ακαδημαϊκή έρευνα στον αντίστοιχο τομέα της αρχαιολογίας, δημοσιεύουν τα πορίσματά τους και συνεργάζονται με άλλους συναδέλφους από το πανεπιστήμιο.",http://data.europa.eu/esco/occupation/684fd8d5-9b40-4b02-a680-438f0082d923,καθηγητής τριτοβάθμιας εκπαίδευσης/καθηγήτρια τριτοβάθμιας εκπαίδευσης
Occupation,http://data.europa.eu/esco/occupation/c25b3700-6095-42b7-99fc-b87dc326c044,γεωργικός σύμβουλος/γεωργική σύμβουλος,released,γεωργική σύμβουλος | γεωργικός σύμβουλος | σύμβουλος γεωργικών εκμεταλλεύσεων | γεωργικός επιστήμονας,"Οι γεωργικοί σύμβουλοι ερευνούν και μελετούν το έδαφος, τα ζώα και τα φυτά, με στόχο τη βελτίωση των γεωργικών διαδικασιών, την ποιότητα των γεωργικών προϊόντων και τον αντίκτυπο των γεωργικών δραστηριοτήτων στο περιβάλλον. Σχεδιάζουν και υλοποιούν έργα, όπως αναπτυξιακά έργα για λογαριασμό ιδιωτών ή οργανισμών.",http://data.europa.eu/esco/isco/C2132,"Σύμβουλοι γεωργίας, δασοκομίας και αλιείας"
Occupation,http://data.europa.eu/esco/occupation/c262bb96-03bb-4c97-a45b-0cf36db5b048,επίκουρος καθηγητής/επίκουρη καθηγήτρια,released,επίκουρη καθηγήτρια | επίκουρος καθηγητής,"Οι επίκουροι καθηγητές μοιράζονται τον όγκο εργασίας με τους καθηγητές πανεπιστημίου ή κολεγίου, και ειδικότερα την παράδοση διαλέξεων στους φοιτητές. Προετοιμάζουν και διδάσκουν μαθήματα και συναντώνται με τους σπουδαστές κατ' ιδίαν για την αξιολόγηση. Συνδυάζουν επίσης το διδακτικό τους έργο και άλλα ακαδημαϊκά καθήκοντα με τη δική τους έρευνα στον τομέα σπουδών τους. Οι επίκουροι καθηγητές κατέχουν μια αυτόνομη θέση πλήρους απασχόλησης, παρά το τον συμπληρωματικό χαρακτήρα που μπορεί να υποδηλώνει ο τίτλος θέσης τους.",http://data.europa.eu/esco/occupation/684fd8d5-9b40-4b02-a680-438f0082d923,καθηγητής τριτοβάθμιας εκπαίδευσης/καθηγήτρια τριτοβάθμιας εκπαίδευσης
Occupation,http://data.europa.eu/esco/occupation/c3b82711-273d-4fa8-8de7-0ac3d99c16fc,πανεπιστημιακός καθηγητής πληροφορικής/πανεπιστημιακή καθηγήτρια πληροφορικής,released,λεκτόρισσα | πανεπιστημιακή καθηγήτρια πληροφορικής | επίκουρη καθηγήτρια πληροφορικής | επίκουρος καθηγητής πληροφορικής | αναπληρωτής καθηγητής πληροφορικής | λέκτορας πληροφορικής | καθηγήτρια πληροφορικής | αναπληρώτρια καθηγήτρια πληροφορικής | καθηγητής πληροφορικής | πανεπιστημιακός καθηγητής πληροφορικής,"Οι πανεπιστημιακοί καθηγητές πληροφορικής είναι καθηγητές, εκπαιδευτικοί, ή λέκτορες οι οποίοι διδάσκουν σε σπουδαστές με απολυτήριο ανώτερης δευτεροβάθμιας εκπαιδεύσεως τον δικό τους εξειδικευμένο τομέα σπουδών, την πληροφορική, ο οποίος έχει κυρίως ακαδημαϊκό χαρακτήρα. Συνεργάζονται με τους βοηθούς ερευνητές και τους βοηθούς καθηγητή για την προετοιμασία των διαλέξεων και των εξετάσεων, βοηθούν στη βαθμολόγηση εργασιών και εξετάσεων και παρέχουν αξιολόγηση και ανατροφοδότηση στους σπουδαστές. Επίσης, διεξάγουν ακαδημαϊκή έρευνα στον τομέα της πληροφορικής, δημοσιεύουν τα πορίσματά τους και συνεργάζονται με άλλους συναδέλφους από το πανεπιστήμιο.",http://data.europa.eu/esco/occupation/684fd8d5-9b40-4b02-a680-438f0082d923,καθηγητής τριτοβάθμιας εκπαίδευσης/καθηγήτρια τριτοβάθμιας εκπαίδευσης
Occupation,http://data.europa.eu/esco/occupation/c549f0de-c415-428e-865c-973bcd224b39,πανεπιστημιακός καθηγητής γλωσσολογίας/πανεπιστημιακή καθηγήτρια γλωσσολογίας,released,καθηγήτρια γλωσσολογίας | αναπληρώτρια καθηγήτρια γλωσσολογίας | λεκτόρισσα γλωσσολογίας | επίκουρη καθηγήτρια γλωσσολογίας | πανεπιστημιακός καθηγητής γλωσσολογίας | επίκουρος καθηγητής γλωσσολογίας | καθηγητής γλωσσολογίας | αναπληρωτής καθηγητής γλωσσολογίας | λέκτορας γλωσσολογίας | πανεπιστημιακή καθηγήτρια γλωσσολογίας,"Οι πανεπιστημιακοί καθηγητές γλωσσολογίας είναι καθηγητές, εκπαιδευτικοί ή λέκτορες, οι οποίοι διδάσκουν σε σπουδαστές με απολυτήριο ανώτερης δευτεροβάθμιας εκπαίδευσης το δικό τους εξειδικευμένο πεδίο σπουδών, τη γλωσσολογία, το οποίο έχει κυρίως ακαδημαϊκό χαρακτήρα. Συνεργάζονται με τους βοηθούς ερευνητές και τους βοηθούς καθηγητή για την προετοιμασία των διαλέξεων και των εξετάσεων, για τη βαθμολόγηση των εργασιών και των εξετάσεων, παρέχουν αξιολόγηση και ανατροφοδότηση στους σπουδαστές. Επίσης, διεξάγουν ακαδημαϊκή έρευνα στον αντίστοιχο τομέα της γλωσσολογίας, δημοσιεύουν τα πορίσματά τους και συνεργάζονται με άλλους συναδέλφους από το πανεπιστήμιο.",http://data.europa.eu/esco/occupation/684fd8d5-9b40-4b02-a680-438f0082d923,καθηγητής τριτοβάθμιας εκπαίδευσης/καθηγήτρια τριτοβάθμιας εκπαίδευσης
Occupation,http://data.europa.eu/esco/occupation/c593ded7-2e97-44a5-a5f3-f6115ff98233,πανεπιστημιακός καθηγητής πολιτικών επιστημών/πανεπιστημιακή καθηγήτρια πολιτικών επιστημών,released,πανεπιστημιακός καθηγητής πολιτικών επιστημών | λεκτόρισσα πολιτικών επιστημών | πανεπιστημιακή καθηγήτρια πολιτικών επιστημών | αναπληρώτρια καθηγήτρια πολιτικών επιστημών | αναπληρωτής καθηγητής πολιτικών επιστημών | λέκτορας πολιτικών επιστημών | καθηγήτρια διεθνών σχέσεων | επίκουρος καθηγητής πιολιτικών επιστημών | πανεπιστημιακός καθηγητής διεθνών σχέσεων | καθηγητής πολιτικών επιστημών | πανεπιστημιακή καθηγήτρια διεθνών σχέσεων | επίκουρη καθηγήτρια πολιτικών επιστημών | καθηγήτρια πολιτικών επιστημών | καθηγητής διεθνών σχέσεων,"Οι πανεπιστημιακοί καθηγητές πολιτικών επιστημών είναι καθηγητές, εκπαιδευτικοί, ή λέκτορες, οι οποίοι διδάσκουν σε σπουδαστές με απολυτήριο ανώτερης δευτεροβάθμιας εκπαίδευσης το δικό τους εξειδικευμένο πεδίο σπουδών, τις πολιτικές επιστήμες, το οποίο έχει κυρίως ακαδημαϊκό χαρακτήρα. Συνεργάζονται με τους βοηθούς ερευνητές και τους βοηθούς καθηγητή για την προετοιμασία των διαλέξεων και των εξετάσεων, για τη βαθμολόγηση των εργασιών και των εξετάσεων, καθώς και για την αξιολόγηση και ανατροφοδότηση των σπουδαστών. Επίσης, διεξάγουν ακαδημαϊκή έρευνα στον αντίστοιχο τομέα των πολιτικών σπουδών, δημοσιεύουν τα πορίσματά τους και συνεργάζονται με άλλους συναδέλφους από το πανεπιστήμιο.",http://data.europa.eu/esco/occupation/684fd8d5-9b40-4b02-a680-438f0082d923,καθηγητής τριτοβάθμιας εκπαίδευσης/καθηγήτρια τριτοβάθμιας εκπαίδευσης
Occupation,http://data.europa.eu/esco/occupation/c6196b21-20f9-4608-83fb-6f143afc740d,γεωλόγος,released,,"Οι γεωλόγοι ασχολούνται με τα υλικά από τα οποία είναι φτιαγμένη η γη. Οι παρατηρήσεις τους εξαρτώνται από τον σκοπό της έρευνας. Ανάλογα με την εξειδίκευσή τους, οι γεωλόγοι εξετάζουν τον τρόπο με τον οποίο η γη έχει διαμορφωθεί με την πάροδο του χρόνου, τα γεωλογικά της στρώματα, την ποιότητα των ορυκτών για μεταλλευτικούς σκοπούς, τους σεισμούς και την ηφαιστειακή δραστηριότητα, καθώς και παρόμοια φαινόμενα.",http://data.europa.eu/esco/isco/C2114,Γεωλόγοι και γεωφυσικοί
Occupation,http://data.europa.eu/esco/occupation/c8fa93eb-7c2c-42c3-b135-c2e825a6615e,μηχανικός δοκιμών,released,μηχανικός ελέγχου ποιότητας | ειδικός ελέγχου ποιότητας | μηχανικός ελέγχου συστημάτων,"Οι μηχανικοί δοκιμών σχεδιάζουν και εκτελούν λεπτομερείς δοκιμές ποιότητας κατά τη διάρκεια διάφορων φάσεων της διαδικασίας σχεδιασμού, ώστε να διασφαλίζεται η ορθή εγκατάσταση και η ορθή λειτουργία των συστημάτων. Αναλύουν τα δεδομένα που συλλέγονται κατά τη διάρκεια των δοκιμών και καταρτίζουν εκθέσεις. Είναι επίσης υπεύθυνοι για την ασφάλεια των διαδικασιών δοκιμών.",http://data.europa.eu/esco/isco/C2149,Μηχανικοί π.δ.κ.α.
Occupation,http://data.europa.eu/esco/occupation/c90a6ebe-adcc-4395-9f5b-ff3e96e93cef,πανεπιστημιακός καθηγητής θρησκειολογίας/πανεπιστημιακή καθηγήτρια θρησκειολογίας,released,καθηγήτρια θρησκειολογίας | λέκτορας θρησκειολογίας | πανεπιστημιακός καθηγητής θρησκειολογίας | πανεπιστημιακή καθηγήτρια θρησκειολογίας | αναπληρωτής καθηγητής θρησκειολογίας | επίκουρος καθηγητής θρησκειολογίας | καθηγητής θρησκειολογίας | αναπληρώτρια καθηγήτρια θρησκειολογίας | λεκτόρισσα θρησκειολογίας | επίκουρη καθηγήτρια θρησκειολογίας,"Οι πανεπιστημιακοί καθηγητές θρησκειολογίας είναι καθηγητές, εκπαιδευτικοί ή λέκτορες που διδάσκουν σε σπουδαστές με απολυτήριο ανώτερης δευτεροβάθμιας εκπαίδευσης το δικό τους εξειδικευμένο πεδίο σπουδών, τη θρησκειολογία, το οποίο έχει κυρίως ακαδημαϊκό χαρακτήρα. Συνεργάζονται με τους βοηθούς ερευνητές και τους βοηθούς καθηγητή για την προετοιμασία των διαλέξεων και των εξετάσεων, για τη βαθμολόγηση των εργασιών και των εξετάσεων και παρέχουν αξιολόγηση και ανατροφοδότηση στους σπουδαστές. Επίσης, διεξάγουν ακαδημαϊκή έρευνα στον αντίστοιχο τομέα της θρησκειολογίας, δημοσιεύουν τα πορίσματά τους και συνεργάζονται με άλλους συναδέλφους από το πανεπιστήμιο.",http://data.europa.eu/esco/occupation/684fd8d5-9b40-4b02-a680-438f0082d923,καθηγητής τριτοβάθμιας εκπαίδευσης/καθηγήτρια τριτοβάθμιας εκπαίδευσης
Occupation,http://data.europa.eu/esco/occupation/d7d986e1-7333-431b-9719-0c5c6939e360,πολιτικός μηχανικός,released,,"Οι πολιτικοί μηχανικοί σχεδιάζουν, προγραμματίζουν και αναπτύσσουν τεχνικές και μηχανικές προδιαγραφές για κατασκευαστικά έργα και έργα υποδομής. Εφαρμόζουν γνώσεις μηχανικής σε ευρύ φάσμα έργων, από την κατασκευή υποδομών για τις μεταφορές, έργα στέγασης και κτίρια πολυτελείας έως την οργάνωση των χώρων φυσικού ενδιαφέροντος. Καταρτίζουν σχέδια που αποσκοπούν στη βελτιστοποίηση των υλικών και στην ενσωμάτωση των προδιαγραφών και της κατανομής πόρων εντός συγκεκριμένου χρονικού πλαισίου.",http://data.europa.eu/esco/isco/C2142,Πολιτικοί μηχανικοί
Occupation,http://data.europa.eu/esco/occupation/dab9c6dd-8efb-4fe2-8b10-477ef2bcfd8b,πανεπιστημιακός καθηγητής μαθηματικών/πανεπιστημιακή καθηγήτρια μαθηματικών,released,λέκτορας μαθηματικών | πανεπιστημιακός καθηγητής μαθηματικών | αναπληρωτής καθηγητής μαθηματικών | πανεπιστημιακή καθηγήτρια μαθηματικών | αναπληρώτρια καθηγήτρια μαθηματικών | επίκουρος καθηγητής μαθηματικών | καθηγήτρια μαθηματικών | καθηγητής μαθηματικών | λεκτόρισσα μαθηματικών | επίκουρη καθηγήτρια μαθηματικών,"Οι πανεπιστημιακοί καθηγητές μαθηματικών διδάσκουν σε σπουδαστές με απολυτήριο ανώτερης δευτεροβάθμιας εκπαίδευσης το δικό τους εξειδικευμένο πεδίο σπουδών, τα μαθηματικά, το οποίο έχει κυρίως ακαδημαϊκό χαρακτήρα. Συνεργάζονται με τους βοηθούς ερευνητές και τους βοηθούς καθηγητή για την προετοιμασία των διαλέξεων και των εξετάσεων, για τη βαθμολόγηση των εργασιών και των εξετάσεων και την αξιολόγηση και ανατροφοδότηση των σπουδαστών. Επίσης, διεξάγουν ακαδημαϊκή έρευνα στον αντίστοιχο τομέα των μαθηματικών, δημοσιεύουν τα πορίσματά τους και συνεργάζονται με άλλους συναδέλφους από το πανεπιστήμιο.",http://data.europa.eu/esco/occupation/684fd8d5-9b40-4b02-a680-438f0082d923,καθηγητής τριτοβάθμιας εκπαίδευσης/καθηγήτρια τριτοβάθμιας εκπαίδευσης
Occupation,http://data.europa.eu/esco/occupation/e14548c8-c2b9-4ef8-8670-d5967d7ad804,μηχανικός πολεοδομίας,released,"μηχανικός χωροταξίας, πολεοδομίας και περιφερειακής ανάπτυξης | χωροτάκτης-πολεοδόμος μηχανικός | πολεοδόμος | έξυπνος πολεοδόμος | πολεοδόμος χωροτάκτης","Οι μηχανικοί πολεοδομίας δημιουργούν αναπτυξιακά σχέδια για κωμοπόλεις, αστικές περιοχές, πόλεις και περιφέρειες. Ερευνούν τις ανάγκες της κοινότητας ή της περιφέρειας (οικονομικές, κοινωνικές, μεταφορές) και αξιολογούν άλλες παραμέτρους, όπως η βιωσιμότητα, προκειμένου να παρουσιάσουν ολοκληρωμένα προγράμματα που αποσκοπούν στη βελτίωση του χώρου.",http://data.europa.eu/esco/isco/C2164,Πολεοδόμοι και συγκοινωνιολόγοι
Occupation,http://data.europa.eu/esco/occupation/e3229e40-f571-4b26-baca-29edc8fe313e,μηχανικός υπολογιστών,released,ερευνήτρια τεχνολογιών πληροφορικής και επικοινωνίας | ερευνητής τεχνολογιών της πληροφορίας και της επικοινωνίας | ερευνήτρια ΤΠΕ | ερευνητής τεχνολογιών πληροφορικής και επικοινωνιών | ερευνητής τεχνολογιών πληροφορίας και επικοινωνίας | ερευνητής ΤΠΕ | ερευνήτρια υπολογιστών | ερευνήτρια τεχνολογιών πληροφορίας και επικοινωνίας | ερευνητής τεχνολογιών των πληροφοριών και επικοινωνιών | ερευνητής τεχνολογιών πληροφορικής και επικοινωνίας | ερευνήτρια τεχνολογιών των πληροφοριών και επικοινωνιών | ερευνήτρια τεχνολογιών πληροφορικής και επικοινωνιών | ερευνήτρια τεχνολογιών της πληροφορίας και της επικοινωνίας | ερευνητής υπολογιστών,"Οι μηχανικοί υπολογιστών διεξάγουν έρευνα στον τομέα της επιστήμης των υπολογιστών και της πληροφορικής, με στόχο την καλύτερη γνώση και κατανόηση των θεμελιωδών πτυχών των φαινομένων των ΤΠΕ. Συντάσσουν εκθέσεις και προτάσεις έρευνας. Οι μηχανικοί υπολογιστών επινοούν και σχεδιάζουν επίσης νέες προσεγγίσεις για την τεχνολογία των υπολογιστών, βρίσκουν καινοτόμες χρήσεις για την υπάρχουσα τεχνολογία και μελέτες, και επιλύουν πολύπλοκα προβλήματα στον τομέα της πληροφορικής.",http://data.europa.eu/esco/isco/C2511,Αναλυτές συστημάτων
Occupation,http://data.europa.eu/esco/occupation/e3cc09ba-7ad5-4411-940c-20613000863a,ειδικός σε θέματα προστασίας της φυσικής κληρονομιάς/ειδική σε θέματα προστασίας της φυσικής κληρονομιάς,released,ειδική σε θέματα προστασίας της φυσικής κληρονομιάς | ειδικός σε θέματα προστασίας της φυσικής κληρονομιάς,"Οι ειδικοί σε θέματα προστασίας της φυσικής κληρονομιάς διαχειρίζονται την ποιότητα συγκεκριμένων δασών, πάρκων και άλλων φυσικών πόρων. Προστατεύουν το ενδιαίτημα της άγριας πανίδας, τη βιοποικιλότητα, την αισθητική αξία και άλλα μοναδικά χαρακτηριστικά των περιοχών προστασίας και διατήρησης της φυσικής κληρονομιάς. Οι ειδικοί σε θέματα προστασίας της φυσικής κληρονομιάς εκτελούν επιτόπια εργασία.",http://data.europa.eu/esco/isco/C2133,Επαγγελματίες προστασίας του περιβάλλοντος
Occupation,http://data.europa.eu/esco/occupation/e74513c3-8ba8-462f-978c-0450522f4427,πανεπιστημιακός καθηγητής χημείας/πανεπιστημιακή καθηγήτρια χημείας,released,λεκτόρισσα χημείας | πανεπιστημιακή καθηγήτρια χημείας | πανεπιστημιακός καθηγητής χημείας | καθηγητής χημείας | αναπληρώτρια καθηγήτρια χημείας | λέκτορας χημείας | αναπληρωτής καθηγητής χημείας | επίκουρος καθηγητής χημείας | καθηγήτρια χημείας | επίκουρη καθηγήτρια χημείας,"Οι πανεπιστημιακοί καθηγητές χημείας είναι καθηγητές, εκπαιδευτικοί ή  λέκτορες που διδάσκουν σε σπουδαστές με απολυτήριο ανώτερης δευτεροβάθμιας εκπαίδευσης το δικό τους εξειδικευμένο πεδίο σπουδών, τη χημεία, το οποίο έχει κυρίως ακαδημαϊκό χαρακτήρα. Συνεργάζονται με τους βοηθούς ερευνητές και τους βοηθούς καθηγητή για την προετοιμασία των διαλέξεων και των εξετάσεων, καθοδηγούν τις εργαστηριακές πρακτικές, βοηθούν στη βαθμολόγηση των εργασιών και των εξετάσεων και παρέχουν αξιολόγηση και ανατροφοδότηση στους σπουδαστές. Επίσης, διεξάγουν ακαδημαϊκή έρευνα στον τομέα της χημείας, δημοσιεύουν τα πορίσματά τους και συνεργάζονται με άλλους συναδέλφους από το πανεπιστήμιο.",http://data.europa.eu/esco/occupation/684fd8d5-9b40-4b02-a680-438f0082d923,καθηγητής τριτοβάθμιας εκπαίδευσης/καθηγήτρια τριτοβάθμιας εκπαίδευσης
Occupation,http://data.europa.eu/esco/occupation/e9f50268-4dab-4579-90c2-2ff219eb56f1,πανεπιστημιακός καθηγητής μηχανικής/πανεπιστημιακή καθηγήτρια μηχανικής,released,καθηγητής μηχανικής | επίκουρος καθηγητής μηχανικής | λεκτόρισσα μηχανικής | επίκουρη καθηγήτρια μηχανικής | πανεπιστημιακός καθηγητής μηχανικής | αναπληρωτής καθηγητής μηχανικής | καθηγήτρια μηχανικής | αναπληρώτρια καθηγήτρια μηχανικής | λέκτορας μηχανικής | πανεπιστημιακή καθηγήτρια μηχανικής,"Οι πανεπιστημιακοί καθηγητές μηχανικής είναι καθηγητές, εκπαιδευτικοί ή λέκτορες που διδάσκουν σε σπουδαστές με απολυτήριο ανώτερης δευτεροβάθμιας εκπαίδευσης το δικό τους εξειδικευμένο πεδίο σπουδών, τη μηχανική, το οποίο έχει κυρίως ακαδημαϊκό χαρακτήρα. Συνεργάζονται με τους βοηθούς ερευνητές και τους βοηθούς καθηγητών πανεπιστημίου για την προετοιμασία των διαλέξεων και των εξετάσεων, καθοδηγούν τις εργαστηριακές πρακτικές, βοηθούν στη βαθμολόγηση των εργασιών και των εξετάσεων και παρέχουν αξιολόγηση και ανατροφοδότηση στους σπουδαστές. Επίσης, διεξάγουν ακαδημαϊκή έρευνα στον τομέα της μηχανικής, δημοσιεύουν τα πορίσματά τους και συνεργάζονται με άλλους συναδέλφους από το πανεπιστήμιο.",http://data.europa.eu/esco/occupation/684fd8d5-9b40-4b02-a680-438f0082d923,καθηγητής τριτοβάθμιας εκπαίδευσης/καθηγήτρια τριτοβάθμιας εκπαίδευσης
Occupation,http://data.europa.eu/esco/occupation/eee68e13-8248-43bb-a9fb-959832a6c217,βιολόγος,released,βοτανολόγος | βιοτεχνολόγος | ιχθυολόγος | λεπιδοπτερολόγος | εντομολόγος | βιολόγος με ειδίκευση στη μικροβιακή βιοτεχνολογία | ερευνήτρια βιολόγος | βιολόγος με ειδίκευση στη διδακτική των βιολογικών μαθημάτων | βιολόγος άγριας πανίδας | ερπετολόγος | ορνιθολόγος | βιολόγος με ειδίκευση στη βιοπληροφορική | μυκητολόγος | ερευνητής βιολόγος | ζωολόγος | υδροβιολόγος,"Οι βιολόγοι μελετούν τους έμβιους οργανισμούς και το ευρύτερο φάσμα της ζωής σε συνδυασμό με το περιβάλλον της. Μέσω της έρευνας, προσπαθούν να εξηγήσουν τους λειτουργικούς μηχανισμούς, τις αλληλεπιδράσεις και την εξέλιξη των οργανισμών.",http://data.europa.eu/esco/isco/C2131,"Βιολόγοι, βοτανολόγοι, ζωολόγοι και ασκούντες συναφή επαγγέλματα"
Occupation,http://data.europa.eu/esco/occupation/f3d8bc61-f812-4106-afd2-a356e4c11fce,θεωρητικός της λογοτεχνίας,released,μελετήτρια λογοτεχνίας | μελετητής λογοτεχνίας | ερευνητής λογοτεχνίας | λογοτεχνικός ερευνητής | λογοτεχνική ερευνήτρια | ερευνήτρια λογοτεχνίας,"Οι θεωρητικοί της λογοτεχνίας ασχολούνται με την έρευνα των λογοτεχνικών έργων, την ιστορία της λογοτεχνίας, τα είδη και την κριτική λογοτεχνίας, με στόχο την αξιολόγηση των έργων και των σχετικών πτυχών μέσα στο κατάλληλο πλαίσιο, καθώς και την παραγωγή ερευνητικών αποτελεσμάτων για συγκεκριμένα θέματα στον τομέα της λογοτεχνίας.",http://data.europa.eu/esco/isco/C2641,Συγγραφείς και ασκούντες συναφή επαγγέλματα
Occupation,http://data.europa.eu/esco/occupation/f3e23761-0663-4ae0-97a2-0b2dd3fa38a1,βιοχημικός μηχανικός,released,,"Οι βιοχημικοί μηχανικοί δραστηριοποιούνται στον τομέα των βιοεπιστημών και αναζητούν νέες ανακαλύψεις. Μετατρέπουν τα υπάρχοντα πορίσματα σε χημικές λύσεις που μπορούν να βελτιώσουν την ευημερία της κοινωνίας, όπως τα εμβόλια, η αποκατάσταση ιστών, η βελτίωση των καλλιεργειών και η πρόοδος των πράσινων τεχνολογιών, όπως, για παράδειγμα, καθαρότερα καύσιμα από φυσικές πηγές.",http://data.europa.eu/esco/occupation/ec21ce88-ce14-49b6-be0a-cc53cf5a3a67,χημικός μηχανικός
Occupation,http://data.europa.eu/esco/occupation/fa5b9075-3796-4e86-be0a-b5e6d725c25a,μετρολόγος,released,,"Οι μετρολόγοι μελετούν και εξασκούν την επιστήμη της μετρολογίας. Αναπτύσσουν συστήματα ποσοτήτων, μονάδες μέτρησης και μεθόδους υπολογισμού που πρέπει να χρησιμοποιούνται στην επιστήμη. Οι μετρολόγοι καθιερώνουν νέες μεθόδους και εργαλεία για την ποσοτικοποίηση και την καλύτερη κατανόηση των πληροφοριών.",http://data.europa.eu/esco/isco/C2112,Μετεωρολόγοι
Occupation,http://data.europa.eu/esco/occupation/fbc9ab3e-18f1-4b7b-8cd5-d6374ed5e9a9,πανεπιστημιακός καθηγητής κλασικής φιλολογίας/πανεπιστημιακή καθηγήτρια κλασικής φιλολογίας,released,πανεπιστημιακός καθηγητής κλασικής φιλολογίας | λέκτορας αρχαίας ελληνικής φιλολογίας | πανεπιστημιακή καθηγήτρια κλασικής φιλολογίας | πανεπιστημιακή καθηγήτρια λατινικής φιλολογίας | πανεπιστημιακός καθηγητής λατινικής φιλολογίας | καθηγητής κλασικής φιλολογίας | λέκτορας λατινικής φιλολογίας | αναπληρωτής καθηγητής κλασικής φιλολογίας | λέκτορας κλασικής φιλολογίας | πανεπιστημιακή καθηγήτρια αρχαίας ελληνικής φιλολογίας | αναπληρώτρια καθηγήτρια κλασικής φιλολογίας | πανεπιστημιακός καθηγητής αρχαίας ελληνικής φιλολογίας | επίκουρος καθηγητής κλασικής φιλολογίας | καθηγήτρια κλασικής φιλολογίας | λεκτόρισσα κλασικής φιλολογίας | επίκουρη καθηγήτρια κλασικής φιλολογίας,"Οι πανεπιστημιακοί καθηγητές κλασικής φιλολογίας καθηγητές, εκπαιδευτικοί ή λέκτορες που διδάσκουν σε σπουδαστές με απολυτήριο ανώτερης δευτεροβάθμιας εκπαίδευσης το δικό τους εξειδικευμένο πεδίο σπουδών, την κλασική φιλολογία, το οποίο έχει κυρίως ακαδημαϊκό χαρακτήρα. Συνεργάζονται με τους βοηθούς ερευνητές και τους βοηθούς καθηγητή για την προετοιμασία των διαλέξεων και των εξετάσεων, για τη βαθμολόγηση των εργασιών και των εξετάσεων, και παρέχουν αξιολόγηση και ανατροφοδότηση στους σπουδαστές. Επίσης, διεξάγουν ακαδημαϊκή έρευνα στον αντίστοιχο τομέα της κλασικής φιλολογίας, δημοσιεύουν τα πορίσματά τους και συνεργάζονται με άλλους συναδέλφους από το πανεπιστήμιο.",http://data.europa.eu/esco/occupation/684fd8d5-9b40-4b02-a680-438f0082d923,καθηγητής τριτοβάθμιας εκπαίδευσης/καθηγήτρια τριτοβάθμιας εκπαίδευσης
Occupation,http://data.europa.eu/esco/occupation/ff656b3a-65a8-4b4f-b04e-9db12936519b,δημογράφος,released,,"Οι δημογράφοι εξετάζουν ένα σύνολο παραμέτρων που σχετίζονται με τον πληθυσμό. Προβαίνουν, με βάση τις παρατηρήσεις τους, σε στατιστικές αναλύσεις σχετικά με την εξέλιξη και τις αλλαγές στις γεννήσεις, τους ηλικιωμένους, τους γάμους και τα διαζύγια, την απασχόληση, τη θνησιμότητα, τη μετανάστευση και συναφή θέματα.",http://data.europa.eu/esco/isco/C2120,"Μαθηματικοί, αναλογιστές και στατιστικοί"
