conceptType,conceptUri,preferredLabel,altLabels,hiddenLabels,status,modifiedDate,scopeNote,inScheme,description,code
SkillGroup,http://data.europa.eu/esco/isced-f/00,γενικά προγράμματα και προσόντα,,,released,,,"http://data.europa.eu/esco/concept-scheme/skills
http://data.europa.eu/esco/concept-scheme/skills-hierarchy
http://data.europa.eu/esco/concept-scheme/isced-f",,00
SkillGroup,http://data.europa.eu/esco/isced-f/000,γενικά προγράμματα και προσόντα που δεν προσδιορίζονται περαιτέρω,,,released,2023-07-13T15:16:44.968Z,,"http://data.europa.eu/esco/concept-scheme/skills
http://data.europa.eu/esco/concept-scheme/skills-hierarchy
http://data.europa.eu/esco/concept-scheme/isced-f",,000
SkillGroup,http://data.europa.eu/esco/isced-f/0000,γενικά προγράμματα και προσόντα που δεν προσδιορίζονται περαιτέρω,,,released,,,"http://data.europa.eu/esco/concept-scheme/skills
http://data.europa.eu/esco/concept-scheme/skills-hierarchy
http://data.europa.eu/esco/concept-scheme/isced-f",,0000
SkillGroup,http://data.europa.eu/esco/isced-f/001,βασικά προγράμματα και προσόντα,,,released,,,"http://data.europa.eu/esco/concept-scheme/skills
http://data.europa.eu/esco/concept-scheme/skills-hierarchy
http://data.europa.eu/esco/concept-scheme/isced-f",,001
SkillGroup,http://data.europa.eu/esco/isced-f/0011,βασικά προγράμματα και προσόντα,,,released,,,"http://data.europa.eu/esco/concept-scheme/skills
http://data.europa.eu/esco/concept-scheme/skills-hierarchy
http://data.europa.eu/esco/concept-scheme/isced-f",,0011
SkillGroup,http://data.europa.eu/esco/isced-f/002,"γραφή, ανάγνωση και αριθμητική",,,released,,,"http://data.europa.eu/esco/concept-scheme/skills
http://data.europa.eu/esco/concept-scheme/skills-hierarchy
http://data.europa.eu/esco/concept-scheme/isced-f",,002
SkillGroup,http://data.europa.eu/esco/isced-f/0021,"γραφή, ανάγνωση και αριθμητική",,,released,,,"http://data.europa.eu/esco/concept-scheme/skills
http://data.europa.eu/esco/concept-scheme/skills-hierarchy
http://data.europa.eu/esco/concept-scheme/isced-f",,0021
SkillGroup,http://data.europa.eu/esco/isced-f/003,προσωπικές δεξιότητες και ανάπτυξη,,,released,2023-07-04T13:43:35.384Z,,"http://data.europa.eu/esco/concept-scheme/skills
http://data.europa.eu/esco/concept-scheme/skills-hierarchy
http://data.europa.eu/esco/concept-scheme/isced-f",,003
SkillGroup,http://data.europa.eu/esco/isced-f/0031,προσωπικές δεξιότητες και ανάπτυξη,,,released,2024-07-03T13:25:01.639Z,,"http://data.europa.eu/esco/concept-scheme/skills
http://data.europa.eu/esco/concept-scheme/skills-hierarchy
http://data.europa.eu/esco/concept-scheme/isced-f",,0031
SkillGroup,http://data.europa.eu/esco/isced-f/009,γενικά προγράμματα και προσόντα που δεν ταξινομούνται αλλού,,,released,2023-10-30T10:21:59.843Z,,"http://data.europa.eu/esco/concept-scheme/skills
http://data.europa.eu/esco/concept-scheme/skills-hierarchy
http://data.europa.eu/esco/concept-scheme/isced-f",,009
SkillGroup,http://data.europa.eu/esco/isced-f/0099,γενικά προγράμματα και προσόντα που δεν ταξινομούνται αλλού,,,released,2023-10-30T10:06:51.66Z,,"http://data.europa.eu/esco/concept-scheme/skills
http://data.europa.eu/esco/concept-scheme/skills-hierarchy
http://data.europa.eu/esco/concept-scheme/isced-f",,0099
SkillGroup,http://data.europa.eu/esco/isced-f/01,εκπαίδευση,,,released,2022-01-13T14:57:09.082Z,,"http://data.europa.eu/esco/concept-scheme/skills
http://data.europa.eu/esco/concept-scheme/skills-hierarchy
http://data.europa.eu/esco/concept-scheme/isced-f",,01
SkillGroup,http://data.europa.eu/esco/isced-f/011,εκπαίδευση,,,released,,,"http://data.europa.eu/esco/concept-scheme/skills
http://data.europa.eu/esco/concept-scheme/skills-hierarchy
http://data.europa.eu/esco/concept-scheme/isced-f",,011
SkillGroup,http://data.europa.eu/esco/isced-f/0110,εκπαίδευση που δεν προσδιορίζεται περαιτέρω,,,released,,,"http://data.europa.eu/esco/concept-scheme/skills
http://data.europa.eu/esco/concept-scheme/skills-hierarchy
http://data.europa.eu/esco/concept-scheme/isced-f",,0110
SkillGroup,http://data.europa.eu/esco/isced-f/0111,παιδαγωγικές σπουδές,,,released,2023-07-04T13:29:46.06Z,,"http://data.europa.eu/esco/concept-scheme/skills
http://data.europa.eu/esco/concept-scheme/skills-hierarchy
http://data.europa.eu/esco/concept-scheme/isced-f",,0111
SkillGroup,http://data.europa.eu/esco/isced-f/0112,κατάρτιση νηπιαγωγών,,,released,,,"http://data.europa.eu/esco/concept-scheme/skills
http://data.europa.eu/esco/concept-scheme/skills-hierarchy
http://data.europa.eu/esco/concept-scheme/isced-f",,0112
SkillGroup,http://data.europa.eu/esco/isced-f/0113,κατάρτιση των εκπαιδευτικών χωρίς εξειδίκευση αντικειμένου,,,released,2023-07-04T10:20:46.297Z,,"http://data.europa.eu/esco/concept-scheme/skills
http://data.europa.eu/esco/concept-scheme/skills-hierarchy
http://data.europa.eu/esco/concept-scheme/isced-f",,0113
SkillGroup,http://data.europa.eu/esco/isced-f/0114,κατάρτιση των εκπαιδευτικών με εξειδίκευση αντικειμένου,,,released,2023-10-30T10:21:08.01Z,,"http://data.europa.eu/esco/concept-scheme/skills
http://data.europa.eu/esco/concept-scheme/skills-hierarchy
http://data.europa.eu/esco/concept-scheme/isced-f",,0114
SkillGroup,http://data.europa.eu/esco/isced-f/0119,εκπαίδευση που δεν ταξινομείται αλλού,,,released,,,"http://data.europa.eu/esco/concept-scheme/skills
http://data.europa.eu/esco/concept-scheme/skills-hierarchy
http://data.europa.eu/esco/concept-scheme/isced-f",,0119
SkillGroup,http://data.europa.eu/esco/isced-f/018,διεπιστημονικά προγράμματα και προσόντα που αφορούν την εκπαίδευση,,,released,2022-01-13T14:49:36.928Z,,"http://data.europa.eu/esco/concept-scheme/skills
http://data.europa.eu/esco/concept-scheme/skills-hierarchy
http://data.europa.eu/esco/concept-scheme/isced-f",,018
SkillGroup,http://data.europa.eu/esco/isced-f/0188,διεπιστημονικά προγράμματα και προσόντα που αφορούν την εκπαίδευση,,,released,2022-01-13T14:56:35.789Z,,"http://data.europa.eu/esco/concept-scheme/skills
http://data.europa.eu/esco/concept-scheme/skills-hierarchy
http://data.europa.eu/esco/concept-scheme/isced-f",,0188
SkillGroup,http://data.europa.eu/esco/isced-f/02,τέχνες και ανθρωπιστικές επιστήμες,,,released,,,"http://data.europa.eu/esco/concept-scheme/skills
http://data.europa.eu/esco/concept-scheme/skills-hierarchy
http://data.europa.eu/esco/concept-scheme/isced-f",,02
SkillGroup,http://data.europa.eu/esco/isced-f/020,τέχνες και ανθρωπιστικές επιστήμες που δεν προσδιορίζονται περαιτέρω,,,released,,,"http://data.europa.eu/esco/concept-scheme/skills
http://data.europa.eu/esco/concept-scheme/skills-hierarchy
http://data.europa.eu/esco/concept-scheme/isced-f",,020
SkillGroup,http://data.europa.eu/esco/isced-f/0200,τέχνες και ανθρωπιστικές επιστήμες που δεν προσδιορίζονται περαιτέρω,,,released,,,"http://data.europa.eu/esco/concept-scheme/skills
http://data.europa.eu/esco/concept-scheme/skills-hierarchy
http://data.europa.eu/esco/concept-scheme/isced-f",,0200
SkillGroup,http://data.europa.eu/esco/isced-f/021,τέχνες,,,released,,,"http://data.europa.eu/esco/concept-scheme/skills
http://data.europa.eu/esco/concept-scheme/skills-hierarchy
http://data.europa.eu/esco/concept-scheme/isced-f",,021
SkillGroup,http://data.europa.eu/esco/isced-f/0210,τέχνες που δεν προσδιορίζονται περαιτέρω,,,released,,,"http://data.europa.eu/esco/concept-scheme/skills
http://data.europa.eu/esco/concept-scheme/skills-hierarchy
http://data.europa.eu/esco/concept-scheme/isced-f",,0210
SkillGroup,http://data.europa.eu/esco/isced-f/0211,τεχνικές και παραγωγή οπτικοακουστικών μέσων,,,released,2023-07-11T10:40:32.985Z,,"http://data.europa.eu/esco/concept-scheme/skills
http://data.europa.eu/esco/concept-scheme/skills-hierarchy
http://data.europa.eu/esco/concept-scheme/isced-f",,0211
SkillGroup,http://data.europa.eu/esco/isced-f/0212,"σχεδιασμός μόδας, εσωτερικών χώρων και βιομηχανικός σχεδιασμός",,,released,,,"http://data.europa.eu/esco/concept-scheme/skills
http://data.europa.eu/esco/concept-scheme/skills-hierarchy
http://data.europa.eu/esco/concept-scheme/isced-f",,0212
SkillGroup,http://data.europa.eu/esco/isced-f/0213,καλές τέχνες,,,released,,,"http://data.europa.eu/esco/concept-scheme/skills
http://data.europa.eu/esco/concept-scheme/skills-hierarchy
http://data.europa.eu/esco/concept-scheme/isced-f",,0213
SkillGroup,http://data.europa.eu/esco/isced-f/0214,είδη χειροτεχνίας,,,released,,,"http://data.europa.eu/esco/concept-scheme/skills
http://data.europa.eu/esco/concept-scheme/skills-hierarchy
http://data.europa.eu/esco/concept-scheme/isced-f",,0214
SkillGroup,http://data.europa.eu/esco/isced-f/0215,μουσική και τέχνες του θεάματος,,,released,,,"http://data.europa.eu/esco/concept-scheme/skills
http://data.europa.eu/esco/concept-scheme/skills-hierarchy
http://data.europa.eu/esco/concept-scheme/isced-f",,0215
SkillGroup,http://data.europa.eu/esco/isced-f/0219,τέχνες που δεν ταξινομούνται αλλού,,,released,2023-07-03T12:59:23.746Z,,"http://data.europa.eu/esco/concept-scheme/skills
http://data.europa.eu/esco/concept-scheme/skills-hierarchy
http://data.europa.eu/esco/concept-scheme/isced-f",,0219
SkillGroup,http://data.europa.eu/esco/isced-f/022,ανθρωπιστικές επιστήμες (εκτός από γλώσσες),,,released,,,"http://data.europa.eu/esco/concept-scheme/skills
http://data.europa.eu/esco/concept-scheme/skills-hierarchy
http://data.europa.eu/esco/concept-scheme/isced-f",,022
SkillGroup,http://data.europa.eu/esco/isced-f/0220,ανθρωπιστικές επιστήμες (εκτός από γλώσσες) που δεν προσδιορίζονται περαιτέρω.,,,released,,,"http://data.europa.eu/esco/concept-scheme/skills
http://data.europa.eu/esco/concept-scheme/skills-hierarchy
http://data.europa.eu/esco/concept-scheme/isced-f",,0220
SkillGroup,http://data.europa.eu/esco/isced-f/0221,θρησκεία και θεολογία,,,released,,,"http://data.europa.eu/esco/concept-scheme/skills
http://data.europa.eu/esco/concept-scheme/skills-hierarchy
http://data.europa.eu/esco/concept-scheme/isced-f",,0221
SkillGroup,http://data.europa.eu/esco/isced-f/0222,ιστορία και αρχαιολογία,,,released,2023-10-27T15:38:51.741Z,,"http://data.europa.eu/esco/concept-scheme/skills
http://data.europa.eu/esco/concept-scheme/skills-hierarchy
http://data.europa.eu/esco/concept-scheme/isced-f",,0222
SkillGroup,http://data.europa.eu/esco/isced-f/0223,φιλοσοφία και ηθική,,,released,2023-07-03T08:51:02.496Z,,"http://data.europa.eu/esco/concept-scheme/skills
http://data.europa.eu/esco/concept-scheme/skills-hierarchy
http://data.europa.eu/esco/concept-scheme/isced-f",,0223
SkillGroup,http://data.europa.eu/esco/isced-f/0228,διεπιστημονικά προγράμματα και προσόντα που περιλαμβάνουν ανθρωπιστικές επιστήμες,,,released,,,"http://data.europa.eu/esco/concept-scheme/skills
http://data.europa.eu/esco/concept-scheme/skills-hierarchy
http://data.europa.eu/esco/concept-scheme/isced-f",,0228
SkillGroup,http://data.europa.eu/esco/isced-f/0229,ανθρωπιστικές επιστήμες (εκτός από γλώσσες) που δεν ταξινομούνται αλλού,,,released,,,"http://data.europa.eu/esco/concept-scheme/skills
http://data.europa.eu/esco/concept-scheme/skills-hierarchy
http://data.europa.eu/esco/concept-scheme/isced-f",,0229
SkillGroup,http://data.europa.eu/esco/isced-f/023,γλώσσες,,,released,2023-07-14T08:12:16.726Z,,"http://data.europa.eu/esco/concept-scheme/skills
http://data.europa.eu/esco/concept-scheme/skills-hierarchy
http://data.europa.eu/esco/concept-scheme/isced-f",,023
SkillGroup,http://data.europa.eu/esco/isced-f/0230,γλώσσες που δεν προσδιορίζονται περαιτέρω,,,released,2023-10-31T16:01:49.771Z,,"http://data.europa.eu/esco/concept-scheme/skills
http://data.europa.eu/esco/concept-scheme/skills-hierarchy
http://data.europa.eu/esco/concept-scheme/isced-f",,0230
SkillGroup,http://data.europa.eu/esco/isced-f/0231,απόκτηση γλωσσικών γνώσεων,,,released,2024-02-15T09:52:45.02Z,,"http://data.europa.eu/esco/concept-scheme/skills
http://data.europa.eu/esco/concept-scheme/skills-hierarchy
http://data.europa.eu/esco/concept-scheme/isced-f",,0231
SkillGroup,http://data.europa.eu/esco/isced-f/0232,φιλολογία και γλωσσολογία,,,released,2023-10-27T15:35:14.724Z,,"http://data.europa.eu/esco/concept-scheme/skills
http://data.europa.eu/esco/concept-scheme/skills-hierarchy
http://data.europa.eu/esco/concept-scheme/isced-f",,0232
SkillGroup,http://data.europa.eu/esco/isced-f/0239,γλώσσες που δεν ταξινομούνται αλλού,,,released,,,"http://data.europa.eu/esco/concept-scheme/skills
http://data.europa.eu/esco/concept-scheme/skills-hierarchy
http://data.europa.eu/esco/concept-scheme/isced-f",,0239
SkillGroup,http://data.europa.eu/esco/isced-f/028,διεπιστημονικά προγράμματα και προσόντα που περιλαμβάνουν τις τέχνες και τις ανθρωπιστικές επιστήμες,,,released,,,"http://data.europa.eu/esco/concept-scheme/skills
http://data.europa.eu/esco/concept-scheme/skills-hierarchy
http://data.europa.eu/esco/concept-scheme/isced-f",,028
SkillGroup,http://data.europa.eu/esco/isced-f/0288,διεπιστημονικά προγράμματα και προσόντα που περιλαμβάνουν τις τέχνες και τις ανθρωπιστικές επιστήμες,,,released,,,"http://data.europa.eu/esco/concept-scheme/skills
http://data.europa.eu/esco/concept-scheme/skills-hierarchy
http://data.europa.eu/esco/concept-scheme/isced-f",,0288
SkillGroup,http://data.europa.eu/esco/isced-f/029,τέχνες και ανθρωπιστικές επιστήμες που δεν ταξινομούνται αλλού,,,released,,,"http://data.europa.eu/esco/concept-scheme/skills
http://data.europa.eu/esco/concept-scheme/skills-hierarchy
http://data.europa.eu/esco/concept-scheme/isced-f",,029
SkillGroup,http://data.europa.eu/esco/isced-f/0299,τέχνες και τις ανθρωπιστικές επιστήμες που δεν ταξινομούνται αλλού,,,released,,,"http://data.europa.eu/esco/concept-scheme/skills
http://data.europa.eu/esco/concept-scheme/skills-hierarchy
http://data.europa.eu/esco/concept-scheme/isced-f",,0299
SkillGroup,http://data.europa.eu/esco/isced-f/03,"κοινωνικές επιστήμες, δημοσιογραφία και ενημέρωση",,,released,,,"http://data.europa.eu/esco/concept-scheme/skills
http://data.europa.eu/esco/concept-scheme/skills-hierarchy
http://data.europa.eu/esco/concept-scheme/isced-f",,03
SkillGroup,http://data.europa.eu/esco/isced-f/030,"κοινωνικές επιστήμες, δημοσιογραφία και ενημέρωση που δεν προσδιορίζονται περαιτέρω",,,released,,,"http://data.europa.eu/esco/concept-scheme/skills
http://data.europa.eu/esco/concept-scheme/skills-hierarchy
http://data.europa.eu/esco/concept-scheme/isced-f",,030
SkillGroup,http://data.europa.eu/esco/isced-f/0300,"κοινωνικές επιστήμες, δημοσιογραφία και ενημέρωση που δεν προσδιορίζονται περαιτέρω",,,released,,,"http://data.europa.eu/esco/concept-scheme/skills
http://data.europa.eu/esco/concept-scheme/skills-hierarchy
http://data.europa.eu/esco/concept-scheme/isced-f",,0300
SkillGroup,http://data.europa.eu/esco/isced-f/031,κοινωνικές και συμπεριφορικές επιστήμες,,,released,2023-06-30T10:03:57.744Z,,"http://data.europa.eu/esco/concept-scheme/skills
http://data.europa.eu/esco/concept-scheme/skills-hierarchy
http://data.europa.eu/esco/concept-scheme/isced-f",,031
SkillGroup,http://data.europa.eu/esco/isced-f/0310,κοινωνικές και συμπεριφορικές επιστήμες που δεν προσδιορίζονται περαιτέρω,,,released,,,"http://data.europa.eu/esco/concept-scheme/skills
http://data.europa.eu/esco/concept-scheme/skills-hierarchy
http://data.europa.eu/esco/concept-scheme/isced-f",,0310
SkillGroup,http://data.europa.eu/esco/isced-f/0311,οικονομικά,,,released,2023-07-03T12:57:32.51Z,,"http://data.europa.eu/esco/concept-scheme/skills
http://data.europa.eu/esco/concept-scheme/skills-hierarchy
http://data.europa.eu/esco/concept-scheme/isced-f",,0311
SkillGroup,http://data.europa.eu/esco/isced-f/0312,πολιτικές επιστήμες και αγωγή του πολίτη,,,released,2024-01-29T16:20:43.56Z,,"http://data.europa.eu/esco/concept-scheme/skills
http://data.europa.eu/esco/concept-scheme/skills-hierarchy
http://data.europa.eu/esco/concept-scheme/isced-f",,0312
SkillGroup,http://data.europa.eu/esco/isced-f/0313,ψυχολογία,,,released,2023-07-03T12:46:46.382Z,,"http://data.europa.eu/esco/concept-scheme/skills
http://data.europa.eu/esco/concept-scheme/skills-hierarchy
http://data.europa.eu/esco/concept-scheme/isced-f",,0313
SkillGroup,http://data.europa.eu/esco/isced-f/0314,κοινωνικές επιστήμες και επιστήμες του πολιτισμού,,,released,2023-07-04T12:56:24.33Z,,"http://data.europa.eu/esco/concept-scheme/skills
http://data.europa.eu/esco/concept-scheme/skills-hierarchy
http://data.europa.eu/esco/concept-scheme/isced-f",,0314
SkillGroup,http://data.europa.eu/esco/isced-f/0319,κοινωνικές και συμπεριφορικές επιστήμες που δεν ταξινομούνται αλλού,,,released,2025-02-19T14:42:49.746Z,,"http://data.europa.eu/esco/concept-scheme/skills
http://data.europa.eu/esco/concept-scheme/skills-hierarchy
http://data.europa.eu/esco/concept-scheme/isced-f",,0319
SkillGroup,http://data.europa.eu/esco/isced-f/032,δημοσιογραφία και ενημέρωση,,,released,2023-07-03T07:24:08.118Z,,"http://data.europa.eu/esco/concept-scheme/skills
http://data.europa.eu/esco/concept-scheme/skills-hierarchy
http://data.europa.eu/esco/concept-scheme/isced-f",,032
SkillGroup,http://data.europa.eu/esco/isced-f/0320,δημοσιογραφία και ενημέρωση που δεν προσδιορίζονται περαιτέρω,,,released,,,"http://data.europa.eu/esco/concept-scheme/skills
http://data.europa.eu/esco/concept-scheme/skills-hierarchy
http://data.europa.eu/esco/concept-scheme/isced-f",,0320
SkillGroup,http://data.europa.eu/esco/isced-f/0321,δημοσιογραφία και ανταποκρίσεις,,,released,2023-07-03T07:23:44.668Z,,"http://data.europa.eu/esco/concept-scheme/skills
http://data.europa.eu/esco/concept-scheme/skills-hierarchy
http://data.europa.eu/esco/concept-scheme/isced-f",,0321
SkillGroup,http://data.europa.eu/esco/isced-f/0322,"υπηρεσίες βιβλιοθηκών,  πληροφοριών και αρχειακών μελετών",,,released,2023-10-27T15:38:41.87Z,,"http://data.europa.eu/esco/concept-scheme/skills
http://data.europa.eu/esco/concept-scheme/skills-hierarchy
http://data.europa.eu/esco/concept-scheme/isced-f",,0322
SkillGroup,http://data.europa.eu/esco/isced-f/0329,δημοσιογραφία και ενημέρωση που δεν ταξινομούνται αλλού,,,released,,,"http://data.europa.eu/esco/concept-scheme/skills
http://data.europa.eu/esco/concept-scheme/skills-hierarchy
http://data.europa.eu/esco/concept-scheme/isced-f",,0329
SkillGroup,http://data.europa.eu/esco/isced-f/038,"διεπιστημονικά προγράμματα και προσόντα που περιλαμβάνουν κοινωνικές επιστήμες, δημοσιογραφία και ενημέρωση",,,released,2023-06-29T13:50:39.809Z,,"http://data.europa.eu/esco/concept-scheme/skills
http://data.europa.eu/esco/concept-scheme/skills-hierarchy
http://data.europa.eu/esco/concept-scheme/isced-f",,038
SkillGroup,http://data.europa.eu/esco/isced-f/0388,"διεπιστημονικά προγράμματα και προσόντα που περιλαμβάνουν κοινωνικές επιστήμες, δημοσιογραφία και ενημέρωση",,,released,2023-07-04T08:43:11.281Z,,"http://data.europa.eu/esco/concept-scheme/skills
http://data.europa.eu/esco/concept-scheme/skills-hierarchy
http://data.europa.eu/esco/concept-scheme/isced-f",,0388
SkillGroup,http://data.europa.eu/esco/isced-f/039,"κοινωνικές επιστήμες, δημοσιογραφία και ενημέρωση που δεν ταξινομούνται αλλού",,,released,,,"http://data.europa.eu/esco/concept-scheme/skills
http://data.europa.eu/esco/concept-scheme/skills-hierarchy
http://data.europa.eu/esco/concept-scheme/isced-f",,039
SkillGroup,http://data.europa.eu/esco/isced-f/0399,"κοινωνικές επιστήμες, δημοσιογραφία και ενημέρωση που δεν ταξινομούνται αλλού",,,released,,,"http://data.europa.eu/esco/concept-scheme/skills
http://data.europa.eu/esco/concept-scheme/skills-hierarchy
http://data.europa.eu/esco/concept-scheme/isced-f",,0399
SkillGroup,http://data.europa.eu/esco/isced-f/04,"επιχειρήσεις, διοίκηση και δίκαιο",,,released,,,"http://data.europa.eu/esco/concept-scheme/skills
http://data.europa.eu/esco/concept-scheme/skills-hierarchy
http://data.europa.eu/esco/concept-scheme/isced-f",,04
SkillGroup,http://data.europa.eu/esco/isced-f/040,"επιχειρήσεις, διοίκηση και δίκαιο που δεν προσδιορίζονται περαιτέρω",,,released,2020-12-10T13:24:05.932Z,,"http://data.europa.eu/esco/concept-scheme/skills
http://data.europa.eu/esco/concept-scheme/skills-hierarchy
http://data.europa.eu/esco/concept-scheme/isced-f",,040
SkillGroup,http://data.europa.eu/esco/isced-f/0400,"επιχειρήσεις, διοίκηση και δίκαιο που δεν προσδιορίζονται περαιτέρω",,,released,,,"http://data.europa.eu/esco/concept-scheme/skills
http://data.europa.eu/esco/concept-scheme/skills-hierarchy
http://data.europa.eu/esco/concept-scheme/isced-f",,0400
SkillGroup,http://data.europa.eu/esco/isced-f/041,επιχειρήσεις και διοίκηση,,,released,2023-07-05T08:34:34.635Z,,"http://data.europa.eu/esco/concept-scheme/skills
http://data.europa.eu/esco/concept-scheme/skills-hierarchy
http://data.europa.eu/esco/concept-scheme/isced-f",,041
SkillGroup,http://data.europa.eu/esco/isced-f/0410,επιχειρήσεις και διοίκηση που δεν προσδιορίζονται περαιτέρω,,,released,2023-06-20T14:39:25.865Z,,"http://data.europa.eu/esco/concept-scheme/skills
http://data.europa.eu/esco/concept-scheme/skills-hierarchy
http://data.europa.eu/esco/concept-scheme/isced-f",,0410
SkillGroup,http://data.europa.eu/esco/isced-f/0411,λογιστική και φορολογία,,,released,2023-02-17T13:32:34.671Z,,"http://data.europa.eu/esco/concept-scheme/skills
http://data.europa.eu/esco/concept-scheme/skills-hierarchy
http://data.europa.eu/esco/concept-scheme/isced-f",,0411
SkillGroup,http://data.europa.eu/esco/isced-f/0412,"χρηματοπιστωτικά, τράπεζες και ασφαλίσεις",,,released,2023-07-04T12:47:27.353Z,,"http://data.europa.eu/esco/concept-scheme/skills
http://data.europa.eu/esco/concept-scheme/skills-hierarchy
http://data.europa.eu/esco/concept-scheme/isced-f",,0412
SkillGroup,http://data.europa.eu/esco/isced-f/0413,διαχείριση και διοίκηση,,,released,2023-07-04T08:25:45.675Z,,"http://data.europa.eu/esco/concept-scheme/skills
http://data.europa.eu/esco/concept-scheme/skills-hierarchy
http://data.europa.eu/esco/concept-scheme/isced-f",,0413
SkillGroup,http://data.europa.eu/esco/isced-f/0414,εμπορική προώθηση και διαφήμιση,,,released,2023-07-04T06:58:16.398Z,,"http://data.europa.eu/esco/concept-scheme/skills
http://data.europa.eu/esco/concept-scheme/skills-hierarchy
http://data.europa.eu/esco/concept-scheme/isced-f",,0414
SkillGroup,http://data.europa.eu/esco/isced-f/0415,εργασίες γραφείου και γραμματείας,,,released,2021-04-14T10:07:44.809Z,,"http://data.europa.eu/esco/concept-scheme/skills
http://data.europa.eu/esco/concept-scheme/skills-hierarchy
http://data.europa.eu/esco/concept-scheme/isced-f",,0415
SkillGroup,http://data.europa.eu/esco/isced-f/0416,χονδρική και λιανική πώληση,,,released,2023-07-04T10:39:53.648Z,,"http://data.europa.eu/esco/concept-scheme/skills
http://data.europa.eu/esco/concept-scheme/skills-hierarchy
http://data.europa.eu/esco/concept-scheme/isced-f",,0416
SkillGroup,http://data.europa.eu/esco/isced-f/0417,επαγγελματικές δεξιότητες,,,released,,,"http://data.europa.eu/esco/concept-scheme/skills
http://data.europa.eu/esco/concept-scheme/skills-hierarchy
http://data.europa.eu/esco/concept-scheme/isced-f",,0417
SkillGroup,http://data.europa.eu/esco/isced-f/0419,επιχειρήσεις και διοίκηση που δεν ταξινομούνται αλλού,,,released,2022-06-07T12:48:05.343Z,,"http://data.europa.eu/esco/concept-scheme/skills
http://data.europa.eu/esco/concept-scheme/skills-hierarchy
http://data.europa.eu/esco/concept-scheme/isced-f",,0419
SkillGroup,http://data.europa.eu/esco/isced-f/042,δίκαιο,,,released,2023-07-05T16:08:11.463Z,,"http://data.europa.eu/esco/concept-scheme/skills
http://data.europa.eu/esco/concept-scheme/skills-hierarchy
http://data.europa.eu/esco/concept-scheme/isced-f",,042
SkillGroup,http://data.europa.eu/esco/isced-f/0421,δίκαιο,,,released,2023-07-05T07:04:55.853Z,,"http://data.europa.eu/esco/concept-scheme/skills
http://data.europa.eu/esco/concept-scheme/skills-hierarchy
http://data.europa.eu/esco/concept-scheme/isced-f",,0421
SkillGroup,http://data.europa.eu/esco/isced-f/048,"διεπιστημονικά προγράμματα και προσόντα που αφορούν επιχειρήσεις, διοίκηση και δίκαιο",,,released,2023-10-30T09:05:29.607Z,,"http://data.europa.eu/esco/concept-scheme/skills
http://data.europa.eu/esco/concept-scheme/skills-hierarchy
http://data.europa.eu/esco/concept-scheme/isced-f",,048
SkillGroup,http://data.europa.eu/esco/isced-f/0488,"διεπιστημονικά προγράμματα και προσόντα που αφορούν επιχειρήσεις, διοίκηση και δίκαιο",,,released,,,"http://data.europa.eu/esco/concept-scheme/skills
http://data.europa.eu/esco/concept-scheme/skills-hierarchy
http://data.europa.eu/esco/concept-scheme/isced-f",,0488
SkillGroup,http://data.europa.eu/esco/isced-f/049,"επιχειρήσεις, διοίκηση και δίκαιο που δεν ταξινομούνται αλλού",,,released,2022-06-07T12:45:17.113Z,,"http://data.europa.eu/esco/concept-scheme/skills
http://data.europa.eu/esco/concept-scheme/skills-hierarchy
http://data.europa.eu/esco/concept-scheme/isced-f",,049
SkillGroup,http://data.europa.eu/esco/isced-f/0499,"επιχειρήσεις, διοίκηση και δίκαιο που δεν ταξινομούνται αλλού",,,released,,,"http://data.europa.eu/esco/concept-scheme/skills
http://data.europa.eu/esco/concept-scheme/skills-hierarchy
http://data.europa.eu/esco/concept-scheme/isced-f",,0499
SkillGroup,http://data.europa.eu/esco/isced-f/05,"φυσικές επιστήμες, μαθηματικά και στατιστική",,,released,,,"http://data.europa.eu/esco/concept-scheme/skills
http://data.europa.eu/esco/concept-scheme/skills-hierarchy
http://data.europa.eu/esco/concept-scheme/isced-f",,05
SkillGroup,http://data.europa.eu/esco/isced-f/050,"φυσικές επιστήμες, μαθηματικά και στατιστική που δεν προσδιορίζονται περαιτέρω",,,released,,,"http://data.europa.eu/esco/concept-scheme/skills
http://data.europa.eu/esco/concept-scheme/skills-hierarchy
http://data.europa.eu/esco/concept-scheme/isced-f",,050
SkillGroup,http://data.europa.eu/esco/isced-f/0500,"φυσικές επιστήμες, μαθηματικά και στατιστική που δεν προσδιορίζονται περαιτέρω",,,released,,,"http://data.europa.eu/esco/concept-scheme/skills
http://data.europa.eu/esco/concept-scheme/skills-hierarchy
http://data.europa.eu/esco/concept-scheme/isced-f",,0500
SkillGroup,http://data.europa.eu/esco/isced-f/051,βιολογικές και συναφείς επιστήμες,,,released,2023-06-30T12:14:05.574Z,,"http://data.europa.eu/esco/concept-scheme/skills
http://data.europa.eu/esco/concept-scheme/skills-hierarchy
http://data.europa.eu/esco/concept-scheme/isced-f",,051
SkillGroup,http://data.europa.eu/esco/isced-f/0510,βιολογικές και συναφείς επιστήμες που δεν προσδιορίζονται περαιτέρω,,,released,,,"http://data.europa.eu/esco/concept-scheme/skills
http://data.europa.eu/esco/concept-scheme/skills-hierarchy
http://data.europa.eu/esco/concept-scheme/isced-f",,0510
SkillGroup,http://data.europa.eu/esco/isced-f/0511,βιολογία,,,released,2023-10-27T15:46:55.213Z,,"http://data.europa.eu/esco/concept-scheme/skills
http://data.europa.eu/esco/concept-scheme/skills-hierarchy
http://data.europa.eu/esco/concept-scheme/isced-f",,0511
SkillGroup,http://data.europa.eu/esco/isced-f/0512,βιοχημεία,,,released,2023-06-30T09:19:04.893Z,,"http://data.europa.eu/esco/concept-scheme/skills
http://data.europa.eu/esco/concept-scheme/skills-hierarchy
http://data.europa.eu/esco/concept-scheme/isced-f",,0512
SkillGroup,http://data.europa.eu/esco/isced-f/0519,βιολογικές και συναφείς επιστήμες και που δεν ταξινομούνται αλλού,,,released,,,"http://data.europa.eu/esco/concept-scheme/skills
http://data.europa.eu/esco/concept-scheme/skills-hierarchy
http://data.europa.eu/esco/concept-scheme/isced-f",,0519
SkillGroup,http://data.europa.eu/esco/isced-f/052,περιβάλλον,,,released,,,"http://data.europa.eu/esco/concept-scheme/skills
http://data.europa.eu/esco/concept-scheme/skills-hierarchy
http://data.europa.eu/esco/concept-scheme/isced-f",,052
SkillGroup,http://data.europa.eu/esco/isced-f/0520,περιβάλλον που δεν προσδιορίζεται περαιτέρω,,,released,,,"http://data.europa.eu/esco/concept-scheme/skills
http://data.europa.eu/esco/concept-scheme/skills-hierarchy
http://data.europa.eu/esco/concept-scheme/isced-f",,0520
SkillGroup,http://data.europa.eu/esco/isced-f/0521,περιβαλλοντικές επιστήμες,,,released,2023-07-04T07:18:15.885Z,,"http://data.europa.eu/esco/concept-scheme/skills
http://data.europa.eu/esco/concept-scheme/skills-hierarchy
http://data.europa.eu/esco/concept-scheme/isced-f",,0521
SkillGroup,http://data.europa.eu/esco/isced-f/0522,φυσικό περιβάλλον και  άγρια πανίδα και χλωρίδα,,,released,2023-06-20T15:39:26.442Z,,"http://data.europa.eu/esco/concept-scheme/skills
http://data.europa.eu/esco/concept-scheme/skills-hierarchy
http://data.europa.eu/esco/concept-scheme/isced-f",,0522
SkillGroup,http://data.europa.eu/esco/isced-f/0529,περιβάλλον που δεν ταξινομείται αλλού,,,released,,,"http://data.europa.eu/esco/concept-scheme/skills
http://data.europa.eu/esco/concept-scheme/skills-hierarchy
http://data.europa.eu/esco/concept-scheme/isced-f",,0529
SkillGroup,http://data.europa.eu/esco/isced-f/053,φυσικές επιστήμες,,,released,,,"http://data.europa.eu/esco/concept-scheme/skills
http://data.europa.eu/esco/concept-scheme/skills-hierarchy
http://data.europa.eu/esco/concept-scheme/isced-f",,053
SkillGroup,http://data.europa.eu/esco/isced-f/0530,φυσικές επιστήμες που δεν προσδιορίζονται περαιτέρω,,,released,,,"http://data.europa.eu/esco/concept-scheme/skills
http://data.europa.eu/esco/concept-scheme/skills-hierarchy
http://data.europa.eu/esco/concept-scheme/isced-f",,0530
SkillGroup,http://data.europa.eu/esco/isced-f/0531,χημεία,,,released,2023-07-03T08:37:32.521Z,,"http://data.europa.eu/esco/concept-scheme/skills
http://data.europa.eu/esco/concept-scheme/skills-hierarchy
http://data.europa.eu/esco/concept-scheme/isced-f",,0531
SkillGroup,http://data.europa.eu/esco/isced-f/0532,επιστήμες της γης,,,released,2023-07-05T08:44:07.574Z,,"http://data.europa.eu/esco/concept-scheme/skills
http://data.europa.eu/esco/concept-scheme/skills-hierarchy
http://data.europa.eu/esco/concept-scheme/isced-f",,0532
SkillGroup,http://data.europa.eu/esco/isced-f/0533,φυσική,,,released,2025-01-29T11:06:12.495Z,,"http://data.europa.eu/esco/concept-scheme/skills
http://data.europa.eu/esco/concept-scheme/skills-hierarchy
http://data.europa.eu/esco/concept-scheme/isced-f",,0533
SkillGroup,http://data.europa.eu/esco/isced-f/0539,φυσικές επιστήμες που δεν ταξινομούνται αλλού,,,released,,,"http://data.europa.eu/esco/concept-scheme/skills
http://data.europa.eu/esco/concept-scheme/skills-hierarchy
http://data.europa.eu/esco/concept-scheme/isced-f",,0539
SkillGroup,http://data.europa.eu/esco/isced-f/054,μαθηματικά και στατιστική,,,released,2023-07-06T08:50:16.696Z,,"http://data.europa.eu/esco/concept-scheme/skills
http://data.europa.eu/esco/concept-scheme/skills-hierarchy
http://data.europa.eu/esco/concept-scheme/isced-f",,054
SkillGroup,http://data.europa.eu/esco/isced-f/0540,μαθηματικά και στατιστική που δεν προσδιορίζονται περαιτέρω,,,released,2023-07-05T15:10:32.277Z,,"http://data.europa.eu/esco/concept-scheme/skills
http://data.europa.eu/esco/concept-scheme/skills-hierarchy
http://data.europa.eu/esco/concept-scheme/isced-f",,0540
SkillGroup,http://data.europa.eu/esco/isced-f/0541,μαθηματικά,,,released,,,"http://data.europa.eu/esco/concept-scheme/skills
http://data.europa.eu/esco/concept-scheme/skills-hierarchy
http://data.europa.eu/esco/concept-scheme/isced-f",,0541
SkillGroup,http://data.europa.eu/esco/isced-f/0542,στατιστική,,,released,2023-10-30T10:14:10.981Z,,"http://data.europa.eu/esco/concept-scheme/skills
http://data.europa.eu/esco/concept-scheme/skills-hierarchy
http://data.europa.eu/esco/concept-scheme/isced-f",,0542
SkillGroup,http://data.europa.eu/esco/isced-f/058,"διεπιστημονικά προγράμματα και προσόντα που περιλαμβάνουν φυσικές επιστήμες, μαθηματικά και στατιστική",,,released,2023-10-27T15:47:05.331Z,,"http://data.europa.eu/esco/concept-scheme/skills
http://data.europa.eu/esco/concept-scheme/skills-hierarchy
http://data.europa.eu/esco/concept-scheme/isced-f",,058
SkillGroup,http://data.europa.eu/esco/isced-f/0588,"διεπιστημονικά προγράμματα και προσόντα που περιλαμβάνουν φυσικές επιστήμες, μαθηματικά και στατιστική",,,released,2023-10-30T10:14:26.898Z,,"http://data.europa.eu/esco/concept-scheme/skills
http://data.europa.eu/esco/concept-scheme/skills-hierarchy
http://data.europa.eu/esco/concept-scheme/isced-f",,0588
SkillGroup,http://data.europa.eu/esco/isced-f/059,"φυσικές επιστήμες, μαθηματικά και στατιστική που δεν ταξινομούνται αλλού",,,released,,,"http://data.europa.eu/esco/concept-scheme/skills
http://data.europa.eu/esco/concept-scheme/skills-hierarchy
http://data.europa.eu/esco/concept-scheme/isced-f",,059
SkillGroup,http://data.europa.eu/esco/isced-f/0599,"φυσικές επιστήμες, μαθηματικά και στατιστική που δεν ταξινομούνται αλλού",,,released,,,"http://data.europa.eu/esco/concept-scheme/skills
http://data.europa.eu/esco/concept-scheme/skills-hierarchy
http://data.europa.eu/esco/concept-scheme/isced-f",,0599
SkillGroup,http://data.europa.eu/esco/isced-f/06,τεχνολογίες πληροφορικής και επικοινωνιών (τπε),,,released,2021-08-30T14:57:56.832Z,,"http://data.europa.eu/esco/concept-scheme/skills
http://data.europa.eu/esco/concept-scheme/skills-hierarchy
http://data.europa.eu/esco/concept-scheme/isced-f",,06
SkillGroup,http://data.europa.eu/esco/isced-f/061,τεχνολογίες πληροφορικής και επικοινωνιών (τπε),,,released,2021-08-30T14:53:01.939Z,,"http://data.europa.eu/esco/concept-scheme/skills
http://data.europa.eu/esco/concept-scheme/skills-hierarchy
http://data.europa.eu/esco/concept-scheme/isced-f",,061
SkillGroup,http://data.europa.eu/esco/isced-f/0610,τεχνολογίες πληροφορικής και επικοινωνιών (τπε) που δεν προσδιορίζονται περαιτέρω,,,released,,,"http://data.europa.eu/esco/concept-scheme/skills
http://data.europa.eu/esco/concept-scheme/skills-hierarchy
http://data.europa.eu/esco/concept-scheme/isced-f",,0610
SkillGroup,http://data.europa.eu/esco/isced-f/0611,χρήση υπολογιστών,,,released,2023-07-06T09:57:34.775Z,,"http://data.europa.eu/esco/concept-scheme/skills
http://data.europa.eu/esco/concept-scheme/skills-hierarchy
http://data.europa.eu/esco/concept-scheme/isced-f",,0611
SkillGroup,http://data.europa.eu/esco/isced-f/0612,σχεδιασμός και διαχείριση βάσεων δεδομένων και δικτύων,,,released,2023-10-20T09:49:49.879Z,,"http://data.europa.eu/esco/concept-scheme/skills
http://data.europa.eu/esco/concept-scheme/skills-hierarchy
http://data.europa.eu/esco/concept-scheme/isced-f",,0612
SkillGroup,http://data.europa.eu/esco/isced-f/0613,ανάπτυξη και ανάλυση λογισμικού και εφαρμογών,,,released,2023-07-11T10:47:11.805Z,,"http://data.europa.eu/esco/concept-scheme/skills
http://data.europa.eu/esco/concept-scheme/skills-hierarchy
http://data.europa.eu/esco/concept-scheme/isced-f",,0613
SkillGroup,http://data.europa.eu/esco/isced-f/0619,τεχνολογίες πληροφορικής και επικοινωνιών που δεν ταξινομούνται αλλού,,,released,2023-10-20T10:01:42.693Z,,"http://data.europa.eu/esco/concept-scheme/skills
http://data.europa.eu/esco/concept-scheme/skills-hierarchy
http://data.europa.eu/esco/concept-scheme/isced-f",,0619
SkillGroup,http://data.europa.eu/esco/isced-f/068,διεπιστημονικά προγράμματα και προσόντα που περιλαμβάνουν τεχνολογίες πληροφορικής και επικοινωνιών (τπε),,,released,2023-07-06T09:54:36.209Z,,"http://data.europa.eu/esco/concept-scheme/skills
http://data.europa.eu/esco/concept-scheme/skills-hierarchy
http://data.europa.eu/esco/concept-scheme/isced-f",,068
SkillGroup,http://data.europa.eu/esco/isced-f/0688,διεπιστημονικά προγράμματα και προσόντα που περιλαμβάνουν τεχνολογίες πληροφορικής και επικοινωνιών (τπε),,,released,2023-07-03T14:47:33.378Z,,"http://data.europa.eu/esco/concept-scheme/skills
http://data.europa.eu/esco/concept-scheme/skills-hierarchy
http://data.europa.eu/esco/concept-scheme/isced-f",,0688
SkillGroup,http://data.europa.eu/esco/isced-f/07,"κλάδοι μηχανικής, μεταποίησης και κατασκευών",,,released,2022-01-13T15:06:40.148Z,,"http://data.europa.eu/esco/concept-scheme/skills
http://data.europa.eu/esco/concept-scheme/skills-hierarchy
http://data.europa.eu/esco/concept-scheme/isced-f",,07
SkillGroup,http://data.europa.eu/esco/isced-f/070,"κλάδοι μηχανικής, μεταποίησης και κατασκευών που δεν προσδιορίζονται περαιτέρω.",,,released,,,"http://data.europa.eu/esco/concept-scheme/skills
http://data.europa.eu/esco/concept-scheme/skills-hierarchy
http://data.europa.eu/esco/concept-scheme/isced-f",,070
SkillGroup,http://data.europa.eu/esco/isced-f/0700,"κλάδοι μηχανικής, μεταποίησης και κατασκευών που δεν προσδιορίζονται περαιτέρω.",,,released,,,"http://data.europa.eu/esco/concept-scheme/skills
http://data.europa.eu/esco/concept-scheme/skills-hierarchy
http://data.europa.eu/esco/concept-scheme/isced-f",,0700
SkillGroup,http://data.europa.eu/esco/isced-f/071,κλάδοι μηχανικής και συναφή επαγγέλματα,,,released,2023-07-05T08:57:22.584Z,,"http://data.europa.eu/esco/concept-scheme/skills
http://data.europa.eu/esco/concept-scheme/skills-hierarchy
http://data.europa.eu/esco/concept-scheme/isced-f",,071
SkillGroup,http://data.europa.eu/esco/isced-f/0710,κλάδοι μηχανικής και συναφή επαγγέλματα που δεν προσδιορίζονται περαιτέρω.,,,released,2024-01-29T16:12:44.504Z,,"http://data.europa.eu/esco/concept-scheme/skills
http://data.europa.eu/esco/concept-scheme/skills-hierarchy
http://data.europa.eu/esco/concept-scheme/isced-f",,0710
SkillGroup,http://data.europa.eu/esco/isced-f/0711,χημική μηχανική και διαδικασίες,,,released,2024-01-29T17:05:57.588Z,,"http://data.europa.eu/esco/concept-scheme/skills
http://data.europa.eu/esco/concept-scheme/skills-hierarchy
http://data.europa.eu/esco/concept-scheme/isced-f",,0711
SkillGroup,http://data.europa.eu/esco/isced-f/0712,τεχνολογία προστασίας του περιβάλλοντος,,,released,2023-07-05T08:23:25.85Z,,"http://data.europa.eu/esco/concept-scheme/skills
http://data.europa.eu/esco/concept-scheme/skills-hierarchy
http://data.europa.eu/esco/concept-scheme/isced-f",,0712
SkillGroup,http://data.europa.eu/esco/isced-f/0713,ηλεκτρισμός και ενέργεια,,,released,2024-01-30T15:25:24.149Z,,"http://data.europa.eu/esco/concept-scheme/skills
http://data.europa.eu/esco/concept-scheme/skills-hierarchy
http://data.europa.eu/esco/concept-scheme/isced-f",,0713
SkillGroup,http://data.europa.eu/esco/isced-f/0714,ηλεκτρονική και αυτοματισμός,,,released,2023-07-05T15:43:39.362Z,,"http://data.europa.eu/esco/concept-scheme/skills
http://data.europa.eu/esco/concept-scheme/skills-hierarchy
http://data.europa.eu/esco/concept-scheme/isced-f",,0714
SkillGroup,http://data.europa.eu/esco/isced-f/0715,μηχανολογία και μεταλλουργικά επαγγέλματα,,,released,2024-01-29T16:22:28.909Z,,"http://data.europa.eu/esco/concept-scheme/skills
http://data.europa.eu/esco/concept-scheme/skills-hierarchy
http://data.europa.eu/esco/concept-scheme/isced-f",,0715
SkillGroup,http://data.europa.eu/esco/isced-f/0716,"αυτοκίνητα οχήματα, πλοία και αεροσκάφη",,,released,2023-07-05T15:16:47.21Z,,"http://data.europa.eu/esco/concept-scheme/skills
http://data.europa.eu/esco/concept-scheme/skills-hierarchy
http://data.europa.eu/esco/concept-scheme/isced-f",,0716
SkillGroup,http://data.europa.eu/esco/isced-f/0719,κλάδοι μηχανικής και συναφή επαγγέλματα που δεν ταξινομούνται αλλού,,,released,,,"http://data.europa.eu/esco/concept-scheme/skills
http://data.europa.eu/esco/concept-scheme/skills-hierarchy
http://data.europa.eu/esco/concept-scheme/isced-f",,0719
SkillGroup,http://data.europa.eu/esco/isced-f/072,μεταποίηση και επεξεργασία,,,released,2023-07-05T15:26:59.847Z,,"http://data.europa.eu/esco/concept-scheme/skills
http://data.europa.eu/esco/concept-scheme/skills-hierarchy
http://data.europa.eu/esco/concept-scheme/isced-f",,072
SkillGroup,http://data.europa.eu/esco/isced-f/0720,μεταποίηση και επεξεργασία που δεν προσδιορίζονται περαιτέρω,,,released,,,"http://data.europa.eu/esco/concept-scheme/skills
http://data.europa.eu/esco/concept-scheme/skills-hierarchy
http://data.europa.eu/esco/concept-scheme/isced-f",,0720
SkillGroup,http://data.europa.eu/esco/isced-f/0721,επεξεργασία  τροφίμων,,,released,2023-08-03T10:03:35.737Z,,"http://data.europa.eu/esco/concept-scheme/skills
http://data.europa.eu/esco/concept-scheme/skills-hierarchy
http://data.europa.eu/esco/concept-scheme/isced-f",,0721
SkillGroup,http://data.europa.eu/esco/isced-f/0722,"υλικά (γυαλί, χαρτί, πλαστικό και ξύλο)",,,released,2023-01-24T18:49:48.26Z,,"http://data.europa.eu/esco/concept-scheme/skills
http://data.europa.eu/esco/concept-scheme/skills-hierarchy
http://data.europa.eu/esco/concept-scheme/isced-f",,0722
SkillGroup,http://data.europa.eu/esco/isced-f/0723,"κλωστοϋφαντουργικά προϊόντα (ενδύματα, υποδήματα και δέρματα)",,,released,2020-12-07T15:19:56.923Z,,"http://data.europa.eu/esco/concept-scheme/skills
http://data.europa.eu/esco/concept-scheme/skills-hierarchy
http://data.europa.eu/esco/concept-scheme/isced-f",,0723
SkillGroup,http://data.europa.eu/esco/isced-f/0724,εξόρυξη και εξαγωγή ορυκτών,,,released,2023-01-27T16:39:07.762Z,,"http://data.europa.eu/esco/concept-scheme/skills
http://data.europa.eu/esco/concept-scheme/skills-hierarchy
http://data.europa.eu/esco/concept-scheme/isced-f",,0724
SkillGroup,http://data.europa.eu/esco/isced-f/0729,μεταποίηση και επεξεργασία που δεν ταξινομούνται αλλού,,,released,2022-01-13T15:06:17.576Z,,"http://data.europa.eu/esco/concept-scheme/skills
http://data.europa.eu/esco/concept-scheme/skills-hierarchy
http://data.europa.eu/esco/concept-scheme/isced-f",,0729
SkillGroup,http://data.europa.eu/esco/isced-f/073,αρχιτεκτονική και κατασκευές,,,released,,,"http://data.europa.eu/esco/concept-scheme/skills
http://data.europa.eu/esco/concept-scheme/skills-hierarchy
http://data.europa.eu/esco/concept-scheme/isced-f",,073
SkillGroup,http://data.europa.eu/esco/isced-f/0730,αρχιτεκτονική και κατασκευές που δεν  προσδιορίζονται περαιτέρω,,,released,,,"http://data.europa.eu/esco/concept-scheme/skills
http://data.europa.eu/esco/concept-scheme/skills-hierarchy
http://data.europa.eu/esco/concept-scheme/isced-f",,0730
SkillGroup,http://data.europa.eu/esco/isced-f/0731,αρχιτεκτονική και πολεοδομία,,,released,2024-01-29T16:17:36.811Z,,"http://data.europa.eu/esco/concept-scheme/skills
http://data.europa.eu/esco/concept-scheme/skills-hierarchy
http://data.europa.eu/esco/concept-scheme/isced-f",,0731
SkillGroup,http://data.europa.eu/esco/isced-f/0732,οικοδομές και έργα πολιτικού μηχανικού,,,released,2024-01-29T17:05:50.79Z,,"http://data.europa.eu/esco/concept-scheme/skills
http://data.europa.eu/esco/concept-scheme/skills-hierarchy
http://data.europa.eu/esco/concept-scheme/isced-f",,0732
SkillGroup,http://data.europa.eu/esco/isced-f/078,"διεπιστημονικά προγράμματα και προσόντα που περιλαμβάνουν μηχανικό, μεταποιητικό και κατασκευαστικό τομέα",,,released,2023-10-30T09:59:15.592Z,,"http://data.europa.eu/esco/concept-scheme/skills
http://data.europa.eu/esco/concept-scheme/skills-hierarchy
http://data.europa.eu/esco/concept-scheme/isced-f",,078
SkillGroup,http://data.europa.eu/esco/isced-f/0788,"διεπιστημονικά προγράμματα και προσόντα που περιλαμβάνουν μηχανικό, μεταποιητικό και κατασκευαστικό τομέα",,,released,2023-07-03T14:54:39.891Z,,"http://data.europa.eu/esco/concept-scheme/skills
http://data.europa.eu/esco/concept-scheme/skills-hierarchy
http://data.europa.eu/esco/concept-scheme/isced-f",,0788
SkillGroup,http://data.europa.eu/esco/isced-f/079,"κλάδοι μηχανικής, μεταποίησης και κατασκευής που δεν ταξινομούνται αλλού",,,released,2022-01-13T15:04:52.225Z,,"http://data.europa.eu/esco/concept-scheme/skills
http://data.europa.eu/esco/concept-scheme/skills-hierarchy
http://data.europa.eu/esco/concept-scheme/isced-f",,079
SkillGroup,http://data.europa.eu/esco/isced-f/0799,"κλάδοι μηχανικής, μεταποίησης και κατασκευής που δεν ταξινομούνται αλλού",,,released,2023-10-30T09:59:05.5Z,,"http://data.europa.eu/esco/concept-scheme/skills
http://data.europa.eu/esco/concept-scheme/skills-hierarchy
http://data.europa.eu/esco/concept-scheme/isced-f",,0799
SkillGroup,http://data.europa.eu/esco/isced-f/08,"γεωργία, δασοκομία, αλιεία και κτηνιατρική",,,released,,,"http://data.europa.eu/esco/concept-scheme/skills
http://data.europa.eu/esco/concept-scheme/skills-hierarchy
http://data.europa.eu/esco/concept-scheme/isced-f",,08
SkillGroup,http://data.europa.eu/esco/isced-f/080,"γεωργία, δασοκομία, αλιεία και κτηνιατρική που δεν προσδιορίζονται περαιτέρω",,,released,,,"http://data.europa.eu/esco/concept-scheme/skills
http://data.europa.eu/esco/concept-scheme/skills-hierarchy
http://data.europa.eu/esco/concept-scheme/isced-f",,080
SkillGroup,http://data.europa.eu/esco/isced-f/0800,"γεωργία, δασοκομία, αλιεία και κτηνιατρική που δεν προσδιορίζονται περαιτέρω",,,released,,,"http://data.europa.eu/esco/concept-scheme/skills
http://data.europa.eu/esco/concept-scheme/skills-hierarchy
http://data.europa.eu/esco/concept-scheme/isced-f",,0800
SkillGroup,http://data.europa.eu/esco/isced-f/081,γεωργία,,,released,,,"http://data.europa.eu/esco/concept-scheme/skills
http://data.europa.eu/esco/concept-scheme/skills-hierarchy
http://data.europa.eu/esco/concept-scheme/isced-f",,081
SkillGroup,http://data.europa.eu/esco/isced-f/0810,γεωργία  που δεν προσδιορίζεται περαιτέρω,,,released,,,"http://data.europa.eu/esco/concept-scheme/skills
http://data.europa.eu/esco/concept-scheme/skills-hierarchy
http://data.europa.eu/esco/concept-scheme/isced-f",,0810
SkillGroup,http://data.europa.eu/esco/isced-f/0811,φυτική και ζωική παραγωγή,,,released,2021-03-16T13:50:53.105Z,,"http://data.europa.eu/esco/concept-scheme/skills
http://data.europa.eu/esco/concept-scheme/skills-hierarchy
http://data.europa.eu/esco/concept-scheme/isced-f",,0811
SkillGroup,http://data.europa.eu/esco/isced-f/0812,κηπευτική παραγωγή,,,released,2021-03-12T10:30:59.29Z,,"http://data.europa.eu/esco/concept-scheme/skills
http://data.europa.eu/esco/concept-scheme/skills-hierarchy
http://data.europa.eu/esco/concept-scheme/isced-f",,0812
SkillGroup,http://data.europa.eu/esco/isced-f/0819,γεωργία που δεν ταξινομείται αλλού,,,released,,,"http://data.europa.eu/esco/concept-scheme/skills
http://data.europa.eu/esco/concept-scheme/skills-hierarchy
http://data.europa.eu/esco/concept-scheme/isced-f",,0819
SkillGroup,http://data.europa.eu/esco/isced-f/082,δασοκομία,,,released,2023-06-20T16:06:13.799Z,,"http://data.europa.eu/esco/concept-scheme/skills
http://data.europa.eu/esco/concept-scheme/skills-hierarchy
http://data.europa.eu/esco/concept-scheme/isced-f",,082
SkillGroup,http://data.europa.eu/esco/isced-f/0821,δασοκομία,,,released,2021-04-14T08:06:48.503Z,,"http://data.europa.eu/esco/concept-scheme/skills
http://data.europa.eu/esco/concept-scheme/skills-hierarchy
http://data.europa.eu/esco/concept-scheme/isced-f",,0821
SkillGroup,http://data.europa.eu/esco/isced-f/083,αλιεία,,,released,,,"http://data.europa.eu/esco/concept-scheme/skills
http://data.europa.eu/esco/concept-scheme/skills-hierarchy
http://data.europa.eu/esco/concept-scheme/isced-f",,083
SkillGroup,http://data.europa.eu/esco/isced-f/0831,αλιεία,,,released,2021-03-16T13:50:37.609Z,,"http://data.europa.eu/esco/concept-scheme/skills
http://data.europa.eu/esco/concept-scheme/skills-hierarchy
http://data.europa.eu/esco/concept-scheme/isced-f",,0831
SkillGroup,http://data.europa.eu/esco/isced-f/084,κτηνιατρική,,,released,,,"http://data.europa.eu/esco/concept-scheme/skills
http://data.europa.eu/esco/concept-scheme/skills-hierarchy
http://data.europa.eu/esco/concept-scheme/isced-f",,084
SkillGroup,http://data.europa.eu/esco/isced-f/0841,κτηνιατρική,,,released,2023-02-22T20:03:53.109Z,,"http://data.europa.eu/esco/concept-scheme/skills
http://data.europa.eu/esco/concept-scheme/skills-hierarchy
http://data.europa.eu/esco/concept-scheme/isced-f",,0841
SkillGroup,http://data.europa.eu/esco/isced-f/088,"διεπιστημονικά προγράμματα και προσόντα που περιλαμβάνουν γεωργία, δασοκομία, αλιεία και κτηνιατρική",,,released,,,"http://data.europa.eu/esco/concept-scheme/skills
http://data.europa.eu/esco/concept-scheme/skills-hierarchy
http://data.europa.eu/esco/concept-scheme/isced-f",,088
SkillGroup,http://data.europa.eu/esco/isced-f/0888,"διεπιστημονικά προγράμματα και προσόντα που περιλαμβάνουν γεωργία, δασοκομία, αλιεία και κτηνιατρική",,,released,2024-07-03T13:04:53.26Z,,"http://data.europa.eu/esco/concept-scheme/skills
http://data.europa.eu/esco/concept-scheme/skills-hierarchy
http://data.europa.eu/esco/concept-scheme/isced-f",,0888
SkillGroup,http://data.europa.eu/esco/isced-f/089,"γεωργία, δασοκομία, αλιεία και κτηνιατρική που δεν ταξινομούνται αλλού",,,released,,,"http://data.europa.eu/esco/concept-scheme/skills
http://data.europa.eu/esco/concept-scheme/skills-hierarchy
http://data.europa.eu/esco/concept-scheme/isced-f",,089
SkillGroup,http://data.europa.eu/esco/isced-f/0899,"γεωργία, δασοκομία, αλιεία και κτηνιατρική που δεν ταξινομούνται αλλού",,,released,,,"http://data.europa.eu/esco/concept-scheme/skills
http://data.europa.eu/esco/concept-scheme/skills-hierarchy
http://data.europa.eu/esco/concept-scheme/isced-f",,0899
SkillGroup,http://data.europa.eu/esco/isced-f/09,υγεία και πρόνοια,,,released,,,"http://data.europa.eu/esco/concept-scheme/skills
http://data.europa.eu/esco/concept-scheme/skills-hierarchy
http://data.europa.eu/esco/concept-scheme/isced-f",,09
SkillGroup,http://data.europa.eu/esco/isced-f/090,υγεία και πρόνοια που δεν προσδιορίζονται περαιτέρω,,,released,,,"http://data.europa.eu/esco/concept-scheme/skills
http://data.europa.eu/esco/concept-scheme/skills-hierarchy
http://data.europa.eu/esco/concept-scheme/isced-f",,090
SkillGroup,http://data.europa.eu/esco/isced-f/0900,υγεία και πρόνοια που δεν προσδιορίζονται περαιτέρω,,,released,2024-04-10T10:11:41.662Z,,"http://data.europa.eu/esco/concept-scheme/skills
http://data.europa.eu/esco/concept-scheme/skills-hierarchy
http://data.europa.eu/esco/concept-scheme/isced-f",,0900
SkillGroup,http://data.europa.eu/esco/isced-f/091,υγεία,,,released,,,"http://data.europa.eu/esco/concept-scheme/skills
http://data.europa.eu/esco/concept-scheme/skills-hierarchy
http://data.europa.eu/esco/concept-scheme/isced-f",,091
SkillGroup,http://data.europa.eu/esco/isced-f/0910,υγεία που δεν προσδιορίζεται περαιτέρω,,,released,,,"http://data.europa.eu/esco/concept-scheme/skills
http://data.europa.eu/esco/concept-scheme/skills-hierarchy
http://data.europa.eu/esco/concept-scheme/isced-f",,0910
SkillGroup,http://data.europa.eu/esco/isced-f/0911,οδοντιατρικές σπουδές,,,released,,,"http://data.europa.eu/esco/concept-scheme/skills
http://data.europa.eu/esco/concept-scheme/skills-hierarchy
http://data.europa.eu/esco/concept-scheme/isced-f",,0911
SkillGroup,http://data.europa.eu/esco/isced-f/0912,ιατρική,,,released,2023-07-05T15:39:12.407Z,,"http://data.europa.eu/esco/concept-scheme/skills
http://data.europa.eu/esco/concept-scheme/skills-hierarchy
http://data.europa.eu/esco/concept-scheme/isced-f",,0912
SkillGroup,http://data.europa.eu/esco/isced-f/0913,νοσηλευτική και μαιευτική,,,released,2021-09-20T12:26:36.821Z,,"http://data.europa.eu/esco/concept-scheme/skills
http://data.europa.eu/esco/concept-scheme/skills-hierarchy
http://data.europa.eu/esco/concept-scheme/isced-f",,0913
SkillGroup,http://data.europa.eu/esco/isced-f/0914,τεχνολογία ιατρικής διάγνωσης και θεραπείας,,,released,2023-07-04T12:51:47.743Z,,"http://data.europa.eu/esco/concept-scheme/skills
http://data.europa.eu/esco/concept-scheme/skills-hierarchy
http://data.europa.eu/esco/concept-scheme/isced-f",,0914
SkillGroup,http://data.europa.eu/esco/isced-f/0915,θεραπεία και αποκατάσταση,,,released,,,"http://data.europa.eu/esco/concept-scheme/skills
http://data.europa.eu/esco/concept-scheme/skills-hierarchy
http://data.europa.eu/esco/concept-scheme/isced-f",,0915
SkillGroup,http://data.europa.eu/esco/isced-f/0916,φαρμακευτική,,,released,,,"http://data.europa.eu/esco/concept-scheme/skills
http://data.europa.eu/esco/concept-scheme/skills-hierarchy
http://data.europa.eu/esco/concept-scheme/isced-f",,0916
SkillGroup,http://data.europa.eu/esco/isced-f/0917,παραδοσιακή και συμπληρωματική ιατρική και θεραπευτική αγωγή,,,released,,,"http://data.europa.eu/esco/concept-scheme/skills
http://data.europa.eu/esco/concept-scheme/skills-hierarchy
http://data.europa.eu/esco/concept-scheme/isced-f",,0917
SkillGroup,http://data.europa.eu/esco/isced-f/0919,υγεία που δεν ταξινομείται αλλού,,,released,,,"http://data.europa.eu/esco/concept-scheme/skills
http://data.europa.eu/esco/concept-scheme/skills-hierarchy
http://data.europa.eu/esco/concept-scheme/isced-f",,0919
SkillGroup,http://data.europa.eu/esco/isced-f/092,πρόνοια,,,released,,,"http://data.europa.eu/esco/concept-scheme/skills
http://data.europa.eu/esco/concept-scheme/skills-hierarchy
http://data.europa.eu/esco/concept-scheme/isced-f",,092
SkillGroup,http://data.europa.eu/esco/isced-f/0920,πρόνοα που δεν προσδιορίζεται περαιτέρω,,,released,,,"http://data.europa.eu/esco/concept-scheme/skills
http://data.europa.eu/esco/concept-scheme/skills-hierarchy
http://data.europa.eu/esco/concept-scheme/isced-f",,0920
SkillGroup,http://data.europa.eu/esco/isced-f/0921,φροντίδα των ηλικιωμένων και των ενηλίκων με αναπηρίες,,,released,2021-10-04T20:14:30.53Z,,"http://data.europa.eu/esco/concept-scheme/skills
http://data.europa.eu/esco/concept-scheme/skills-hierarchy
http://data.europa.eu/esco/concept-scheme/isced-f",,0921
SkillGroup,http://data.europa.eu/esco/isced-f/0922,παιδική φροντίδα και υπηρεσίες για τη νεολαία,,,released,2023-07-04T07:50:56.183Z,,"http://data.europa.eu/esco/concept-scheme/skills
http://data.europa.eu/esco/concept-scheme/skills-hierarchy
http://data.europa.eu/esco/concept-scheme/isced-f",,0922
SkillGroup,http://data.europa.eu/esco/isced-f/0923,υπηρεσίες κοινωνικού λειτουργού και συμβουλευτικής,,,released,2023-06-30T14:28:45.421Z,,"http://data.europa.eu/esco/concept-scheme/skills
http://data.europa.eu/esco/concept-scheme/skills-hierarchy
http://data.europa.eu/esco/concept-scheme/isced-f",,0923
SkillGroup,http://data.europa.eu/esco/isced-f/0929,πρόνοια που δεν ταξινομείται αλλού,,,released,,,"http://data.europa.eu/esco/concept-scheme/skills
http://data.europa.eu/esco/concept-scheme/skills-hierarchy
http://data.europa.eu/esco/concept-scheme/isced-f",,0929
SkillGroup,http://data.europa.eu/esco/isced-f/098,διεπιστημονικά προγράμματα και προσόντα που αφορούν την υγεία και την πρόνοια,,,released,2023-06-29T13:38:13.156Z,,"http://data.europa.eu/esco/concept-scheme/skills
http://data.europa.eu/esco/concept-scheme/skills-hierarchy
http://data.europa.eu/esco/concept-scheme/isced-f",,098
SkillGroup,http://data.europa.eu/esco/isced-f/0988,διεπιστημονικά προγράμματα και προσόντα που αφορούν την υγεία και την πρόνοια,,,released,2023-07-03T14:59:07.647Z,,"http://data.europa.eu/esco/concept-scheme/skills
http://data.europa.eu/esco/concept-scheme/skills-hierarchy
http://data.europa.eu/esco/concept-scheme/isced-f",,0988
SkillGroup,http://data.europa.eu/esco/isced-f/099,υγεία και πρόνοια που δεν ταξινομούνται αλλού,,,released,,,"http://data.europa.eu/esco/concept-scheme/skills
http://data.europa.eu/esco/concept-scheme/skills-hierarchy
http://data.europa.eu/esco/concept-scheme/isced-f",,099
SkillGroup,http://data.europa.eu/esco/isced-f/0999,υγεία και πρόνοια που δεν ταξινομούνται αλλού,,,released,,,"http://data.europa.eu/esco/concept-scheme/skills
http://data.europa.eu/esco/concept-scheme/skills-hierarchy
http://data.europa.eu/esco/concept-scheme/isced-f",,0999
SkillGroup,http://data.europa.eu/esco/isced-f/10,υπηρεσίες,,,released,,,"http://data.europa.eu/esco/concept-scheme/skills
http://data.europa.eu/esco/concept-scheme/skills-hierarchy
http://data.europa.eu/esco/concept-scheme/isced-f",,10
SkillGroup,http://data.europa.eu/esco/isced-f/100,υπηρεσίες που δεν προσδιορίζονται περαιτέρω,,,released,,,"http://data.europa.eu/esco/concept-scheme/skills
http://data.europa.eu/esco/concept-scheme/skills-hierarchy
http://data.europa.eu/esco/concept-scheme/isced-f",,100
SkillGroup,http://data.europa.eu/esco/isced-f/1000,υπηρεσίες που δεν προσδιορίζονται περαιτέρω,,,released,2025-02-19T14:43:00.737Z,,"http://data.europa.eu/esco/concept-scheme/skills
http://data.europa.eu/esco/concept-scheme/skills-hierarchy
http://data.europa.eu/esco/concept-scheme/isced-f",,1000
SkillGroup,http://data.europa.eu/esco/isced-f/101,προσωπικές υπηρεσίες,,,released,,,"http://data.europa.eu/esco/concept-scheme/skills
http://data.europa.eu/esco/concept-scheme/skills-hierarchy
http://data.europa.eu/esco/concept-scheme/isced-f",,101
SkillGroup,http://data.europa.eu/esco/isced-f/1010,προσωπικές υπηρεσίες που δεν προσδιορίζονται περαιτέρω,,,released,,,"http://data.europa.eu/esco/concept-scheme/skills
http://data.europa.eu/esco/concept-scheme/skills-hierarchy
http://data.europa.eu/esco/concept-scheme/isced-f",,1010
SkillGroup,http://data.europa.eu/esco/isced-f/1011,οικιακές υπηρεσίες,,,released,,,"http://data.europa.eu/esco/concept-scheme/skills
http://data.europa.eu/esco/concept-scheme/skills-hierarchy
http://data.europa.eu/esco/concept-scheme/isced-f",,1011
SkillGroup,http://data.europa.eu/esco/isced-f/1012,υπηρεσίες κομμωτικής και καλλονής,,,released,2023-01-25T20:17:17.229Z,,"http://data.europa.eu/esco/concept-scheme/skills
http://data.europa.eu/esco/concept-scheme/skills-hierarchy
http://data.europa.eu/esco/concept-scheme/isced-f",,1012
SkillGroup,http://data.europa.eu/esco/isced-f/1013,"ξενοδοχεία, εστιατόρια και υπηρεσίες τροφοδοσίας",,,released,2023-07-05T09:23:20.685Z,,"http://data.europa.eu/esco/concept-scheme/skills
http://data.europa.eu/esco/concept-scheme/skills-hierarchy
http://data.europa.eu/esco/concept-scheme/isced-f",,1013
SkillGroup,http://data.europa.eu/esco/isced-f/1014,αθλητισμός,,,released,2023-07-05T16:32:27.796Z,,"http://data.europa.eu/esco/concept-scheme/skills
http://data.europa.eu/esco/concept-scheme/skills-hierarchy
http://data.europa.eu/esco/concept-scheme/isced-f",,1014
SkillGroup,http://data.europa.eu/esco/isced-f/1015,"ταξίδια,  τουρισμός και αναψυχή",,,released,,,"http://data.europa.eu/esco/concept-scheme/skills
http://data.europa.eu/esco/concept-scheme/skills-hierarchy
http://data.europa.eu/esco/concept-scheme/isced-f",,1015
SkillGroup,http://data.europa.eu/esco/isced-f/1019,προσωπικές υπηρεσίες που δεν ταξινομούνται αλλού,,,released,,,"http://data.europa.eu/esco/concept-scheme/skills
http://data.europa.eu/esco/concept-scheme/skills-hierarchy
http://data.europa.eu/esco/concept-scheme/isced-f",,1019
SkillGroup,http://data.europa.eu/esco/isced-f/102,υπηρεσίες υγιεινής και υγείας στην εργασία,,,released,,,"http://data.europa.eu/esco/concept-scheme/skills
http://data.europa.eu/esco/concept-scheme/skills-hierarchy
http://data.europa.eu/esco/concept-scheme/isced-f",,102
SkillGroup,http://data.europa.eu/esco/isced-f/1020,"υπηρεσίες υγιεινής και υγείας στην εργασία, που δεν προσδιορίζονται περαιτέρω",,,released,,,"http://data.europa.eu/esco/concept-scheme/skills
http://data.europa.eu/esco/concept-scheme/skills-hierarchy
http://data.europa.eu/esco/concept-scheme/isced-f",,1020
SkillGroup,http://data.europa.eu/esco/isced-f/1021,δημόσια καθαριότητα,,,released,2020-12-07T11:59:16.586Z,,"http://data.europa.eu/esco/concept-scheme/skills
http://data.europa.eu/esco/concept-scheme/skills-hierarchy
http://data.europa.eu/esco/concept-scheme/isced-f",,1021
SkillGroup,http://data.europa.eu/esco/isced-f/1022,επαγγελματική υγεία και ασφάλεια,,,released,2023-06-30T08:19:29.191Z,,"http://data.europa.eu/esco/concept-scheme/skills
http://data.europa.eu/esco/concept-scheme/skills-hierarchy
http://data.europa.eu/esco/concept-scheme/isced-f",,1022
SkillGroup,http://data.europa.eu/esco/isced-f/1029,υπηρεσίες υγιεινής και υγείας στην εργασία που δεν ταξινομούνται αλλού,,,released,,,"http://data.europa.eu/esco/concept-scheme/skills
http://data.europa.eu/esco/concept-scheme/skills-hierarchy
http://data.europa.eu/esco/concept-scheme/isced-f",,1029
SkillGroup,http://data.europa.eu/esco/isced-f/103,υπηρεσίες ασφάλειας,,,released,,,"http://data.europa.eu/esco/concept-scheme/skills
http://data.europa.eu/esco/concept-scheme/skills-hierarchy
http://data.europa.eu/esco/concept-scheme/isced-f",,103
SkillGroup,http://data.europa.eu/esco/isced-f/1030,υπηρεσίες ασφάλειας που δεν προσδιορίζονται περαιτέρω,,,released,,,"http://data.europa.eu/esco/concept-scheme/skills
http://data.europa.eu/esco/concept-scheme/skills-hierarchy
http://data.europa.eu/esco/concept-scheme/isced-f",,1030
SkillGroup,http://data.europa.eu/esco/isced-f/1031,στρατός και  άμυνα,,,released,2020-12-10T13:06:54.77Z,,"http://data.europa.eu/esco/concept-scheme/skills
http://data.europa.eu/esco/concept-scheme/skills-hierarchy
http://data.europa.eu/esco/concept-scheme/isced-f",,1031
SkillGroup,http://data.europa.eu/esco/isced-f/1032,προστασία προσώπων και ιδιοκτησίας,,,released,2023-06-20T08:55:20.116Z,,"http://data.europa.eu/esco/concept-scheme/skills
http://data.europa.eu/esco/concept-scheme/skills-hierarchy
http://data.europa.eu/esco/concept-scheme/isced-f",,1032
SkillGroup,http://data.europa.eu/esco/isced-f/1039,υπηρεσίες ασφάλειας που δεν ταξινομούνται αλλού,,,released,2023-07-05T13:04:06.443Z,,"http://data.europa.eu/esco/concept-scheme/skills
http://data.europa.eu/esco/concept-scheme/skills-hierarchy
http://data.europa.eu/esco/concept-scheme/isced-f",,1039
SkillGroup,http://data.europa.eu/esco/isced-f/104,υπηρεσίες μεταφορών,,,released,2023-07-05T15:11:58.866Z,,"http://data.europa.eu/esco/concept-scheme/skills
http://data.europa.eu/esco/concept-scheme/skills-hierarchy
http://data.europa.eu/esco/concept-scheme/isced-f",,104
SkillGroup,http://data.europa.eu/esco/isced-f/1041,υπηρεσίες μεταφορών,,,released,2023-02-23T21:00:15.914Z,,"http://data.europa.eu/esco/concept-scheme/skills
http://data.europa.eu/esco/concept-scheme/skills-hierarchy
http://data.europa.eu/esco/concept-scheme/isced-f",,1041
SkillGroup,http://data.europa.eu/esco/isced-f/108,διεπιστημονικά προγράμματα και επαγγελματικά προσόντα που αφορούν τις υπηρεσίες,,,released,,,"http://data.europa.eu/esco/concept-scheme/skills
http://data.europa.eu/esco/concept-scheme/skills-hierarchy
http://data.europa.eu/esco/concept-scheme/isced-f",,108
SkillGroup,http://data.europa.eu/esco/isced-f/1088,διεπιστημονικά προγράμματα και επαγγελματικά προσόντα που αφορούν τις υπηρεσίες,,,released,,,"http://data.europa.eu/esco/concept-scheme/skills
http://data.europa.eu/esco/concept-scheme/skills-hierarchy
http://data.europa.eu/esco/concept-scheme/isced-f",,1088
SkillGroup,http://data.europa.eu/esco/isced-f/109,υπηρεσίες που δεν ταξινομούνται αλλού,,,released,,,"http://data.europa.eu/esco/concept-scheme/skills
http://data.europa.eu/esco/concept-scheme/skills-hierarchy
http://data.europa.eu/esco/concept-scheme/isced-f",,109
SkillGroup,http://data.europa.eu/esco/isced-f/1099,υπηρεσίες που δεν ταξινομούνται αλλού,,,released,,,"http://data.europa.eu/esco/concept-scheme/skills
http://data.europa.eu/esco/concept-scheme/skills-hierarchy
http://data.europa.eu/esco/concept-scheme/isced-f",,1099
SkillGroup,http://data.europa.eu/esco/isced-f/99,πεδίο άγνωστο,,,released,2021-03-12T11:44:36.574Z,,"http://data.europa.eu/esco/concept-scheme/skills
http://data.europa.eu/esco/concept-scheme/skills-hierarchy
http://data.europa.eu/esco/concept-scheme/isced-f",,99
SkillGroup,http://data.europa.eu/esco/isced-f/999,πεδίο άγνωστο,,,released,,,"http://data.europa.eu/esco/concept-scheme/skills
http://data.europa.eu/esco/concept-scheme/skills-hierarchy
http://data.europa.eu/esco/concept-scheme/isced-f",,999
SkillGroup,http://data.europa.eu/esco/isced-f/9999,πεδίο άγνωστο,,,released,2022-01-12T20:03:01.494Z,,"http://data.europa.eu/esco/concept-scheme/skills
http://data.europa.eu/esco/concept-scheme/skills-hierarchy
http://data.europa.eu/esco/concept-scheme/isced-f",,9999
SkillGroup,http://data.europa.eu/esco/skill/00d5d1d2-c521-4c58-9df5-2939c0ce9adb,συνοδεία και υποδοχή ατόμων,,,released,2022-07-15T14:44:44.924Z,,"http://data.europa.eu/esco/concept-scheme/skills
http://data.europa.eu/esco/concept-scheme/skills-hierarchy",,S3.4.2
SkillGroup,http://data.europa.eu/esco/skill/0101f8a4-4243-4e67-813b-3e2a6274f7e2,παρακολούθηση των εξελίξεων στον τομέα της εμπειρογνωμοσύνης,,,released,,,"http://data.europa.eu/esco/concept-scheme/skills
http://data.europa.eu/esco/concept-scheme/skills-hierarchy",,S2.9
SkillGroup,http://data.europa.eu/esco/skill/021a23e1-907e-4627-b05a-555f889cbb65,δεξιότητες και ικανότητες αυτοδιαχείρισης,"αυτορρύθμιση
αυτοπειθαρχία
αυτοδιαχείρηση
επαγγελματική στάση
αυτοέλεγχος",,released,2021-08-30T08:11:14.03Z,,"http://data.europa.eu/esco/concept-scheme/skills
http://data.europa.eu/esco/concept-scheme/skills-hierarchy
http://data.europa.eu/esco/concept-scheme/skill-transversal-groups","Δεξιότητες και ικανότητες που απαιτούν από τα άτομα να κατανοούν και να ελέγχουν τις δικές τους ικανότητες και τους περιορισμούς και να χρησιμοποιούν αυτή την αυτογνωσία για τη διαχείριση δραστηριοτήτων σε διάφορα πλαίσια. Περιλαμβάνουν την ικανότητα των ατόμων να ενεργούν με περίσκεψη και υπεύθυνα, να δέχονται την κριτική, να προσαρμόζονται στις αλλαγές και να αναζητούν ευκαιρίες για προσωπική και επαγγελματική εξέλιξη.
  ",T3
SkillGroup,http://data.europa.eu/esco/skill/02208098-ee91-4df0-8581-5c1a04d8fe0a,"εγκατάσταση, συντήρηση και επισκευή μηχανολογικού εξοπλισμού",,,released,,,"http://data.europa.eu/esco/concept-scheme/skills
http://data.europa.eu/esco/concept-scheme/skills-hierarchy",,S8.7
SkillGroup,http://data.europa.eu/esco/skill/036afa6e-cdde-4b38-a53a-8e7910a840e1,Συνεργασία σε ομάδες και δίκτυα,"ενεργώντας με άλλους για την επίτευξη στόχων
συνεργασία με άλλους",,released,2021-09-14T07:57:53.667Z,,"http://data.europa.eu/esco/concept-scheme/skills
http://data.europa.eu/esco/concept-scheme/skills-hierarchy
http://data.europa.eu/esco/concept-scheme/skill-transversal-groups","Στήριξη ή ανάπτυξη ομάδας για την επίτευξη ενός κοινού στόχου κατά τρόπο που να δείχνει κατανόηση και σεβασμό των ρόλων και των αρμοδιοτήτων των άλλων.
  ",T4.3
SkillGroup,http://data.europa.eu/esco/skill/03961960-e729-4768-ab0a-49886132f17a,χρήση ξένων γλωσσών,,,released,2021-04-14T10:04:10.228Z,,"http://data.europa.eu/esco/concept-scheme/skills
http://data.europa.eu/esco/concept-scheme/skills-hierarchy",,S1.15.1
SkillGroup,http://data.europa.eu/esco/skill/03e0b95b-67d1-457a-b3f7-06c407cf6bec,διακίνηση και χειρισμός,,,released,,,"http://data.europa.eu/esco/concept-scheme/skills
http://data.europa.eu/esco/concept-scheme/skills-hierarchy",,S6
SkillGroup,http://data.europa.eu/esco/skill/03efa398-a1cc-4589-9c10-84bf10f8d42d,"εγκατάσταση, συντήρηση και επισκευή μηχανολογικού εξοπλισμού",,,released,,,"http://data.europa.eu/esco/concept-scheme/skills
http://data.europa.eu/esco/concept-scheme/skills-hierarchy",,S8.7.0
SkillGroup,http://data.europa.eu/esco/skill/048812ba-45ff-4801-b04f-b20c03432809,προστασία και επιβολή,,,released,,,"http://data.europa.eu/esco/concept-scheme/skills
http://data.europa.eu/esco/concept-scheme/skills-hierarchy",,S3.3
SkillGroup,http://data.europa.eu/esco/skill/04a13491-b58c-4d33-8b59-8fad0d55fe9e,eγκάρσιες δεξιότητες και ικανότητες,,,released,,,"http://data.europa.eu/esco/concept-scheme/skills
http://data.europa.eu/esco/concept-scheme/skills-hierarchy",,T
SkillGroup,http://data.europa.eu/esco/skill/062a9fde-cd91-44f9-9a2f-9e2bc3b281fd,παροχή συμβουλών για περιβαλλοντικά ζητήματα,,,released,2023-06-20T14:35:24.12Z,,"http://data.europa.eu/esco/concept-scheme/skills
http://data.europa.eu/esco/concept-scheme/skills-hierarchy",,S1.5.5
SkillGroup,http://data.europa.eu/esco/skill/06769591-b8cf-46b2-b1d3-6602b1cf440e,χειρισμός μηχανημάτων επεξεργασίας ξύλου και χαρτοποιίας,,,released,,,"http://data.europa.eu/esco/concept-scheme/skills
http://data.europa.eu/esco/concept-scheme/skills-hierarchy",,S8.4.6
SkillGroup,http://data.europa.eu/esco/skill/06fdd94c-292d-49e3-9c78-bbcbc2088232,τήρηση επιχειρησιακών μητρώων,,,released,2023-11-06T15:22:30.261Z,,"http://data.europa.eu/esco/concept-scheme/skills
http://data.europa.eu/esco/concept-scheme/skills-hierarchy",,S2.2.5
SkillGroup,http://data.europa.eu/esco/skill/0779d482-4154-4fbb-9a22-d9fd89c39d67,"οργάνωση, σχεδιασμός και προγραμματισμός εργασιών και δραστηριοτήτων",,,released,2020-12-11T09:16:01.788Z,,"http://data.europa.eu/esco/concept-scheme/skills
http://data.europa.eu/esco/concept-scheme/skills-hierarchy",,S4.2.0
SkillGroup,http://data.europa.eu/esco/skill/07f47dea-587c-40c0-990a-6c092cc3e6a4,πραγματοποίηση συνεντεύξεων,,,released,2021-09-20T14:03:31.797Z,,"http://data.europa.eu/esco/concept-scheme/skills
http://data.europa.eu/esco/concept-scheme/skills-hierarchy",,S1.7.1
SkillGroup,http://data.europa.eu/esco/skill/08104c27-d4b2-4d40-ae97-dde65e71712f,παροχή συμβουλών για θέματα υγείας και ασφάλειας στο χώρο εργασίας,,,released,,,"http://data.europa.eu/esco/concept-scheme/skills
http://data.europa.eu/esco/concept-scheme/skills-hierarchy",,S1.5.9
SkillGroup,http://data.europa.eu/esco/skill/0a295163-3e17-47ad-99ac-2b507ce30adb,σχεδιασμός συστημάτων και προϊόντων,,,released,2022-12-15T10:20:53.743Z,,"http://data.europa.eu/esco/concept-scheme/skills
http://data.europa.eu/esco/concept-scheme/skills-hierarchy",,S1.11
SkillGroup,http://data.europa.eu/esco/skill/0a2d70ee-d435-4965-9e96-702b2fb65740,δεξιότητες πληροφόρησης,,,released,,,"http://data.europa.eu/esco/concept-scheme/skills
http://data.europa.eu/esco/concept-scheme/skills-hierarchy",,S2
SkillGroup,http://data.europa.eu/esco/skill/0a400212-8693-4b1f-b0ca-d1f82c321916,παροχή υγειονομικής ή ιατρικής περίθαλψης,,,released,2022-07-15T14:44:44.924Z,,"http://data.europa.eu/esco/concept-scheme/skills
http://data.europa.eu/esco/concept-scheme/skills-hierarchy",,S3.2.0
SkillGroup,http://data.europa.eu/esco/skill/0a4c5823-8b09-4e6b-95b4-8036ef3b9c4c,προάσπιση των ατομικών αναγκών ή των αναγκών της κοινότητας,,,released,2022-06-19T12:25:44.633Z,,"http://data.europa.eu/esco/concept-scheme/skills
http://data.europa.eu/esco/concept-scheme/skills-hierarchy",,S1.2.4
SkillGroup,http://data.europa.eu/esco/skill/0a88a13f-693a-4dde-b44c-22e6f98fabc6,χειρισμός εξοπλισμού επικοινωνίας,,,released,2021-09-16T16:37:34.751Z,,"http://data.europa.eu/esco/concept-scheme/skills
http://data.europa.eu/esco/concept-scheme/skills-hierarchy",,S8.6.4
SkillGroup,http://data.europa.eu/esco/skill/0ac31705-79ff-4409-a818-c9d0a6388e84,συμβουλευτική,,,released,2020-12-04T16:35:28.167Z,,"http://data.europa.eu/esco/concept-scheme/skills
http://data.europa.eu/esco/concept-scheme/skills-hierarchy",,S3.1.0
SkillGroup,http://data.europa.eu/esco/skill/0b3930a2-8a13-4932-8a09-4c72ec8af464,παρακολούθηση της ποιότητας των εμπορευμάτων,,,released,2022-06-21T15:02:59.368Z,,"http://data.europa.eu/esco/concept-scheme/skills
http://data.europa.eu/esco/concept-scheme/skills-hierarchy",,S2.8.10
SkillGroup,http://data.europa.eu/esco/skill/0b8d15c9-7b4f-4163-b863-fe5b756d3e7f,επισκευή και εγκατάσταση μηχανικού εξοπλισμού,,,released,,,"http://data.europa.eu/esco/concept-scheme/skills
http://data.europa.eu/esco/concept-scheme/skills-hierarchy",,S8.7.1
SkillGroup,http://data.europa.eu/esco/skill/0b9968af-72de-470a-98e1-2d19577443fb,επίλυση προβλημάτων πληροφορικής,,,released,2021-09-16T17:48:22.348Z,,"http://data.europa.eu/esco/concept-scheme/skills
http://data.europa.eu/esco/concept-scheme/skills-hierarchy",,S5.2.3
SkillGroup,http://data.europa.eu/esco/skill/0c92c33c-2859-4705-87ae-4fdd71d0f8f6,χρήση περισσότερων της μίας γλωσσών,,,released,2021-04-15T08:19:35.605Z,,"http://data.europa.eu/esco/concept-scheme/skills
http://data.europa.eu/esco/concept-scheme/skills-hierarchy",,S1.15.0
SkillGroup,http://data.europa.eu/esco/skill/0d80a782-99ff-4f49-abbe-c72524c6f390,διαπραγμάτευση και διαχείριση συμβάσεων και συμφωνιών,,,released,2020-12-11T13:14:15.065Z,,"http://data.europa.eu/esco/concept-scheme/skills
http://data.europa.eu/esco/concept-scheme/skills-hierarchy",,S1.1.1
SkillGroup,http://data.europa.eu/esco/skill/0e0a44a8-654c-4e85-986a-fb4386114838,παρακολούθηση ασφάλειας ή προστασίας,,,released,2023-06-20T13:56:43.469Z,,"http://data.europa.eu/esco/concept-scheme/skills
http://data.europa.eu/esco/concept-scheme/skills-hierarchy",,S2.8.4
SkillGroup,http://data.europa.eu/esco/skill/0edd863d-b02d-4714-a1a2-835d6dd23c55,εγκατάσταση μονωτικών υλικών,,,released,,,"http://data.europa.eu/esco/concept-scheme/skills
http://data.europa.eu/esco/concept-scheme/skills-hierarchy",,S7.2.3
SkillGroup,http://data.europa.eu/esco/skill/0f804e14-001d-4ec0-b3f7-eb6a23ad43cb,διαπραγμάτευση,,,released,,,"http://data.europa.eu/esco/concept-scheme/skills
http://data.europa.eu/esco/concept-scheme/skills-hierarchy",,S1.1.0
SkillGroup,http://data.europa.eu/esco/skill/0f8f9438-8529-41b8-bb7a-4d91121e3192,δημιουργία προτύπων και υποδειγμάτων,,,released,2023-02-22T19:55:15.987Z,,"http://data.europa.eu/esco/concept-scheme/skills
http://data.europa.eu/esco/concept-scheme/skills-hierarchy",,S6.6.2
SkillGroup,http://data.europa.eu/esco/skill/1034004c-0347-4765-8794-b65d2c92b379,τεκμηρίωση και καταγραφή πληροφοριών,,,released,2020-12-10T10:43:07.597Z,,"http://data.europa.eu/esco/concept-scheme/skills
http://data.europa.eu/esco/concept-scheme/skills-hierarchy",,S2.2.0
SkillGroup,http://data.europa.eu/esco/skill/103af23e-d56c-47ab-b991-55c94dcdef50,παροχή συμβουλών και διαβούλευσης,,,released,2023-10-27T14:03:21.216Z,,"http://data.europa.eu/esco/concept-scheme/skills
http://data.europa.eu/esco/concept-scheme/skills-hierarchy",,S1.5.0
SkillGroup,http://data.europa.eu/esco/skill/1072f444-8a7d-41c1-aa6f-d536f20d94bf,καλλιτεχνική και δημιουργική συγγραφή,,,released,,,"http://data.europa.eu/esco/concept-scheme/skills
http://data.europa.eu/esco/concept-scheme/skills-hierarchy",,S1.13.2
SkillGroup,http://data.europa.eu/esco/skill/119a2f5c-3c3e-4b0d-9813-06a553c8860c,παροχή γενικής βοήθειας στους πολίτες,,,released,2022-08-24T13:46:54.315Z,,"http://data.europa.eu/esco/concept-scheme/skills
http://data.europa.eu/esco/concept-scheme/skills-hierarchy",,S3.4.4
SkillGroup,http://data.europa.eu/esco/skill/12022223-8c30-418a-8f83-658396c9fec2,σωματικές και χειρωνακτικές δεξιότητες και ικανότητες,"σωματική ικανότητα
φυσική ευελιξία και συντονισμός
ψυχοκινητικές ικανότητες
χειρωνακτική επιδεξιότητα",,released,2021-08-30T09:17:04.357Z,,"http://data.europa.eu/esco/concept-scheme/skills
http://data.europa.eu/esco/concept-scheme/skills-hierarchy
http://data.europa.eu/esco/concept-scheme/skill-transversal-groups","Δεξιότητες και ικανότητες που σχετίζονται με την ικανότητα εκτέλεσης εργασιών και δραστηριοτήτων που απαιτούν χειρωνακτική επιδεξιότητα, ευκινησία και/ή σωματική δύναμη. Αυτό αποδεικνύεται με την εκτέλεση εργασιών και δραστηριοτήτων σε απαιτητικά ή επικίνδυνα περιβάλλοντα που απαιτούν ανθεκτικότητα ή αντοχή. Οι εν λόγω εργασίες και δραστηριότητες μπορούν να εκτελούνται χειρωνακτικά, με άλλη άμεση σωματική παρέμβαση, ή με τη χρήση εξοπλισμού, εργαλείων ή τεχνολογίας (όπως συσκευές ΤΠΕ, μηχανήματα, είδη χειροτεχνίας ή μουσικά όργανα) που απαιτούν καθοδήγηση, κίνηση ή δύναμη.
  ",T5
SkillGroup,http://data.europa.eu/esco/skill/13d301d0-98cb-414f-a8f9-a3f059228133,Αντιμετώπιση προβλημάτων,"ικανότητες επίλυσης προβλημάτων
αντιμετώπιση προβλημάτων και ζητημάτων",,released,2021-08-30T15:44:01.988Z,,"http://data.europa.eu/esco/concept-scheme/skills
http://data.europa.eu/esco/concept-scheme/skills-hierarchy
http://data.europa.eu/esco/concept-scheme/skill-transversal-groups","Ανάπτυξη και εφαρμογή λύσεων σε πρακτικά, λειτουργικά ή εννοιολογικά προβλήματα που ανακύπτουν κατά την εκτέλεση εργασιών, σε ευρύ φάσμα πλαισίων.
  ",T2.3
SkillGroup,http://data.europa.eu/esco/skill/14c41899-0224-4cbc-bd8c-e946ada2da87,Αποδοτική εργασία,"απόδοση
χρονικά αποδοτική εργασία
αποτελεσματικό τρόπο εργασίας
ανταπόκριση στις απαιτήσεις των καθηκόντων και των αρμοδιοτήτων",,released,2021-08-30T16:07:41.362Z,,"http://data.europa.eu/esco/concept-scheme/skills
http://data.europa.eu/esco/concept-scheme/skills-hierarchy
http://data.europa.eu/esco/concept-scheme/skill-transversal-groups","Επίτευξη στόχων ανεξάρτητα με βέλτιστη επένδυση χρόνου, προσπάθειας ή κόστους.
  ",T3.1
SkillGroup,http://data.europa.eu/esco/skill/151bd6ca-74be-47bb-9dab-9c7387114006,χειρισμός μηχανημάτων επεξεργασίας και φινιρίσματος μετάλλων,,,released,,,"http://data.europa.eu/esco/concept-scheme/skills
http://data.europa.eu/esco/concept-scheme/skills-hierarchy",,S8.4.2
SkillGroup,http://data.europa.eu/esco/skill/15dfca7a-5dde-4199-bad3-c00600387258,χειρισμός και διάθεση αποβλήτων και επικίνδυνων υλικών,,,released,,,"http://data.europa.eu/esco/concept-scheme/skills
http://data.europa.eu/esco/concept-scheme/skills-hierarchy",,S6.13
SkillGroup,http://data.europa.eu/esco/skill/15fa3879-ac0e-46e6-ae36-609bae9c19c3,παρακολούθηση επιχειρησιακών δραστηριοτήτων,,,released,2021-01-20T14:32:12.736Z,,"http://data.europa.eu/esco/concept-scheme/skills
http://data.europa.eu/esco/concept-scheme/skills-hierarchy",,S2.8.2
SkillGroup,http://data.europa.eu/esco/skill/164510d1-1216-4dc0-b9d1-a7f6af19e469,εκπόνηση σχεδίων έκτακτης ανάγκης και αντιμετώπισης έκτακτων περιστατικών,,,released,2023-07-05T15:43:46.118Z,,"http://data.europa.eu/esco/concept-scheme/skills
http://data.europa.eu/esco/concept-scheme/skills-hierarchy",,S4.1.7
SkillGroup,http://data.europa.eu/esco/skill/173fbafb-d2e0-4b89-be1c-548b1cc47160,συνδρομή και υποστήριξη συνεργατών,,,released,2021-09-15T14:03:28.111Z,,"http://data.europa.eu/esco/concept-scheme/skills
http://data.europa.eu/esco/concept-scheme/skills-hierarchy",,S1.8.6
SkillGroup,http://data.europa.eu/esco/skill/185c56ee-098f-46a1-af87-56337085da6f,προστασία συσκευών τπε,,,released,2021-09-24T16:34:47.664Z,,"http://data.europa.eu/esco/concept-scheme/skills
http://data.europa.eu/esco/concept-scheme/skills-hierarchy",,S5.2.2
SkillGroup,http://data.europa.eu/esco/skill/1893b4bc-0eb2-41de-96e3-9c8f1f1eac41,επιθεώρηση της ασφάλειας και της ποιότητας των τροφίμων,,,released,2022-07-15T14:44:44.924Z,,"http://data.europa.eu/esco/concept-scheme/skills
http://data.europa.eu/esco/concept-scheme/skills-hierarchy",,S2.8.9
SkillGroup,http://data.europa.eu/esco/skill/18da3b88-1cd5-4ef3-83d6-664e52afdaba,κατασκευή και επισκευή κατασκευών,,,released,,,"http://data.europa.eu/esco/concept-scheme/skills
http://data.europa.eu/esco/concept-scheme/skills-hierarchy",,S7.1
SkillGroup,http://data.europa.eu/esco/skill/18f2a44e-28ef-4ae3-8ea2-347e33bd9a4b,λειτουργία μηχανημάτων κατασκευής προϊόντων,,,released,,,"http://data.europa.eu/esco/concept-scheme/skills
http://data.europa.eu/esco/concept-scheme/skills-hierarchy",,S8.5.0
SkillGroup,http://data.europa.eu/esco/skill/190f64e1-b7b6-4c53-b20b-80f9215ef6ca,"διοίκηση, εποπτεία και συντονισμός έργων",,,released,2022-06-21T15:19:54.98Z,,"http://data.europa.eu/esco/concept-scheme/skills
http://data.europa.eu/esco/concept-scheme/skills-hierarchy",,S4.2.3
SkillGroup,http://data.europa.eu/esco/skill/193af349-b20e-4277-94bf-b184e92b8d6a,διαχείριση προϋπολογισμών ή κονδυλίων,,,released,2022-06-19T15:45:14.266Z,,"http://data.europa.eu/esco/concept-scheme/skills
http://data.europa.eu/esco/concept-scheme/skills-hierarchy",,S4.3.1
SkillGroup,http://data.europa.eu/esco/skill/19990cb0-e9d5-41c7-9638-88700b47271e,χειρισμός χωματουργικού εξοπλισμού,,,released,,,"http://data.europa.eu/esco/concept-scheme/skills
http://data.europa.eu/esco/concept-scheme/skills-hierarchy",,S8.1.1
SkillGroup,http://data.europa.eu/esco/skill/1bb32451-7ca4-4fa2-a2c0-2083c426d76c,σερβίρισμα τροφίμων και ποτών,,,released,2021-09-30T13:22:07.41Z,,"http://data.europa.eu/esco/concept-scheme/skills
http://data.europa.eu/esco/concept-scheme/skills-hierarchy",,S3.5.2
SkillGroup,http://data.europa.eu/esco/skill/1bc1cf2a-a7f6-4769-a13b-cc26a2214498,"προετοιμασία εγγράφων για συμβάσεις, αιτήσεις ή άδειες",,,released,2022-06-22T10:53:34.19Z,,"http://data.europa.eu/esco/concept-scheme/skills
http://data.europa.eu/esco/concept-scheme/skills-hierarchy",,S2.2.3
SkillGroup,http://data.europa.eu/esco/skill/1cc5ff0b-afaa-4993-9de7-ab0d77b6cca2,μεταφορά και ανύψωση,,,released,,,"http://data.europa.eu/esco/concept-scheme/skills
http://data.europa.eu/esco/concept-scheme/skills-hierarchy",,S6.2
SkillGroup,http://data.europa.eu/esco/skill/1d4be2e3-ac64-426f-838d-1e7cb8600927,διοικητικές δεξιότητες,,,released,2023-06-29T13:45:28.167Z,,"http://data.europa.eu/esco/concept-scheme/skills
http://data.europa.eu/esco/concept-scheme/skills-hierarchy",,S4.0.0
SkillGroup,http://data.europa.eu/esco/skill/1d9e5893-d6b2-47b1-80ba-5f1cdcbf5e9a,"κατασκευή καλουπιών, εκμαγείων, μοντέλων και προτύπων",,,released,,,"http://data.europa.eu/esco/concept-scheme/skills
http://data.europa.eu/esco/concept-scheme/skills-hierarchy",,S6.6
SkillGroup,http://data.europa.eu/esco/skill/1e95cef2-9c35-4f9f-b6a9-cb458c3e5379,"παρακολούθηση, επιθεώρηση και δοκιμές",,,released,2023-03-16T15:20:07.475Z,,"http://data.europa.eu/esco/concept-scheme/skills
http://data.europa.eu/esco/concept-scheme/skills-hierarchy",,S2.8
SkillGroup,http://data.europa.eu/esco/skill/1f2950c0-ef1e-44b4-9a55-125ccd7b78af,ανάλυση και αξιολόγηση πληροφοριών και δεδομένων,,,released,2023-02-17T16:35:11.868Z,,"http://data.europa.eu/esco/concept-scheme/skills
http://data.europa.eu/esco/concept-scheme/skills-hierarchy",,S2.7.0
SkillGroup,http://data.europa.eu/esco/skill/20136935-e6a1-417b-81df-9b94d4c2c371,αναφορά περιστατικών και ελαττωμάτων,,,released,,,"http://data.europa.eu/esco/concept-scheme/skills
http://data.europa.eu/esco/concept-scheme/skills-hierarchy",,S2.2.7
SkillGroup,http://data.europa.eu/esco/skill/2198d7a0-6eca-4795-b877-98a19064e61a,λειτουργία μηχανημάτων εξόρυξης και επεξεργασίας πρώτων υλών,,,released,,,"http://data.europa.eu/esco/concept-scheme/skills
http://data.europa.eu/esco/concept-scheme/skills-hierarchy",,S8.4
SkillGroup,http://data.europa.eu/esco/skill/2258cde2-a95b-4b2c-b105-59e84b0a364b,διαχείριση και διοίκηση ανθρώπινου δυναμικού,,,released,2022-06-22T14:05:20.877Z,,"http://data.europa.eu/esco/concept-scheme/skills
http://data.europa.eu/esco/concept-scheme/skills-hierarchy",,S4.3.2
SkillGroup,http://data.europa.eu/esco/skill/22d15a65-7262-4a6d-b981-53671b95ad29,πλύσιμο και συντήρηση κλωστοϋφαντουργικών προϊόντων και ειδών ένδυσης,,,released,,,"http://data.europa.eu/esco/concept-scheme/skills
http://data.europa.eu/esco/concept-scheme/skills-hierarchy",,S6.12.0
SkillGroup,http://data.europa.eu/esco/skill/23cfb269-eec1-4011-8e57-c86203ce9fd7,διατύπωση παρατηρήσεων,,,released,2020-12-11T12:31:47.977Z,,"http://data.europa.eu/esco/concept-scheme/skills
http://data.europa.eu/esco/concept-scheme/skills-hierarchy",,S1.8.3
SkillGroup,http://data.europa.eu/esco/skill/23d7bd85-d8d5-4455-b64d-3b0998f2425d,μέτρηση διαστάσεων και σχετικών ιδιοτήτων,,,released,2021-03-16T14:41:08.752Z,,"http://data.europa.eu/esco/concept-scheme/skills
http://data.europa.eu/esco/concept-scheme/skills-hierarchy",,S2.5.1
SkillGroup,http://data.europa.eu/esco/skill/243eb885-07c7-4b77-ab9c-827551d83dc4,εργασία με υπολογιστές,,,released,,,"http://data.europa.eu/esco/concept-scheme/skills
http://data.europa.eu/esco/concept-scheme/skills-hierarchy",,S5
SkillGroup,http://data.europa.eu/esco/skill/2486154b-e3fd-4938-8316-029f62afdcb9,παροχή βοήθειας και φροντίδας,,,released,,,"http://data.europa.eu/esco/concept-scheme/skills
http://data.europa.eu/esco/concept-scheme/skills-hierarchy",,S3.0
SkillGroup,http://data.europa.eu/esco/skill/24a39c1b-b8cc-4210-8b74-b388a90e8f59,"ένωση μερών με τη χρήση τεχνικών συγκόλλησης, ετερογενούς συγκόλλησης ή σκληρής συγκόλλησης",,,released,,,"http://data.europa.eu/esco/concept-scheme/skills
http://data.europa.eu/esco/concept-scheme/skills-hierarchy",,S7.1.6
SkillGroup,http://data.europa.eu/esco/skill/24aa32e7-5b7c-42fd-b045-11f0c3d9b6e3,εγκατάσταση και προστασία συστημάτων ηλεκτρονικών υπολογιστών,,,released,,,"http://data.europa.eu/esco/concept-scheme/skills
http://data.europa.eu/esco/concept-scheme/skills-hierarchy",,S5.2.0
SkillGroup,http://data.europa.eu/esco/skill/24ad2ffb-dece-4704-8155-63ea9428d038,παροχή συμβουλών και διαβούλευσης,,,released,,,"http://data.europa.eu/esco/concept-scheme/skills
http://data.europa.eu/esco/concept-scheme/skills-hierarchy",,S1.5
SkillGroup,http://data.europa.eu/esco/skill/258fea29-09db-4918-8235-0d7d529cd31c,"περιήγηση, αναζήτηση και φιλτράρισμα ψηφιακών δεδομένων",,,released,2023-10-27T16:10:31.774Z,,"http://data.europa.eu/esco/concept-scheme/skills
http://data.europa.eu/esco/concept-scheme/skills-hierarchy",,S5.5.1
SkillGroup,http://data.europa.eu/esco/skill/28d2ab6c-38a2-476e-85fe-7982fd242943,πρόσβαση και ανάλυση ψηφιακών δεδομένων,,,released,,,"http://data.europa.eu/esco/concept-scheme/skills
http://data.europa.eu/esco/concept-scheme/skills-hierarchy",,S5.5
SkillGroup,http://data.europa.eu/esco/skill/29dcc31e-a8d6-4a62-b3c1-2de81e966e39,συγκέντρωση πληροφοριών από φυσικές ή ηλεκτρονικές πηγές,,,released,2022-06-19T14:48:30.73Z,,"http://data.europa.eu/esco/concept-scheme/skills
http://data.europa.eu/esco/concept-scheme/skills-hierarchy",,S2.4.1
SkillGroup,http://data.europa.eu/esco/skill/29fbde52-e525-4653-96d0-acd59ccb28d8,παροχή βοήθειας σε άτομα για πρόσβαση σε υπηρεσίες,,,released,,,"http://data.europa.eu/esco/concept-scheme/skills
http://data.europa.eu/esco/concept-scheme/skills-hierarchy",,S3.1.3
SkillGroup,http://data.europa.eu/esco/skill/2ad2ee1c-afc9-402f-91ab-c9c0911b209d,κατασκευή οργάνων ακριβείας ή κοσμημάτων,,,released,,,"http://data.europa.eu/esco/concept-scheme/skills
http://data.europa.eu/esco/concept-scheme/skills-hierarchy",,S6.5.1
SkillGroup,http://data.europa.eu/esco/skill/2ae39fc8-0f1b-4284-9e73-3f2739471f63,κατασκευές,,,released,2024-01-25T10:28:05.972Z,,"http://data.europa.eu/esco/concept-scheme/skills
http://data.europa.eu/esco/concept-scheme/skills-hierarchy",,S7
SkillGroup,http://data.europa.eu/esco/skill/2b2c3254-7f6c-47e2-84f1-aece946fbfae,Διατήρηση θετικής στάσης,"επιδεικνύοντας ανθεκτικότητα
διαχείριση αρνητικών παραγόντων στη ζωή και την εργασία",,released,2021-08-30T16:03:19.52Z,,"http://data.europa.eu/esco/concept-scheme/skills
http://data.europa.eu/esco/concept-scheme/skills-hierarchy
http://data.europa.eu/esco/concept-scheme/skill-transversal-groups","Αντοχή σε αντίξοες συνθήκες, επίδειξη ανθεκτικότητας και εξεύρεση τρόπων για την επίλυση ή τη διαχείριση των επιπτώσεων δύσκολων γεγονότων της ζωής.
  ",T3.3
SkillGroup,http://data.europa.eu/esco/skill/2b6e15f5-dfa0-4e7c-9687-5665b07e56a4,προστασία της ιδιωτικής ζωής και των δεδομένων προσωπικού χαρακτήρα,,,released,2024-01-29T16:26:16.498Z,,"http://data.europa.eu/esco/concept-scheme/skills
http://data.europa.eu/esco/concept-scheme/skills-hierarchy",,S3.3.6
SkillGroup,http://data.europa.eu/esco/skill/2b8a86c4-d063-44d5-863f-a9659024cefe,λειτουργία μηχανημάτων κατασκευής προϊόντων,,,released,,,"http://data.europa.eu/esco/concept-scheme/skills
http://data.europa.eu/esco/concept-scheme/skills-hierarchy",,S8.5
SkillGroup,http://data.europa.eu/esco/skill/2bf2c727-ee42-4fc5-a4d7-2cd62b880433,καθαρισμός,,,released,2021-08-06T10:25:31.866Z,,"http://data.europa.eu/esco/concept-scheme/skills
http://data.europa.eu/esco/concept-scheme/skills-hierarchy",,S6.11.0
SkillGroup,http://data.europa.eu/esco/skill/2c7252b7-59b8-40eb-ac7c-17f78a94f7e7,εγκατάσταση εσωτερικών ή εξωτερικών υποδομών,,,released,,,"http://data.europa.eu/esco/concept-scheme/skills
http://data.europa.eu/esco/concept-scheme/skills-hierarchy",,S7.2.0
SkillGroup,http://data.europa.eu/esco/skill/2d02d98c-20c4-4b46-bf44-e5f85a3f03ed,συγκρότηση και ανάπτυξη ομάδων,,,released,,,"http://data.europa.eu/esco/concept-scheme/skills
http://data.europa.eu/esco/concept-scheme/skills-hierarchy",,S4.6
SkillGroup,http://data.europa.eu/esco/skill/2f661409-3e56-46ab-95d7-6ec7786fc1c0,συγγραφή και σύνθεση,,,released,,,"http://data.europa.eu/esco/concept-scheme/skills
http://data.europa.eu/esco/concept-scheme/skills-hierarchy",,S1.13
SkillGroup,http://data.europa.eu/esco/skill/30b280e7-2468-440b-a78f-f1e7f515d60a,"τοποθέτηση υλικών, εργαλείων και εξοπλισμού",,,released,2022-08-02T10:51:49.029Z,,"http://data.europa.eu/esco/concept-scheme/skills
http://data.europa.eu/esco/concept-scheme/skills-hierarchy",,S6.2.4
SkillGroup,http://data.europa.eu/esco/skill/31397e38-43b9-43ba-943f-192b834e6b54,προφορική συγκέντρωση πληροφοριών,,,released,,,"http://data.europa.eu/esco/concept-scheme/skills
http://data.europa.eu/esco/concept-scheme/skills-hierarchy",,S1.7.0
SkillGroup,http://data.europa.eu/esco/skill/316df5b7-31c4-4f4e-ae69-aad1b873b995,ερμηνεία τεχνικών εγγράφων και διαγραμμάτων,,,released,2023-02-23T20:39:54.748Z,,"http://data.europa.eu/esco/concept-scheme/skills
http://data.europa.eu/esco/concept-scheme/skills-hierarchy",,S2.1.3
SkillGroup,http://data.europa.eu/esco/skill/323b3684-86ec-40fa-81b4-bc52694ef168,διαπραγμάτευση,,,released,,,"http://data.europa.eu/esco/concept-scheme/skills
http://data.europa.eu/esco/concept-scheme/skills-hierarchy",,S1.1
SkillGroup,http://data.europa.eu/esco/skill/325a3d29-a235-4182-9128-782c0f4b2dcc,τεκμηρίωση και καταγραφή πληροφοριών,,,released,,,"http://data.europa.eu/esco/concept-scheme/skills
http://data.europa.eu/esco/concept-scheme/skills-hierarchy",,S2.2
SkillGroup,http://data.europa.eu/esco/skill/32c017fd-28ab-4051-bf68-74de952c2f77,διαχείριση πληροφοριών,,,released,2023-02-23T21:14:33.038Z,,"http://data.europa.eu/esco/concept-scheme/skills
http://data.europa.eu/esco/concept-scheme/skills-hierarchy",,S2.3.0
SkillGroup,http://data.europa.eu/esco/skill/32c854c1-6f1f-4f1c-8e4c-368a68a10db3,ανάπτυξη συνταγών ή μενού,,,released,,,"http://data.europa.eu/esco/concept-scheme/skills
http://data.europa.eu/esco/concept-scheme/skills-hierarchy",,S1.11.3
SkillGroup,http://data.europa.eu/esco/skill/335228d2-297d-4e0e-a6ee-bc6a8dc110d9,δεξιότητες,,,released,,,"http://data.europa.eu/esco/concept-scheme/skills
http://data.europa.eu/esco/concept-scheme/skills-hierarchy",,S
SkillGroup,http://data.europa.eu/esco/skill/335be43a-3267-400e-b5cb-c9e234dc7544,διδασκαλία ακαδημαϊκών ή επαγγελματικών θεμάτων,,,released,2023-12-20T15:16:40.141Z,,"http://data.europa.eu/esco/concept-scheme/skills
http://data.europa.eu/esco/concept-scheme/skills-hierarchy",,S1.3.1
SkillGroup,http://data.europa.eu/esco/skill/3374fb57-056f-49e0-9fc5-000465e13794,διδασκαλία διαδικασιών ασφάλειας,,,released,,,"http://data.europa.eu/esco/concept-scheme/skills
http://data.europa.eu/esco/concept-scheme/skills-hierarchy",,S1.3.2
SkillGroup,http://data.europa.eu/esco/skill/3399045f-8078-4066-8b46-475b49b260ab,Εργασία με ψηφιακές συσκευές και εφαρμογές,"εργασία με υπολογιστές
ψηφιακές και βασισμένες στην τεχνολογία ικανότητες
γνώσεις υπολογιστών
ψηφιακές ικανότητες",,released,2021-08-30T13:29:19.698Z,,"http://data.europa.eu/esco/concept-scheme/skills
http://data.europa.eu/esco/concept-scheme/skills-hierarchy
http://data.europa.eu/esco/concept-scheme/skill-transversal-groups","Εκτέλεση απλών ψηφιακών εργασιών, όπως η λειτουργία ήδη διαμορφωμένου υλισμικού, η αναζήτηση πληροφοριών μέσω αναζήτησης στο διαδίκτυο, η χρήση τυποποιημένου λογισμικού για την επικοινωνία ή τη συνεργασία με άλλους ή για τη δημιουργία και την επεξεργασία απλού περιεχομένου, και η επιλογή μεταξύ τυποποιημένων μέτρων για την προστασία των συσκευών, των δεδομένων προσωπικού χαρακτήρα και της ιδιωτικής ζωής σε ψηφιακά περιβάλλοντα.
  ",T1.3
SkillGroup,http://data.europa.eu/esco/skill/34691a8a-ec8e-4eaa-b6e7-f4dbf144c644,παροχή χρηματοοικονομικών συμβουλών,,,released,,,"http://data.europa.eu/esco/concept-scheme/skills
http://data.europa.eu/esco/concept-scheme/skills-hierarchy",,S1.5.2
SkillGroup,http://data.europa.eu/esco/skill/347aa7ee-b640-41cc-ae7c-3c5eafda9fda,μέτρηση φυσικών ιδιοτήτων,,,released,,,"http://data.europa.eu/esco/concept-scheme/skills
http://data.europa.eu/esco/concept-scheme/skills-hierarchy",,S2.5.0
SkillGroup,http://data.europa.eu/esco/skill/35045957-e9e4-44b1-801a-9a49f6efaece,επισήμανση υλικών ή αντικειμένων για ταυτοποίηση,,,released,2023-10-27T13:47:25.299Z,,"http://data.europa.eu/esco/concept-scheme/skills
http://data.europa.eu/esco/concept-scheme/skills-hierarchy",,S6.1.2
SkillGroup,http://data.europa.eu/esco/skill/35dc2a23-cdc3-4291-930f-927ba2911949,διασφάλιση της συμμόρφωσης με τη νομοθεσία,,,released,2023-02-23T21:03:05.744Z,,"http://data.europa.eu/esco/concept-scheme/skills
http://data.europa.eu/esco/concept-scheme/skills-hierarchy",,S3.3.7
SkillGroup,http://data.europa.eu/esco/skill/36c9717b-e53a-4d16-b7df-b6555eff43f8,λειτουργία σκαφών,,,released,,,"http://data.europa.eu/esco/concept-scheme/skills
http://data.europa.eu/esco/concept-scheme/skills-hierarchy",,S8.3.0
SkillGroup,http://data.europa.eu/esco/skill/37272760-957a-4c34-b4f3-780ee285334d,"ανάπτυξη σχεδίων χρηματοoικονομικών, επιχειρηματικών ή εμπορικής προώθησης",,,released,2020-12-07T11:46:34.47Z,,"http://data.europa.eu/esco/concept-scheme/skills
http://data.europa.eu/esco/concept-scheme/skills-hierarchy",,S4.1.2
SkillGroup,http://data.europa.eu/esco/skill/3753e796-121e-46a3-9c27-dee31ce92c80,ανάλυση και αξιολόγηση πληροφοριών και δεδομένων,,,released,2023-06-30T07:35:32.811Z,,"http://data.europa.eu/esco/concept-scheme/skills
http://data.europa.eu/esco/concept-scheme/skills-hierarchy",,S2.7
SkillGroup,http://data.europa.eu/esco/skill/37f2f637-1f54-4ea1-b677-5ca6cac24993,κατασκευή ιατρικών και προσθετικών συσκευών,,,released,,,"http://data.europa.eu/esco/concept-scheme/skills
http://data.europa.eu/esco/concept-scheme/skills-hierarchy",,S6.5.2
SkillGroup,http://data.europa.eu/esco/skill/3926ec7d-64cd-4410-8283-493a1afdd57b,παροχή φυσιοθεραπείας,,,released,,,"http://data.europa.eu/esco/concept-scheme/skills
http://data.europa.eu/esco/concept-scheme/skills-hierarchy",,S3.2.3
SkillGroup,http://data.europa.eu/esco/skill/39499028-35bf-4d69-9275-fb98902ed88b,εργασία με υπολογιστές,,,released,2021-09-16T17:48:30.49Z,,"http://data.europa.eu/esco/concept-scheme/skills
http://data.europa.eu/esco/concept-scheme/skills-hierarchy",,S5.0.0
SkillGroup,http://data.europa.eu/esco/skill/395e42b8-f637-4e7e-96d8-9c1976c05d92,εκτέλεση καλλιτεχνικών ή πολιτιστικών δραστηριοτήτων,,,released,2022-06-22T10:50:09.473Z,,"http://data.europa.eu/esco/concept-scheme/skills
http://data.europa.eu/esco/concept-scheme/skills-hierarchy",,S1.14.2
SkillGroup,http://data.europa.eu/esco/skill/39d83364-c86f-4942-96d1-e5df582face9,"χειρισμός εξοπλισμού μορφοποίησης μετάλλων, πλαστικών ή καουτσούκ",,,released,2021-01-21T14:40:09.665Z,,"http://data.europa.eu/esco/concept-scheme/skills
http://data.europa.eu/esco/concept-scheme/skills-hierarchy",,S8.5.7
SkillGroup,http://data.europa.eu/esco/skill/39fa260c-4f85-48e3-83ce-e292e696c233,σχεδιασμός ηλεκτρικών ή ηλεκτρονικών συστημάτων ή εξοπλισμού,,,released,2020-12-09T10:43:42.257Z,,"http://data.europa.eu/esco/concept-scheme/skills
http://data.europa.eu/esco/concept-scheme/skills-hierarchy",,S1.11.2
SkillGroup,http://data.europa.eu/esco/skill/3afcf547-cefc-493a-8abb-aaa8b7088e4f,"κυνήγι, παγίδευση και σφαγή ζώων",,,released,2021-09-15T09:04:46.824Z,,"http://data.europa.eu/esco/concept-scheme/skills
http://data.europa.eu/esco/concept-scheme/skills-hierarchy",,S6.9.4
SkillGroup,http://data.europa.eu/esco/skill/3b86c15f-3f66-4e50-abf5-544f2a942a0b,καθαρισμός υπαίθριων χώρων,,,released,,,"http://data.europa.eu/esco/concept-scheme/skills
http://data.europa.eu/esco/concept-scheme/skills-hierarchy",,S6.11.3
SkillGroup,http://data.europa.eu/esco/skill/3bf93195-5239-4f73-94a6-349be598d462,παραστάσεις και ψυχαγωγία,,,released,2022-06-19T15:45:14.266Z,,"http://data.europa.eu/esco/concept-scheme/skills
http://data.europa.eu/esco/concept-scheme/skills-hierarchy",,S1.14.0
SkillGroup,http://data.europa.eu/esco/skill/3d54fec5-d9cb-45a0-bf8d-ffaf3790a5bb,Εφαρμογή δεξιοτήτων και ικανοτήτων στον τομέα της υγείας,"διατήρηση της ασφάλειας, της υγείας και της ευημερίας",,released,2021-09-13T12:45:19.726Z,,"http://data.europa.eu/esco/concept-scheme/skills
http://data.europa.eu/esco/concept-scheme/skills-hierarchy
http://data.europa.eu/esco/concept-scheme/skill-transversal-groups","Μέριμνα για την ψυχική και σωματική ευεξία του ίδιου του ατόμου και των άλλων και εφαρμογή βασικών προτύπων υγείας, συμπεριλαμβανομένης της υγιεινής. Λήψη και χρήση πληροφοριών για την υγεία και εντοπισμός και πρόσβαση σε υπηρεσίες και φορείς που παρέχουν υγειονομική περίθαλψη και καθοδήγηση. Διαχείριση των αρνητικών επιπτώσεων χρόνιων παθήσεων.
  ",T6.1
SkillGroup,http://data.europa.eu/esco/skill/3eacdaa9-fe4a-49ba-a085-c798097cf8d4,παρασκευή προϊόντων καπνού,,,released,,,"http://data.europa.eu/esco/concept-scheme/skills
http://data.europa.eu/esco/concept-scheme/skills-hierarchy",,S6.5.8
SkillGroup,http://data.europa.eu/esco/skill/3eef7ff2-3ade-41d4-b084-2bd2a3949e1c,εκτίμηση της γης ή ακινήτων,,,released,2020-12-04T13:51:21.97Z,,"http://data.europa.eu/esco/concept-scheme/skills
http://data.europa.eu/esco/concept-scheme/skills-hierarchy",,S2.7.1
SkillGroup,http://data.europa.eu/esco/skill/3f1f77a5-9c2d-4b71-afb3-0328d8cbb05e,λειτουργία μηχανημάτων εξόρυξης και επεξεργασίας πρώτων υλών,,,released,,,"http://data.europa.eu/esco/concept-scheme/skills
http://data.europa.eu/esco/concept-scheme/skills-hierarchy",,S8.4.0
SkillGroup,http://data.europa.eu/esco/skill/3f641516-9846-4a7f-a7f4-e1274eef6688,παρουσίαση πληροφοριών,,,released,,,"http://data.europa.eu/esco/concept-scheme/skills
http://data.europa.eu/esco/concept-scheme/skills-hierarchy",,S1.4
SkillGroup,http://data.europa.eu/esco/skill/418e58f5-c50c-4147-baa0-83aeb43b796a,χειρισμός μηχανημάτων βαφής ή επίχρισης,,,released,,,"http://data.europa.eu/esco/concept-scheme/skills
http://data.europa.eu/esco/concept-scheme/skills-hierarchy",,S8.5.1
SkillGroup,http://data.europa.eu/esco/skill/424cce4d-71c9-47d9-93d6-4068403139f0,μορφοποίηση υλικών για τη δημιουργία προϊόντων,,,released,2022-06-19T15:45:14.266Z,,"http://data.europa.eu/esco/concept-scheme/skills
http://data.europa.eu/esco/concept-scheme/skills-hierarchy",,S6.7.2
SkillGroup,http://data.europa.eu/esco/skill/42f18b92-1c20-46ed-bde0-9bc64ff1e475,σίτιση και περιποίηση ζώων,,,released,,,"http://data.europa.eu/esco/concept-scheme/skills
http://data.europa.eu/esco/concept-scheme/skills-hierarchy",,S6.9.5
SkillGroup,http://data.europa.eu/esco/skill/4364e0cd-66ad-4f0c-b96d-0ea6796067cb,φροντίδα φυτών και καλλιεργειών,,,released,2022-06-07T08:31:38.289Z,,"http://data.europa.eu/esco/concept-scheme/skills
http://data.europa.eu/esco/concept-scheme/skills-hierarchy",,S6.4
SkillGroup,http://data.europa.eu/esco/skill/43f425aa-f45d-4bb4-a200-6f82fa211b66,Γλώσσες,,,released,2024-02-15T09:52:57.87Z,,"http://data.europa.eu/esco/concept-scheme/skills
http://data.europa.eu/esco/concept-scheme/skills-hierarchy",,L1
SkillGroup,http://data.europa.eu/esco/skill/446a36a5-2376-439f-b46b-4a214ba0acdf,"χρήση λογισμικού επεξεργασίας κειμένου, έκδοσης και παρουσίασης",,,released,,,"http://data.europa.eu/esco/concept-scheme/skills
http://data.europa.eu/esco/concept-scheme/skills-hierarchy",,S5.6.2
SkillGroup,http://data.europa.eu/esco/skill/44c81158-f789-41ad-a988-e8af0884a443,λειτουργία αεροσκαφών,,,released,,,"http://data.europa.eu/esco/concept-scheme/skills
http://data.europa.eu/esco/concept-scheme/skills-hierarchy",,S8.9.0
SkillGroup,http://data.europa.eu/esco/skill/44ff6716-7d71-4a16-821b-61d10e9e290d,Εφαρμογή γενικών γνώσεων,"γενική εκπαίδευση
γενικές γνώσεις",,released,2021-08-30T16:55:23.01Z,,"http://data.europa.eu/esco/concept-scheme/skills
http://data.europa.eu/esco/concept-scheme/skills-hierarchy
http://data.europa.eu/esco/concept-scheme/skill-transversal-groups","Πρόσβαση σε και εφαρμογή βασικών γνώσεων που σχετίζονται με την επιστήμη, την τεχνολογία και τη μηχανική, τις κοινωνικές και ανθρωπιστικές επιστήμες και τη φιλοσοφία, την ηθική και τη θρησκεία.
  ",T6.6
SkillGroup,http://data.europa.eu/esco/skill/45ce91d6-574f-445e-a3d5-741f89bddb56,συντήρηση μηχανολογικού εξοπλισμού και εργαλείων,,,released,2024-01-25T10:29:47.559Z,,"http://data.europa.eu/esco/concept-scheme/skills
http://data.europa.eu/esco/concept-scheme/skills-hierarchy",,S8.7.2
SkillGroup,http://data.europa.eu/esco/skill/462f8805-3c0b-43c6-8bef-592b87939763,μετατροπή και ανάμειξη υλικών,,,released,,,"http://data.europa.eu/esco/concept-scheme/skills
http://data.europa.eu/esco/concept-scheme/skills-hierarchy",,S6.3
SkillGroup,http://data.europa.eu/esco/skill/4781b6b1-07bc-44be-8c2d-de0fa5db4250,διεξαγωγή δραστηριοτήτων παιχνιδιών,,,released,2021-10-14T12:50:46.363Z,,"http://data.europa.eu/esco/concept-scheme/skills
http://data.europa.eu/esco/concept-scheme/skills-hierarchy",,S1.14.3
SkillGroup,http://data.europa.eu/esco/skill/47aa582a-3edb-45b5-9ef4-e87813ea327c,δοκιμές οχημάτων,,,released,2022-06-19T15:45:14.266Z,,"http://data.europa.eu/esco/concept-scheme/skills
http://data.europa.eu/esco/concept-scheme/skills-hierarchy",,S2.8.11
SkillGroup,http://data.europa.eu/esco/skill/47b0d855-ea3c-45e9-8dcf-0e12e62261c4,υπολογισμός και εκτίμηση,,,released,2023-01-27T10:09:02.926Z,,"http://data.europa.eu/esco/concept-scheme/skills
http://data.europa.eu/esco/concept-scheme/skills-hierarchy",,S2.6.0
SkillGroup,http://data.europa.eu/esco/skill/480a0b1b-aae9-4b39-9a4f-1c2b8ddcbc46,κατασκευή καλουπιών και εκμαγείων παραγωγής,,,released,,,"http://data.europa.eu/esco/concept-scheme/skills
http://data.europa.eu/esco/concept-scheme/skills-hierarchy",,S6.6.1
SkillGroup,http://data.europa.eu/esco/skill/485b2e3b-f883-46d8-901f-ab521d4f8e58,διαλογή υλικών ή προϊόντων,,,released,2023-01-24T18:49:41.387Z,,"http://data.europa.eu/esco/concept-scheme/skills
http://data.europa.eu/esco/concept-scheme/skills-hierarchy",,S6.1.1
SkillGroup,http://data.europa.eu/esco/skill/494b8057-daf5-46a0-b33b-416e0115c30a,χρήση ψηφιακών εργαλείων για τον έλεγχο μηχανημάτων,,,released,,,"http://data.europa.eu/esco/concept-scheme/skills
http://data.europa.eu/esco/concept-scheme/skills-hierarchy",,S5.7.0
SkillGroup,http://data.europa.eu/esco/skill/4bbdc5eb-b710-4b76-816d-04926f7ac4a1,παροχή ψυχολογικής θεραπείας και εργασιοθεραπείας,,,released,2022-07-15T14:44:44.924Z,,"http://data.europa.eu/esco/concept-scheme/skills
http://data.europa.eu/esco/concept-scheme/skills-hierarchy",,S3.2.4
SkillGroup,http://data.europa.eu/esco/skill/4d6a48ae-352e-4823-bc3a-3f3e9e2cae86,πρόσβαση και ανάλυση ψηφιακών δεδομένων,,,released,2021-09-24T16:38:38.771Z,,"http://data.europa.eu/esco/concept-scheme/skills
http://data.europa.eu/esco/concept-scheme/skills-hierarchy",,S5.5.0
SkillGroup,http://data.europa.eu/esco/skill/4d7fb3eb-554a-4cf1-a576-bf6e153bdba2,χρήση οργάνων και εξοπλισμού ακριβείας,,,released,,,"http://data.europa.eu/esco/concept-scheme/skills
http://data.europa.eu/esco/concept-scheme/skills-hierarchy",,S8.6
SkillGroup,http://data.europa.eu/esco/skill/4ef78abc-e983-4cc7-84a1-52532a0159dc,δεξιότητες και ικανότητες ζωής,ενεργός συμμετοχή των πολιτών,,released,2021-08-30T09:47:58.442Z,,"http://data.europa.eu/esco/concept-scheme/skills
http://data.europa.eu/esco/concept-scheme/skills-hierarchy
http://data.europa.eu/esco/concept-scheme/skill-transversal-groups","Δεξιότητες και ικανότητες που σχετίζονται με την ικανότητα επεξεργασίας και χρήσης γνώσεων και πληροφοριών που έχουν εγκάρσια σημασία και διευκολύνουν την ενεργό συμμετοχή στα κοινά. Περιλαμβάνουν τους τομείς της υγείας, του περιβάλλοντος, της συμμετοχής των πολιτών στα κοινά, του πολιτισμού και των οικονομικών, καθώς και την εφαρμογή γενικών γνώσεων.
  ",T6
SkillGroup,http://data.europa.eu/esco/skill/4feed491-dc09-4218-814a-0146e13ef4fe,επίλυση προβλημάτων,,,released,,,"http://data.europa.eu/esco/concept-scheme/skills
http://data.europa.eu/esco/concept-scheme/skills-hierarchy",,S1.9.0
SkillGroup,http://data.europa.eu/esco/skill/50e42de7-4a5c-4f94-b160-765f547d840c,ρύθμιση βοηθητικών συσκευών,,,released,2021-03-30T12:16:14.895Z,,"http://data.europa.eu/esco/concept-scheme/skills
http://data.europa.eu/esco/concept-scheme/skills-hierarchy",,S3.2.6
SkillGroup,http://data.europa.eu/esco/skill/51ffd92f-7ff4-4c38-83d4-7350fcfd6968,λείανση επιφανειών αντικειμένων ή εξοπλισμού,,,released,,,"http://data.europa.eu/esco/concept-scheme/skills
http://data.europa.eu/esco/concept-scheme/skills-hierarchy",,S6.7.3
SkillGroup,http://data.europa.eu/esco/skill/528c2f16-139f-4a5b-8880-a6f02ed33f2a,κατασκευή ενδυμάτων και κλωστοϋφαντουργικών προϊόντων,,,released,2020-12-07T14:51:41.895Z,,"http://data.europa.eu/esco/concept-scheme/skills
http://data.europa.eu/esco/concept-scheme/skills-hierarchy",,S6.5.6
SkillGroup,http://data.europa.eu/esco/skill/548c3fbe-9eb1-4035-bc54-027fd5bc5315,συλλογική εργασία,,,released,2021-04-15T08:15:36.624Z,,"http://data.europa.eu/esco/concept-scheme/skills
http://data.europa.eu/esco/concept-scheme/skills-hierarchy",,S1.8
SkillGroup,http://data.europa.eu/esco/skill/54f7432d-a8b6-4ed4-a50e-9ec882320595,"παρακολούθηση, επιθεώρηση και δοκιμές",,,released,2021-03-31T12:02:58.558Z,,"http://data.europa.eu/esco/concept-scheme/skills
http://data.europa.eu/esco/concept-scheme/skills-hierarchy",,S2.8.0
SkillGroup,http://data.europa.eu/esco/skill/552c4f35-a2d1-49c2-8fda-afe26695c44a,κοινωνικές και επικοινωνιακές δεξιότητες και ικανότητες,"κοινωνικές συναναστροφές
κοινωνικές δεξιότητες
διαπροσωπικές ικανότητες
διαπροσωπικές δεξιότητες
κοινωνική αλληλεπίδραση",,released,2021-08-30T09:00:34.189Z,,"http://data.europa.eu/esco/concept-scheme/skills
http://data.europa.eu/esco/concept-scheme/skills-hierarchy
http://data.europa.eu/esco/concept-scheme/skill-transversal-groups","Δεξιότητες και ικανότητες που σχετίζονται με την ικανότητα θετικής και παραγωγικής αλληλεπίδρασης με άλλους. Αυτό αποδεικνύεται με την αποτελεσματική και ενσυναίσθητη μετάδοση ιδεών, τον συντονισμό των στόχων και των δράσεων του ατόμου με τους στόχους και τις ενέργειες άλλων και την ανάληψη ενεργειών με τρόπους που διαρθρώνονται γύρω από αξίες, τη διασφάλιση της ευημερίας και της προόδου των άλλων και την ανάληψη ηγετικού ρόλου.
  ",T4
SkillGroup,http://data.europa.eu/esco/skill/56c3ea4b-7cea-44da-969c-c21b07a55030,πλύσιμο και συντήρηση κλωστοϋφαντουργικών προϊόντων και ειδών ένδυσης,,,released,,,"http://data.europa.eu/esco/concept-scheme/skills
http://data.europa.eu/esco/concept-scheme/skills-hierarchy",,S6.12
SkillGroup,http://data.europa.eu/esco/skill/57216e88-a0d3-4b8c-af6c-b8232b4f48c2,χρήση εργαλείων χειρός ακριβείας,,,released,,,"http://data.europa.eu/esco/concept-scheme/skills
http://data.europa.eu/esco/concept-scheme/skills-hierarchy",,S6.7.4
SkillGroup,http://data.europa.eu/esco/skill/5770f630-9b25-49f3-9d37-e93ec1799749,διδασκαλία και κατάρτιση,,,released,,,"http://data.europa.eu/esco/concept-scheme/skills
http://data.europa.eu/esco/concept-scheme/skills-hierarchy",,S1.3
SkillGroup,http://data.europa.eu/esco/skill/577ce84f-0d21-4f25-8307-99c53f6f8437,μεταφορά και ανύψωση,,,released,2022-08-24T13:51:21.612Z,,"http://data.europa.eu/esco/concept-scheme/skills
http://data.europa.eu/esco/concept-scheme/skills-hierarchy",,S6.2.0
SkillGroup,http://data.europa.eu/esco/skill/57a45369-afc1-4f5a-b157-6f18de506bab,κατασκευές,,,released,,,"http://data.europa.eu/esco/concept-scheme/skills
http://data.europa.eu/esco/concept-scheme/skills-hierarchy",,S7.0
SkillGroup,http://data.europa.eu/esco/skill/57e6af87-8a6b-4ecb-88e5-7c80b582ddd7,χρήση οργάνων και εξοπλισμού ακριβείας,,,released,2022-06-19T15:45:14.266Z,,"http://data.europa.eu/esco/concept-scheme/skills
http://data.europa.eu/esco/concept-scheme/skills-hierarchy",,S8.6.0
SkillGroup,http://data.europa.eu/esco/skill/583b1fb5-be8d-41f0-aa81-0b6bef4793c2,εγκατάσταση εξοπλισμού ή συστημάτων σωληνώσεων ή υδραυλικών,,,released,,,"http://data.europa.eu/esco/concept-scheme/skills
http://data.europa.eu/esco/concept-scheme/skills-hierarchy",,S7.2.2
SkillGroup,http://data.europa.eu/esco/skill/587e1cd6-a376-4c8f-8369-187c128d72a3,επεξεργασία πληροφοριών,,,released,,,"http://data.europa.eu/esco/concept-scheme/skills
http://data.europa.eu/esco/concept-scheme/skills-hierarchy",,S2.4
SkillGroup,http://data.europa.eu/esco/skill/58bd927f-e4cc-4b61-a679-cb91b3f8075a,τήρηση των οδηγιών και των διαδικασιών,,,released,2022-06-19T15:45:14.266Z,,"http://data.europa.eu/esco/concept-scheme/skills
http://data.europa.eu/esco/concept-scheme/skills-hierarchy",,S1.8.5
SkillGroup,http://data.europa.eu/esco/skill/58beed15-8cf0-4bea-a24a-ad595768bba6,κατασκευή και επισκευή κατασκευών,,,released,,,"http://data.europa.eu/esco/concept-scheme/skills
http://data.europa.eu/esco/concept-scheme/skills-hierarchy",,S7.1.0
SkillGroup,http://data.europa.eu/esco/skill/58edb789-d085-4e7d-8b6e-b70913bebfca,εγκατάσταση και συναρμολόγηση σταθερών κατασκευών κτιρίων,,,released,,,"http://data.europa.eu/esco/concept-scheme/skills
http://data.europa.eu/esco/concept-scheme/skills-hierarchy",,S7.1.7
SkillGroup,http://data.europa.eu/esco/skill/592525ab-b517-4c55-8c65-17e0f5d99205,συναρμολόγηση ηλεκτρικών και ηλεκτρονικών προϊόντων,,,released,2023-07-13T15:25:18.372Z,,"http://data.europa.eu/esco/concept-scheme/skills
http://data.europa.eu/esco/concept-scheme/skills-hierarchy",,S6.5.3
SkillGroup,http://data.europa.eu/esco/skill/59c46f34-bffd-4859-adf4-3839c2a73821,κατασκευές,,,released,2020-12-10T13:23:35.251Z,,"http://data.europa.eu/esco/concept-scheme/skills
http://data.europa.eu/esco/concept-scheme/skills-hierarchy",,S7.0.0
SkillGroup,http://data.europa.eu/esco/skill/5bcec244-3efe-45ac-8891-0ab4a91e9c48,τήρηση των διαδικασιών υγείας και ασφάλειας,,,released,2023-02-21T20:59:45.769Z,,"http://data.europa.eu/esco/concept-scheme/skills
http://data.europa.eu/esco/concept-scheme/skills-hierarchy",,S3.3.1
SkillGroup,http://data.europa.eu/esco/skill/5c26881e-2759-4a38-b136-5e0f6071b524,"οργάνωση, σχεδιασμός και προγραμματισμός εργασιών και δραστηριοτήτων",,,released,,,"http://data.europa.eu/esco/concept-scheme/skills
http://data.europa.eu/esco/concept-scheme/skills-hierarchy",,S4.2
SkillGroup,http://data.europa.eu/esco/skill/5c2d5780-23ed-4372-bb8d-c1846ee404ae,παρακολούθηση χρηματοοικονομικών και οικονομικών πόρων και δραστηριοτήτων,,,released,,,"http://data.europa.eu/esco/concept-scheme/skills
http://data.europa.eu/esco/concept-scheme/skills-hierarchy",,S2.8.3
SkillGroup,http://data.europa.eu/esco/skill/5d1d2d04-5510-4918-a437-7f57d570483a,εγκατάσταση στέγης,,,released,,,"http://data.europa.eu/esco/concept-scheme/skills
http://data.europa.eu/esco/concept-scheme/skills-hierarchy",,S7.1.5
SkillGroup,http://data.europa.eu/esco/skill/5dbb69d2-9e1b-4e0f-b8c0-0bac709729cf,ζύγιση,,,released,,,"http://data.europa.eu/esco/concept-scheme/skills
http://data.europa.eu/esco/concept-scheme/skills-hierarchy",,S2.5.2
SkillGroup,http://data.europa.eu/esco/skill/5ea47148-5289-49f2-80f8-bb1f54b37de0,εφαρμογή προστατευτικών ή διακοσμητικών διαλυμάτων ή επιχρισμάτων,,,released,,,"http://data.europa.eu/esco/concept-scheme/skills
http://data.europa.eu/esco/concept-scheme/skills-hierarchy",,S7.3.3
SkillGroup,http://data.europa.eu/esco/skill/5f92ff3e-288b-44aa-864d-5ebb1adb7925,χτένισμα μαλλιών και παροχή υπηρεσιών αισθητικού,,,released,,,"http://data.europa.eu/esco/concept-scheme/skills
http://data.europa.eu/esco/concept-scheme/skills-hierarchy",,S3.6.4
SkillGroup,http://data.europa.eu/esco/skill/6107b01a-3dac-4a03-ac9c-1044e4af0307,συμβουλευτική,,,released,,,"http://data.europa.eu/esco/concept-scheme/skills
http://data.europa.eu/esco/concept-scheme/skills-hierarchy",,S3.1
SkillGroup,http://data.europa.eu/esco/skill/6115ff80-3d84-4e87-8e2b-6ede7ee004b4,Εφαρμογή δεξιοτήτων και ικανοτήτων στον πολιτιστικό τομέα,"την εκτίμηση και την έκφραση πολιτιστικών, καλλιτεχνικών ή μουσικών εννοιών",,released,2021-08-30T16:54:02.907Z,,"http://data.europa.eu/esco/concept-scheme/skills
http://data.europa.eu/esco/concept-scheme/skills-hierarchy
http://data.europa.eu/esco/concept-scheme/skill-transversal-groups","Έκφραση και ερμηνεία ιδεών, εμπειριών και συναισθημάτων με δημιουργικό τρόπο. Υιοθέτηση ανοικτού πνεύματος για μάθηση από διάφορες μορφές πολιτιστικής και καλλιτεχνικής έκφρασης.
  ",T6.4
SkillGroup,http://data.europa.eu/esco/skill/61d1dab2-6007-4b7c-9380-cd88207fa30f,διάθεση μη επικίνδυνων αποβλήτων ή υπολειμμάτων,,,released,2020-12-10T16:56:34.388Z,,"http://data.europa.eu/esco/concept-scheme/skills
http://data.europa.eu/esco/concept-scheme/skills-hierarchy",,S6.13.2
SkillGroup,http://data.europa.eu/esco/skill/62023d5b-22ea-442e-ac46-39eb83c986fb,συναρμολόγηση επίπλων,,,released,,,"http://data.europa.eu/esco/concept-scheme/skills
http://data.europa.eu/esco/concept-scheme/skills-hierarchy",,S6.5.5
SkillGroup,http://data.europa.eu/esco/skill/62afcfdd-a2a6-4143-bafb-59c77e15a01c,παροχή συμβουλών σχετικά με προϊόντα και υπηρεσίες,,,released,2023-01-24T19:03:05.231Z,,"http://data.europa.eu/esco/concept-scheme/skills
http://data.europa.eu/esco/concept-scheme/skills-hierarchy",,S1.5.3
SkillGroup,http://data.europa.eu/esco/skill/64acded2-d944-4f85-a703-cfe9375f706a,χειρισμός γεωργικού ή δασοκομικού εξοπλισμού,,,released,,,"http://data.europa.eu/esco/concept-scheme/skills
http://data.europa.eu/esco/concept-scheme/skills-hierarchy",,S8.1.2
SkillGroup,http://data.europa.eu/esco/skill/64aeee4d-3791-4448-8ed8-9b49ad04f2fb,μετάφραση και διερμηνεία,,,released,2021-09-20T12:11:22.451Z,,"http://data.europa.eu/esco/concept-scheme/skills
http://data.europa.eu/esco/concept-scheme/skills-hierarchy",,S1.15.2
SkillGroup,http://data.europa.eu/esco/skill/663d82aa-4c0d-46bc-90f5-03770f068bb1,οδήγηση οχημάτων,,,released,,,"http://data.europa.eu/esco/concept-scheme/skills
http://data.europa.eu/esco/concept-scheme/skills-hierarchy",,S8.2
SkillGroup,http://data.europa.eu/esco/skill/663e753c-2fc4-4bf6-9a06-a6ab2d705238,αγορά προϊόντων ή υπηρεσιών,,,released,2022-06-19T15:06:42.666Z,,"http://data.europa.eu/esco/concept-scheme/skills
http://data.europa.eu/esco/concept-scheme/skills-hierarchy",,S1.6.3
SkillGroup,http://data.europa.eu/esco/skill/66fdc34c-2326-4baa-b8ff-7a1d1015fe3a,Σχεδιασμός και οργάνωση,"οργανωτικές ικανότητες
προγραμματισμός εργασιών
προγραμματισμός δραστηριοτήτων
δεξιότητες σχεδιασμού
ικανότητες προγραμματισμού",,released,2021-08-30T14:01:57.38Z,,"http://data.europa.eu/esco/concept-scheme/skills
http://data.europa.eu/esco/concept-scheme/skills-hierarchy
http://data.europa.eu/esco/concept-scheme/skill-transversal-groups","Διαχείριση δραστηριοτήτων και καθηκόντων, κατάρτιση χρονοδιαγραμμάτων και συντονισμός των δραστηριοτήτων ομάδων και ατόμων για την έγκαιρη και εντός του προϋπολογισμού εκπλήρωση στόχων.
  ",T2.2
SkillGroup,http://data.europa.eu/esco/skill/682bb7ca-dbe9-4c33-9c7a-1ae56e28516e,φόρτωση και εκφόρτωση εμπορευμάτων και υλικών,,,released,2023-01-27T11:01:49.53Z,,"http://data.europa.eu/esco/concept-scheme/skills
http://data.europa.eu/esco/concept-scheme/skills-hierarchy",,S6.2.1
SkillGroup,http://data.europa.eu/esco/skill/6889a21c-837b-49a2-be61-bb6010ab63f4,προφορική συγκέντρωση πληροφοριών,,,released,,,"http://data.europa.eu/esco/concept-scheme/skills
http://data.europa.eu/esco/concept-scheme/skills-hierarchy",,S1.7
SkillGroup,http://data.europa.eu/esco/skill/6a7fc30d-af16-4cc5-a957-29d174bdb61c,"διαχείριση, συλλογή και αποθήκευση ψηφιακών δεδομένων",,,released,2023-10-27T16:10:20.781Z,,"http://data.europa.eu/esco/concept-scheme/skills
http://data.europa.eu/esco/concept-scheme/skills-hierarchy",,S5.5.2
SkillGroup,http://data.europa.eu/esco/skill/6c4fa8c8-e9e1-49b5-897f-6b61fe649488,κατάρτιση σχετικά με επιχειρησιακές διαδικασίες,,,released,2023-06-20T13:39:25.098Z,,"http://data.europa.eu/esco/concept-scheme/skills
http://data.europa.eu/esco/concept-scheme/skills-hierarchy",,S1.3.3
SkillGroup,http://data.europa.eu/esco/skill/6c6957bf-cf1f-4483-9c7e-1655f251b01a,Εφαρμογή επιχειρηματικών και οικονομικών δεξιοτήτων και ικανοτήτων,οικονομική και επιχειρηματική παιδεία,,released,2021-08-30T16:54:20.061Z,,"http://data.europa.eu/esco/concept-scheme/skills
http://data.europa.eu/esco/concept-scheme/skills-hierarchy
http://data.europa.eu/esco/concept-scheme/skill-transversal-groups","Διαχείριση των οικονομικών και πόρων του ίδιου του ατόμου και των οικονομικών και πόρων άλλων. Επίδειξη επιμονής, ανοικτού πνεύματος σε ευκαιρίες και κινδύνους, ικανότητας κινητοποίησης πόρων και προθυμίας για άντληση διδαγμάτων από την πείρα.
  ",T6.5
SkillGroup,http://data.europa.eu/esco/skill/6d0cad66-82dd-4854-a03a-68232942c68d,εγκατάσταση ξύλινων και μεταλλικών στοιχείων,,,released,2023-03-16T15:33:50.175Z,,"http://data.europa.eu/esco/concept-scheme/skills
http://data.europa.eu/esco/concept-scheme/skills-hierarchy",,S7.1.2
SkillGroup,http://data.europa.eu/esco/skill/6d535249-ac7c-4e44-8ada-09305c3a3900,"κατασκευή καλουπιών, εκμαγείων, μοντέλων και προτύπων",,,released,,,"http://data.europa.eu/esco/concept-scheme/skills
http://data.europa.eu/esco/concept-scheme/skills-hierarchy",,S6.6.0
SkillGroup,http://data.europa.eu/esco/skill/6e62e776-fbfa-486c-a6df-58cd239c86fe,τεχνική ή επιστημονική συγγραφή,,,released,2022-06-19T15:45:14.266Z,,"http://data.europa.eu/esco/concept-scheme/skills
http://data.europa.eu/esco/concept-scheme/skills-hierarchy",,S1.13.3
SkillGroup,http://data.europa.eu/esco/skill/6ee936b0-4e0c-4e04-97c7-1f4ee9230d67,ανάπτυξη στόχων και στρατηγικών,,,released,2020-12-11T09:19:59.825Z,,"http://data.europa.eu/esco/concept-scheme/skills
http://data.europa.eu/esco/concept-scheme/skills-hierarchy",,S4.1.0
SkillGroup,http://data.europa.eu/esco/skill/6f142deb-03a9-4cd7-94ce-e0f023ae2169,Επικοινωνία,"επικοινωνία
δεξιότητες επικοινωνίας
δεξιότητες επιχειρηματολογίας
λεκτικές δεξιότητες
δεξιότητες γραφής
δεξιότητες συνομιλίας
αποτελεσματική χρήση της γλώσσας, των συμβόλων και του κειμένου",,released,2021-08-30T16:23:39.992Z,,"http://data.europa.eu/esco/concept-scheme/skills
http://data.europa.eu/esco/concept-scheme/skills-hierarchy
http://data.europa.eu/esco/concept-scheme/skill-transversal-groups","Έκφραση και ανταλλαγή πληροφοριών, ιδεών, εννοιών, σκέψεων και συναισθημάτων και επίλυση διαφωνιών σε επίσημα και ανεπίσημα πλαίσια, μέσω της χρήσης κοινών συστημάτων λέξεων, σημάτων και κανόνων.
  ",T4.1
SkillGroup,http://data.europa.eu/esco/skill/6f89dcbe-4315-4533-8801-3aadf9190b86,ανάπτυξη στόχων και στρατηγικών,,,released,,,"http://data.europa.eu/esco/concept-scheme/skills
http://data.europa.eu/esco/concept-scheme/skills-hierarchy",,S4.1
SkillGroup,http://data.europa.eu/esco/skill/70ac2c90-656a-4fa3-886c-5b9305db2087,επεξεργασία πληροφοριών,,,released,2021-12-17T12:48:25.958Z,,"http://data.europa.eu/esco/concept-scheme/skills
http://data.europa.eu/esco/concept-scheme/skills-hierarchy",,S2.4.0
SkillGroup,http://data.europa.eu/esco/skill/7194cdea-bca7-4c4a-8d49-3cb54b89d5a0,παροχή θεραπείας ή κτηνιατρικής αγωγής για ζώα,,,released,2023-02-22T20:06:32.497Z,,"http://data.europa.eu/esco/concept-scheme/skills
http://data.europa.eu/esco/concept-scheme/skills-hierarchy",,S6.9.7
SkillGroup,http://data.europa.eu/esco/skill/72fe5d9f-4ec8-4fc4-b1d3-0dd83be0aa1a,κοπή υλικών και διάτρηση οπών,,,released,,,"http://data.europa.eu/esco/concept-scheme/skills
http://data.europa.eu/esco/concept-scheme/skills-hierarchy",,S6.7.1
SkillGroup,http://data.europa.eu/esco/skill/73dba04a-7c18-439f-8757-b5f60532ba74,επιλογή και πρόσληψη,,,released,,,"http://data.europa.eu/esco/concept-scheme/skills
http://data.europa.eu/esco/concept-scheme/skills-hierarchy",,S4.7
SkillGroup,http://data.europa.eu/esco/skill/73e602a0-f80f-4f56-8e21-3db4fd08709d,"παροχή ιατρικής, οδοντιατρικής και νοσηλευτικής περίθαλψης",,,released,2023-11-06T13:40:22.277Z,,"http://data.europa.eu/esco/concept-scheme/skills
http://data.europa.eu/esco/concept-scheme/skills-hierarchy",,S3.2.1
SkillGroup,http://data.europa.eu/esco/skill/74052f13-4cae-4600-a4d3-8103004683f3,χρήση εργαλείων χειρός,,,released,,,"http://data.europa.eu/esco/concept-scheme/skills
http://data.europa.eu/esco/concept-scheme/skills-hierarchy",,S6.7.0
SkillGroup,http://data.europa.eu/esco/skill/74b7938e-f667-48ff-a26d-faed294ac6c9,κατασκευή μοντέλων,,,released,,,"http://data.europa.eu/esco/concept-scheme/skills
http://data.europa.eu/esco/concept-scheme/skills-hierarchy",,S6.6.3
SkillGroup,http://data.europa.eu/esco/skill/75c1ab73-5b00-48a0-818e-93487ebdd7e1,εγκατάσταση και προστασία συστημάτων ηλεκτρονικών υπολογιστών,,,released,,,"http://data.europa.eu/esco/concept-scheme/skills
http://data.europa.eu/esco/concept-scheme/skills-hierarchy",,S5.2
SkillGroup,http://data.europa.eu/esco/skill/762f3830-baa8-4a7e-a5de-b49037d80885,φροντίδα φυτών και καλλιεργειών,,,released,,,"http://data.europa.eu/esco/concept-scheme/skills
http://data.europa.eu/esco/concept-scheme/skills-hierarchy",,S6.4.0
SkillGroup,http://data.europa.eu/esco/skill/775be776-b6ce-4322-a96f-11b2df84ce07,"δημιουργία καλλιτεχνικού, οπτικού και εκπαιδευτικού υλικού",,,released,,,"http://data.europa.eu/esco/concept-scheme/skills
http://data.europa.eu/esco/concept-scheme/skills-hierarchy",,S1.12.0
SkillGroup,http://data.europa.eu/esco/skill/77a2918f-5969-4545-a632-d3e6a853b2c5,εκπαίδευση ζώων,,,released,,,"http://data.europa.eu/esco/concept-scheme/skills
http://data.europa.eu/esco/concept-scheme/skills-hierarchy",,S6.9.6
SkillGroup,http://data.europa.eu/esco/skill/77e41477-4ecf-425b-8163-b18a5a54e593,επιλογή και πρόσληψη,,,released,,,"http://data.europa.eu/esco/concept-scheme/skills
http://data.europa.eu/esco/concept-scheme/skills-hierarchy",,S4.7.0
SkillGroup,http://data.europa.eu/esco/skill/77ee8fad-188f-44cf-88ba-4e495a52d604,παροχή βοήθειας για την κάλυψη προσωπικών αναγκών,,,released,,,"http://data.europa.eu/esco/concept-scheme/skills
http://data.europa.eu/esco/concept-scheme/skills-hierarchy",,S3.6.2
SkillGroup,http://data.europa.eu/esco/skill/79f3d574-fcf2-445e-a087-cc774f19b861,χειρισμός εξοπλισμού ή συστημάτων άντλησης,,,released,,,"http://data.europa.eu/esco/concept-scheme/skills
http://data.europa.eu/esco/concept-scheme/skills-hierarchy",,S8.4.3
SkillGroup,http://data.europa.eu/esco/skill/7a00c77c-4a1c-4fd6-a83f-004bda65d81a,εποπτεία ατόμων,,,released,,,"http://data.europa.eu/esco/concept-scheme/skills
http://data.europa.eu/esco/concept-scheme/skills-hierarchy",,S4.8
SkillGroup,http://data.europa.eu/esco/skill/7a163630-7536-4748-a259-aa820d3be44b,παροχή υγειονομικής ή ιατρικής περίθαλψης,,,released,,,"http://data.europa.eu/esco/concept-scheme/skills
http://data.europa.eu/esco/concept-scheme/skills-hierarchy",,S3.2
SkillGroup,http://data.europa.eu/esco/skill/7a8c9402-0550-4966-9ff6-0d65b0f6b1fb,"καθαρισμός εργαλείων, εξοπλισμού, τεμαχίων προς κατεργασία και οχημάτων",,,released,,,"http://data.europa.eu/esco/concept-scheme/skills
http://data.europa.eu/esco/concept-scheme/skills-hierarchy",,S6.11.1
SkillGroup,http://data.europa.eu/esco/skill/7b942071-f688-4600-8d9f-ad4c0306abc7,"εγκατάσταση, συντήρηση και επισκευή ηλεκτρικού, ηλεκτρονικού εξοπλισμού και εξοπλισμού ακριβείας",,,released,,,"http://data.europa.eu/esco/concept-scheme/skills
http://data.europa.eu/esco/concept-scheme/skills-hierarchy",,S8.8
SkillGroup,http://data.europa.eu/esco/skill/7ca69606-5ffc-4668-ae53-713c1f1612e6,χειρισμός επιστημονικού και εργαστηριακού εξοπλισμού,,,released,2023-07-05T09:15:14.695Z,,"http://data.europa.eu/esco/concept-scheme/skills
http://data.europa.eu/esco/concept-scheme/skills-hierarchy",,S8.6.3
SkillGroup,http://data.europa.eu/esco/skill/7de7e3f6-d222-4f08-b3f0-e2deff7ef798,παροχή πληροφοριών και υποστήριξης στους πολίτες και στους πελάτες,,,released,2022-06-19T15:20:39.399Z,,"http://data.europa.eu/esco/concept-scheme/skills
http://data.europa.eu/esco/concept-scheme/skills-hierarchy",,S3.4.0
SkillGroup,http://data.europa.eu/esco/skill/7e0b93e0-0de7-4607-b07f-27a6828d3ff0,ανάπτυξη εκπαιδευτικών προγραμμάτων,,,released,,,"http://data.europa.eu/esco/concept-scheme/skills
http://data.europa.eu/esco/concept-scheme/skills-hierarchy",,S4.1.6
SkillGroup,http://data.europa.eu/esco/skill/7e153e1d-2b12-43ad-89f3-0cf82ebc4a30,διενέργεια ανάλυσης και διαχείρισης κινδύνων,,,released,2023-07-06T10:08:28.9Z,,"http://data.europa.eu/esco/concept-scheme/skills
http://data.europa.eu/esco/concept-scheme/skills-hierarchy",,S2.7.5
SkillGroup,http://data.europa.eu/esco/skill/7eafec38-621a-4b6e-9298-bfe70ec0b253,διεξαγωγή ακαδημαϊκής έρευνας ή έρευνας αγοράς,,,released,2024-07-03T13:25:14.076Z,,"http://data.europa.eu/esco/concept-scheme/skills
http://data.europa.eu/esco/concept-scheme/skills-hierarchy",,S2.1.1
SkillGroup,http://data.europa.eu/esco/skill/7ec00c15-c9bb-4b74-9b8b-681424e9ea2c,χειρισμός μηχανημάτων συσκευασίας,,,released,,,"http://data.europa.eu/esco/concept-scheme/skills
http://data.europa.eu/esco/concept-scheme/skills-hierarchy",,S8.5.2
SkillGroup,http://data.europa.eu/esco/skill/802deca0-b880-4d1a-b366-e13b27621baf,συμμόρφωση με επιχειρησιακές διαδικασίες,,,released,2023-10-26T09:08:06.707Z,,"http://data.europa.eu/esco/concept-scheme/skills
http://data.europa.eu/esco/concept-scheme/skills-hierarchy",,S3.3.3
SkillGroup,http://data.europa.eu/esco/skill/8064ae65-5d1b-44e1-9aaf-246a4285a9a6,τήρηση των νόμων και προτύπων περιβαλλοντικής προστασίας,,,released,2023-07-05T15:35:28.89Z,,"http://data.europa.eu/esco/concept-scheme/skills
http://data.europa.eu/esco/concept-scheme/skills-hierarchy",,S3.3.2
SkillGroup,http://data.europa.eu/esco/skill/8066edda-60e7-4e41-966b-4be09b049ab3,προετοιμασία βιομηχανικών υλικών για μεταποίηση ή χρήση,,,released,2023-06-30T09:28:59.215Z,,"http://data.europa.eu/esco/concept-scheme/skills
http://data.europa.eu/esco/concept-scheme/skills-hierarchy",,S6.3.3
SkillGroup,http://data.europa.eu/esco/skill/80cf002a-6586-4db7-9c9a-88325a9a5e1b,Εφαρμογή δεξιοτήτων και ικανοτήτων στον τομέα του περιβάλλοντος,υιοθέτηση φιλικών προς το περιβάλλον πρακτικών,,released,2021-09-13T17:37:26.558Z,,"http://data.europa.eu/esco/concept-scheme/skills
http://data.europa.eu/esco/concept-scheme/skills-hierarchy
http://data.europa.eu/esco/concept-scheme/skill-transversal-groups","Εξέταση των βραχυπρόθεσμων και μακροπρόθεσμων επιπτώσεων των ατομικών συμπεριφορών στο φυσικό και το κοινωνικό περιβάλλον και υιοθέτηση βιώσιμου τρόπου εργασίας και ζωής. Αναγνώριση της ατομικής και συλλογικής ευθύνης για την προστασία και την αποκατάσταση του τοπικού και του παγκόσμιου περιβάλλοντος και μετάδοση έμπνευσης σε άλλους.
  ",T6.2
SkillGroup,http://data.europa.eu/esco/skill/81d95361-e7dd-4f75-a243-d646a7dd6a28,τελική διαμόρφωση του εσωτερικού και των προσόψεων κατασκευών,,,released,,,"http://data.europa.eu/esco/concept-scheme/skills
http://data.europa.eu/esco/concept-scheme/skills-hierarchy",,S7.3.0
SkillGroup,http://data.europa.eu/esco/skill/81f29457-6d0d-4f46-9e0a-7295c7c6f090,απάντηση σε καταγγελίες,,,released,,,"http://data.europa.eu/esco/concept-scheme/skills
http://data.europa.eu/esco/concept-scheme/skills-hierarchy",,S1.1.3
SkillGroup,http://data.europa.eu/esco/skill/821ecf8f-3c2a-4b89-a9f1-b2aa7fb0b625,καθαρισμός,,,released,,,"http://data.europa.eu/esco/concept-scheme/skills
http://data.europa.eu/esco/concept-scheme/skills-hierarchy",,S6.11
SkillGroup,http://data.europa.eu/esco/skill/82463bb1-85d1-4e99-a4ce-08508fc3b2a3,Παροχή στήριξης σε άλλους,"χρησιμότητα
υποστηρίζουν τους άλλους
παρέχοντας υποστήριξη σε άλλους",,released,2023-10-26T08:00:39.789Z,,"http://data.europa.eu/esco/concept-scheme/skills
http://data.europa.eu/esco/concept-scheme/skills-hierarchy
http://data.europa.eu/esco/concept-scheme/skill-transversal-groups","Καθοδήγηση ή παροχή βοήθειας σε λιγότερο έμπειρα ή λιγότερο καταρτισμένα άτομα και παροχή στήριξης σε αναστατωμένα άτομα.
  ",T4.2
SkillGroup,http://data.europa.eu/esco/skill/8267ecb5-c976-4b6a-809b-4ceecb954967,δεξιότητες και ικανότητες σκέψης,"χρήση λογικής και λογικής
γνωστικές δεξιότητες και ικανότητες",,released,2021-08-30T08:20:35.122Z,,"http://data.europa.eu/esco/concept-scheme/skills
http://data.europa.eu/esco/concept-scheme/skills-hierarchy
http://data.europa.eu/esco/concept-scheme/skill-transversal-groups","Δεξιότητες και ικανότητες που σχετίζονται με την ικανότητα εφαρμογής των πνευματικών διεργασιών της συλλογής, της σύλληψης, της ανάλυσης, της σύνθεσης και/ή της αξιολόγησης πληροφοριών που συλλέγονται ή παράγονται από την παρατήρηση, την πείρα, τον προβληματισμό, τη συλλογιστική ή την επικοινωνία. Περιλαμβάνουν την ικανότητα αξιολόγησης και χρήσης πληροφοριών διαφόρων ειδών για τον σχεδιασμό δραστηριοτήτων, την επίτευξη στόχων, την επίλυση προβλημάτων, την αντιμετώπιση ζητημάτων και την εκτέλεση πολύπλοκων εργασιών με συνηθισμένους και καινοτόμους τρόπους.
  ",T2
SkillGroup,http://data.europa.eu/esco/skill/827de17d-3fc1-4ba5-b4e0-850c51e750c8,συναρμολόγηση και κατασκευή προϊόντων,,,released,,,"http://data.europa.eu/esco/concept-scheme/skills
http://data.europa.eu/esco/concept-scheme/skills-hierarchy",,S6.5.0
SkillGroup,http://data.europa.eu/esco/skill/82c084ea-15e9-4d55-98dc-ede0f767baee,δεξιότητες πληροφόρησης,,,released,2023-07-06T10:17:07.253Z,,"http://data.europa.eu/esco/concept-scheme/skills
http://data.europa.eu/esco/concept-scheme/skills-hierarchy",,S2.0
SkillGroup,http://data.europa.eu/esco/skill/8369011d-de43-4800-bcce-be12e19828a5,αποδοχή παρατηρήσεων,,,released,2022-06-19T14:48:30.73Z,,"http://data.europa.eu/esco/concept-scheme/skills
http://data.europa.eu/esco/concept-scheme/skills-hierarchy",,S1.8.4
SkillGroup,http://data.europa.eu/esco/skill/8427894f-2622-4b97-9366-72234a5fab50,λειτουργία σκαφών,,,released,2020-12-02T16:19:04.329Z,,"http://data.europa.eu/esco/concept-scheme/skills
http://data.europa.eu/esco/concept-scheme/skills-hierarchy",,S8.3
SkillGroup,http://data.europa.eu/esco/skill/842ebeb2-d252-4bde-98fe-e0463f7009db,χρήση ψηφιακών εργαλείων για τον έλεγχο μηχανημάτων,,,released,,,"http://data.europa.eu/esco/concept-scheme/skills
http://data.europa.eu/esco/concept-scheme/skills-hierarchy",,S5.7
SkillGroup,http://data.europa.eu/esco/skill/848c0306-8cbe-4693-a275-d99807c0173c,επικοινωνία και δικτύωση,,,released,2022-06-19T14:48:30.73Z,,"http://data.europa.eu/esco/concept-scheme/skills
http://data.europa.eu/esco/concept-scheme/skills-hierarchy",,S1.2.0
SkillGroup,http://data.europa.eu/esco/skill/85b379e7-e0b7-48b8-baa7-631f50a7cdd5,"επικοινωνία, συνεργασία και δημιουργικότητα",,,released,,,"http://data.europa.eu/esco/concept-scheme/skills
http://data.europa.eu/esco/concept-scheme/skills-hierarchy",,S1.0
SkillGroup,http://data.europa.eu/esco/skill/869fc2ce-478f-4420-8766-e1f02cec4fb2,διοικητικές δεξιότητες,,,released,,,"http://data.europa.eu/esco/concept-scheme/skills
http://data.europa.eu/esco/concept-scheme/skills-hierarchy",,S4
SkillGroup,http://data.europa.eu/esco/skill/872c0ddb-f056-4f51-afac-fc3d6fae0f5b,χειρισμός ιατρικού εξοπλισμού,,,released,,,"http://data.europa.eu/esco/concept-scheme/skills
http://data.europa.eu/esco/concept-scheme/skills-hierarchy",,S8.6.1
SkillGroup,http://data.europa.eu/esco/skill/87dff904-fb74-4d59-972e-1c2387579d94,καθοδήγηση των επιχειρησιακών δραστηριοτήτων,,,released,2023-01-27T11:28:14.096Z,,"http://data.europa.eu/esco/concept-scheme/skills
http://data.europa.eu/esco/concept-scheme/skills-hierarchy",,S4.2.1
SkillGroup,http://data.europa.eu/esco/skill/8826b057-0e80-4e3d-9efc-1e179d597f40,παροχή βοήθειας σε άτομα σχετικά με ζητήματα κινητικότητας,,,released,,,"http://data.europa.eu/esco/concept-scheme/skills
http://data.europa.eu/esco/concept-scheme/skills-hierarchy",,S3.6.1
SkillGroup,http://data.europa.eu/esco/skill/883eab8c-d8a6-4e8b-9b11-7d9001e172ab,σχεδιασμός συστημάτων και προϊόντων,,,released,2020-12-02T16:09:56.551Z,,"http://data.europa.eu/esco/concept-scheme/skills
http://data.europa.eu/esco/concept-scheme/skills-hierarchy",,S1.11.0
SkillGroup,http://data.europa.eu/esco/skill/888f286e-272f-4e54-8a3b-9fa391870618,"φύτευση, κλάδεμα και συγκομιδή σε σχέση με δενδροκαλλιέργειες και άλλα φυτά",,,released,2022-06-07T09:52:51.187Z,,"http://data.europa.eu/esco/concept-scheme/skills
http://data.europa.eu/esco/concept-scheme/skills-hierarchy",,S6.4.2
SkillGroup,http://data.europa.eu/esco/skill/8984a92c-416e-498f-abd3-a9dd819e5c03,εγκατάσταση επενδύσεων δαπέδου και τοίχου,,,released,,,"http://data.europa.eu/esco/concept-scheme/skills
http://data.europa.eu/esco/concept-scheme/skills-hierarchy",,S7.3.4
SkillGroup,http://data.europa.eu/esco/skill/89f8435a-ebc1-42b6-bf5c-496999e99776,παρασκευή τροφίμων και ποτών,,,released,,,"http://data.europa.eu/esco/concept-scheme/skills
http://data.europa.eu/esco/concept-scheme/skills-hierarchy",,S3.5.1
SkillGroup,http://data.europa.eu/esco/skill/8a3b45dc-8299-4b67-99db-6542daf79ac3,ανάπτυξη επαγγελματικών σχέσεων ή δικτύων,,,released,2023-02-17T16:29:39.797Z,,"http://data.europa.eu/esco/concept-scheme/skills
http://data.europa.eu/esco/concept-scheme/skills-hierarchy",,S1.2.3
SkillGroup,http://data.europa.eu/esco/skill/8a57f720-70b3-41de-877c-7d723977dc88,μέτρηση φυσικών ιδιοτήτων,,,released,,,"http://data.europa.eu/esco/concept-scheme/skills
http://data.europa.eu/esco/concept-scheme/skills-hierarchy",,S2.5
SkillGroup,http://data.europa.eu/esco/skill/8bbdf1f1-e943-45fc-af2f-1446cbd88245,χρήση περισσότερων της μίας γλωσσών,,,released,,,"http://data.europa.eu/esco/concept-scheme/skills
http://data.europa.eu/esco/concept-scheme/skills-hierarchy",,S1.15
SkillGroup,http://data.europa.eu/esco/skill/8bde58aa-9d5b-422b-801c-ff9186dd648e,χειρισμός και διάθεση επικίνδυνων υλικών,,,released,2020-12-10T16:33:16.662Z,,"http://data.europa.eu/esco/concept-scheme/skills
http://data.europa.eu/esco/concept-scheme/skills-hierarchy",,S6.13.1
SkillGroup,http://data.europa.eu/esco/skill/8bf9699c-f964-4e4b-ac3d-55aface09cbc,χειρισμός εξοπλισμού παραγωγής ή διανομής ενέργειας,,,released,2023-01-23T20:37:57.924Z,,"http://data.europa.eu/esco/concept-scheme/skills
http://data.europa.eu/esco/concept-scheme/skills-hierarchy",,S8.4.4
SkillGroup,http://data.europa.eu/esco/skill/8c298a9b-e9ea-4396-897d-9aba982df6a0,παροχή συμβουλών σχετικά με εκπαιδευτικά ή επαγγελματικά θέματα,,,released,,,"http://data.europa.eu/esco/concept-scheme/skills
http://data.europa.eu/esco/concept-scheme/skills-hierarchy",,S1.5.8
SkillGroup,http://data.europa.eu/esco/skill/8d80f33a-ab38-429b-a4ed-3b1a6f8f3b4a,χειρισμός μηχανημάτων ανάμειξης και διαχωρισμού,,,released,2023-11-07T09:56:43.087Z,,"http://data.europa.eu/esco/concept-scheme/skills
http://data.europa.eu/esco/concept-scheme/skills-hierarchy",,S8.5.5
SkillGroup,http://data.europa.eu/esco/skill/8da6cd59-61e1-43c4-8dfc-bc69d283ccc7,συσκευασία αντικειμένων,,,released,,,"http://data.europa.eu/esco/concept-scheme/skills
http://data.europa.eu/esco/concept-scheme/skills-hierarchy",,S6.1.3
SkillGroup,http://data.europa.eu/esco/skill/8ddcb295-707e-459c-ba6a-66ffb37835c5,χειρισμός οπτικοακουστικού εξοπλισμού,,,released,2021-03-16T14:30:52.553Z,,"http://data.europa.eu/esco/concept-scheme/skills
http://data.europa.eu/esco/concept-scheme/skills-hierarchy",,S8.6.2
SkillGroup,http://data.europa.eu/esco/skill/8e77453d-3665-4d00-b887-2e9adb29cd15,χειρισμός σιδηροδρομικών οχημάτων,,,released,2022-06-19T15:45:14.266Z,,"http://data.europa.eu/esco/concept-scheme/skills
http://data.europa.eu/esco/concept-scheme/skills-hierarchy",,S8.2.3
SkillGroup,http://data.europa.eu/esco/skill/8eb65708-6a1c-4a11-8b51-ed9331962142,εγκατάσταση και συναρμολόγηση εξοπλισμού ανύψωσης,,,released,,,"http://data.europa.eu/esco/concept-scheme/skills
http://data.europa.eu/esco/concept-scheme/skills-hierarchy",,S7.1.8
SkillGroup,http://data.europa.eu/esco/skill/8ed41305-4abf-4b54-9f8f-0e043d26feba,ανάπτυξη πολιτικών και κατάρτιση νομοθεσίας,,,released,2022-08-02T10:52:47.757Z,,"http://data.europa.eu/esco/concept-scheme/skills
http://data.europa.eu/esco/concept-scheme/skills-hierarchy",,S4.1.4
SkillGroup,http://data.europa.eu/esco/skill/8f9f8b20-ff26-4392-b04f-695dcde5b90a,παρουσίαση ερευνητικών ή τεχνικών πληροφοριών,,,released,2022-06-19T15:45:14.266Z,,"http://data.europa.eu/esco/concept-scheme/skills
http://data.europa.eu/esco/concept-scheme/skills-hierarchy",,S1.4.2
SkillGroup,http://data.europa.eu/esco/skill/8fde007e-ea4c-48c2-84c5-752834acd31d,"διενέργεια μελετών, ερευνών και εξετάσεων",,,released,2023-02-21T15:14:24.011Z,,"http://data.europa.eu/esco/concept-scheme/skills
http://data.europa.eu/esco/concept-scheme/skills-hierarchy",,S2.1.0
SkillGroup,http://data.europa.eu/esco/skill/906211b3-afed-4a2b-b5e1-33f2885fee85,εκτέλεση γενικών γραμματειακών και διοικητικών καθηκόντων,,,released,,,"http://data.europa.eu/esco/concept-scheme/skills
http://data.europa.eu/esco/concept-scheme/skills-hierarchy",,S4.4.3
SkillGroup,http://data.europa.eu/esco/skill/91860993-1a8b-4473-91f3-600aa1924bd0,Προδραστική προσέγγιση,"να είστε προνοητικοί
προορατική προσωπικότητα
αναγνώριση ευκαιριών
αναγνώριση των ευκαιριών
εντοπισμός ευκαιριών",,released,2021-08-30T16:01:08.179Z,,"http://data.europa.eu/esco/concept-scheme/skills
http://data.europa.eu/esco/concept-scheme/skills-hierarchy
http://data.europa.eu/esco/concept-scheme/skill-transversal-groups","Ανάληψη ευθυνών για τη διαχείριση δραστηριοτήτων και υιοθέτηση μακρόπνοης προσέγγισης για την πρόβλεψη προβλημάτων, αλλά και για τον εντοπισμό ευκαιριών.
  ",T3.2
SkillGroup,http://data.europa.eu/esco/skill/91b0b918-942e-4661-b88c-70b9396529e5,συλλογική εργασία,,,released,2021-12-17T12:53:52.273Z,,"http://data.europa.eu/esco/concept-scheme/skills
http://data.europa.eu/esco/concept-scheme/skills-hierarchy",,S1.8.0
SkillGroup,http://data.europa.eu/esco/skill/925af2b5-2f4d-4cce-92cc-79e1ff887c7d,Τήρηση κώδικα δεοντολογίας,"επιφυλάξεις
πεποιθήσεις
ηθική
χειρισμός αξιών
προσανατολισμός αξίας
δεοντολογία
αξίες",,released,2021-09-03T15:52:21.316Z,,"http://data.europa.eu/esco/concept-scheme/skills
http://data.europa.eu/esco/concept-scheme/skills-hierarchy
http://data.europa.eu/esco/concept-scheme/skill-transversal-groups","Διεξαγωγή δραστηριοτήτων στον χώρο εργασίας σύμφωνα με τις αποδεκτές αρχές περί σωστού και λάθους, συμπεριλαμβανομένης της δικαιοσύνης, της διαφάνειας και της αμεροληψίας όσον αφορά τις εργασιακές πρακτικές και τη συμπεριφορά απέναντι σε άλλους.
  ",T4.5
SkillGroup,http://data.europa.eu/esco/skill/92fc9726-5b5e-439e-a33c-06a8c63fbb9a,κατανομή και έλεγχος των πόρων,,,released,2021-12-17T12:49:57.067Z,,"http://data.europa.eu/esco/concept-scheme/skills
http://data.europa.eu/esco/concept-scheme/skills-hierarchy",,S4.3.0
SkillGroup,http://data.europa.eu/esco/skill/95bf4552-6d5b-41dc-b990-53ace372f705,"τεκμηρίωση τεχνικών σχεδίων, διαδικασιών, προβλημάτων ή δραστηριοτήτων",,,released,,,"http://data.europa.eu/esco/concept-scheme/skills
http://data.europa.eu/esco/concept-scheme/skills-hierarchy",,S2.2.6
SkillGroup,http://data.europa.eu/esco/skill/969845ce-6895-44a8-a3d2-b8c2d8b5de21,φροντίδα παιδιών,,,released,,,"http://data.europa.eu/esco/concept-scheme/skills
http://data.europa.eu/esco/concept-scheme/skills-hierarchy",,S3.6.3
SkillGroup,http://data.europa.eu/esco/skill/97ff8a90-ec21-4f13-9b58-22cc9fc47221,εγκατάσταση δομικών υλικών τοιχοποιίας,,,released,,,"http://data.europa.eu/esco/concept-scheme/skills
http://data.europa.eu/esco/concept-scheme/skills-hierarchy",,S7.1.1
SkillGroup,http://data.europa.eu/esco/skill/9827c329-3492-4e8d-852c-da0894228ff6,κατανομή και έλεγχος των πόρων,,,released,,,"http://data.europa.eu/esco/concept-scheme/skills
http://data.europa.eu/esco/concept-scheme/skills-hierarchy",,S4.3
SkillGroup,http://data.europa.eu/esco/skill/98fb499f-9155-412d-a8a0-95ba97126fec,χρήση ψηφιακών εργαλείων για συνεργασία και παραγωγικότητα,,,released,2023-06-30T08:18:14.318Z,,"http://data.europa.eu/esco/concept-scheme/skills
http://data.europa.eu/esco/concept-scheme/skills-hierarchy",,S5.6.1
SkillGroup,http://data.europa.eu/esco/skill/9a540c0f-81c0-4687-a14b-e9196d9af6c0,παροχή οδηγιών,,,released,2023-10-27T15:23:01.397Z,,"http://data.europa.eu/esco/concept-scheme/skills
http://data.europa.eu/esco/concept-scheme/skills-hierarchy",,S1.8.2
SkillGroup,http://data.europa.eu/esco/skill/9adca63b-9c75-4804-8dab-d62872540a10,Άριστη γνώση γλωσσών,"γλωσσική επάρκεια
πολυγλωσσία
ταλέντο στις γλώσσες
γλωσσικές δεξιότητες",,released,2023-11-22T12:48:36.576Z,,"http://data.europa.eu/esco/concept-scheme/skills
http://data.europa.eu/esco/concept-scheme/skills-hierarchy
http://data.europa.eu/esco/concept-scheme/skill-transversal-groups","Επικοινωνία μέσω ανάγνωσης, γραφής, ομιλίας και ακρόασης στη μητρική γλώσσα και/ή σε ξένη γλώσσα.
  ",T1.1
SkillGroup,http://data.europa.eu/esco/skill/9b8bb484-dcba-49af-8ae0-cfe8b6e9ed45,χειρισμός μηχανημάτων και ειδικού εξοπλισμού,,,released,,,"http://data.europa.eu/esco/concept-scheme/skills
http://data.europa.eu/esco/concept-scheme/skills-hierarchy",,S8
SkillGroup,http://data.europa.eu/esco/skill/9bdf8a77-8524-43da-bac6-d15d22e1b7ed,εισαγωγή και μετατροπή πληροφοριών,,,released,,,"http://data.europa.eu/esco/concept-scheme/skills
http://data.europa.eu/esco/concept-scheme/skills-hierarchy",,S2.4.2
SkillGroup,http://data.europa.eu/esco/skill/9c17f73f-345c-4c55-8b59-47b445941b7b,διαμεσολάβηση και επίλυση διαφορών,,,released,2021-12-17T12:56:02.187Z,,"http://data.europa.eu/esco/concept-scheme/skills
http://data.europa.eu/esco/concept-scheme/skills-hierarchy",,S1.1.2
SkillGroup,http://data.europa.eu/esco/skill/9d0d6866-cd91-490b-9e3a-d0914ad95a2e,χειρισμός ζώων,,,released,2021-09-15T09:05:01.998Z,,"http://data.europa.eu/esco/concept-scheme/skills
http://data.europa.eu/esco/concept-scheme/skills-hierarchy",,S6.9.0
SkillGroup,http://data.europa.eu/esco/skill/9f6f5c32-2770-4257-bd66-adc29442ff20,εγκατάσταση εσωτερικών ή εξωτερικών υποδομών,,,released,,,"http://data.europa.eu/esco/concept-scheme/skills
http://data.europa.eu/esco/concept-scheme/skills-hierarchy",,S7.2
SkillGroup,http://data.europa.eu/esco/skill/a0ad9ea8-9620-4aba-a836-cbdd16e12880,"χειρισμός μηχανημάτων για την παρασκευή και επεξεργασία κλωστοϋφαντουργικών προϊόντων, γούνινων και δερμάτινων ειδών",,,released,,,"http://data.europa.eu/esco/concept-scheme/skills
http://data.europa.eu/esco/concept-scheme/skills-hierarchy",,S8.5.3
SkillGroup,http://data.europa.eu/esco/skill/a19c5139-1250-4a60-9c31-a3243cca06cc,επικοινωνία με συναδέλφους και πελάτες,,,released,2022-07-15T14:44:44.924Z,,"http://data.europa.eu/esco/concept-scheme/skills
http://data.europa.eu/esco/concept-scheme/skills-hierarchy",,S1.2.1
SkillGroup,http://data.europa.eu/esco/skill/a4cf0e8a-54f6-4fd5-8650-1c82ea86cfd2,χειρισμός μηχανημάτων και ειδικού εξοπλισμού,,,released,,,"http://data.europa.eu/esco/concept-scheme/skills
http://data.europa.eu/esco/concept-scheme/skills-hierarchy",,S8.0.0
SkillGroup,http://data.europa.eu/esco/skill/a5524d0d-38e5-4cfc-96c4-46c3c6df3dd1,λειτουργία κινητού εξοπλισμού,,,released,,,"http://data.europa.eu/esco/concept-scheme/skills
http://data.europa.eu/esco/concept-scheme/skills-hierarchy",,S8.1.0
SkillGroup,http://data.europa.eu/esco/skill/a556a3db-cd48-42a5-825c-f95f6f5ccbfe,δημιουργία διατάξεων οπτικής απεικόνισης και διακοσμήσεων,,,released,2020-12-07T15:05:05.027Z,,"http://data.europa.eu/esco/concept-scheme/skills
http://data.europa.eu/esco/concept-scheme/skills-hierarchy",,S1.12.1
SkillGroup,http://data.europa.eu/esco/skill/a60b664f-bb07-4dd1-8dfa-134a0827f8da,χειρισμός εξοπλισμού ανύψωσης ή μετακίνησης,,,released,,,"http://data.europa.eu/esco/concept-scheme/skills
http://data.europa.eu/esco/concept-scheme/skills-hierarchy",,S8.1.3
SkillGroup,http://data.europa.eu/esco/skill/a6b0802f-4c20-4123-8a84-d6c8631fedb1,"εγκατάσταση, συντήρηση και επισκευή ηλεκτρικού, ηλεκτρονικού εξοπλισμού και εξοπλισμού ακριβείας",,,released,,,"http://data.europa.eu/esco/concept-scheme/skills
http://data.europa.eu/esco/concept-scheme/skills-hierarchy",,S8.8.0
SkillGroup,http://data.europa.eu/esco/skill/a6c3bda0-c759-495e-b2c5-062b3abe2097,εφαρμογή νέων διαδικασιών ή διεργασιών,,,released,2020-12-07T11:25:11.191Z,,"http://data.europa.eu/esco/concept-scheme/skills
http://data.europa.eu/esco/concept-scheme/skills-hierarchy",,S1.9.2
SkillGroup,http://data.europa.eu/esco/skill/a7065828-10aa-4aba-b7d4-f23a30df5060,"εγκατάσταση και επισκευή εξοπλισμού ηλεκτρικού, ηλεκτρονικού και ακριβείας",,,released,2020-12-10T10:29:22.935Z,,"http://data.europa.eu/esco/concept-scheme/skills
http://data.europa.eu/esco/concept-scheme/skills-hierarchy",,S8.8.1
SkillGroup,http://data.europa.eu/esco/skill/a7956044-f468-4bc1-a83c-a8821b903a09,"χειρισμός μηχανημάτων κοπής, λείανσης και στίλβωσης",,,released,,,"http://data.europa.eu/esco/concept-scheme/skills
http://data.europa.eu/esco/concept-scheme/skills-hierarchy",,S8.5.8
SkillGroup,http://data.europa.eu/esco/skill/a8c3186b-c791-4d57-8f4f-4d12c7a5c6a7,προγραμματισμός συστημάτων ηλεκτρονικών υπολογιστών,,,released,2023-07-06T10:23:05.54Z,,"http://data.europa.eu/esco/concept-scheme/skills
http://data.europa.eu/esco/concept-scheme/skills-hierarchy",,S5.1.0
SkillGroup,http://data.europa.eu/esco/skill/a96b31dd-d72a-4c89-8947-524f14a16f82,"χειρισμός μηχανημάτων εξόρυξης μεταλλευμάτων, γεωτρήσεων και επεξεργασίας ορυκτών",,,released,,,"http://data.europa.eu/esco/concept-scheme/skills
http://data.europa.eu/esco/concept-scheme/skills-hierarchy",,S8.4.1
SkillGroup,http://data.europa.eu/esco/skill/a9703c5e-7fef-40d8-8fed-e5b31cc76818,συντήρηση μηχανημάτων και μηχανών,,,released,2022-06-19T12:20:52.48Z,,"http://data.europa.eu/esco/concept-scheme/skills
http://data.europa.eu/esco/concept-scheme/skills-hierarchy",,S8.7.3
SkillGroup,http://data.europa.eu/esco/skill/aab9f44d-fe0e-46d8-a470-11ce82a64846,εποπτεία ομάδας,,,released,2022-12-05T13:39:47.179Z,,"http://data.europa.eu/esco/concept-scheme/skills
http://data.europa.eu/esco/concept-scheme/skills-hierarchy",,S4.8.1
SkillGroup,http://data.europa.eu/esco/skill/ab877a24-335d-4676-b366-c5c06651481a,"επικοινωνία, συνεργασία και δημιουργικότητα",,,released,2021-12-17T12:50:41.929Z,,"http://data.europa.eu/esco/concept-scheme/skills
http://data.europa.eu/esco/concept-scheme/skills-hierarchy",,S1.0.0
SkillGroup,http://data.europa.eu/esco/skill/ab99d9a7-62eb-407b-92f2-bf7992a82004,δημιουργία καλλιτεχνικών σχεδίων ή παραστάσεων,,,released,2022-06-21T09:05:08.279Z,,"http://data.europa.eu/esco/concept-scheme/skills
http://data.europa.eu/esco/concept-scheme/skills-hierarchy",,S1.12.3
SkillGroup,http://data.europa.eu/esco/skill/ac88053e-c9b5-43cf-ace1-f506bcfdc8cb,παραστάσεις και ψυχαγωγία,,,released,,,"http://data.europa.eu/esco/concept-scheme/skills
http://data.europa.eu/esco/concept-scheme/skills-hierarchy",,S1.14
SkillGroup,http://data.europa.eu/esco/skill/aca5081a-ceb0-4028-9cc5-1daafd4f86f9,ανάπτυξη λύσεων,,,released,2023-06-29T15:54:08.629Z,,"http://data.europa.eu/esco/concept-scheme/skills
http://data.europa.eu/esco/concept-scheme/skills-hierarchy",,S1.9.1
SkillGroup,http://data.europa.eu/esco/skill/ad326fa7-f2e9-4421-8426-bc0c2e167143,παρουσίαση πληροφοριών σχετικά με νομικές διαδικασίες,,,released,,,"http://data.europa.eu/esco/concept-scheme/skills
http://data.europa.eu/esco/concept-scheme/skills-hierarchy",,S1.4.3
SkillGroup,http://data.europa.eu/esco/skill/af84405b-896d-4ed3-9462-077ea9a2a188,συνεργασία και διασύνδεση,,,released,2024-01-25T10:32:26.775Z,,"http://data.europa.eu/esco/concept-scheme/skills
http://data.europa.eu/esco/concept-scheme/skills-hierarchy",,S1.2.5
SkillGroup,http://data.europa.eu/esco/skill/afe3d82e-4a40-4aa4-a4e9-a6097c4a391e,συγγραφή και σύνθεση,,,released,,,"http://data.europa.eu/esco/concept-scheme/skills
http://data.europa.eu/esco/concept-scheme/skills-hierarchy",,S1.13.0
SkillGroup,http://data.europa.eu/esco/skill/b036eb5c-6a48-45b9-b2c6-f42f9e336204,παροχή συμβουλών σχετικά με επιχειρηματικά ή επιχειρησιακά θέματα,,,released,,,"http://data.europa.eu/esco/concept-scheme/skills
http://data.europa.eu/esco/concept-scheme/skills-hierarchy",,S1.5.7
SkillGroup,http://data.europa.eu/esco/skill/b1115b14-fa16-4c1e-be6c-91fd49a1808b,χρήση εργαλείων σχεδιασμού και σχεδίασης με τη βοήθεια ηλεκτρονικού υπολογιστή,,,released,2022-06-22T14:11:44.883Z,,"http://data.europa.eu/esco/concept-scheme/skills
http://data.europa.eu/esco/concept-scheme/skills-hierarchy",,S5.6.3
SkillGroup,http://data.europa.eu/esco/skill/b2c688b0-9106-466d-8b88-eafdfe608e7d,σχεδιασμός δομών ή εγκαταστάσεων,,,released,2024-01-29T16:27:05.118Z,,"http://data.europa.eu/esco/concept-scheme/skills
http://data.europa.eu/esco/concept-scheme/skills-hierarchy",,S1.11.4
SkillGroup,http://data.europa.eu/esco/skill/b309d4f5-56f5-41c6-b712-92d1ed85b965,εκτέλεση διοικητικών δραστηριοτήτων,,,released,,,"http://data.europa.eu/esco/concept-scheme/skills
http://data.europa.eu/esco/concept-scheme/skills-hierarchy",,S4.4.0
SkillGroup,http://data.europa.eu/esco/skill/b32ef8a5-e3f7-40ef-8b40-913c003e1f4e,"κατάρτιση οικονομικών εγγράφων, αρχείων, εκθέσεων ή προϋπολογισμών",,,released,2020-12-10T22:08:37.954Z,,"http://data.europa.eu/esco/concept-scheme/skills
http://data.europa.eu/esco/concept-scheme/skills-hierarchy",,S2.2.1
SkillGroup,http://data.europa.eu/esco/skill/b590d4e5-7c62-4b4a-abc2-c270b482e0ce,σχεδιασμός συστημάτων ή εφαρμογών τπε,,,released,2023-07-06T12:54:51.284Z,,"http://data.europa.eu/esco/concept-scheme/skills
http://data.europa.eu/esco/concept-scheme/skills-hierarchy",,S1.11.1
SkillGroup,http://data.europa.eu/esco/skill/b593afe4-4179-4a83-9f05-21c8d32d8113,παρασκευή και σερβίρισμα τροφίμων και ποτών,,,released,,,"http://data.europa.eu/esco/concept-scheme/skills
http://data.europa.eu/esco/concept-scheme/skills-hierarchy",,S3.5.0
SkillGroup,http://data.europa.eu/esco/skill/b76cd1e5-d5e7-464a-b7bb-4164d3616452,επικοινωνία και δικτύωση,,,released,,,"http://data.europa.eu/esco/concept-scheme/skills
http://data.europa.eu/esco/concept-scheme/skills-hierarchy",,S1.2
SkillGroup,http://data.europa.eu/esco/skill/b7c82b1b-cff9-4641-a62f-e4e28395eade,καλλιέργεια γαιών και παραγωγή σοδιάς,,,released,2024-07-03T13:05:04.582Z,,"http://data.europa.eu/esco/concept-scheme/skills
http://data.europa.eu/esco/concept-scheme/skills-hierarchy",,S6.4.1
SkillGroup,http://data.europa.eu/esco/skill/b7e752ec-7b2e-46e6-ac24-8b1233609c31,καθοδήγηση και παροχή κινήτρων,,,released,2022-07-15T14:44:44.924Z,,"http://data.europa.eu/esco/concept-scheme/skills
http://data.europa.eu/esco/concept-scheme/skills-hierarchy",,S4.5.0
SkillGroup,http://data.europa.eu/esco/skill/b82b2bad-41dd-40af-8242-e7d59a2ce786,"σφυρηλάτηση, κάρφωμα και ήλωση",,,released,,,"http://data.europa.eu/esco/concept-scheme/skills
http://data.europa.eu/esco/concept-scheme/skills-hierarchy",,S6.7.5
SkillGroup,http://data.europa.eu/esco/skill/b84813aa-6c44-4d58-a240-556c2060fb4e,παροχή βοήθειας και φροντίδας,,,released,2021-09-30T13:20:52.1Z,,"http://data.europa.eu/esco/concept-scheme/skills
http://data.europa.eu/esco/concept-scheme/skills-hierarchy",,S3.0.0
SkillGroup,http://data.europa.eu/esco/skill/b85711bc-32d6-42af-ae0f-e2e566d0dfca,παρασκευή και σερβίρισμα τροφίμων και ποτών,,,released,,,"http://data.europa.eu/esco/concept-scheme/skills
http://data.europa.eu/esco/concept-scheme/skills-hierarchy",,S3.5
SkillGroup,http://data.europa.eu/esco/skill/b85caa4a-f04b-4331-80df-11404fd71225,"εγκατάσταση εξοπλισμού θέρμανσης, αερισμού και κλιματισμού",,,released,2020-12-08T11:23:48.839Z,,"http://data.europa.eu/esco/concept-scheme/skills
http://data.europa.eu/esco/concept-scheme/skills-hierarchy",,S7.2.1
SkillGroup,http://data.europa.eu/esco/skill/b88bddd4-210e-405f-bbdf-729bb66605a0,"συνταγογράφηση και παραγγελία ιατρικών εξετάσεων, θεραπειών ή συσκευών",,,released,,,"http://data.europa.eu/esco/concept-scheme/skills
http://data.europa.eu/esco/concept-scheme/skills-hierarchy",,S3.2.5
SkillGroup,http://data.europa.eu/esco/skill/b8e142fe-e508-42b1-b037-efebcefac3a7,συναρμολόγηση και κατασκευή προϊόντων,,,released,,,"http://data.europa.eu/esco/concept-scheme/skills
http://data.europa.eu/esco/concept-scheme/skills-hierarchy",,S6.5
SkillGroup,http://data.europa.eu/esco/skill/b917784a-d7c9-437c-be6e-0de41067fa62,εκτίμηση των αναγκών σε πόρους,,,released,,,"http://data.europa.eu/esco/concept-scheme/skills
http://data.europa.eu/esco/concept-scheme/skills-hierarchy",,S2.6.3
SkillGroup,http://data.europa.eu/esco/skill/b94686e3-cce5-47a2-a8d8-402a0d0ed44e,βασικές δεξιότητες και ικανότητες,,,released,2021-08-30T09:44:37.419Z,,"http://data.europa.eu/esco/concept-scheme/skills
http://data.europa.eu/esco/concept-scheme/skills-hierarchy
http://data.europa.eu/esco/concept-scheme/skill-transversal-groups","Δεξιότητες και ικανότητες που αποτελούν το θεμέλιο της αλληλεπίδρασης με άλλους και της ανάπτυξης και μάθησης ως ατόμου. Περιλαμβάνουν την ικανότητα κατανόησης, ομιλίας, ανάγνωσης και γραφής γλωσσών, εργασίας με αριθμούς και μονάδες μέτρησης και χρήσης ψηφιακών συσκευών και εφαρμογών.
  ",T1
SkillGroup,http://data.europa.eu/esco/skill/b975836b-d9b9-4724-88da-9a82b856e74b,καταχώριση νομικών πληροφοριών,,,released,,,"http://data.europa.eu/esco/concept-scheme/skills
http://data.europa.eu/esco/concept-scheme/skills-hierarchy",,S2.2.2
SkillGroup,http://data.europa.eu/esco/skill/b99283cd-b908-4100-baa5-112692ac22b8,"προώθηση, πώληση και αγορά",,,released,,,"http://data.europa.eu/esco/concept-scheme/skills
http://data.europa.eu/esco/concept-scheme/skills-hierarchy",,S1.6
SkillGroup,http://data.europa.eu/esco/skill/ba1f6201-b206-4459-b178-706db34a851d,ανάλυση επιστημονικών και ιατρικών δεδομένων,,,released,2020-12-11T09:22:19.086Z,,"http://data.europa.eu/esco/concept-scheme/skills
http://data.europa.eu/esco/concept-scheme/skills-hierarchy",,S2.7.2
SkillGroup,http://data.europa.eu/esco/skill/bb99a123-88be-42a2-8758-f5a18e06ccc6,λήψη αποφάσεων,,,released,2022-08-02T10:46:51.743Z,,"http://data.europa.eu/esco/concept-scheme/skills
http://data.europa.eu/esco/concept-scheme/skills-hierarchy",,S4.9
SkillGroup,http://data.europa.eu/esco/skill/bd1242ec-6dd5-4c7d-bf79-8de6be3b3815,συναρμολόγηση μηχανικών προϊόντων,,,released,,,"http://data.europa.eu/esco/concept-scheme/skills
http://data.europa.eu/esco/concept-scheme/skills-hierarchy",,S6.5.4
SkillGroup,http://data.europa.eu/esco/skill/bdf2aa76-360d-429d-a967-bdb691f241fa,"χειρισμός καμίνων, κλιβάνων και εξοπλισμού ξήρανσης",,,released,,,"http://data.europa.eu/esco/concept-scheme/skills
http://data.europa.eu/esco/concept-scheme/skills-hierarchy",,S8.4.7
SkillGroup,http://data.europa.eu/esco/skill/be7443ff-0747-43b8-8720-8e87fd34e692,επίλυση προβλημάτων,,,released,,,"http://data.europa.eu/esco/concept-scheme/skills
http://data.europa.eu/esco/concept-scheme/skills-hierarchy",,S1.9
SkillGroup,http://data.europa.eu/esco/skill/bf4196e4-839c-4f5f-b13b-eeed07ede160,χειρισμός βιομηχανικού εξοπλισμού ακριβείας,,,released,2020-12-10T16:29:46.835Z,,"http://data.europa.eu/esco/concept-scheme/skills
http://data.europa.eu/esco/concept-scheme/skills-hierarchy",,S8.6.5
SkillGroup,http://data.europa.eu/esco/skill/bf4822d3-1f66-499d-afc9-151a9ba33e58,προετοιμασία μειγμάτων ή διαλυμάτων,,,released,2020-12-09T08:40:02.853Z,,"http://data.europa.eu/esco/concept-scheme/skills
http://data.europa.eu/esco/concept-scheme/skills-hierarchy",,S6.3.1
SkillGroup,http://data.europa.eu/esco/skill/bffa732b-12ab-4214-a4b3-498598820b1c,ανάθεση εργασιών σε τρίτους,,,released,2021-12-17T12:57:57.543Z,,"http://data.europa.eu/esco/concept-scheme/skills
http://data.europa.eu/esco/concept-scheme/skills-hierarchy",,S4.8.2
SkillGroup,http://data.europa.eu/esco/skill/c098d6c1-dfee-4b02-8ce5-c6d80c98e18b,μετατροπή και ανάμειξη υλικών,,,released,,,"http://data.europa.eu/esco/concept-scheme/skills
http://data.europa.eu/esco/concept-scheme/skills-hierarchy",,S6.3.0
SkillGroup,http://data.europa.eu/esco/skill/c1a13ee0-b00d-4cfa-a22c-20d284e398b0,διοικητικές δεξιότητες,,,released,,,"http://data.europa.eu/esco/concept-scheme/skills
http://data.europa.eu/esco/concept-scheme/skills-hierarchy",,S4.0
SkillGroup,http://data.europa.eu/esco/skill/c1bd0ed6-053c-4703-981e-eaec5e57de18,τήρηση ή προετοιμασία ιατρικών εγγράφων,,,released,2022-06-19T15:45:14.266Z,,"http://data.europa.eu/esco/concept-scheme/skills
http://data.europa.eu/esco/concept-scheme/skills-hierarchy",,S2.2.4
SkillGroup,http://data.europa.eu/esco/skill/c206d301-14b0-4bea-8028-a3749303a512,παρακολούθηση και αξιολόγηση των επιδόσεων των ατόμων,,,released,2023-10-26T08:00:53.455Z,,"http://data.europa.eu/esco/concept-scheme/skills
http://data.europa.eu/esco/concept-scheme/skills-hierarchy",,S4.8.3
SkillGroup,http://data.europa.eu/esco/skill/c20ac175-3aab-4aaa-9b9e-784c2dfb59cd,εκτέλεση χρηματοοικονομικών συναλλαγών,,,released,,,"http://data.europa.eu/esco/concept-scheme/skills
http://data.europa.eu/esco/concept-scheme/skills-hierarchy",,S4.4.2
SkillGroup,http://data.europa.eu/esco/skill/c23e0a2f-f04b-45bc-b0dd-20571f6b502c,ανάπτυξη επιχειρησιακών πολιτικών και διαδικασιών,,,released,2022-06-21T15:59:58.885Z,,"http://data.europa.eu/esco/concept-scheme/skills
http://data.europa.eu/esco/concept-scheme/skills-hierarchy",,S4.1.3
SkillGroup,http://data.europa.eu/esco/skill/c34b06c4-d164-4e49-a784-89d47de42ec2,"σχεδιασμός βιομηχανικών υλικών, συστημάτων ή προϊόντων",,,released,2020-12-07T15:23:03.877Z,,"http://data.europa.eu/esco/concept-scheme/skills
http://data.europa.eu/esco/concept-scheme/skills-hierarchy",,S1.11.5
SkillGroup,http://data.europa.eu/esco/skill/c4376e35-add7-43a0-8b2e-f5741f0df8fe,διενέργεια εγκληματολογικών και αστυνομικών ερευνών,,,released,2024-01-25T11:04:06.314Z,,"http://data.europa.eu/esco/concept-scheme/skills
http://data.europa.eu/esco/concept-scheme/skills-hierarchy",,S2.1.4
SkillGroup,http://data.europa.eu/esco/skill/c46fcb45-5c14-4ffa-abed-5a43f104bb22,γνώσεις,,,released,,,"http://data.europa.eu/esco/concept-scheme/skills
http://data.europa.eu/esco/concept-scheme/skills-hierarchy",,K
SkillGroup,http://data.europa.eu/esco/skill/c53a55a1-8b2b-4d2c-b12d-626742a3833a,χρήση ψηφιακών εργαλείων για την επεξεργασία ήχου και εικόνας,,,released,2020-12-03T09:34:17.228Z,,"http://data.europa.eu/esco/concept-scheme/skills
http://data.europa.eu/esco/concept-scheme/skills-hierarchy",,S5.6.4
SkillGroup,http://data.europa.eu/esco/skill/c54a0a94-9d45-4697-b7cb-f7eaef839031,οδήγηση βαρέων οχημάτων,,,released,,,"http://data.europa.eu/esco/concept-scheme/skills
http://data.europa.eu/esco/concept-scheme/skills-hierarchy",,S8.2.1
SkillGroup,http://data.europa.eu/esco/skill/c57c0294-9940-4626-8954-08055bc242ba,εποπτεία ατόμων,,,released,,,"http://data.europa.eu/esco/concept-scheme/skills
http://data.europa.eu/esco/concept-scheme/skills-hierarchy",,S4.8.0
SkillGroup,http://data.europa.eu/esco/skill/c5b71c57-6f78-4c54-b332-ec75848f1095,"διενέργεια μελετών, ερευνών και εξετάσεων",,,released,,,"http://data.europa.eu/esco/concept-scheme/skills
http://data.europa.eu/esco/concept-scheme/skills-hierarchy",,S2.1
SkillGroup,http://data.europa.eu/esco/skill/c5ff50d7-97d3-401e-90ac-e5ae756a52de,παρακολούθηση των υγειονομικών συνθηκών ανθρώπων και ζώων,,,released,2024-01-02T09:05:27.449Z,,"http://data.europa.eu/esco/concept-scheme/skills
http://data.europa.eu/esco/concept-scheme/skills-hierarchy",,S2.8.6
SkillGroup,http://data.europa.eu/esco/skill/c73521be-c039-4e22-b037-3b01b3f6f9d9,παροχή βοήθειας και φροντίδας,,,released,,,"http://data.europa.eu/esco/concept-scheme/skills
http://data.europa.eu/esco/concept-scheme/skills-hierarchy",,S3
SkillGroup,http://data.europa.eu/esco/skill/c75655c3-ed29-441e-b403-4dd65bc891a5,παροχή ιατρικών συμβουλών,,,released,2023-10-27T14:03:02.868Z,,"http://data.europa.eu/esco/concept-scheme/skills
http://data.europa.eu/esco/concept-scheme/skills-hierarchy",,S1.5.4
SkillGroup,http://data.europa.eu/esco/skill/c7f96545-46c4-451a-b284-014f4baed5ed,λήψη αποφάσεων,,,released,2021-12-17T12:52:46.944Z,,"http://data.europa.eu/esco/concept-scheme/skills
http://data.europa.eu/esco/concept-scheme/skills-hierarchy",,S4.9.0
SkillGroup,http://data.europa.eu/esco/skill/c85f95ae-34fb-487b-b3d5-10803eee619d,"δημιουργία καλλιτεχνικού, οπτικού και εκπαιδευτικού υλικού",,,released,,,"http://data.europa.eu/esco/concept-scheme/skills
http://data.europa.eu/esco/concept-scheme/skills-hierarchy",,S1.12
SkillGroup,http://data.europa.eu/esco/skill/c8f4aad2-ea23-49a2-9708-a6049c2d28ce,χρήση εξοπλισμού μέτρησης ακριβείας,,,released,2020-12-10T17:46:15.65Z,,"http://data.europa.eu/esco/concept-scheme/skills
http://data.europa.eu/esco/concept-scheme/skills-hierarchy",,S8.6.6
SkillGroup,http://data.europa.eu/esco/skill/ca5b2cf4-0f3e-4c47-b496-12d812a7e5d9,διακίνηση και χειρισμός,,,released,,,"http://data.europa.eu/esco/concept-scheme/skills
http://data.europa.eu/esco/concept-scheme/skills-hierarchy",,S6.0.0
SkillGroup,http://data.europa.eu/esco/skill/cab71b2a-4b65-4e98-a7a9-0b20c39fc248,χειρισμός μηχανημάτων και ειδικού εξοπλισμού,,,released,,,"http://data.europa.eu/esco/concept-scheme/skills
http://data.europa.eu/esco/concept-scheme/skills-hierarchy",,S8.0
SkillGroup,http://data.europa.eu/esco/skill/cacc62f3-2df4-4cc3-9d5d-0d014db56bd9,"χρήση ψηφιακών εργαλείων για συνεργασία, δημιουργία περιεχομένου και επίλυση προβλημάτων",,,released,,,"http://data.europa.eu/esco/concept-scheme/skills
http://data.europa.eu/esco/concept-scheme/skills-hierarchy",,S5.6
SkillGroup,http://data.europa.eu/esco/skill/caede8f1-6658-4d78-9eb4-2ad2c7ebf09b,διδασκαλία και κατάρτιση,,,released,2021-09-30T15:58:04.159Z,,"http://data.europa.eu/esco/concept-scheme/skills
http://data.europa.eu/esco/concept-scheme/skills-hierarchy",,S1.3.0
SkillGroup,http://data.europa.eu/esco/skill/cbe1b24e-00f3-4b17-94e9-1fcd34a11c3e,προσδιορισμός ευκαιριών,,,released,2023-07-06T10:18:55.77Z,,"http://data.europa.eu/esco/concept-scheme/skills
http://data.europa.eu/esco/concept-scheme/skills-hierarchy",,S4.1.1
SkillGroup,http://data.europa.eu/esco/skill/ccb6db6a-8538-431c-b740-5f241bdb71cf,Χειρισμός και έλεγχος αντικειμένων και εξοπλισμού,"ανύψωση, μετακίνηση και τοποθέτηση αντικειμένων
εκτέλεση σωματικών εργασιών και δραστηριοτήτων",,released,2021-08-30T16:48:17.42Z,,"http://data.europa.eu/esco/concept-scheme/skills
http://data.europa.eu/esco/concept-scheme/skills-hierarchy
http://data.europa.eu/esco/concept-scheme/skill-transversal-groups","Μετακίνηση ή ανύψωση αντικειμένων, ή χρήση εξοπλισμού, εργαλείων ή τεχνολογίας με ακρίβεια.
  ",T5.1
SkillGroup,http://data.europa.eu/esco/skill/cd9c487e-09ad-4b82-854b-118feb01f2ed,δεξιότητες πληροφόρησης,,,released,2023-07-06T10:16:56.623Z,,"http://data.europa.eu/esco/concept-scheme/skills
http://data.europa.eu/esco/concept-scheme/skills-hierarchy",,S2.0.0
SkillGroup,http://data.europa.eu/esco/skill/cdb2aecd-9dca-48fd-8d56-f0aace3ab5a9,παρουσίαση γενικών πληροφοριών,,,released,2021-12-17T12:55:43.975Z,,"http://data.europa.eu/esco/concept-scheme/skills
http://data.europa.eu/esco/concept-scheme/skills-hierarchy",,S1.4.1
SkillGroup,http://data.europa.eu/esco/skill/ce17a874-b476-491d-a7a7-5f05d32ad542,καθοδήγηση και παροχή κινήτρων,,,released,,,"http://data.europa.eu/esco/concept-scheme/skills
http://data.europa.eu/esco/concept-scheme/skills-hierarchy",,S4.5
SkillGroup,http://data.europa.eu/esco/skill/ceca8bbe-cd58-49b4-8ef4-9a34a5ac0f75,χειρισμός μηχανημάτων επεξεργασίας τροφίμων,,,released,,,"http://data.europa.eu/esco/concept-scheme/skills
http://data.europa.eu/esco/concept-scheme/skills-hierarchy",,S8.5.4
SkillGroup,http://data.europa.eu/esco/skill/cfd5ab8f-ef8a-4877-8243-ddf17ac74604,σχεδιασμός εκδηλώσεων και προγραμμάτων,,,released,2024-01-25T10:26:05.635Z,,"http://data.europa.eu/esco/concept-scheme/skills
http://data.europa.eu/esco/concept-scheme/skills-hierarchy",,S4.2.2
SkillGroup,http://data.europa.eu/esco/skill/d12a1be6-d916-436d-8274-ad97b5f24415,σύνθεση μουσικής,,,released,,,"http://data.europa.eu/esco/concept-scheme/skills
http://data.europa.eu/esco/concept-scheme/skills-hierarchy",,S1.13.1
SkillGroup,http://data.europa.eu/esco/skill/d1815c8a-7755-4fe3-bacf-68bb0b6a0b55,ανάπτυξη διδακτικού ή διαφημιστικού υλικού,,,released,,,"http://data.europa.eu/esco/concept-scheme/skills
http://data.europa.eu/esco/concept-scheme/skills-hierarchy",,S1.12.2
SkillGroup,http://data.europa.eu/esco/skill/d23b21ca-2ef5-4b5e-b37e-a5311dc2e292,χρήση εργαλείων χειρός,,,released,,,"http://data.europa.eu/esco/concept-scheme/skills
http://data.europa.eu/esco/concept-scheme/skills-hierarchy",,S6.7
SkillGroup,http://data.europa.eu/esco/skill/d2e8f452-ac19-4eed-b984-8f55d2a5b763,δοκιμή και ανάλυση ουσιών,,,released,2024-01-25T10:36:50.141Z,,"http://data.europa.eu/esco/concept-scheme/skills
http://data.europa.eu/esco/concept-scheme/skills-hierarchy",,S2.8.8
SkillGroup,http://data.europa.eu/esco/skill/d3b2c894-33fb-47c4-aff0-27935a082bf6,"χειρισμός εξοπλισμού ή συστημάτων επεξεργασίας πετρελαίου, χημικών ή νερού",,,released,2021-04-27T13:08:08.432Z,,"http://data.europa.eu/esco/concept-scheme/skills
http://data.europa.eu/esco/concept-scheme/skills-hierarchy",,S8.4.5
SkillGroup,http://data.europa.eu/esco/skill/d46193e0-be7d-4a90-91cc-4caba78e19d0,συνεργασία με άλλους για τον προσδιορισμό αναγκών,,,released,,,"http://data.europa.eu/esco/concept-scheme/skills
http://data.europa.eu/esco/concept-scheme/skills-hierarchy",,S1.7.2
SkillGroup,http://data.europa.eu/esco/skill/d519fadd-85bf-475f-bf14-c53a0290687d,παρακολούθηση περιβαλλοντικών συνθηκών,,,released,2020-12-08T11:41:32.598Z,,"http://data.europa.eu/esco/concept-scheme/skills
http://data.europa.eu/esco/concept-scheme/skills-hierarchy",,S2.8.5
SkillGroup,http://data.europa.eu/esco/skill/d54970ba-d9f2-41ec-a852-bbd1e5796823,παροχή πληροφοριών στο κοινό και στους πελάτες,,,released,2023-02-21T20:39:37.564Z,,"http://data.europa.eu/esco/concept-scheme/skills
http://data.europa.eu/esco/concept-scheme/skills-hierarchy",,S3.4.1
SkillGroup,http://data.europa.eu/esco/skill/d5f302db-adff-4bae-b7d4-37293b397193,τελική διαμόρφωση του εσωτερικού και των προσόψεων κατασκευών,,,released,,,"http://data.europa.eu/esco/concept-scheme/skills
http://data.europa.eu/esco/concept-scheme/skills-hierarchy",,S7.3
SkillGroup,http://data.europa.eu/esco/skill/d69e45d3-1f3f-4e6a-8933-82e949277811,καθαρισμός εσωτερικού και προσόψεων κτιρίων,,,released,2022-06-19T15:45:14.266Z,,"http://data.europa.eu/esco/concept-scheme/skills
http://data.europa.eu/esco/concept-scheme/skills-hierarchy",,S6.11.2
SkillGroup,http://data.europa.eu/esco/skill/d6a8a2a4-4e21-4ea6-b267-b5c63e687cfd,"συμβουλευτική για προσωπικά, οικογενειακά ή κοινωνικά θέματα",,,released,2022-07-15T14:44:44.924Z,,"http://data.europa.eu/esco/concept-scheme/skills
http://data.europa.eu/esco/concept-scheme/skills-hierarchy",,S3.1.1
SkillGroup,http://data.europa.eu/esco/skill/d6c8dacb-b0c0-4544-b0b7-69b24df41ba1,διαχείριση δραστηριοτήτων μεταφορών και εφοδιαστικής,,,released,2023-02-22T19:40:51.512Z,,"http://data.europa.eu/esco/concept-scheme/skills
http://data.europa.eu/esco/concept-scheme/skills-hierarchy",,S4.2.4
SkillGroup,http://data.europa.eu/esco/skill/d6e4373a-ef2c-4b64-9dc6-4140846f6609,προγραμματισμός συστημάτων ηλεκτρονικών υπολογιστών,,,released,2021-07-09T16:07:23.426Z,,"http://data.europa.eu/esco/concept-scheme/skills
http://data.europa.eu/esco/concept-scheme/skills-hierarchy",,S5.1
SkillGroup,http://data.europa.eu/esco/skill/d6e97b91-b75d-45f5-8566-667798957b0f,Εφαρμογή δεξιοτήτων και ικανοτήτων στον τομέα των κοινών,αναζήτηση ευκαιριών για αυτοενδυνάμωση και συμμετοχική συμμετοχή,,released,2021-09-06T09:49:10.132Z,,"http://data.europa.eu/esco/concept-scheme/skills
http://data.europa.eu/esco/concept-scheme/skills-hierarchy
http://data.europa.eu/esco/concept-scheme/skill-transversal-groups","Αλληλεπίδραση με τους πολίτες και συμμετοχή σε κοινότητες, με την αξιολόγηση πληροφοριών και των πηγών τους, τον προβληματισμό σχετικά με τις ιδέες, τις αξίες και τους ρόλους του ίδιου του ατόμου και την αναγνώριση και τον σεβασμό των ιδεών, των αξιών και των ρόλων των άλλων.
  ",T6.3
SkillGroup,http://data.europa.eu/esco/skill/d700aa7a-0ed8-4967-a32c-4cb6075ab3b9,διάγνωση κατάστασης υγείας,,,released,2023-11-06T08:02:23.35Z,,"http://data.europa.eu/esco/concept-scheme/skills
http://data.europa.eu/esco/concept-scheme/skills-hierarchy",,S2.1.2
SkillGroup,http://data.europa.eu/esco/skill/d7d2a468-587b-4a03-a305-e0a399ba69e6,ακρόαση και υποβολή ερωτήσεων,,,released,2021-10-05T15:39:39.123Z,,"http://data.europa.eu/esco/concept-scheme/skills
http://data.europa.eu/esco/concept-scheme/skills-hierarchy",,S1.7.3
SkillGroup,http://data.europa.eu/esco/skill/d94e1143-3a3a-4f6a-a881-df93bf56cf23,ανάλυση χρηματοοικονομικών και οικονομικών δεδομένων,,,released,2020-12-09T12:11:28.514Z,,"http://data.europa.eu/esco/concept-scheme/skills
http://data.europa.eu/esco/concept-scheme/skills-hierarchy",,S2.7.3
SkillGroup,http://data.europa.eu/esco/skill/d9b1387a-7cad-4b77-8481-7798a3b41714,λειτουργία αεροσκαφών,,,released,,,"http://data.europa.eu/esco/concept-scheme/skills
http://data.europa.eu/esco/concept-scheme/skills-hierarchy",,S8.9
SkillGroup,http://data.europa.eu/esco/skill/d9be4ab0-f7d9-4b27-bd01-6cf1d43d1865,εγκατάσταση στοιχείων από σκυρόδεμα,,,released,,,"http://data.europa.eu/esco/concept-scheme/skills
http://data.europa.eu/esco/concept-scheme/skills-hierarchy",,S7.1.4
SkillGroup,http://data.europa.eu/esco/skill/da230865-9d2a-42d9-a42e-37d89753109e,εφαρμογή υλικού για την πλήρωση κενών στις επιφάνειες,,,released,,,"http://data.europa.eu/esco/concept-scheme/skills
http://data.europa.eu/esco/concept-scheme/skills-hierarchy",,S7.3.1
SkillGroup,http://data.europa.eu/esco/skill/da94d48b-5036-48e1-ad96-d85cba6ed29c,λειτουργία κινητού εξοπλισμού,,,released,,,"http://data.europa.eu/esco/concept-scheme/skills
http://data.europa.eu/esco/concept-scheme/skills-hierarchy",,S8.1
SkillGroup,http://data.europa.eu/esco/skill/db54693e-bcb0-4dae-8885-a43d510fb71f,ανάπτυξη προγραμμάτων για την υγεία,,,released,,,"http://data.europa.eu/esco/concept-scheme/skills
http://data.europa.eu/esco/concept-scheme/skills-hierarchy",,S4.1.5
SkillGroup,http://data.europa.eu/esco/skill/dbbbe31a-9b8c-4459-a830-84363648f52c,οδήγηση ελαφρών οχημάτων,,,released,,,"http://data.europa.eu/esco/concept-scheme/skills
http://data.europa.eu/esco/concept-scheme/skills-hierarchy",,S8.2.2
SkillGroup,http://data.europa.eu/esco/skill/dc06de9f-dd3a-4f28-b58f-b01b5ae72ab8,"επικοινωνία, συνεργασία και δημιουργικότητα",,,released,,,"http://data.europa.eu/esco/concept-scheme/skills
http://data.europa.eu/esco/concept-scheme/skills-hierarchy",,S1
SkillGroup,http://data.europa.eu/esco/skill/dcb9c446-bb08-44de-89b6-851ac2903eaf,χειρισμός εξοπλισμού παραγωγής φωτογραφικού και τυπογραφικού υλικού,,,released,,,"http://data.europa.eu/esco/concept-scheme/skills
http://data.europa.eu/esco/concept-scheme/skills-hierarchy",,S8.5.6
SkillGroup,http://data.europa.eu/esco/skill/dddd229b-61e1-480d-80d6-d9d9ee9b5f54,διαχείριση πληροφοριών,,,released,2022-06-07T12:34:37.336Z,,"http://data.europa.eu/esco/concept-scheme/skills
http://data.europa.eu/esco/concept-scheme/skills-hierarchy",,S2.3
SkillGroup,http://data.europa.eu/esco/skill/de884168-32e7-4500-a227-3f0966f962b6,παρουσίαση πληροφοριών,,,released,2022-06-21T09:45:20.179Z,,"http://data.europa.eu/esco/concept-scheme/skills
http://data.europa.eu/esco/concept-scheme/skills-hierarchy",,S1.4.0
SkillGroup,http://data.europa.eu/esco/skill/dfae80db-cf29-41e1-a48c-2bee901afff1,συγκρότηση και ανάπτυξη ομάδων,,,released,,,"http://data.europa.eu/esco/concept-scheme/skills
http://data.europa.eu/esco/concept-scheme/skills-hierarchy",,S4.6.0
SkillGroup,http://data.europa.eu/esco/skill/e001ce62-78e7-4821-a7df-a08457c295ab,εκτέλεση χειρουργικών επεμβάσεων,,,released,,,"http://data.europa.eu/esco/concept-scheme/skills
http://data.europa.eu/esco/concept-scheme/skills-hierarchy",,S3.2.2
SkillGroup,http://data.europa.eu/esco/skill/e06f2d35-a160-46c2-89f1-9cae9c93c8b8,πώληση προϊόντων ή υπηρεσιών,,,released,2022-06-19T15:23:46.929Z,,"http://data.europa.eu/esco/concept-scheme/skills
http://data.europa.eu/esco/concept-scheme/skills-hierarchy",,S1.6.1
SkillGroup,http://data.europa.eu/esco/skill/e173eaf8-c99b-405a-b0ac-0e02ce3c268d,υπολογισμός και εκτίμηση,,,released,,,"http://data.europa.eu/esco/concept-scheme/skills
http://data.europa.eu/esco/concept-scheme/skills-hierarchy",,S2.6
SkillGroup,http://data.europa.eu/esco/skill/e1746275-6d4e-4b02-b526-eeebf3052b6d,παροχή πληροφοριών και υποστήριξης στους πολίτες και στους πελάτες,,,released,,,"http://data.europa.eu/esco/concept-scheme/skills
http://data.europa.eu/esco/concept-scheme/skills-hierarchy",,S3.4
SkillGroup,http://data.europa.eu/esco/skill/e2a5e046-3357-493e-bbdc-8d0ef82005cc,παρακολούθηση των εξελίξεων στον τομέα της εμπειρογνωμοσύνης,,,released,2023-02-21T21:13:00.764Z,,"http://data.europa.eu/esco/concept-scheme/skills
http://data.europa.eu/esco/concept-scheme/skills-hierarchy",,S2.9.0
SkillGroup,http://data.europa.eu/esco/skill/e2bdf081-333a-414f-b8ac-93c76290f167,παροχή εκπαίδευσης και καθοδήγησης,,,released,2020-12-08T11:37:17.207Z,,"http://data.europa.eu/esco/concept-scheme/skills
http://data.europa.eu/esco/concept-scheme/skills-hierarchy",,S1.3.5
SkillGroup,http://data.europa.eu/esco/skill/e35a5936-091d-4e87-bafe-f264e55bd656,γλωσσικές δεξιότητες και γνώσεις,,,released,,,"http://data.europa.eu/esco/concept-scheme/skills
http://data.europa.eu/esco/concept-scheme/skills-hierarchy",,L
SkillGroup,http://data.europa.eu/esco/skill/e434e71a-f068-44ed-8059-d1af9eb592d7,Κλασικές γλώσσες,,,released,2024-02-29T08:37:24.188Z,,"http://data.europa.eu/esco/concept-scheme/skills
http://data.europa.eu/esco/concept-scheme/skills-hierarchy",,L2
SkillGroup,http://data.europa.eu/esco/skill/e4da156d-a6c4-4b29-935b-eff9c9553cf1,ομαδική εργασία,,,released,2022-06-21T15:57:17.113Z,,"http://data.europa.eu/esco/concept-scheme/skills
http://data.europa.eu/esco/concept-scheme/skills-hierarchy",,S1.8.1
SkillGroup,http://data.europa.eu/esco/skill/e52389a2-1a05-45b0-8db3-4bda0f0c0b48,Ανταπόκριση σε φυσικές συνθήκες,"επίδειξη φυσικής κατάστασης
επιδεικνύοντας αντοχή
επίδειξη σωματικής δύναμης",,released,2021-08-30T16:51:10.069Z,,"http://data.europa.eu/esco/concept-scheme/skills
http://data.europa.eu/esco/concept-scheme/skills-hierarchy
http://data.europa.eu/esco/concept-scheme/skill-transversal-groups","Αντίδραση και προσαρμογή σε μεταβαλλόμενες ή επικίνδυνες φυσικές συνθήκες.
  ",T5.2
SkillGroup,http://data.europa.eu/esco/skill/e52cd6e7-f8dc-4f6f-b988-5554423f53fb,φροντίδα και εκτροφή υδρόβιων ζώων,,,released,2024-01-02T09:05:14.088Z,,"http://data.europa.eu/esco/concept-scheme/skills
http://data.europa.eu/esco/concept-scheme/skills-hierarchy",,S6.9.2
SkillGroup,http://data.europa.eu/esco/skill/e5419bb1-38c7-458a-b263-b7e73e02bc7e,χειρισμός ζώων,,,released,,,"http://data.europa.eu/esco/concept-scheme/skills
http://data.europa.eu/esco/concept-scheme/skills-hierarchy",,S6.9
SkillGroup,http://data.europa.eu/esco/skill/e5e3b8d7-a96d-41f4-acb6-563b0f7f2994,διαλογή και συσκευασία προϊόντων και υλικών,,,released,,,"http://data.europa.eu/esco/concept-scheme/skills
http://data.europa.eu/esco/concept-scheme/skills-hierarchy",,S6.1.0
SkillGroup,http://data.europa.eu/esco/skill/e67fd42d-25f1-4124-b0be-3b1e3bfdd70c,επαλήθευση ταυτότητας και εγγράφων τεκμηρίωσης,,,released,2022-06-21T08:47:39.509Z,,"http://data.europa.eu/esco/concept-scheme/skills
http://data.europa.eu/esco/concept-scheme/skills-hierarchy",,S3.3.4
SkillGroup,http://data.europa.eu/esco/skill/e6e784d0-38a2-4f0c-9fe9-d985a3269fd9,εφαρμογή επιχρισμάτων τοιχοποιίας ή επιχρισμάτων ανάγλυφων επιφανειών,,,released,,,"http://data.europa.eu/esco/concept-scheme/skills
http://data.europa.eu/esco/concept-scheme/skills-hierarchy",,S7.3.2
SkillGroup,http://data.europa.eu/esco/skill/e6eeb84c-ad99-42e2-b883-e6ce338aef59,επιχειρησιακός σχεδιασμός και σχεδιασμός παραγωγικής διαδικασίας,,,released,2022-06-21T15:25:51.729Z,,"http://data.europa.eu/esco/concept-scheme/skills
http://data.europa.eu/esco/concept-scheme/skills-hierarchy",,S4.2.5
SkillGroup,http://data.europa.eu/esco/skill/e7a48651-3f68-4762-bf93-57cc1af47016,παροχή γενικής προσωπικής φροντίδας,,,released,,,"http://data.europa.eu/esco/concept-scheme/skills
http://data.europa.eu/esco/concept-scheme/skills-hierarchy",,S3.6
SkillGroup,http://data.europa.eu/esco/skill/e84d080a-ff6d-41a7-b7b9-133e97c7bf00,Δημιουργική και καινοτόμος σκέψη,"διεξαγωγή δραστηριοτήτων με καινοτόμους και δημιουργικούς τρόπους
δημιουργία νέων πληροφοριών, εννοιών, ιδεών, προϊόντων, διαδικασιών",,released,2021-08-30T15:44:33.322Z,,"http://data.europa.eu/esco/concept-scheme/skills
http://data.europa.eu/esco/concept-scheme/skills-hierarchy
http://data.europa.eu/esco/concept-scheme/skill-transversal-groups","Παραγωγή νέων ιδεών ή συνδυασμός υφιστάμενων για την ανάπτυξη καινοτόμων, πρωτότυπων λύσεων.
  ",T2.4
SkillGroup,http://data.europa.eu/esco/skill/e852a2ed-c32e-4a39-bc4c-65a78ffe6bf2,"μετακίνηση ή ανύψωση υλικών, εξοπλισμού ή προμηθειών",,,released,,,"http://data.europa.eu/esco/concept-scheme/skills
http://data.europa.eu/esco/concept-scheme/skills-hierarchy",,S6.2.2
SkillGroup,http://data.europa.eu/esco/skill/e963cf1f-dc3c-48b2-a0fa-274f5e7f50f6,αποθήκευση εμπορευμάτων και υλικών,,,released,2022-06-19T15:45:14.266Z,,"http://data.europa.eu/esco/concept-scheme/skills
http://data.europa.eu/esco/concept-scheme/skills-hierarchy",,S6.2.3
SkillGroup,http://data.europa.eu/esco/skill/e9eb9c23-c1f4-4ce9-83c9-2f6a211cc536,διατήρηση και επιβολή της φυσικής ασφάλειας,,,released,2022-06-21T08:58:51.033Z,,"http://data.europa.eu/esco/concept-scheme/skills
http://data.europa.eu/esco/concept-scheme/skills-hierarchy",,S3.3.5
SkillGroup,http://data.europa.eu/esco/skill/eb6cc4ba-4bb8-4348-9a3b-dc419558f66a,παροχή συμβουλών σχετικά με τον σχεδιασμό ή τη χρήση τεχνολογιών,,,released,,,"http://data.europa.eu/esco/concept-scheme/skills
http://data.europa.eu/esco/concept-scheme/skills-hierarchy",,S1.5.6
SkillGroup,http://data.europa.eu/esco/skill/ec0401f1-f690-46be-934b-f6f5611085f5,"συντήρηση εξοπλισμού ηλεκτρικού, ηλεκτρονικού και ακριβείας",,,released,2021-03-16T14:31:22.011Z,,"http://data.europa.eu/esco/concept-scheme/skills
http://data.europa.eu/esco/concept-scheme/skills-hierarchy",,S8.8.2
SkillGroup,http://data.europa.eu/esco/skill/ec528c47-65f4-4187-9dc1-5a8889f84a06,ανάλυση επιχειρηματικών δραστηριοτήτων,,,released,2023-01-25T20:36:32.417Z,,"http://data.europa.eu/esco/concept-scheme/skills
http://data.europa.eu/esco/concept-scheme/skills-hierarchy",,S2.7.4
SkillGroup,http://data.europa.eu/esco/skill/edc72cfe-78a8-4531-b00f-92992a0bb8cb,Εργασία με αριθμούς και μονάδες μέτρησης,"διενέργεια μετρήσεων
ικανότητα κατανόησης και εργασίας με αριθμούς
αριθμητική και μαθηματικά",,released,2021-08-30T13:51:58.932Z,,"http://data.europa.eu/esco/concept-scheme/skills
http://data.europa.eu/esco/concept-scheme/skills-hierarchy
http://data.europa.eu/esco/concept-scheme/skill-transversal-groups","Εφαρμογή αριθμητικού και μαθηματικού περιεχομένου, πληροφοριών, ιδεών και διεργασιών για την κάλυψη βασικών απαιτήσεων μάθησης και εργασίας· τούτο περιλαμβάνει κατανόηση αριθμών, μοτίβων, σχήματος και χώρου· και τη μαθηματική γλώσσα, τα σύμβολα, τις διεργασίες και τους τρόπους σκέψης που χρησιμοποιούνται για την επίτευξη συγκεκριμένων στόχων.
  ",T1.2
SkillGroup,http://data.europa.eu/esco/skill/edcfd6ef-1a42-4e0a-97e2-2a2d61cac181,φροντίδα και εκτροφή ζώων,,,released,2021-09-15T10:08:50.441Z,,"http://data.europa.eu/esco/concept-scheme/skills
http://data.europa.eu/esco/concept-scheme/skills-hierarchy",,S6.9.1
SkillGroup,http://data.europa.eu/esco/skill/ee2576c0-1af5-44b5-8c0c-2002541d1ccc,κατάρτιση σε θέματα υγείας ή ιατρικής,,,released,2020-12-10T09:59:32.486Z,,"http://data.europa.eu/esco/concept-scheme/skills
http://data.europa.eu/esco/concept-scheme/skills-hierarchy",,S1.3.4
SkillGroup,http://data.europa.eu/esco/skill/efb60300-0d55-4b2c-8038-8409587a4727,"προώθηση προϊόντων, υπηρεσιών ή προγραμμάτων",,,released,2023-10-26T09:07:51.421Z,,"http://data.europa.eu/esco/concept-scheme/skills
http://data.europa.eu/esco/concept-scheme/skills-hierarchy",,S1.6.2
SkillGroup,http://data.europa.eu/esco/skill/efbb3d3b-a41c-4e0a-90a8-8e611eb1db9f,"παροχή συμβουλών για νομικά, κανονιστικά ή διαδικαστικά θέματα",,,released,2022-06-19T14:55:09.783Z,,"http://data.europa.eu/esco/concept-scheme/skills
http://data.europa.eu/esco/concept-scheme/skills-hierarchy",,S1.5.1
SkillGroup,http://data.europa.eu/esco/skill/f0f8ceea-304e-42e8-80cf-ff1535eb7068,μετακίνηση ζώων και βοσκή κοπαδιών,,,released,,,"http://data.europa.eu/esco/concept-scheme/skills
http://data.europa.eu/esco/concept-scheme/skills-hierarchy",,S6.9.3
SkillGroup,http://data.europa.eu/esco/skill/f1612d7a-0338-4b0f-a2a4-86b5168e2596,συλλογή και προετοιμασία δειγμάτων ή υλικών για δοκιμές,,,released,,,"http://data.europa.eu/esco/concept-scheme/skills
http://data.europa.eu/esco/concept-scheme/skills-hierarchy",,S6.3.6
SkillGroup,http://data.europa.eu/esco/skill/f2840c73-9693-4cc0-8dc1-c44942263d5d,διαλογή και συσκευασία προϊόντων και υλικών,,,released,2022-06-22T14:13:00.023Z,,"http://data.europa.eu/esco/concept-scheme/skills
http://data.europa.eu/esco/concept-scheme/skills-hierarchy",,S6.1
SkillGroup,http://data.europa.eu/esco/skill/f289347f-a76d-4d03-a648-74b53ed1e636,παρασκευή τροφίμων και συναφών προϊόντων,,,released,,,"http://data.europa.eu/esco/concept-scheme/skills
http://data.europa.eu/esco/concept-scheme/skills-hierarchy",,S6.5.7
SkillGroup,http://data.europa.eu/esco/skill/f2cf57fe-d4cb-4b4a-831d-73171cc73909,"αξιολόγηση συστημάτων, προγραμμάτων, εξοπλισμού και προϊόντων",,,released,2023-02-20T20:14:09.976Z,,"http://data.europa.eu/esco/concept-scheme/skills
http://data.europa.eu/esco/concept-scheme/skills-hierarchy",,S2.7.6
SkillGroup,http://data.europa.eu/esco/skill/f306bf2a-271d-4059-ba7b-e83849cb8960,εκτέλεση διοικητικών δραστηριοτήτων,,,released,,,"http://data.europa.eu/esco/concept-scheme/skills
http://data.europa.eu/esco/concept-scheme/skills-hierarchy",,S4.4
SkillGroup,http://data.europa.eu/esco/skill/f4346da3-f6b2-4389-8a67-7c443b7e1609,ενασχόληση με τον αθλητισμό,,,released,2021-08-06T11:15:38.673Z,,"http://data.europa.eu/esco/concept-scheme/skills
http://data.europa.eu/esco/concept-scheme/skills-hierarchy",,S1.14.1
SkillGroup,http://data.europa.eu/esco/skill/f5328159-dfe9-4f25-b8e7-a03fb0d3a991,εργασία με υπολογιστές,,,released,2022-08-02T10:45:01.039Z,,"http://data.europa.eu/esco/concept-scheme/skills
http://data.europa.eu/esco/concept-scheme/skills-hierarchy",,S5.0
SkillGroup,http://data.europa.eu/esco/skill/f55fac09-92a2-4a88-9a96-ee9fb5b18519,προσδιορισμός της αξίας αγαθών ή υπηρεσιών,,,released,,,"http://data.europa.eu/esco/concept-scheme/skills
http://data.europa.eu/esco/concept-scheme/skills-hierarchy",,S2.6.2
SkillGroup,http://data.europa.eu/esco/skill/f5c9eef3-0495-4747-9519-d71a58d252bd,Επίδειξη βούλησης για μάθηση,επίδειξη αυτοδιαχείρισης και αυτοαναστοχασμού,,released,2021-09-13T13:32:34.13Z,,"http://data.europa.eu/esco/concept-scheme/skills
http://data.europa.eu/esco/concept-scheme/skills-hierarchy
http://data.europa.eu/esco/concept-scheme/skill-transversal-groups","Επίδειξη θετικής στάσης απέναντι σε νέες και απαιτητικές προκλήσεις και μέριμνα για την άντληση διδαγμάτων από τις δυσκολίες.
  ",T3.4
SkillGroup,http://data.europa.eu/esco/skill/f5f15f9c-6334-4728-8dc5-3a20a00dfc37,εκτέλεση υπολογισμών,,,released,2021-12-17T12:46:53.307Z,,"http://data.europa.eu/esco/concept-scheme/skills
http://data.europa.eu/esco/concept-scheme/skills-hierarchy",,S2.6.1
SkillGroup,http://data.europa.eu/esco/skill/f73c2c9e-b097-4fcb-95d1-659ea0bd54a3,κατανομή και έλεγχος υλικών πόρων,,,released,2022-06-19T15:45:14.266Z,,"http://data.europa.eu/esco/concept-scheme/skills
http://data.europa.eu/esco/concept-scheme/skills-hierarchy",,S4.3.3
SkillGroup,http://data.europa.eu/esco/skill/f774131e-8f2d-43b6-8c20-7fe35fa0f0bd,"χρήση ψηφιακών εργαλείων για συνεργασία, δημιουργία περιεχομένου και επίλυση προβλημάτων",,,released,,,"http://data.europa.eu/esco/concept-scheme/skills
http://data.europa.eu/esco/concept-scheme/skills-hierarchy",,S5.6.0
SkillGroup,http://data.europa.eu/esco/skill/f7c70392-a261-42e9-86a6-fccf3709ac81,οδήγηση οχημάτων,,,released,,,"http://data.europa.eu/esco/concept-scheme/skills
http://data.europa.eu/esco/concept-scheme/skills-hierarchy",,S8.2.0
SkillGroup,http://data.europa.eu/esco/skill/f7fc7bf8-f41d-44af-81e3-09b88e9779e6,δοκιμές ηλεκτρικών και μηχανικών συστημάτων ή εξοπλισμού,,,released,2023-03-16T15:33:21.623Z,,"http://data.europa.eu/esco/concept-scheme/skills
http://data.europa.eu/esco/concept-scheme/skills-hierarchy",,S2.8.1
SkillGroup,http://data.europa.eu/esco/skill/f839b1da-78b6-4466-86f4-a5798821ea20,εγκατάσταση συστημάτων πληροφορικής,,,released,2023-07-06T10:33:34.176Z,,"http://data.europa.eu/esco/concept-scheme/skills
http://data.europa.eu/esco/concept-scheme/skills-hierarchy",,S5.2.1
SkillGroup,http://data.europa.eu/esco/skill/f8c676de-c871-424f-9a65-77059d07910a,χειρισμός και διάθεση αποβλήτων και επικίνδυνων υλικών,,,released,,,"http://data.europa.eu/esco/concept-scheme/skills
http://data.europa.eu/esco/concept-scheme/skills-hierarchy",,S6.13.0
SkillGroup,http://data.europa.eu/esco/skill/f9db77be-eb63-4937-a0d0-b581733e7d2a,παροχή υποστήριξης για την επίλυση προβλημάτων,,,released,2022-08-24T13:39:08.535Z,,"http://data.europa.eu/esco/concept-scheme/skills
http://data.europa.eu/esco/concept-scheme/skills-hierarchy",,S3.1.2
SkillGroup,http://data.europa.eu/esco/skill/fb01d224-882a-4346-99e2-bfd56f52d09c,"προώθηση, πώληση και αγορά",,,released,,,"http://data.europa.eu/esco/concept-scheme/skills
http://data.europa.eu/esco/concept-scheme/skills-hierarchy",,S1.6.0
SkillGroup,http://data.europa.eu/esco/skill/fbb861f7-2386-4d17-84f7-6e340a8e6cd9,παροχή προσωπικής φροντίδας,,,released,,,"http://data.europa.eu/esco/concept-scheme/skills
http://data.europa.eu/esco/concept-scheme/skills-hierarchy",,S3.6.0
SkillGroup,http://data.europa.eu/esco/skill/fe317a4c-e4e0-45ee-8b0d-204a68014f9e,προστασία και επιβολή,,,released,,,"http://data.europa.eu/esco/concept-scheme/skills
http://data.europa.eu/esco/concept-scheme/skills-hierarchy",,S3.3.0
SkillGroup,http://data.europa.eu/esco/skill/fe5eabaa-63f6-4c44-b405-fc3ded8d56cb,Άσκηση ηγετικού ρόλου,επίδειξη ηγεσίας,,released,2021-08-30T16:33:15.592Z,,"http://data.europa.eu/esco/concept-scheme/skills
http://data.europa.eu/esco/concept-scheme/skills-hierarchy
http://data.europa.eu/esco/concept-scheme/skill-transversal-groups","Καθοδήγηση, διοίκηση και παροχή κινήτρων σε άλλους.
  ",T4.4
SkillGroup,http://data.europa.eu/esco/skill/ff565308-8f29-4f1d-a342-9a29bd8b7446,διακίνηση και χειρισμός,,,released,,,"http://data.europa.eu/esco/concept-scheme/skills
http://data.europa.eu/esco/concept-scheme/skills-hierarchy",,S6.0
SkillGroup,http://data.europa.eu/esco/skill/fff1d675-c36a-4c12-9cd4-407f21ccd06a,"Επεξεργασία πληροφοριών, ιδεών και εννοιών","επεξεργασία πληροφοριών
επεξεργασία ποιοτικών πληροφοριών
επεξεργασία ποσοτικών πληροφοριών
ανάλυση και ερμηνεία των πληροφοριών",,released,2021-08-30T13:39:50.945Z,,"http://data.europa.eu/esco/concept-scheme/skills
http://data.europa.eu/esco/concept-scheme/skills-hierarchy
http://data.europa.eu/esco/concept-scheme/skill-transversal-groups","Αξιολόγηση, εισαγωγή, καταγραφή, μεταγραφή και επικαιροποίηση δεδομένων με τη χρήση ηλεκτρονικών ή χειροκίνητων συστημάτων πληροφοριών.
  ",T2.1
